ISO-10303-21;
HEADER;
FILE_DESCRIPTION(('Open CASCADE Model'),'2;1');
FILE_NAME('Open CASCADE Shape Model','2026-08-07T02:15:04',('Author'),(
    'Open CASCADE'),'Open CASCADE STEP processor 7.9','Open CASCADE 7.9'
  ,'Unknown');
FILE_SCHEMA(('AUTOMOTIVE_DESIGN { 1 0 10303 214 1 1 1 1 }'));
ENDSEC;
DATA;
#1 = APPLICATION_PROTOCOL_DEFINITION('international standard',
  'automotive_design',2000,#2);
#2 = APPLICATION_CONTEXT(
  'core data for automotive mechanical design processes');
#3 = SHAPE_DEFINITION_REPRESENTATION(#4,#10);
#4 = PRODUCT_DEFINITION_SHAPE('','',#5);
#5 = PRODUCT_DEFINITION('design','',#6,#9);
#6 = PRODUCT_DEFINITION_FORMATION('','',#7);
#7 = PRODUCT('Open CASCADE STEP translator 7.9 4',
  'Open CASCADE STEP translator 7.9 4','',(#8));
#8 = PRODUCT_CONTEXT('',#2,'mechanical');
#9 = PRODUCT_DEFINITION_CONTEXT('part definition',#2,'design');
#10 = SHAPE_REPRESENTATION('',(#11,#15,#19,#23,#27),#31);
#11 = AXIS2_PLACEMENT_3D('',#12,#13,#14);
#12 = CARTESIAN_POINT('',(0.,0.,0.));
#13 = DIRECTION('',(0.,0.,1.));
#14 = DIRECTION('',(1.,0.,-0.));
#15 = AXIS2_PLACEMENT_3D('',#16,#17,#18);
#16 = CARTESIAN_POINT('',(0.,0.,0.));
#17 = DIRECTION('',(0.,0.,1.));
#18 = DIRECTION('',(1.,0.,-0.));
#19 = AXIS2_PLACEMENT_3D('',#20,#21,#22);
#20 = CARTESIAN_POINT('',(0.,0.,0.));
#21 = DIRECTION('',(0.,0.,1.));
#22 = DIRECTION('',(1.,0.,-0.));
#23 = AXIS2_PLACEMENT_3D('',#24,#25,#26);
#24 = CARTESIAN_POINT('',(0.,0.,0.));
#25 = DIRECTION('',(0.,0.,1.));
#26 = DIRECTION('',(1.,0.,-0.));
#27 = AXIS2_PLACEMENT_3D('',#28,#29,#30);
#28 = CARTESIAN_POINT('',(0.,0.,0.));
#29 = DIRECTION('',(0.,0.,1.));
#30 = DIRECTION('',(1.,0.,-0.));
#31 = ( GEOMETRIC_REPRESENTATION_CONTEXT(3) 
GLOBAL_UNCERTAINTY_ASSIGNED_CONTEXT((#35)) GLOBAL_UNIT_ASSIGNED_CONTEXT(
(#32,#33,#34)) REPRESENTATION_CONTEXT('Context #1',
  '3D Context with UNIT and UNCERTAINTY') );
#32 = ( LENGTH_UNIT() NAMED_UNIT(*) SI_UNIT(.MILLI.,.METRE.) );
#33 = ( NAMED_UNIT(*) PLANE_ANGLE_UNIT() SI_UNIT($,.RADIAN.) );
#34 = ( NAMED_UNIT(*) SI_UNIT($,.STERADIAN.) SOLID_ANGLE_UNIT() );
#35 = UNCERTAINTY_MEASURE_WITH_UNIT(LENGTH_MEASURE(5.E-06),#32,
  'distance_accuracy_value','confusion accuracy');
#36 = PRODUCT_RELATED_PRODUCT_CATEGORY('part',$,(#7));
#37 = SHAPE_DEFINITION_REPRESENTATION(#38,#44);
#38 = PRODUCT_DEFINITION_SHAPE('','',#39);
#39 = PRODUCT_DEFINITION('design','',#40,#43);
#40 = PRODUCT_DEFINITION_FORMATION('','',#41);
#41 = PRODUCT('Open CASCADE STEP translator 7.9 4.1',
  'Open CASCADE STEP translator 7.9 4.1','',(#42));
#42 = PRODUCT_CONTEXT('',#2,'mechanical');
#43 = PRODUCT_DEFINITION_CONTEXT('part definition',#2,'design');
#44 = ADVANCED_BREP_SHAPE_REPRESENTATION('',(#11,#45),#231);
#45 = MANIFOLD_SOLID_BREP('',#46);
#46 = CLOSED_SHELL('',(#47,#137,#176,#224));
#47 = ADVANCED_FACE('',(#48),#61,.T.);
#48 = FACE_BOUND('',#49,.F.);
#49 = EDGE_LOOP('',(#50,#84,#105,#136));
#50 = ORIENTED_EDGE('',*,*,#51,.F.);
#51 = EDGE_CURVE('',#52,#52,#54,.T.);
#52 = VERTEX_POINT('',#53);
#53 = CARTESIAN_POINT('',(19.,6.215082505673E-16,38.15));
#54 = SURFACE_CURVE('',#55,(#60,#72),.PCURVE_S1.);
#55 = CIRCLE('',#56,10.15);
#56 = AXIS2_PLACEMENT_3D('',#57,#58,#59);
#57 = CARTESIAN_POINT('',(19.,-1.33226762955E-15,28.));
#58 = DIRECTION('',(1.,0.,0.));
#59 = DIRECTION('',(-0.,1.924902344943E-16,1.));
#60 = PCURVE('',#61,#66);
#61 = CYLINDRICAL_SURFACE('',#62,10.15);
#62 = AXIS2_PLACEMENT_3D('',#63,#64,#65);
#63 = CARTESIAN_POINT('',(19.,0.,28.));
#64 = DIRECTION('',(-1.,-0.,-0.));
#65 = DIRECTION('',(0.,1.,0.));
#66 = DEFINITIONAL_REPRESENTATION('',(#67),#71);
#67 = LINE('',#68,#69);
#68 = CARTESIAN_POINT('',(-1.570796326795,0.));
#69 = VECTOR('',#70,1.);
#70 = DIRECTION('',(-1.,0.));
#71 = ( GEOMETRIC_REPRESENTATION_CONTEXT(2) 
PARAMETRIC_REPRESENTATION_CONTEXT() REPRESENTATION_CONTEXT('2D SPACE',''
  ) );
#72 = PCURVE('',#73,#78);
#73 = PLANE('',#74);
#74 = AXIS2_PLACEMENT_3D('',#75,#76,#77);
#75 = CARTESIAN_POINT('',(19.,-5.388926630697E-16,28.));
#76 = DIRECTION('',(1.,0.,0.));
#77 = DIRECTION('',(-0.,0.,1.));
#78 = DEFINITIONAL_REPRESENTATION('',(#79),#83);
#79 = CIRCLE('',#80,10.15);
#80 = AXIS2_PLACEMENT_2D('',#81,#82);
#81 = CARTESIAN_POINT('',(-3.552713678801E-15,7.933749664805E-16));
#82 = DIRECTION('',(1.,-1.924902344943E-16));
#83 = ( GEOMETRIC_REPRESENTATION_CONTEXT(2) 
PARAMETRIC_REPRESENTATION_CONTEXT() REPRESENTATION_CONTEXT('2D SPACE',''
  ) );
#84 = ORIENTED_EDGE('',*,*,#85,.F.);
#85 = EDGE_CURVE('',#86,#52,#88,.T.);
#86 = VERTEX_POINT('',#87);
#87 = CARTESIAN_POINT('',(22.,6.215082505673E-16,38.15));
#88 = SEAM_CURVE('',#89,(#93,#99),.PCURVE_S1.);
#89 = LINE('',#90,#91);
#90 = CARTESIAN_POINT('',(19.,0.,38.15));
#91 = VECTOR('',#92,1.);
#92 = DIRECTION('',(-1.,-0.,-0.));
#93 = PCURVE('',#61,#94);
#94 = DEFINITIONAL_REPRESENTATION('',(#95),#98);
#95 = B_SPLINE_CURVE_WITH_KNOTS('',1,(#96,#97),.UNSPECIFIED.,.F.,.F.,(2,
    2),(-3.,-0.),.PIECEWISE_BEZIER_KNOTS.);
#96 = CARTESIAN_POINT('',(-1.570796326795,-3.));
#97 = CARTESIAN_POINT('',(-1.570796326795,0.));
#98 = ( GEOMETRIC_REPRESENTATION_CONTEXT(2) 
PARAMETRIC_REPRESENTATION_CONTEXT() REPRESENTATION_CONTEXT('2D SPACE',''
  ) );
#99 = PCURVE('',#61,#100);
#100 = DEFINITIONAL_REPRESENTATION('',(#101),#104);
#101 = B_SPLINE_CURVE_WITH_KNOTS('',1,(#102,#103),.UNSPECIFIED.,.F.,.F.,
  (2,2),(-3.,-0.),.PIECEWISE_BEZIER_KNOTS.);
#102 = CARTESIAN_POINT('',(-7.853981633974,-3.));
#103 = CARTESIAN_POINT('',(-7.853981633974,0.));
#104 = ( GEOMETRIC_REPRESENTATION_CONTEXT(2) 
PARAMETRIC_REPRESENTATION_CONTEXT() REPRESENTATION_CONTEXT('2D SPACE',''
  ) );
#105 = ORIENTED_EDGE('',*,*,#106,.F.);
#106 = EDGE_CURVE('',#86,#86,#107,.T.);
#107 = SURFACE_CURVE('',#108,(#113,#120),.PCURVE_S1.);
#108 = CIRCLE('',#109,10.15);
#109 = AXIS2_PLACEMENT_3D('',#110,#111,#112);
#110 = CARTESIAN_POINT('',(22.,0.,28.));
#111 = DIRECTION('',(-1.,0.,0.));
#112 = DIRECTION('',(0.,6.123233995737E-17,1.));
#113 = PCURVE('',#61,#114);
#114 = DEFINITIONAL_REPRESENTATION('',(#115),#119);
#115 = LINE('',#116,#117);
#116 = CARTESIAN_POINT('',(-7.853981633974,-3.));
#117 = VECTOR('',#118,1.);
#118 = DIRECTION('',(1.,-0.));
#119 = ( GEOMETRIC_REPRESENTATION_CONTEXT(2) 
PARAMETRIC_REPRESENTATION_CONTEXT() REPRESENTATION_CONTEXT('2D SPACE',''
  ) );
#120 = PCURVE('',#121,#126);
#121 = PLANE('',#122);
#122 = AXIS2_PLACEMENT_3D('',#123,#124,#125);
#123 = CARTESIAN_POINT('',(22.,-5.388926630697E-16,28.));
#124 = DIRECTION('',(1.,0.,0.));
#125 = DIRECTION('',(-0.,0.,1.));
#126 = DEFINITIONAL_REPRESENTATION('',(#127),#135);
#127 = ( BOUNDED_CURVE() B_SPLINE_CURVE(2,(#128,#129,#130,#131,#132,#133
,#134),.UNSPECIFIED.,.T.,.F.) B_SPLINE_CURVE_WITH_KNOTS((1,2,2,2,2,1),(
    -2.094395102393,0.,2.094395102393,4.188790204786,6.28318530718,
8.377580409573),.UNSPECIFIED.) CURVE() GEOMETRIC_REPRESENTATION_ITEM() 
RATIONAL_B_SPLINE_CURVE((1.,0.5,1.,0.5,1.,0.5,1.)) REPRESENTATION_ITEM(
  '') );
#128 = CARTESIAN_POINT('',(10.15,-1.160400913637E-15));
#129 = CARTESIAN_POINT('',(10.15,-17.58031569682));
#130 = CARTESIAN_POINT('',(-5.075,-8.790157848412));
#131 = CARTESIAN_POINT('',(-20.3,-1.781909164204E-15));
#132 = CARTESIAN_POINT('',(-5.075,8.790157848412));
#133 = CARTESIAN_POINT('',(10.15,17.580315696824));
#134 = CARTESIAN_POINT('',(10.15,-1.160400913637E-15));
#135 = ( GEOMETRIC_REPRESENTATION_CONTEXT(2) 
PARAMETRIC_REPRESENTATION_CONTEXT() REPRESENTATION_CONTEXT('2D SPACE',''
  ) );
#136 = ORIENTED_EDGE('',*,*,#85,.T.);
#137 = ADVANCED_FACE('',(#138,#141),#121,.T.);
#138 = FACE_BOUND('',#139,.T.);
#139 = EDGE_LOOP('',(#140));
#140 = ORIENTED_EDGE('',*,*,#106,.F.);
#141 = FACE_BOUND('',#142,.T.);
#142 = EDGE_LOOP('',(#143));
#143 = ORIENTED_EDGE('',*,*,#144,.T.);
#144 = EDGE_CURVE('',#145,#145,#147,.T.);
#145 = VERTEX_POINT('',#146);
#146 = CARTESIAN_POINT('',(22.,3.238559025575E-16,34.2));
#147 = SURFACE_CURVE('',#148,(#153,#164),.PCURVE_S1.);
#148 = CIRCLE('',#149,6.2);
#149 = AXIS2_PLACEMENT_3D('',#150,#151,#152);
#150 = CARTESIAN_POINT('',(22.,4.812789466355E-14,28.));
#151 = DIRECTION('',(-1.,0.,0.));
#152 = DIRECTION('',(0.,-7.710328832419E-15,1.));
#153 = PCURVE('',#121,#154);
#154 = DEFINITIONAL_REPRESENTATION('',(#155),#163);
#155 = ( BOUNDED_CURVE() B_SPLINE_CURVE(2,(#156,#157,#158,#159,#160,#161
,#162),.UNSPECIFIED.,.T.,.F.) B_SPLINE_CURVE_WITH_KNOTS((1,2,2,2,2,1),(
    -2.094395102393,0.,2.094395102393,4.188790204786,6.28318530718,
8.377580409573),.UNSPECIFIED.) CURVE() GEOMETRIC_REPRESENTATION_ITEM() 
RATIONAL_B_SPLINE_CURVE((1.,0.5,1.,0.5,1.,0.5,1.)) REPRESENTATION_ITEM(
  '') );
#156 = CARTESIAN_POINT('',(6.2,-8.627485656272E-16));
#157 = CARTESIAN_POINT('',(6.2,-10.73871500692));
#158 = CARTESIAN_POINT('',(-3.1,-5.369357503464));
#159 = CARTESIAN_POINT('',(-12.4,-1.457934268796E-13));
#160 = CARTESIAN_POINT('',(-3.1,5.369357503463));
#161 = CARTESIAN_POINT('',(6.2,10.738715006927));
#162 = CARTESIAN_POINT('',(6.2,-8.627485656272E-16));
#163 = ( GEOMETRIC_REPRESENTATION_CONTEXT(2) 
PARAMETRIC_REPRESENTATION_CONTEXT() REPRESENTATION_CONTEXT('2D SPACE',''
  ) );
#164 = PCURVE('',#165,#170);
#165 = CYLINDRICAL_SURFACE('',#166,6.2);
#166 = AXIS2_PLACEMENT_3D('',#167,#168,#169);
#167 = CARTESIAN_POINT('',(19.,4.812789466355E-14,28.));
#168 = DIRECTION('',(-1.,-0.,-0.));
#169 = DIRECTION('',(0.,1.,0.));
#170 = DEFINITIONAL_REPRESENTATION('',(#171),#175);
#171 = LINE('',#172,#173);
#172 = CARTESIAN_POINT('',(-7.853981633974,-3.));
#173 = VECTOR('',#174,1.);
#174 = DIRECTION('',(1.,-0.));
#175 = ( GEOMETRIC_REPRESENTATION_CONTEXT(2) 
PARAMETRIC_REPRESENTATION_CONTEXT() REPRESENTATION_CONTEXT('2D SPACE',''
  ) );
#176 = ADVANCED_FACE('',(#177),#165,.F.);
#177 = FACE_BOUND('',#178,.T.);
#178 = EDGE_LOOP('',(#179,#180,#201,#223));
#179 = ORIENTED_EDGE('',*,*,#144,.F.);
#180 = ORIENTED_EDGE('',*,*,#181,.T.);
#181 = EDGE_CURVE('',#145,#182,#184,.T.);
#182 = VERTEX_POINT('',#183);
#183 = CARTESIAN_POINT('',(19.,3.238559025575E-16,34.2));
#184 = SEAM_CURVE('',#185,(#189,#195),.PCURVE_S1.);
#185 = LINE('',#186,#187);
#186 = CARTESIAN_POINT('',(19.,0.,34.2));
#187 = VECTOR('',#188,1.);
#188 = DIRECTION('',(-1.,-0.,-0.));
#189 = PCURVE('',#165,#190);
#190 = DEFINITIONAL_REPRESENTATION('',(#191),#194);
#191 = B_SPLINE_CURVE_WITH_KNOTS('',1,(#192,#193),.UNSPECIFIED.,.F.,.F.,
  (2,2),(-3.,-0.),.PIECEWISE_BEZIER_KNOTS.);
#192 = CARTESIAN_POINT('',(-7.853981633974,-3.));
#193 = CARTESIAN_POINT('',(-7.853981633974,0.));
#194 = ( GEOMETRIC_REPRESENTATION_CONTEXT(2) 
PARAMETRIC_REPRESENTATION_CONTEXT() REPRESENTATION_CONTEXT('2D SPACE',''
  ) );
#195 = PCURVE('',#165,#196);
#196 = DEFINITIONAL_REPRESENTATION('',(#197),#200);
#197 = B_SPLINE_CURVE_WITH_KNOTS('',1,(#198,#199),.UNSPECIFIED.,.F.,.F.,
  (2,2),(-3.,-0.),.PIECEWISE_BEZIER_KNOTS.);
#198 = CARTESIAN_POINT('',(-1.570796326795,-3.));
#199 = CARTESIAN_POINT('',(-1.570796326795,0.));
#200 = ( GEOMETRIC_REPRESENTATION_CONTEXT(2) 
PARAMETRIC_REPRESENTATION_CONTEXT() REPRESENTATION_CONTEXT('2D SPACE',''
  ) );
#201 = ORIENTED_EDGE('',*,*,#202,.F.);
#202 = EDGE_CURVE('',#182,#182,#203,.T.);
#203 = SURFACE_CURVE('',#204,(#209,#216),.PCURVE_S1.);
#204 = CIRCLE('',#205,6.2);
#205 = AXIS2_PLACEMENT_3D('',#206,#207,#208);
#206 = CARTESIAN_POINT('',(19.,4.929390229336E-14,28.));
#207 = DIRECTION('',(1.,0.,0.));
#208 = DIRECTION('',(0.,-7.898394579161E-15,1.));
#209 = PCURVE('',#165,#210);
#210 = DEFINITIONAL_REPRESENTATION('',(#211),#215);
#211 = LINE('',#212,#213);
#212 = CARTESIAN_POINT('',(-1.570796326795,0.));
#213 = VECTOR('',#214,1.);
#214 = DIRECTION('',(-1.,0.));
#215 = ( GEOMETRIC_REPRESENTATION_CONTEXT(2) 
PARAMETRIC_REPRESENTATION_CONTEXT() REPRESENTATION_CONTEXT('2D SPACE',''
  ) );
#216 = PCURVE('',#73,#217);
#217 = DEFINITIONAL_REPRESENTATION('',(#218),#222);
#218 = CIRCLE('',#219,6.2);
#219 = AXIS2_PLACEMENT_2D('',#220,#221);
#220 = CARTESIAN_POINT('',(-3.552713678801E-15,-4.983279495643E-14));
#221 = DIRECTION('',(1.,7.898394579161E-15));
#222 = ( GEOMETRIC_REPRESENTATION_CONTEXT(2) 
PARAMETRIC_REPRESENTATION_CONTEXT() REPRESENTATION_CONTEXT('2D SPACE',''
  ) );
#223 = ORIENTED_EDGE('',*,*,#181,.F.);
#224 = ADVANCED_FACE('',(#225,#228),#73,.F.);
#225 = FACE_BOUND('',#226,.F.);
#226 = EDGE_LOOP('',(#227));
#227 = ORIENTED_EDGE('',*,*,#51,.T.);
#228 = FACE_BOUND('',#229,.F.);
#229 = EDGE_LOOP('',(#230));
#230 = ORIENTED_EDGE('',*,*,#202,.F.);
#231 = ( GEOMETRIC_REPRESENTATION_CONTEXT(3) 
GLOBAL_UNCERTAINTY_ASSIGNED_CONTEXT((#235)) GLOBAL_UNIT_ASSIGNED_CONTEXT
((#232,#233,#234)) REPRESENTATION_CONTEXT('Context #1',
  '3D Context with UNIT and UNCERTAINTY') );
#232 = ( LENGTH_UNIT() NAMED_UNIT(*) SI_UNIT(.MILLI.,.METRE.) );
#233 = ( NAMED_UNIT(*) PLANE_ANGLE_UNIT() SI_UNIT($,.RADIAN.) );
#234 = ( NAMED_UNIT(*) SI_UNIT($,.STERADIAN.) SOLID_ANGLE_UNIT() );
#235 = UNCERTAINTY_MEASURE_WITH_UNIT(LENGTH_MEASURE(1.E-07),#232,
  'distance_accuracy_value','confusion accuracy');
#236 = CONTEXT_DEPENDENT_SHAPE_REPRESENTATION(#237,#239);
#237 = ( REPRESENTATION_RELATIONSHIP('','',#44,#10) 
REPRESENTATION_RELATIONSHIP_WITH_TRANSFORMATION(#238) 
SHAPE_REPRESENTATION_RELATIONSHIP() );
#238 = ITEM_DEFINED_TRANSFORMATION('','',#11,#15);
#239 = PRODUCT_DEFINITION_SHAPE('Placement','Placement of an item',#240
  );
#240 = NEXT_ASSEMBLY_USAGE_OCCURRENCE('7','','',#5,#39,$);
#241 = PRODUCT_RELATED_PRODUCT_CATEGORY('part',$,(#41));
#242 = SHAPE_DEFINITION_REPRESENTATION(#243,#249);
#243 = PRODUCT_DEFINITION_SHAPE('','',#244);
#244 = PRODUCT_DEFINITION('design','',#245,#248);
#245 = PRODUCT_DEFINITION_FORMATION('','',#246);
#246 = PRODUCT('Open CASCADE STEP translator 7.9 4.2',
  'Open CASCADE STEP translator 7.9 4.2','',(#247));
#247 = PRODUCT_CONTEXT('',#2,'mechanical');
#248 = PRODUCT_DEFINITION_CONTEXT('part definition',#2,'design');
#249 = ADVANCED_BREP_SHAPE_REPRESENTATION('',(#11,#250),#436);
#250 = MANIFOLD_SOLID_BREP('',#251);
#251 = CLOSED_SHELL('',(#252,#342,#381,#429));
#252 = ADVANCED_FACE('',(#253),#266,.T.);
#253 = FACE_BOUND('',#254,.F.);
#254 = EDGE_LOOP('',(#255,#289,#310,#341));
#255 = ORIENTED_EDGE('',*,*,#256,.F.);
#256 = EDGE_CURVE('',#257,#257,#259,.T.);
#257 = VERTEX_POINT('',#258);
#258 = CARTESIAN_POINT('',(89.,6.215082505673E-16,38.15));
#259 = SURFACE_CURVE('',#260,(#265,#277),.PCURVE_S1.);
#260 = CIRCLE('',#261,10.15);
#261 = AXIS2_PLACEMENT_3D('',#262,#263,#264);
#262 = CARTESIAN_POINT('',(89.,-1.33226762955E-15,28.));
#263 = DIRECTION('',(1.,0.,0.));
#264 = DIRECTION('',(-0.,1.924902344943E-16,1.));
#265 = PCURVE('',#266,#271);
#266 = CYLINDRICAL_SURFACE('',#267,10.15);
#267 = AXIS2_PLACEMENT_3D('',#268,#269,#270);
#268 = CARTESIAN_POINT('',(89.,0.,28.));
#269 = DIRECTION('',(-1.,-0.,-0.));
#270 = DIRECTION('',(0.,1.,0.));
#271 = DEFINITIONAL_REPRESENTATION('',(#272),#276);
#272 = LINE('',#273,#274);
#273 = CARTESIAN_POINT('',(-1.570796326795,0.));
#274 = VECTOR('',#275,1.);
#275 = DIRECTION('',(-1.,0.));
#276 = ( GEOMETRIC_REPRESENTATION_CONTEXT(2) 
PARAMETRIC_REPRESENTATION_CONTEXT() REPRESENTATION_CONTEXT('2D SPACE',''
  ) );
#277 = PCURVE('',#278,#283);
#278 = PLANE('',#279);
#279 = AXIS2_PLACEMENT_3D('',#280,#281,#282);
#280 = CARTESIAN_POINT('',(89.,-5.388926630697E-16,28.));
#281 = DIRECTION('',(1.,0.,0.));
#282 = DIRECTION('',(-0.,0.,1.));
#283 = DEFINITIONAL_REPRESENTATION('',(#284),#288);
#284 = CIRCLE('',#285,10.15);
#285 = AXIS2_PLACEMENT_2D('',#286,#287);
#286 = CARTESIAN_POINT('',(-3.552713678801E-15,7.933749664805E-16));
#287 = DIRECTION('',(1.,-1.924902344943E-16));
#288 = ( GEOMETRIC_REPRESENTATION_CONTEXT(2) 
PARAMETRIC_REPRESENTATION_CONTEXT() REPRESENTATION_CONTEXT('2D SPACE',''
  ) );
#289 = ORIENTED_EDGE('',*,*,#290,.F.);
#290 = EDGE_CURVE('',#291,#257,#293,.T.);
#291 = VERTEX_POINT('',#292);
#292 = CARTESIAN_POINT('',(92.,6.215082505673E-16,38.15));
#293 = SEAM_CURVE('',#294,(#298,#304),.PCURVE_S1.);
#294 = LINE('',#295,#296);
#295 = CARTESIAN_POINT('',(89.,0.,38.15));
#296 = VECTOR('',#297,1.);
#297 = DIRECTION('',(-1.,-0.,-0.));
#298 = PCURVE('',#266,#299);
#299 = DEFINITIONAL_REPRESENTATION('',(#300),#303);
#300 = B_SPLINE_CURVE_WITH_KNOTS('',1,(#301,#302),.UNSPECIFIED.,.F.,.F.,
  (2,2),(-3.,-0.),.PIECEWISE_BEZIER_KNOTS.);
#301 = CARTESIAN_POINT('',(-1.570796326795,-3.));
#302 = CARTESIAN_POINT('',(-1.570796326795,0.));
#303 = ( GEOMETRIC_REPRESENTATION_CONTEXT(2) 
PARAMETRIC_REPRESENTATION_CONTEXT() REPRESENTATION_CONTEXT('2D SPACE',''
  ) );
#304 = PCURVE('',#266,#305);
#305 = DEFINITIONAL_REPRESENTATION('',(#306),#309);
#306 = B_SPLINE_CURVE_WITH_KNOTS('',1,(#307,#308),.UNSPECIFIED.,.F.,.F.,
  (2,2),(-3.,-0.),.PIECEWISE_BEZIER_KNOTS.);
#307 = CARTESIAN_POINT('',(-7.853981633974,-3.));
#308 = CARTESIAN_POINT('',(-7.853981633974,0.));
#309 = ( GEOMETRIC_REPRESENTATION_CONTEXT(2) 
PARAMETRIC_REPRESENTATION_CONTEXT() REPRESENTATION_CONTEXT('2D SPACE',''
  ) );
#310 = ORIENTED_EDGE('',*,*,#311,.F.);
#311 = EDGE_CURVE('',#291,#291,#312,.T.);
#312 = SURFACE_CURVE('',#313,(#318,#325),.PCURVE_S1.);
#313 = CIRCLE('',#314,10.15);
#314 = AXIS2_PLACEMENT_3D('',#315,#316,#317);
#315 = CARTESIAN_POINT('',(92.,0.,28.));
#316 = DIRECTION('',(-1.,0.,0.));
#317 = DIRECTION('',(0.,6.123233995737E-17,1.));
#318 = PCURVE('',#266,#319);
#319 = DEFINITIONAL_REPRESENTATION('',(#320),#324);
#320 = LINE('',#321,#322);
#321 = CARTESIAN_POINT('',(-7.853981633974,-3.));
#322 = VECTOR('',#323,1.);
#323 = DIRECTION('',(1.,-0.));
#324 = ( GEOMETRIC_REPRESENTATION_CONTEXT(2) 
PARAMETRIC_REPRESENTATION_CONTEXT() REPRESENTATION_CONTEXT('2D SPACE',''
  ) );
#325 = PCURVE('',#326,#331);
#326 = PLANE('',#327);
#327 = AXIS2_PLACEMENT_3D('',#328,#329,#330);
#328 = CARTESIAN_POINT('',(92.,-5.388926630697E-16,28.));
#329 = DIRECTION('',(1.,0.,0.));
#330 = DIRECTION('',(-0.,0.,1.));
#331 = DEFINITIONAL_REPRESENTATION('',(#332),#340);
#332 = ( BOUNDED_CURVE() B_SPLINE_CURVE(2,(#333,#334,#335,#336,#337,#338
,#339),.UNSPECIFIED.,.T.,.F.) B_SPLINE_CURVE_WITH_KNOTS((1,2,2,2,2,1),(
    -2.094395102393,0.,2.094395102393,4.188790204786,6.28318530718,
8.377580409573),.UNSPECIFIED.) CURVE() GEOMETRIC_REPRESENTATION_ITEM() 
RATIONAL_B_SPLINE_CURVE((1.,0.5,1.,0.5,1.,0.5,1.)) REPRESENTATION_ITEM(
  '') );
#333 = CARTESIAN_POINT('',(10.15,-1.160400913637E-15));
#334 = CARTESIAN_POINT('',(10.15,-17.58031569682));
#335 = CARTESIAN_POINT('',(-5.075,-8.790157848412));
#336 = CARTESIAN_POINT('',(-20.3,-1.781909164204E-15));
#337 = CARTESIAN_POINT('',(-5.075,8.790157848412));
#338 = CARTESIAN_POINT('',(10.15,17.580315696824));
#339 = CARTESIAN_POINT('',(10.15,-1.160400913637E-15));
#340 = ( GEOMETRIC_REPRESENTATION_CONTEXT(2) 
PARAMETRIC_REPRESENTATION_CONTEXT() REPRESENTATION_CONTEXT('2D SPACE',''
  ) );
#341 = ORIENTED_EDGE('',*,*,#290,.T.);
#342 = ADVANCED_FACE('',(#343,#346),#326,.T.);
#343 = FACE_BOUND('',#344,.T.);
#344 = EDGE_LOOP('',(#345));
#345 = ORIENTED_EDGE('',*,*,#311,.F.);
#346 = FACE_BOUND('',#347,.T.);
#347 = EDGE_LOOP('',(#348));
#348 = ORIENTED_EDGE('',*,*,#349,.T.);
#349 = EDGE_CURVE('',#350,#350,#352,.T.);
#350 = VERTEX_POINT('',#351);
#351 = CARTESIAN_POINT('',(92.,3.238559025575E-16,34.2));
#352 = SURFACE_CURVE('',#353,(#358,#369),.PCURVE_S1.);
#353 = CIRCLE('',#354,6.2);
#354 = AXIS2_PLACEMENT_3D('',#355,#356,#357);
#355 = CARTESIAN_POINT('',(92.,4.812789466355E-14,28.));
#356 = DIRECTION('',(-1.,0.,0.));
#357 = DIRECTION('',(0.,-7.710328832419E-15,1.));
#358 = PCURVE('',#326,#359);
#359 = DEFINITIONAL_REPRESENTATION('',(#360),#368);
#360 = ( BOUNDED_CURVE() B_SPLINE_CURVE(2,(#361,#362,#363,#364,#365,#366
,#367),.UNSPECIFIED.,.T.,.F.) B_SPLINE_CURVE_WITH_KNOTS((1,2,2,2,2,1),(
    -2.094395102393,0.,2.094395102393,4.188790204786,6.28318530718,
8.377580409573),.UNSPECIFIED.) CURVE() GEOMETRIC_REPRESENTATION_ITEM() 
RATIONAL_B_SPLINE_CURVE((1.,0.5,1.,0.5,1.,0.5,1.)) REPRESENTATION_ITEM(
  '') );
#361 = CARTESIAN_POINT('',(6.2,-8.627485656272E-16));
#362 = CARTESIAN_POINT('',(6.2,-10.73871500692));
#363 = CARTESIAN_POINT('',(-3.1,-5.369357503464));
#364 = CARTESIAN_POINT('',(-12.4,-1.457934268796E-13));
#365 = CARTESIAN_POINT('',(-3.1,5.369357503463));
#366 = CARTESIAN_POINT('',(6.2,10.738715006927));
#367 = CARTESIAN_POINT('',(6.2,-8.627485656272E-16));
#368 = ( GEOMETRIC_REPRESENTATION_CONTEXT(2) 
PARAMETRIC_REPRESENTATION_CONTEXT() REPRESENTATION_CONTEXT('2D SPACE',''
  ) );
#369 = PCURVE('',#370,#375);
#370 = CYLINDRICAL_SURFACE('',#371,6.2);
#371 = AXIS2_PLACEMENT_3D('',#372,#373,#374);
#372 = CARTESIAN_POINT('',(89.,4.812789466355E-14,28.));
#373 = DIRECTION('',(-1.,-0.,-0.));
#374 = DIRECTION('',(0.,1.,0.));
#375 = DEFINITIONAL_REPRESENTATION('',(#376),#380);
#376 = LINE('',#377,#378);
#377 = CARTESIAN_POINT('',(-7.853981633974,-3.));
#378 = VECTOR('',#379,1.);
#379 = DIRECTION('',(1.,-0.));
#380 = ( GEOMETRIC_REPRESENTATION_CONTEXT(2) 
PARAMETRIC_REPRESENTATION_CONTEXT() REPRESENTATION_CONTEXT('2D SPACE',''
  ) );
#381 = ADVANCED_FACE('',(#382),#370,.F.);
#382 = FACE_BOUND('',#383,.T.);
#383 = EDGE_LOOP('',(#384,#385,#406,#428));
#384 = ORIENTED_EDGE('',*,*,#349,.F.);
#385 = ORIENTED_EDGE('',*,*,#386,.T.);
#386 = EDGE_CURVE('',#350,#387,#389,.T.);
#387 = VERTEX_POINT('',#388);
#388 = CARTESIAN_POINT('',(89.,3.238559025575E-16,34.2));
#389 = SEAM_CURVE('',#390,(#394,#400),.PCURVE_S1.);
#390 = LINE('',#391,#392);
#391 = CARTESIAN_POINT('',(89.,0.,34.2));
#392 = VECTOR('',#393,1.);
#393 = DIRECTION('',(-1.,-0.,-0.));
#394 = PCURVE('',#370,#395);
#395 = DEFINITIONAL_REPRESENTATION('',(#396),#399);
#396 = B_SPLINE_CURVE_WITH_KNOTS('',1,(#397,#398),.UNSPECIFIED.,.F.,.F.,
  (2,2),(-3.,-0.),.PIECEWISE_BEZIER_KNOTS.);
#397 = CARTESIAN_POINT('',(-7.853981633974,-3.));
#398 = CARTESIAN_POINT('',(-7.853981633974,0.));
#399 = ( GEOMETRIC_REPRESENTATION_CONTEXT(2) 
PARAMETRIC_REPRESENTATION_CONTEXT() REPRESENTATION_CONTEXT('2D SPACE',''
  ) );
#400 = PCURVE('',#370,#401);
#401 = DEFINITIONAL_REPRESENTATION('',(#402),#405);
#402 = B_SPLINE_CURVE_WITH_KNOTS('',1,(#403,#404),.UNSPECIFIED.,.F.,.F.,
  (2,2),(-3.,-0.),.PIECEWISE_BEZIER_KNOTS.);
#403 = CARTESIAN_POINT('',(-1.570796326795,-3.));
#404 = CARTESIAN_POINT('',(-1.570796326795,0.));
#405 = ( GEOMETRIC_REPRESENTATION_CONTEXT(2) 
PARAMETRIC_REPRESENTATION_CONTEXT() REPRESENTATION_CONTEXT('2D SPACE',''
  ) );
#406 = ORIENTED_EDGE('',*,*,#407,.F.);
#407 = EDGE_CURVE('',#387,#387,#408,.T.);
#408 = SURFACE_CURVE('',#409,(#414,#421),.PCURVE_S1.);
#409 = CIRCLE('',#410,6.2);
#410 = AXIS2_PLACEMENT_3D('',#411,#412,#413);
#411 = CARTESIAN_POINT('',(89.,4.929390229336E-14,28.));
#412 = DIRECTION('',(1.,0.,0.));
#413 = DIRECTION('',(0.,-7.898394579161E-15,1.));
#414 = PCURVE('',#370,#415);
#415 = DEFINITIONAL_REPRESENTATION('',(#416),#420);
#416 = LINE('',#417,#418);
#417 = CARTESIAN_POINT('',(-1.570796326795,0.));
#418 = VECTOR('',#419,1.);
#419 = DIRECTION('',(-1.,0.));
#420 = ( GEOMETRIC_REPRESENTATION_CONTEXT(2) 
PARAMETRIC_REPRESENTATION_CONTEXT() REPRESENTATION_CONTEXT('2D SPACE',''
  ) );
#421 = PCURVE('',#278,#422);
#422 = DEFINITIONAL_REPRESENTATION('',(#423),#427);
#423 = CIRCLE('',#424,6.2);
#424 = AXIS2_PLACEMENT_2D('',#425,#426);
#425 = CARTESIAN_POINT('',(-3.552713678801E-15,-4.983279495643E-14));
#426 = DIRECTION('',(1.,7.898394579161E-15));
#427 = ( GEOMETRIC_REPRESENTATION_CONTEXT(2) 
PARAMETRIC_REPRESENTATION_CONTEXT() REPRESENTATION_CONTEXT('2D SPACE',''
  ) );
#428 = ORIENTED_EDGE('',*,*,#386,.F.);
#429 = ADVANCED_FACE('',(#430,#433),#278,.F.);
#430 = FACE_BOUND('',#431,.F.);
#431 = EDGE_LOOP('',(#432));
#432 = ORIENTED_EDGE('',*,*,#256,.T.);
#433 = FACE_BOUND('',#434,.F.);
#434 = EDGE_LOOP('',(#435));
#435 = ORIENTED_EDGE('',*,*,#407,.F.);
#436 = ( GEOMETRIC_REPRESENTATION_CONTEXT(3) 
GLOBAL_UNCERTAINTY_ASSIGNED_CONTEXT((#440)) GLOBAL_UNIT_ASSIGNED_CONTEXT
((#437,#438,#439)) REPRESENTATION_CONTEXT('Context #1',
  '3D Context with UNIT and UNCERTAINTY') );
#437 = ( LENGTH_UNIT() NAMED_UNIT(*) SI_UNIT(.MILLI.,.METRE.) );
#438 = ( NAMED_UNIT(*) PLANE_ANGLE_UNIT() SI_UNIT($,.RADIAN.) );
#439 = ( NAMED_UNIT(*) SI_UNIT($,.STERADIAN.) SOLID_ANGLE_UNIT() );
#440 = UNCERTAINTY_MEASURE_WITH_UNIT(LENGTH_MEASURE(1.E-07),#437,
  'distance_accuracy_value','confusion accuracy');
#441 = CONTEXT_DEPENDENT_SHAPE_REPRESENTATION(#442,#444);
#442 = ( REPRESENTATION_RELATIONSHIP('','',#249,#10) 
REPRESENTATION_RELATIONSHIP_WITH_TRANSFORMATION(#443) 
SHAPE_REPRESENTATION_RELATIONSHIP() );
#443 = ITEM_DEFINED_TRANSFORMATION('','',#11,#19);
#444 = PRODUCT_DEFINITION_SHAPE('Placement','Placement of an item',#445
  );
#445 = NEXT_ASSEMBLY_USAGE_OCCURRENCE('8','','',#5,#244,$);
#446 = PRODUCT_RELATED_PRODUCT_CATEGORY('part',$,(#246));
#447 = SHAPE_DEFINITION_REPRESENTATION(#448,#454);
#448 = PRODUCT_DEFINITION_SHAPE('','',#449);
#449 = PRODUCT_DEFINITION('design','',#450,#453);
#450 = PRODUCT_DEFINITION_FORMATION('','',#451);
#451 = PRODUCT('Open CASCADE STEP translator 7.9 4.3',
  'Open CASCADE STEP translator 7.9 4.3','',(#452));
#452 = PRODUCT_CONTEXT('',#2,'mechanical');
#453 = PRODUCT_DEFINITION_CONTEXT('part definition',#2,'design');
#454 = ADVANCED_BREP_SHAPE_REPRESENTATION('',(#11,#455),#15771);
#455 = MANIFOLD_SOLID_BREP('',#456);
#456 = CLOSED_SHELL('',(#457,#608,#882,#1067,#1138,#2011,#2041,#2067,
    #2074,#2104,#2130,#2137,#2167,#2193,#2200,#2230,#2256,#2263,#2339,
    #2622,#2648,#2678,#2685,#2711,#2741,#2748,#2775,#2802,#2809,#2839,
    #2865,#2872,#2902,#2928,#2935,#3225,#3436,#3491,#3530,#3585,#3620,
    #3675,#3679,#3758,#3782,#4493,#4567,#5204,#5230,#5258,#5286,#5318,
    #5350,#5382,#5408,#5436,#5464,#5496,#5528,#5560,#5653,#5708,#5712,
    #5767,#5771,#5899,#5968,#6015,#6062,#6089,#6119,#6151,#6230,#6257,
    #6389,#6454,#6509,#6544,#6599,#6603,#6635,#6665,#6697,#6873,#7004,
    #7257,#7433,#7514,#7656,#7767,#7911,#8022,#8093,#8122,#8166,#8192,
    #8318,#8494,#8625,#8696,#8885,#8997,#9078,#9169,#9253,#9481,#9556,
    #9629,#9695,#9763,#9790,#9817,#9824,#9945,#9953,#9960,#9968,#9995,
    #10116,#10187,#10214,#10245,#10276,#10307,#10338,#10439,#10478,
    #10533,#10568,#10623,#10627,#10658,#10759,#10798,#10853,#10888,
    #10943,#10947,#11468,#11523,#11527,#11582,#11586,#11641,#11680,
    #11735,#11770,#11825,#11829,#11884,#11888,#11943,#11947,#12002,
    #12041,#12096,#12131,#12186,#12190,#12245,#12284,#12339,#12374,
    #12429,#12433,#12488,#12492,#12547,#12551,#12606,#12610,#12665,
    #12704,#12759,#12794,#12849,#12853,#12908,#12947,#13002,#13037,
    #13092,#13096,#13151,#13190,#13245,#13280,#13335,#13339,#13422,
    #13461,#13516,#13551,#13606,#13610,#13635,#13711,#14528,#14558,
    #14584,#14591,#14621,#14647,#14654,#14684,#14710,#14717,#14747,
    #14773,#14780,#14856,#15139,#15165,#15195,#15202,#15228,#15258,
    #15265,#15292,#15319,#15326,#15356,#15382,#15389,#15419,#15445,
    #15452,#15485,#15493,#15520,#15547,#15615,#15654,#15682,#15713,
    #15741,#15748,#15757,#15764));
#457 = ADVANCED_FACE('',(#458,#577),#472,.F.);
#458 = FACE_BOUND('',#459,.F.);
#459 = EDGE_LOOP('',(#460,#495,#523,#551));
#460 = ORIENTED_EDGE('',*,*,#461,.F.);
#461 = EDGE_CURVE('',#462,#464,#466,.T.);
#462 = VERTEX_POINT('',#463);
#463 = CARTESIAN_POINT('',(-2.22044604925E-16,-41.8,77.));
#464 = VERTEX_POINT('',#465);
#465 = CARTESIAN_POINT('',(-2.22044604925E-16,41.8,77.));
#466 = SURFACE_CURVE('',#467,(#471,#483),.PCURVE_S1.);
#467 = LINE('',#468,#469);
#468 = CARTESIAN_POINT('',(-2.22044604925E-16,-41.8,77.));
#469 = VECTOR('',#470,1.);
#470 = DIRECTION('',(0.,1.,0.));
#471 = PCURVE('',#472,#477);
#472 = PLANE('',#473);
#473 = AXIS2_PLACEMENT_3D('',#474,#475,#476);
#474 = CARTESIAN_POINT('',(0.,-43.,0.));
#475 = DIRECTION('',(1.,0.,0.));
#476 = DIRECTION('',(0.,0.,1.));
#477 = DEFINITIONAL_REPRESENTATION('',(#478),#482);
#478 = LINE('',#479,#480);
#479 = CARTESIAN_POINT('',(77.,-1.2));
#480 = VECTOR('',#481,1.);
#481 = DIRECTION('',(0.,-1.));
#482 = ( GEOMETRIC_REPRESENTATION_CONTEXT(2) 
PARAMETRIC_REPRESENTATION_CONTEXT() REPRESENTATION_CONTEXT('2D SPACE',''
  ) );
#483 = PCURVE('',#484,#489);
#484 = CYLINDRICAL_SURFACE('',#485,1.);
#485 = AXIS2_PLACEMENT_3D('',#486,#487,#488);
#486 = CARTESIAN_POINT('',(1.,-41.8,77.));
#487 = DIRECTION('',(0.,1.,0.));
#488 = DIRECTION('',(0.,-0.,1.));
#489 = DEFINITIONAL_REPRESENTATION('',(#490),#494);
#490 = LINE('',#491,#492);
#491 = CARTESIAN_POINT('',(-1.570796326795,0.));
#492 = VECTOR('',#493,1.);
#493 = DIRECTION('',(-0.,1.));
#494 = ( GEOMETRIC_REPRESENTATION_CONTEXT(2) 
PARAMETRIC_REPRESENTATION_CONTEXT() REPRESENTATION_CONTEXT('2D SPACE',''
  ) );
#495 = ORIENTED_EDGE('',*,*,#496,.F.);
#496 = EDGE_CURVE('',#497,#462,#499,.T.);
#497 = VERTEX_POINT('',#498);
#498 = CARTESIAN_POINT('',(-1.7763568394E-15,-41.8,14.));
#499 = SURFACE_CURVE('',#500,(#504,#511),.PCURVE_S1.);
#500 = LINE('',#501,#502);
#501 = CARTESIAN_POINT('',(-2.22044604925E-16,-41.8,14.));
#502 = VECTOR('',#503,1.);
#503 = DIRECTION('',(0.,0.,1.));
#504 = PCURVE('',#472,#505);
#505 = DEFINITIONAL_REPRESENTATION('',(#506),#510);
#506 = LINE('',#507,#508);
#507 = CARTESIAN_POINT('',(14.,-1.2));
#508 = VECTOR('',#509,1.);
#509 = DIRECTION('',(1.,0.));
#510 = ( GEOMETRIC_REPRESENTATION_CONTEXT(2) 
PARAMETRIC_REPRESENTATION_CONTEXT() REPRESENTATION_CONTEXT('2D SPACE',''
  ) );
#511 = PCURVE('',#512,#517);
#512 = CYLINDRICAL_SURFACE('',#513,1.2);
#513 = AXIS2_PLACEMENT_3D('',#514,#515,#516);
#514 = CARTESIAN_POINT('',(1.2,-41.8,14.));
#515 = DIRECTION('',(0.,0.,1.));
#516 = DIRECTION('',(-1.,-0.,0.));
#517 = DEFINITIONAL_REPRESENTATION('',(#518),#522);
#518 = LINE('',#519,#520);
#519 = CARTESIAN_POINT('',(0.,0.));
#520 = VECTOR('',#521,1.);
#521 = DIRECTION('',(0.,1.));
#522 = ( GEOMETRIC_REPRESENTATION_CONTEXT(2) 
PARAMETRIC_REPRESENTATION_CONTEXT() REPRESENTATION_CONTEXT('2D SPACE',''
  ) );
#523 = ORIENTED_EDGE('',*,*,#524,.F.);
#524 = EDGE_CURVE('',#525,#497,#527,.T.);
#525 = VERTEX_POINT('',#526);
#526 = CARTESIAN_POINT('',(-1.7763568394E-15,41.8,14.));
#527 = SURFACE_CURVE('',#528,(#532,#539),.PCURVE_S1.);
#528 = LINE('',#529,#530);
#529 = CARTESIAN_POINT('',(-1.7763568394E-15,41.8,14.));
#530 = VECTOR('',#531,1.);
#531 = DIRECTION('',(0.,-1.,0.));
#532 = PCURVE('',#472,#533);
#533 = DEFINITIONAL_REPRESENTATION('',(#534),#538);
#534 = LINE('',#535,#536);
#535 = CARTESIAN_POINT('',(14.,-84.8));
#536 = VECTOR('',#537,1.);
#537 = DIRECTION('',(0.,1.));
#538 = ( GEOMETRIC_REPRESENTATION_CONTEXT(2) 
PARAMETRIC_REPRESENTATION_CONTEXT() REPRESENTATION_CONTEXT('2D SPACE',''
  ) );
#539 = PCURVE('',#540,#545);
#540 = CYLINDRICAL_SURFACE('',#541,14.);
#541 = AXIS2_PLACEMENT_3D('',#542,#543,#544);
#542 = CARTESIAN_POINT('',(14.,-43.,14.));
#543 = DIRECTION('',(0.,1.,0.));
#544 = DIRECTION('',(-1.,0.,0.));
#545 = DEFINITIONAL_REPRESENTATION('',(#546),#550);
#546 = LINE('',#547,#548);
#547 = CARTESIAN_POINT('',(-0.,84.8));
#548 = VECTOR('',#549,1.);
#549 = DIRECTION('',(-0.,-1.));
#550 = ( GEOMETRIC_REPRESENTATION_CONTEXT(2) 
PARAMETRIC_REPRESENTATION_CONTEXT() REPRESENTATION_CONTEXT('2D SPACE',''
  ) );
#551 = ORIENTED_EDGE('',*,*,#552,.T.);
#552 = EDGE_CURVE('',#525,#464,#553,.T.);
#553 = SURFACE_CURVE('',#554,(#558,#565),.PCURVE_S1.);
#554 = LINE('',#555,#556);
#555 = CARTESIAN_POINT('',(-2.22044604925E-16,41.8,14.));
#556 = VECTOR('',#557,1.);
#557 = DIRECTION('',(0.,0.,1.));
#558 = PCURVE('',#472,#559);
#559 = DEFINITIONAL_REPRESENTATION('',(#560),#564);
#560 = LINE('',#561,#562);
#561 = CARTESIAN_POINT('',(14.,-84.8));
#562 = VECTOR('',#563,1.);
#563 = DIRECTION('',(1.,0.));
#564 = ( GEOMETRIC_REPRESENTATION_CONTEXT(2) 
PARAMETRIC_REPRESENTATION_CONTEXT() REPRESENTATION_CONTEXT('2D SPACE',''
  ) );
#565 = PCURVE('',#566,#571);
#566 = CYLINDRICAL_SURFACE('',#567,1.2);
#567 = AXIS2_PLACEMENT_3D('',#568,#569,#570);
#568 = CARTESIAN_POINT('',(1.2,41.8,14.));
#569 = DIRECTION('',(0.,0.,1.));
#570 = DIRECTION('',(-1.,-0.,0.));
#571 = DEFINITIONAL_REPRESENTATION('',(#572),#576);
#572 = LINE('',#573,#574);
#573 = CARTESIAN_POINT('',(-0.,0.));
#574 = VECTOR('',#575,1.);
#575 = DIRECTION('',(-0.,1.));
#576 = ( GEOMETRIC_REPRESENTATION_CONTEXT(2) 
PARAMETRIC_REPRESENTATION_CONTEXT() REPRESENTATION_CONTEXT('2D SPACE',''
  ) );
#577 = FACE_BOUND('',#578,.F.);
#578 = EDGE_LOOP('',(#579));
#579 = ORIENTED_EDGE('',*,*,#580,.F.);
#580 = EDGE_CURVE('',#581,#581,#583,.T.);
#581 = VERTEX_POINT('',#582);
#582 = CARTESIAN_POINT('',(0.,0.,34.15));
#583 = SURFACE_CURVE('',#584,(#589,#596),.PCURVE_S1.);
#584 = CIRCLE('',#585,6.15);
#585 = AXIS2_PLACEMENT_3D('',#586,#587,#588);
#586 = CARTESIAN_POINT('',(0.,-1.33226762955E-15,28.));
#587 = DIRECTION('',(1.,0.,0.));
#588 = DIRECTION('',(-0.,3.293186298159E-17,1.));
#589 = PCURVE('',#472,#590);
#590 = DEFINITIONAL_REPRESENTATION('',(#591),#595);
#591 = CIRCLE('',#592,6.15);
#592 = AXIS2_PLACEMENT_2D('',#593,#594);
#593 = CARTESIAN_POINT('',(28.,-43.));
#594 = DIRECTION('',(1.,-3.293186298159E-17));
#595 = ( GEOMETRIC_REPRESENTATION_CONTEXT(2) 
PARAMETRIC_REPRESENTATION_CONTEXT() REPRESENTATION_CONTEXT('2D SPACE',''
  ) );
#596 = PCURVE('',#597,#602);
#597 = CYLINDRICAL_SURFACE('',#598,6.15);
#598 = AXIS2_PLACEMENT_3D('',#599,#600,#601);
#599 = CARTESIAN_POINT('',(-1.,0.,28.));
#600 = DIRECTION('',(-1.,-0.,-0.));
#601 = DIRECTION('',(0.,1.,0.));
#602 = DEFINITIONAL_REPRESENTATION('',(#603),#607);
#603 = LINE('',#604,#605);
#604 = CARTESIAN_POINT('',(-1.570796326795,-1.));
#605 = VECTOR('',#606,1.);
#606 = DIRECTION('',(-1.,-0.));
#607 = ( GEOMETRIC_REPRESENTATION_CONTEXT(2) 
PARAMETRIC_REPRESENTATION_CONTEXT() REPRESENTATION_CONTEXT('2D SPACE',''
  ) );
#608 = ADVANCED_FACE('',(#609),#597,.F.);
#609 = FACE_BOUND('',#610,.T.);
#610 = EDGE_LOOP('',(#611,#642,#668,#700,#719,#720,#721,#749,#775,#808,
    #829,#858));
#611 = ORIENTED_EDGE('',*,*,#612,.T.);
#612 = EDGE_CURVE('',#613,#615,#617,.T.);
#613 = VERTEX_POINT('',#614);
#614 = CARTESIAN_POINT('',(2.5,6.,26.65));
#615 = VERTEX_POINT('',#616);
#616 = CARTESIAN_POINT('',(2.5,6.,29.35));
#617 = SURFACE_CURVE('',#618,(#623,#630),.PCURVE_S1.);
#618 = CIRCLE('',#619,6.15);
#619 = AXIS2_PLACEMENT_3D('',#620,#621,#622);
#620 = CARTESIAN_POINT('',(2.5,0.,28.));
#621 = DIRECTION('',(1.,-0.,0.));
#622 = DIRECTION('',(0.,0.975609756098,-0.219512195122));
#623 = PCURVE('',#597,#624);
#624 = DEFINITIONAL_REPRESENTATION('',(#625),#629);
#625 = LINE('',#626,#627);
#626 = CARTESIAN_POINT('',(-6.061870864832,-3.5));
#627 = VECTOR('',#628,1.);
#628 = DIRECTION('',(-1.,-0.));
#629 = ( GEOMETRIC_REPRESENTATION_CONTEXT(2) 
PARAMETRIC_REPRESENTATION_CONTEXT() REPRESENTATION_CONTEXT('2D SPACE',''
  ) );
#630 = PCURVE('',#631,#636);
#631 = PLANE('',#632);
#632 = AXIS2_PLACEMENT_3D('',#633,#634,#635);
#633 = CARTESIAN_POINT('',(2.5,-1.,2.5));
#634 = DIRECTION('',(1.,0.,0.));
#635 = DIRECTION('',(0.,0.,1.));
#636 = DEFINITIONAL_REPRESENTATION('',(#637),#641);
#637 = CIRCLE('',#638,6.15);
#638 = AXIS2_PLACEMENT_2D('',#639,#640);
#639 = CARTESIAN_POINT('',(25.5,-1.));
#640 = DIRECTION('',(-0.219512195122,-0.975609756098));
#641 = ( GEOMETRIC_REPRESENTATION_CONTEXT(2) 
PARAMETRIC_REPRESENTATION_CONTEXT() REPRESENTATION_CONTEXT('2D SPACE',''
  ) );
#642 = ORIENTED_EDGE('',*,*,#643,.F.);
#643 = EDGE_CURVE('',#644,#615,#646,.T.);
#644 = VERTEX_POINT('',#645);
#645 = CARTESIAN_POINT('',(3.5,6.,29.35));
#646 = SURFACE_CURVE('',#647,(#651,#657),.PCURVE_S1.);
#647 = LINE('',#648,#649);
#648 = CARTESIAN_POINT('',(-1.,6.,29.35));
#649 = VECTOR('',#650,1.);
#650 = DIRECTION('',(-1.,-0.,-0.));
#651 = PCURVE('',#597,#652);
#652 = DEFINITIONAL_REPRESENTATION('',(#653),#656);
#653 = B_SPLINE_CURVE_WITH_KNOTS('',1,(#654,#655),.UNSPECIFIED.,.F.,.F.,
  (2,2),(-4.5,-3.5),.PIECEWISE_BEZIER_KNOTS.);
#654 = CARTESIAN_POINT('',(-6.504499749527,-4.5));
#655 = CARTESIAN_POINT('',(-6.504499749527,-3.5));
#656 = ( GEOMETRIC_REPRESENTATION_CONTEXT(2) 
PARAMETRIC_REPRESENTATION_CONTEXT() REPRESENTATION_CONTEXT('2D SPACE',''
  ) );
#657 = PCURVE('',#658,#663);
#658 = PLANE('',#659);
#659 = AXIS2_PLACEMENT_3D('',#660,#661,#662);
#660 = CARTESIAN_POINT('',(2.5,6.,2.5));
#661 = DIRECTION('',(0.,1.,0.));
#662 = DIRECTION('',(0.,0.,1.));
#663 = DEFINITIONAL_REPRESENTATION('',(#664),#667);
#664 = B_SPLINE_CURVE_WITH_KNOTS('',1,(#665,#666),.UNSPECIFIED.,.F.,.F.,
  (2,2),(-6.0000006,5.999999999062E-07),.PIECEWISE_BEZIER_KNOTS.);
#665 = CARTESIAN_POINT('',(26.85,2.5000006));
#666 = CARTESIAN_POINT('',(26.85,-3.5000006));
#667 = ( GEOMETRIC_REPRESENTATION_CONTEXT(2) 
PARAMETRIC_REPRESENTATION_CONTEXT() REPRESENTATION_CONTEXT('2D SPACE',''
  ) );
#668 = ORIENTED_EDGE('',*,*,#669,.F.);
#669 = EDGE_CURVE('',#670,#644,#672,.T.);
#670 = VERTEX_POINT('',#671);
#671 = CARTESIAN_POINT('',(3.5,0.,34.15));
#672 = SURFACE_CURVE('',#673,(#678,#684),.PCURVE_S1.);
#673 = CIRCLE('',#674,6.15);
#674 = AXIS2_PLACEMENT_3D('',#675,#676,#677);
#675 = CARTESIAN_POINT('',(3.5,0.,28.));
#676 = DIRECTION('',(-1.,0.,0.));
#677 = DIRECTION('',(0.,1.,0.));
#678 = PCURVE('',#597,#679);
#679 = DEFINITIONAL_REPRESENTATION('',(#680),#683);
#680 = B_SPLINE_CURVE_WITH_KNOTS('',1,(#681,#682),.UNSPECIFIED.,.F.,.F.,
  (2,2),(4.712388980385,6.061870864832),.PIECEWISE_BEZIER_KNOTS.);
#681 = CARTESIAN_POINT('',(-7.853981633974,-4.5));
#682 = CARTESIAN_POINT('',(-6.504499749527,-4.5));
#683 = ( GEOMETRIC_REPRESENTATION_CONTEXT(2) 
PARAMETRIC_REPRESENTATION_CONTEXT() REPRESENTATION_CONTEXT('2D SPACE',''
  ) );
#684 = PCURVE('',#685,#690);
#685 = PLANE('',#686);
#686 = AXIS2_PLACEMENT_3D('',#687,#688,#689);
#687 = CARTESIAN_POINT('',(3.5,0.,3.5));
#688 = DIRECTION('',(1.,0.,0.));
#689 = DIRECTION('',(0.,0.,1.));
#690 = DEFINITIONAL_REPRESENTATION('',(#691),#699);
#691 = ( BOUNDED_CURVE() B_SPLINE_CURVE(2,(#692,#693,#694,#695,#696,#697
,#698),.UNSPECIFIED.,.T.,.F.) B_SPLINE_CURVE_WITH_KNOTS((1,2,2,2,2,1),(
    -2.094395102393,0.,2.094395102393,4.188790204786,6.28318530718,
8.377580409573),.UNSPECIFIED.) CURVE() GEOMETRIC_REPRESENTATION_ITEM() 
RATIONAL_B_SPLINE_CURVE((1.,0.5,1.,0.5,1.,0.5,1.)) REPRESENTATION_ITEM(
  '') );
#692 = CARTESIAN_POINT('',(24.5,-6.15));
#693 = CARTESIAN_POINT('',(13.847887533451,-6.15));
#694 = CARTESIAN_POINT('',(19.173943766726,3.075));
#695 = CARTESIAN_POINT('',(24.5,12.3));
#696 = CARTESIAN_POINT('',(29.826056233274,3.075));
#697 = CARTESIAN_POINT('',(35.152112466549,-6.15));
#698 = CARTESIAN_POINT('',(24.5,-6.15));
#699 = ( GEOMETRIC_REPRESENTATION_CONTEXT(2) 
PARAMETRIC_REPRESENTATION_CONTEXT() REPRESENTATION_CONTEXT('2D SPACE',''
  ) );
#700 = ORIENTED_EDGE('',*,*,#701,.T.);
#701 = EDGE_CURVE('',#670,#581,#702,.T.);
#702 = SEAM_CURVE('',#703,(#707,#713),.PCURVE_S1.);
#703 = LINE('',#704,#705);
#704 = CARTESIAN_POINT('',(-1.,0.,34.15));
#705 = VECTOR('',#706,1.);
#706 = DIRECTION('',(-1.,-0.,-0.));
#707 = PCURVE('',#597,#708);
#708 = DEFINITIONAL_REPRESENTATION('',(#709),#712);
#709 = B_SPLINE_CURVE_WITH_KNOTS('',1,(#710,#711),.UNSPECIFIED.,.F.,.F.,
  (2,2),(-4.5,-1.),.PIECEWISE_BEZIER_KNOTS.);
#710 = CARTESIAN_POINT('',(-7.853981633974,-4.5));
#711 = CARTESIAN_POINT('',(-7.853981633974,-1.));
#712 = ( GEOMETRIC_REPRESENTATION_CONTEXT(2) 
PARAMETRIC_REPRESENTATION_CONTEXT() REPRESENTATION_CONTEXT('2D SPACE',''
  ) );
#713 = PCURVE('',#597,#714);
#714 = DEFINITIONAL_REPRESENTATION('',(#715),#718);
#715 = B_SPLINE_CURVE_WITH_KNOTS('',1,(#716,#717),.UNSPECIFIED.,.F.,.F.,
  (2,2),(-4.5,-1.),.PIECEWISE_BEZIER_KNOTS.);
#716 = CARTESIAN_POINT('',(-1.570796326795,-4.5));
#717 = CARTESIAN_POINT('',(-1.570796326795,-1.));
#718 = ( GEOMETRIC_REPRESENTATION_CONTEXT(2) 
PARAMETRIC_REPRESENTATION_CONTEXT() REPRESENTATION_CONTEXT('2D SPACE',''
  ) );
#719 = ORIENTED_EDGE('',*,*,#580,.F.);
#720 = ORIENTED_EDGE('',*,*,#701,.F.);
#721 = ORIENTED_EDGE('',*,*,#722,.F.);
#722 = EDGE_CURVE('',#723,#670,#725,.T.);
#723 = VERTEX_POINT('',#724);
#724 = CARTESIAN_POINT('',(3.5,-6.,29.35));
#725 = SURFACE_CURVE('',#726,(#731,#738),.PCURVE_S1.);
#726 = CIRCLE('',#727,6.15);
#727 = AXIS2_PLACEMENT_3D('',#728,#729,#730);
#728 = CARTESIAN_POINT('',(3.5,0.,28.));
#729 = DIRECTION('',(-1.,0.,0.));
#730 = DIRECTION('',(0.,1.,0.));
#731 = PCURVE('',#597,#732);
#732 = DEFINITIONAL_REPRESENTATION('',(#733),#737);
#733 = LINE('',#734,#735);
#734 = CARTESIAN_POINT('',(-6.28318530718,-4.5));
#735 = VECTOR('',#736,1.);
#736 = DIRECTION('',(1.,-0.));
#737 = ( GEOMETRIC_REPRESENTATION_CONTEXT(2) 
PARAMETRIC_REPRESENTATION_CONTEXT() REPRESENTATION_CONTEXT('2D SPACE',''
  ) );
#738 = PCURVE('',#685,#739);
#739 = DEFINITIONAL_REPRESENTATION('',(#740),#748);
#740 = ( BOUNDED_CURVE() B_SPLINE_CURVE(2,(#741,#742,#743,#744,#745,#746
,#747),.UNSPECIFIED.,.T.,.F.) B_SPLINE_CURVE_WITH_KNOTS((1,2,2,2,2,1),(
    -2.094395102393,0.,2.094395102393,4.188790204786,6.28318530718,
8.377580409573),.UNSPECIFIED.) CURVE() GEOMETRIC_REPRESENTATION_ITEM() 
RATIONAL_B_SPLINE_CURVE((1.,0.5,1.,0.5,1.,0.5,1.)) REPRESENTATION_ITEM(
  '') );
#741 = CARTESIAN_POINT('',(24.5,-6.15));
#742 = CARTESIAN_POINT('',(13.847887533451,-6.15));
#743 = CARTESIAN_POINT('',(19.173943766726,3.075));
#744 = CARTESIAN_POINT('',(24.5,12.3));
#745 = CARTESIAN_POINT('',(29.826056233274,3.075));
#746 = CARTESIAN_POINT('',(35.152112466549,-6.15));
#747 = CARTESIAN_POINT('',(24.5,-6.15));
#748 = ( GEOMETRIC_REPRESENTATION_CONTEXT(2) 
PARAMETRIC_REPRESENTATION_CONTEXT() REPRESENTATION_CONTEXT('2D SPACE',''
  ) );
#749 = ORIENTED_EDGE('',*,*,#750,.T.);
#750 = EDGE_CURVE('',#723,#751,#753,.T.);
#751 = VERTEX_POINT('',#752);
#752 = CARTESIAN_POINT('',(2.5,-6.,29.35));
#753 = SURFACE_CURVE('',#754,(#758,#764),.PCURVE_S1.);
#754 = LINE('',#755,#756);
#755 = CARTESIAN_POINT('',(-1.,-6.,29.35));
#756 = VECTOR('',#757,1.);
#757 = DIRECTION('',(-1.,-0.,-0.));
#758 = PCURVE('',#597,#759);
#759 = DEFINITIONAL_REPRESENTATION('',(#760),#763);
#760 = B_SPLINE_CURVE_WITH_KNOTS('',1,(#761,#762),.UNSPECIFIED.,.F.,.F.,
  (2,2),(-6.0000006,5.999999999062E-07),.PIECEWISE_BEZIER_KNOTS.);
#761 = CARTESIAN_POINT('',(-2.920278211242,-6.0000006));
#762 = CARTESIAN_POINT('',(-2.920278211242,5.999999999062E-07));
#763 = ( GEOMETRIC_REPRESENTATION_CONTEXT(2) 
PARAMETRIC_REPRESENTATION_CONTEXT() REPRESENTATION_CONTEXT('2D SPACE',''
  ) );
#764 = PCURVE('',#765,#770);
#765 = PLANE('',#766);
#766 = AXIS2_PLACEMENT_3D('',#767,#768,#769);
#767 = CARTESIAN_POINT('',(2.5,-6.,2.5));
#768 = DIRECTION('',(0.,1.,0.));
#769 = DIRECTION('',(0.,0.,1.));
#770 = DEFINITIONAL_REPRESENTATION('',(#771),#774);
#771 = B_SPLINE_CURVE_WITH_KNOTS('',1,(#772,#773),.UNSPECIFIED.,.F.,.F.,
  (2,2),(-6.0000006,5.999999999062E-07),.PIECEWISE_BEZIER_KNOTS.);
#772 = CARTESIAN_POINT('',(26.85,2.5000006));
#773 = CARTESIAN_POINT('',(26.85,-3.5000006));
#774 = ( GEOMETRIC_REPRESENTATION_CONTEXT(2) 
PARAMETRIC_REPRESENTATION_CONTEXT() REPRESENTATION_CONTEXT('2D SPACE',''
  ) );
#775 = ORIENTED_EDGE('',*,*,#776,.F.);
#776 = EDGE_CURVE('',#777,#751,#779,.T.);
#777 = VERTEX_POINT('',#778);
#778 = CARTESIAN_POINT('',(2.5,-6.,26.65));
#779 = SURFACE_CURVE('',#780,(#785,#792),.PCURVE_S1.);
#780 = CIRCLE('',#781,6.15);
#781 = AXIS2_PLACEMENT_3D('',#782,#783,#784);
#782 = CARTESIAN_POINT('',(2.5,0.,28.));
#783 = DIRECTION('',(-1.,0.,0.));
#784 = DIRECTION('',(0.,1.,0.));
#785 = PCURVE('',#597,#786);
#786 = DEFINITIONAL_REPRESENTATION('',(#787),#791);
#787 = LINE('',#788,#789);
#788 = CARTESIAN_POINT('',(-6.28318530718,-3.5));
#789 = VECTOR('',#790,1.);
#790 = DIRECTION('',(1.,-0.));
#791 = ( GEOMETRIC_REPRESENTATION_CONTEXT(2) 
PARAMETRIC_REPRESENTATION_CONTEXT() REPRESENTATION_CONTEXT('2D SPACE',''
  ) );
#792 = PCURVE('',#793,#798);
#793 = PLANE('',#794);
#794 = AXIS2_PLACEMENT_3D('',#795,#796,#797);
#795 = CARTESIAN_POINT('',(2.5,-40.5,2.5));
#796 = DIRECTION('',(1.,0.,0.));
#797 = DIRECTION('',(0.,0.,1.));
#798 = DEFINITIONAL_REPRESENTATION('',(#799),#807);
#799 = ( BOUNDED_CURVE() B_SPLINE_CURVE(2,(#800,#801,#802,#803,#804,#805
,#806),.UNSPECIFIED.,.T.,.F.) B_SPLINE_CURVE_WITH_KNOTS((1,2,2,2,2,1),(
    -2.094395102393,0.,2.094395102393,4.188790204786,6.28318530718,
8.377580409573),.UNSPECIFIED.) CURVE() GEOMETRIC_REPRESENTATION_ITEM() 
RATIONAL_B_SPLINE_CURVE((1.,0.5,1.,0.5,1.,0.5,1.)) REPRESENTATION_ITEM(
  '') );
#800 = CARTESIAN_POINT('',(25.5,-46.65));
#801 = CARTESIAN_POINT('',(14.847887533451,-46.65));
#802 = CARTESIAN_POINT('',(20.173943766726,-37.425));
#803 = CARTESIAN_POINT('',(25.5,-28.2));
#804 = CARTESIAN_POINT('',(30.826056233274,-37.425));
#805 = CARTESIAN_POINT('',(36.152112466549,-46.65));
#806 = CARTESIAN_POINT('',(25.5,-46.65));
#807 = ( GEOMETRIC_REPRESENTATION_CONTEXT(2) 
PARAMETRIC_REPRESENTATION_CONTEXT() REPRESENTATION_CONTEXT('2D SPACE',''
  ) );
#808 = ORIENTED_EDGE('',*,*,#809,.F.);
#809 = EDGE_CURVE('',#810,#777,#812,.T.);
#810 = VERTEX_POINT('',#811);
#811 = CARTESIAN_POINT('',(3.5,-6.,26.65));
#812 = SURFACE_CURVE('',#813,(#817,#823),.PCURVE_S1.);
#813 = LINE('',#814,#815);
#814 = CARTESIAN_POINT('',(-1.,-6.,26.65));
#815 = VECTOR('',#816,1.);
#816 = DIRECTION('',(-1.,-0.,-0.));
#817 = PCURVE('',#597,#818);
#818 = DEFINITIONAL_REPRESENTATION('',(#819),#822);
#819 = B_SPLINE_CURVE_WITH_KNOTS('',1,(#820,#821),.UNSPECIFIED.,.F.,.F.,
  (2,2),(-6.0000006,5.999999999062E-07),.PIECEWISE_BEZIER_KNOTS.);
#820 = CARTESIAN_POINT('',(-3.362907095938,-6.0000006));
#821 = CARTESIAN_POINT('',(-3.362907095938,5.999999999062E-07));
#822 = ( GEOMETRIC_REPRESENTATION_CONTEXT(2) 
PARAMETRIC_REPRESENTATION_CONTEXT() REPRESENTATION_CONTEXT('2D SPACE',''
  ) );
#823 = PCURVE('',#765,#824);
#824 = DEFINITIONAL_REPRESENTATION('',(#825),#828);
#825 = B_SPLINE_CURVE_WITH_KNOTS('',1,(#826,#827),.UNSPECIFIED.,.F.,.F.,
  (2,2),(-6.0000006,5.999999999062E-07),.PIECEWISE_BEZIER_KNOTS.);
#826 = CARTESIAN_POINT('',(24.15,2.5000006));
#827 = CARTESIAN_POINT('',(24.15,-3.5000006));
#828 = ( GEOMETRIC_REPRESENTATION_CONTEXT(2) 
PARAMETRIC_REPRESENTATION_CONTEXT() REPRESENTATION_CONTEXT('2D SPACE',''
  ) );
#829 = ORIENTED_EDGE('',*,*,#830,.T.);
#830 = EDGE_CURVE('',#810,#831,#833,.T.);
#831 = VERTEX_POINT('',#832);
#832 = CARTESIAN_POINT('',(3.5,6.,26.65));
#833 = SURFACE_CURVE('',#834,(#839,#846),.PCURVE_S1.);
#834 = CIRCLE('',#835,6.15);
#835 = AXIS2_PLACEMENT_3D('',#836,#837,#838);
#836 = CARTESIAN_POINT('',(3.5,0.,28.));
#837 = DIRECTION('',(1.,0.,0.));
#838 = DIRECTION('',(0.,-0.975609756098,-0.219512195122));
#839 = PCURVE('',#597,#840);
#840 = DEFINITIONAL_REPRESENTATION('',(#841),#845);
#841 = LINE('',#842,#843);
#842 = CARTESIAN_POINT('',(-3.362907095938,-4.5));
#843 = VECTOR('',#844,1.);
#844 = DIRECTION('',(-1.,-0.));
#845 = ( GEOMETRIC_REPRESENTATION_CONTEXT(2) 
PARAMETRIC_REPRESENTATION_CONTEXT() REPRESENTATION_CONTEXT('2D SPACE',''
  ) );
#846 = PCURVE('',#847,#852);
#847 = PLANE('',#848);
#848 = AXIS2_PLACEMENT_3D('',#849,#850,#851);
#849 = CARTESIAN_POINT('',(3.5,0.,3.5));
#850 = DIRECTION('',(1.,0.,0.));
#851 = DIRECTION('',(0.,0.,1.));
#852 = DEFINITIONAL_REPRESENTATION('',(#853),#857);
#853 = CIRCLE('',#854,6.15);
#854 = AXIS2_PLACEMENT_2D('',#855,#856);
#855 = CARTESIAN_POINT('',(24.5,0.));
#856 = DIRECTION('',(-0.219512195122,0.975609756098));
#857 = ( GEOMETRIC_REPRESENTATION_CONTEXT(2) 
PARAMETRIC_REPRESENTATION_CONTEXT() REPRESENTATION_CONTEXT('2D SPACE',''
  ) );
#858 = ORIENTED_EDGE('',*,*,#859,.T.);
#859 = EDGE_CURVE('',#831,#613,#860,.T.);
#860 = SURFACE_CURVE('',#861,(#865,#871),.PCURVE_S1.);
#861 = LINE('',#862,#863);
#862 = CARTESIAN_POINT('',(-1.,6.,26.65));
#863 = VECTOR('',#864,1.);
#864 = DIRECTION('',(-1.,-0.,-0.));
#865 = PCURVE('',#597,#866);
#866 = DEFINITIONAL_REPRESENTATION('',(#867),#870);
#867 = B_SPLINE_CURVE_WITH_KNOTS('',1,(#868,#869),.UNSPECIFIED.,.F.,.F.,
  (2,2),(-4.5,-3.5),.PIECEWISE_BEZIER_KNOTS.);
#868 = CARTESIAN_POINT('',(-6.061870864832,-4.5));
#869 = CARTESIAN_POINT('',(-6.061870864832,-3.5));
#870 = ( GEOMETRIC_REPRESENTATION_CONTEXT(2) 
PARAMETRIC_REPRESENTATION_CONTEXT() REPRESENTATION_CONTEXT('2D SPACE',''
  ) );
#871 = PCURVE('',#872,#877);
#872 = PLANE('',#873);
#873 = AXIS2_PLACEMENT_3D('',#874,#875,#876);
#874 = CARTESIAN_POINT('',(2.5,6.,2.5));
#875 = DIRECTION('',(0.,1.,0.));
#876 = DIRECTION('',(0.,0.,1.));
#877 = DEFINITIONAL_REPRESENTATION('',(#878),#881);
#878 = B_SPLINE_CURVE_WITH_KNOTS('',1,(#879,#880),.UNSPECIFIED.,.F.,.F.,
  (2,2),(-6.0000006,5.999999999062E-07),.PIECEWISE_BEZIER_KNOTS.);
#879 = CARTESIAN_POINT('',(24.15,2.5000006));
#880 = CARTESIAN_POINT('',(24.15,-3.5000006));
#881 = ( GEOMETRIC_REPRESENTATION_CONTEXT(2) 
PARAMETRIC_REPRESENTATION_CONTEXT() REPRESENTATION_CONTEXT('2D SPACE',''
  ) );
#882 = ADVANCED_FACE('',(#883),#872,.T.);
#883 = FACE_BOUND('',#884,.T.);
#884 = EDGE_LOOP('',(#885,#915,#943,#964,#965,#988,#1015,#1041));
#885 = ORIENTED_EDGE('',*,*,#886,.F.);
#886 = EDGE_CURVE('',#887,#889,#891,.T.);
#887 = VERTEX_POINT('',#888);
#888 = CARTESIAN_POINT('',(2.5,6.,2.5));
#889 = VERTEX_POINT('',#890);
#890 = CARTESIAN_POINT('',(6.015640288664,6.,2.5));
#891 = SURFACE_CURVE('',#892,(#896,#903),.PCURVE_S1.);
#892 = LINE('',#893,#894);
#893 = CARTESIAN_POINT('',(2.5,6.,2.5));
#894 = VECTOR('',#895,1.);
#895 = DIRECTION('',(1.,0.,0.));
#896 = PCURVE('',#872,#897);
#897 = DEFINITIONAL_REPRESENTATION('',(#898),#902);
#898 = LINE('',#899,#900);
#899 = CARTESIAN_POINT('',(0.,0.));
#900 = VECTOR('',#901,1.);
#901 = DIRECTION('',(0.,1.));
#902 = ( GEOMETRIC_REPRESENTATION_CONTEXT(2) 
PARAMETRIC_REPRESENTATION_CONTEXT() REPRESENTATION_CONTEXT('2D SPACE',''
  ) );
#903 = PCURVE('',#904,#909);
#904 = PLANE('',#905);
#905 = AXIS2_PLACEMENT_3D('',#906,#907,#908);
#906 = CARTESIAN_POINT('',(2.5,0.,2.5));
#907 = DIRECTION('',(0.,0.,1.));
#908 = DIRECTION('',(1.,0.,0.));
#909 = DEFINITIONAL_REPRESENTATION('',(#910),#914);
#910 = LINE('',#911,#912);
#911 = CARTESIAN_POINT('',(0.,6.));
#912 = VECTOR('',#913,1.);
#913 = DIRECTION('',(1.,0.));
#914 = ( GEOMETRIC_REPRESENTATION_CONTEXT(2) 
PARAMETRIC_REPRESENTATION_CONTEXT() REPRESENTATION_CONTEXT('2D SPACE',''
  ) );
#915 = ORIENTED_EDGE('',*,*,#916,.T.);
#916 = EDGE_CURVE('',#887,#917,#919,.T.);
#917 = VERTEX_POINT('',#918);
#918 = CARTESIAN_POINT('',(2.5,6.,6.015640288664));
#919 = SURFACE_CURVE('',#920,(#924,#931),.PCURVE_S1.);
#920 = LINE('',#921,#922);
#921 = CARTESIAN_POINT('',(2.5,6.,2.5));
#922 = VECTOR('',#923,1.);
#923 = DIRECTION('',(0.,0.,1.));
#924 = PCURVE('',#872,#925);
#925 = DEFINITIONAL_REPRESENTATION('',(#926),#930);
#926 = LINE('',#927,#928);
#927 = CARTESIAN_POINT('',(0.,0.));
#928 = VECTOR('',#929,1.);
#929 = DIRECTION('',(1.,0.));
#930 = ( GEOMETRIC_REPRESENTATION_CONTEXT(2) 
PARAMETRIC_REPRESENTATION_CONTEXT() REPRESENTATION_CONTEXT('2D SPACE',''
  ) );
#931 = PCURVE('',#932,#937);
#932 = PLANE('',#933);
#933 = AXIS2_PLACEMENT_3D('',#934,#935,#936);
#934 = CARTESIAN_POINT('',(2.5,0.,2.5));
#935 = DIRECTION('',(1.,0.,0.));
#936 = DIRECTION('',(0.,0.,1.));
#937 = DEFINITIONAL_REPRESENTATION('',(#938),#942);
#938 = LINE('',#939,#940);
#939 = CARTESIAN_POINT('',(0.,-6.));
#940 = VECTOR('',#941,1.);
#941 = DIRECTION('',(1.,0.));
#942 = ( GEOMETRIC_REPRESENTATION_CONTEXT(2) 
PARAMETRIC_REPRESENTATION_CONTEXT() REPRESENTATION_CONTEXT('2D SPACE',''
  ) );
#943 = ORIENTED_EDGE('',*,*,#944,.T.);
#944 = EDGE_CURVE('',#917,#613,#945,.T.);
#945 = SURFACE_CURVE('',#946,(#950,#957),.PCURVE_S1.);
#946 = LINE('',#947,#948);
#947 = CARTESIAN_POINT('',(2.5,6.,2.5));
#948 = VECTOR('',#949,1.);
#949 = DIRECTION('',(0.,0.,1.));
#950 = PCURVE('',#872,#951);
#951 = DEFINITIONAL_REPRESENTATION('',(#952),#956);
#952 = LINE('',#953,#954);
#953 = CARTESIAN_POINT('',(0.,0.));
#954 = VECTOR('',#955,1.);
#955 = DIRECTION('',(1.,0.));
#956 = ( GEOMETRIC_REPRESENTATION_CONTEXT(2) 
PARAMETRIC_REPRESENTATION_CONTEXT() REPRESENTATION_CONTEXT('2D SPACE',''
  ) );
#957 = PCURVE('',#631,#958);
#958 = DEFINITIONAL_REPRESENTATION('',(#959),#963);
#959 = LINE('',#960,#961);
#960 = CARTESIAN_POINT('',(0.,-7.));
#961 = VECTOR('',#962,1.);
#962 = DIRECTION('',(1.,0.));
#963 = ( GEOMETRIC_REPRESENTATION_CONTEXT(2) 
PARAMETRIC_REPRESENTATION_CONTEXT() REPRESENTATION_CONTEXT('2D SPACE',''
  ) );
#964 = ORIENTED_EDGE('',*,*,#859,.F.);
#965 = ORIENTED_EDGE('',*,*,#966,.T.);
#966 = EDGE_CURVE('',#831,#967,#969,.T.);
#967 = VERTEX_POINT('',#968);
#968 = CARTESIAN_POINT('',(3.5,6.,3.5));
#969 = SURFACE_CURVE('',#970,(#974,#981),.PCURVE_S1.);
#970 = LINE('',#971,#972);
#971 = CARTESIAN_POINT('',(3.5,6.,74.5));
#972 = VECTOR('',#973,1.);
#973 = DIRECTION('',(0.,0.,-1.));
#974 = PCURVE('',#872,#975);
#975 = DEFINITIONAL_REPRESENTATION('',(#976),#980);
#976 = LINE('',#977,#978);
#977 = CARTESIAN_POINT('',(72.,1.));
#978 = VECTOR('',#979,1.);
#979 = DIRECTION('',(-1.,0.));
#980 = ( GEOMETRIC_REPRESENTATION_CONTEXT(2) 
PARAMETRIC_REPRESENTATION_CONTEXT() REPRESENTATION_CONTEXT('2D SPACE',''
  ) );
#981 = PCURVE('',#847,#982);
#982 = DEFINITIONAL_REPRESENTATION('',(#983),#987);
#983 = LINE('',#984,#985);
#984 = CARTESIAN_POINT('',(71.,-6.));
#985 = VECTOR('',#986,1.);
#986 = DIRECTION('',(-1.,0.));
#987 = ( GEOMETRIC_REPRESENTATION_CONTEXT(2) 
PARAMETRIC_REPRESENTATION_CONTEXT() REPRESENTATION_CONTEXT('2D SPACE',''
  ) );
#988 = ORIENTED_EDGE('',*,*,#989,.T.);
#989 = EDGE_CURVE('',#967,#990,#992,.T.);
#990 = VERTEX_POINT('',#991);
#991 = CARTESIAN_POINT('',(10.,6.,3.5));
#992 = SURFACE_CURVE('',#993,(#997,#1003),.PCURVE_S1.);
#993 = LINE('',#994,#995);
#994 = CARTESIAN_POINT('',(3.,6.,3.5));
#995 = VECTOR('',#996,1.);
#996 = DIRECTION('',(1.,0.,0.));
#997 = PCURVE('',#872,#998);
#998 = DEFINITIONAL_REPRESENTATION('',(#999),#1002);
#999 = B_SPLINE_CURVE_WITH_KNOTS('',1,(#1000,#1001),.UNSPECIFIED.,.F.,
  .F.,(2,2),(0.5,218.4),.PIECEWISE_BEZIER_KNOTS.);
#1000 = CARTESIAN_POINT('',(1.,1.));
#1001 = CARTESIAN_POINT('',(1.,218.9));
#1002 = ( GEOMETRIC_REPRESENTATION_CONTEXT(2) 
PARAMETRIC_REPRESENTATION_CONTEXT() REPRESENTATION_CONTEXT('2D SPACE',''
  ) );
#1003 = PCURVE('',#1004,#1009);
#1004 = PLANE('',#1005);
#1005 = AXIS2_PLACEMENT_3D('',#1006,#1007,#1008);
#1006 = CARTESIAN_POINT('',(3.5,0.,3.5));
#1007 = DIRECTION('',(0.,0.,1.));
#1008 = DIRECTION('',(1.,0.,0.));
#1009 = DEFINITIONAL_REPRESENTATION('',(#1010),#1014);
#1010 = LINE('',#1011,#1012);
#1011 = CARTESIAN_POINT('',(-0.5,6.));
#1012 = VECTOR('',#1013,1.);
#1013 = DIRECTION('',(1.,0.));
#1014 = ( GEOMETRIC_REPRESENTATION_CONTEXT(2) 
PARAMETRIC_REPRESENTATION_CONTEXT() REPRESENTATION_CONTEXT('2D SPACE',''
  ) );
#1015 = ORIENTED_EDGE('',*,*,#1016,.T.);
#1016 = EDGE_CURVE('',#990,#1017,#1019,.T.);
#1017 = VERTEX_POINT('',#1018);
#1018 = CARTESIAN_POINT('',(10.,6.,2.5));
#1019 = SURFACE_CURVE('',#1020,(#1024,#1030),.PCURVE_S1.);
#1020 = LINE('',#1021,#1022);
#1021 = CARTESIAN_POINT('',(10.,6.,2.5));
#1022 = VECTOR('',#1023,1.);
#1023 = DIRECTION('',(0.,0.,-1.));
#1024 = PCURVE('',#872,#1025);
#1025 = DEFINITIONAL_REPRESENTATION('',(#1026),#1029);
#1026 = B_SPLINE_CURVE_WITH_KNOTS('',1,(#1027,#1028),.UNSPECIFIED.,.F.,
  .F.,(2,2),(-4.,0.),.PIECEWISE_BEZIER_KNOTS.);
#1027 = CARTESIAN_POINT('',(4.,7.5));
#1028 = CARTESIAN_POINT('',(0.,7.5));
#1029 = ( GEOMETRIC_REPRESENTATION_CONTEXT(2) 
PARAMETRIC_REPRESENTATION_CONTEXT() REPRESENTATION_CONTEXT('2D SPACE',''
  ) );
#1030 = PCURVE('',#1031,#1036);
#1031 = PLANE('',#1032);
#1032 = AXIS2_PLACEMENT_3D('',#1033,#1034,#1035);
#1033 = CARTESIAN_POINT('',(10.,5.,2.5));
#1034 = DIRECTION('',(1.,0.,0.));
#1035 = DIRECTION('',(0.,0.,1.));
#1036 = DEFINITIONAL_REPRESENTATION('',(#1037),#1040);
#1037 = B_SPLINE_CURVE_WITH_KNOTS('',1,(#1038,#1039),.UNSPECIFIED.,.F.,
  .F.,(2,2),(-4.,0.),.PIECEWISE_BEZIER_KNOTS.);
#1038 = CARTESIAN_POINT('',(4.,-1.));
#1039 = CARTESIAN_POINT('',(0.,-1.));
#1040 = ( GEOMETRIC_REPRESENTATION_CONTEXT(2) 
PARAMETRIC_REPRESENTATION_CONTEXT() REPRESENTATION_CONTEXT('2D SPACE',''
  ) );
#1041 = ORIENTED_EDGE('',*,*,#1042,.F.);
#1042 = EDGE_CURVE('',#889,#1017,#1043,.T.);
#1043 = SURFACE_CURVE('',#1044,(#1048,#1055),.PCURVE_S1.);
#1044 = LINE('',#1045,#1046);
#1045 = CARTESIAN_POINT('',(2.5,6.,2.5));
#1046 = VECTOR('',#1047,1.);
#1047 = DIRECTION('',(1.,0.,0.));
#1048 = PCURVE('',#872,#1049);
#1049 = DEFINITIONAL_REPRESENTATION('',(#1050),#1054);
#1050 = LINE('',#1051,#1052);
#1051 = CARTESIAN_POINT('',(0.,0.));
#1052 = VECTOR('',#1053,1.);
#1053 = DIRECTION('',(0.,1.));
#1054 = ( GEOMETRIC_REPRESENTATION_CONTEXT(2) 
PARAMETRIC_REPRESENTATION_CONTEXT() REPRESENTATION_CONTEXT('2D SPACE',''
  ) );
#1055 = PCURVE('',#1056,#1061);
#1056 = PLANE('',#1057);
#1057 = AXIS2_PLACEMENT_3D('',#1058,#1059,#1060);
#1058 = CARTESIAN_POINT('',(2.5,-1.,2.5));
#1059 = DIRECTION('',(0.,0.,1.));
#1060 = DIRECTION('',(1.,0.,0.));
#1061 = DEFINITIONAL_REPRESENTATION('',(#1062),#1066);
#1062 = LINE('',#1063,#1064);
#1063 = CARTESIAN_POINT('',(0.,7.));
#1064 = VECTOR('',#1065,1.);
#1065 = DIRECTION('',(1.,0.));
#1066 = ( GEOMETRIC_REPRESENTATION_CONTEXT(2) 
PARAMETRIC_REPRESENTATION_CONTEXT() REPRESENTATION_CONTEXT('2D SPACE',''
  ) );
#1067 = ADVANCED_FACE('',(#1068),#932,.F.);
#1068 = FACE_BOUND('',#1069,.F.);
#1069 = EDGE_LOOP('',(#1070,#1093,#1116,#1137));
#1070 = ORIENTED_EDGE('',*,*,#1071,.T.);
#1071 = EDGE_CURVE('',#917,#1072,#1074,.T.);
#1072 = VERTEX_POINT('',#1073);
#1073 = CARTESIAN_POINT('',(2.5,-6.,6.015640288664));
#1074 = SURFACE_CURVE('',#1075,(#1079,#1086),.PCURVE_S1.);
#1075 = LINE('',#1076,#1077);
#1076 = CARTESIAN_POINT('',(2.5,6.,6.015640288664));
#1077 = VECTOR('',#1078,1.);
#1078 = DIRECTION('',(0.,-1.,0.));
#1079 = PCURVE('',#932,#1080);
#1080 = DEFINITIONAL_REPRESENTATION('',(#1081),#1085);
#1081 = LINE('',#1082,#1083);
#1082 = CARTESIAN_POINT('',(3.515640288664,-6.));
#1083 = VECTOR('',#1084,1.);
#1084 = DIRECTION('',(0.,1.));
#1085 = ( GEOMETRIC_REPRESENTATION_CONTEXT(2) 
PARAMETRIC_REPRESENTATION_CONTEXT() REPRESENTATION_CONTEXT('2D SPACE',''
  ) );
#1086 = PCURVE('',#540,#1087);
#1087 = DEFINITIONAL_REPRESENTATION('',(#1088),#1092);
#1088 = LINE('',#1089,#1090);
#1089 = CARTESIAN_POINT('',(-0.606884910677,49.));
#1090 = VECTOR('',#1091,1.);
#1091 = DIRECTION('',(-0.,-1.));
#1092 = ( GEOMETRIC_REPRESENTATION_CONTEXT(2) 
PARAMETRIC_REPRESENTATION_CONTEXT() REPRESENTATION_CONTEXT('2D SPACE',''
  ) );
#1093 = ORIENTED_EDGE('',*,*,#1094,.F.);
#1094 = EDGE_CURVE('',#1095,#1072,#1097,.T.);
#1095 = VERTEX_POINT('',#1096);
#1096 = CARTESIAN_POINT('',(2.5,-6.,2.5));
#1097 = SURFACE_CURVE('',#1098,(#1102,#1109),.PCURVE_S1.);
#1098 = LINE('',#1099,#1100);
#1099 = CARTESIAN_POINT('',(2.5,-6.,2.5));
#1100 = VECTOR('',#1101,1.);
#1101 = DIRECTION('',(0.,0.,1.));
#1102 = PCURVE('',#932,#1103);
#1103 = DEFINITIONAL_REPRESENTATION('',(#1104),#1108);
#1104 = LINE('',#1105,#1106);
#1105 = CARTESIAN_POINT('',(0.,6.));
#1106 = VECTOR('',#1107,1.);
#1107 = DIRECTION('',(1.,0.));
#1108 = ( GEOMETRIC_REPRESENTATION_CONTEXT(2) 
PARAMETRIC_REPRESENTATION_CONTEXT() REPRESENTATION_CONTEXT('2D SPACE',''
  ) );
#1109 = PCURVE('',#765,#1110);
#1110 = DEFINITIONAL_REPRESENTATION('',(#1111),#1115);
#1111 = LINE('',#1112,#1113);
#1112 = CARTESIAN_POINT('',(0.,0.));
#1113 = VECTOR('',#1114,1.);
#1114 = DIRECTION('',(1.,0.));
#1115 = ( GEOMETRIC_REPRESENTATION_CONTEXT(2) 
PARAMETRIC_REPRESENTATION_CONTEXT() REPRESENTATION_CONTEXT('2D SPACE',''
  ) );
#1116 = ORIENTED_EDGE('',*,*,#1117,.F.);
#1117 = EDGE_CURVE('',#887,#1095,#1118,.T.);
#1118 = SURFACE_CURVE('',#1119,(#1123,#1130),.PCURVE_S1.);
#1119 = LINE('',#1120,#1121);
#1120 = CARTESIAN_POINT('',(2.5,6.,2.5));
#1121 = VECTOR('',#1122,1.);
#1122 = DIRECTION('',(0.,-1.,0.));
#1123 = PCURVE('',#932,#1124);
#1124 = DEFINITIONAL_REPRESENTATION('',(#1125),#1129);
#1125 = LINE('',#1126,#1127);
#1126 = CARTESIAN_POINT('',(0.,-6.));
#1127 = VECTOR('',#1128,1.);
#1128 = DIRECTION('',(0.,1.));
#1129 = ( GEOMETRIC_REPRESENTATION_CONTEXT(2) 
PARAMETRIC_REPRESENTATION_CONTEXT() REPRESENTATION_CONTEXT('2D SPACE',''
  ) );
#1130 = PCURVE('',#904,#1131);
#1131 = DEFINITIONAL_REPRESENTATION('',(#1132),#1136);
#1132 = LINE('',#1133,#1134);
#1133 = CARTESIAN_POINT('',(0.,6.));
#1134 = VECTOR('',#1135,1.);
#1135 = DIRECTION('',(0.,-1.));
#1136 = ( GEOMETRIC_REPRESENTATION_CONTEXT(2) 
PARAMETRIC_REPRESENTATION_CONTEXT() REPRESENTATION_CONTEXT('2D SPACE',''
  ) );
#1137 = ORIENTED_EDGE('',*,*,#916,.T.);
#1138 = ADVANCED_FACE('',(#1139,#1263,#1369,#1475,#1587,#1693,#1799,
    #1905),#1004,.T.);
#1139 = FACE_BOUND('',#1140,.T.);
#1140 = EDGE_LOOP('',(#1141,#1164,#1186,#1214,#1242,#1262));
#1141 = ORIENTED_EDGE('',*,*,#1142,.F.);
#1142 = EDGE_CURVE('',#1143,#967,#1145,.T.);
#1143 = VERTEX_POINT('',#1144);
#1144 = CARTESIAN_POINT('',(3.5,-6.,3.5));
#1145 = SURFACE_CURVE('',#1146,(#1150,#1157),.PCURVE_S1.);
#1146 = LINE('',#1147,#1148);
#1147 = CARTESIAN_POINT('',(3.5,-6.,3.5));
#1148 = VECTOR('',#1149,1.);
#1149 = DIRECTION('',(0.,1.,0.));
#1150 = PCURVE('',#1004,#1151);
#1151 = DEFINITIONAL_REPRESENTATION('',(#1152),#1156);
#1152 = LINE('',#1153,#1154);
#1153 = CARTESIAN_POINT('',(0.,-6.));
#1154 = VECTOR('',#1155,1.);
#1155 = DIRECTION('',(0.,1.));
#1156 = ( GEOMETRIC_REPRESENTATION_CONTEXT(2) 
PARAMETRIC_REPRESENTATION_CONTEXT() REPRESENTATION_CONTEXT('2D SPACE',''
  ) );
#1157 = PCURVE('',#847,#1158);
#1158 = DEFINITIONAL_REPRESENTATION('',(#1159),#1163);
#1159 = LINE('',#1160,#1161);
#1160 = CARTESIAN_POINT('',(0.,6.));
#1161 = VECTOR('',#1162,1.);
#1162 = DIRECTION('',(0.,-1.));
#1163 = ( GEOMETRIC_REPRESENTATION_CONTEXT(2) 
PARAMETRIC_REPRESENTATION_CONTEXT() REPRESENTATION_CONTEXT('2D SPACE',''
  ) );
#1164 = ORIENTED_EDGE('',*,*,#1165,.T.);
#1165 = EDGE_CURVE('',#1143,#1166,#1168,.T.);
#1166 = VERTEX_POINT('',#1167);
#1167 = CARTESIAN_POINT('',(221.4,-6.,3.5));
#1168 = SURFACE_CURVE('',#1169,(#1173,#1180),.PCURVE_S1.);
#1169 = LINE('',#1170,#1171);
#1170 = CARTESIAN_POINT('',(3.,-6.,3.5));
#1171 = VECTOR('',#1172,1.);
#1172 = DIRECTION('',(1.,0.,0.));
#1173 = PCURVE('',#1004,#1174);
#1174 = DEFINITIONAL_REPRESENTATION('',(#1175),#1179);
#1175 = LINE('',#1176,#1177);
#1176 = CARTESIAN_POINT('',(-0.5,-6.));
#1177 = VECTOR('',#1178,1.);
#1178 = DIRECTION('',(1.,0.));
#1179 = ( GEOMETRIC_REPRESENTATION_CONTEXT(2) 
PARAMETRIC_REPRESENTATION_CONTEXT() REPRESENTATION_CONTEXT('2D SPACE',''
  ) );
#1180 = PCURVE('',#765,#1181);
#1181 = DEFINITIONAL_REPRESENTATION('',(#1182),#1185);
#1182 = B_SPLINE_CURVE_WITH_KNOTS('',1,(#1183,#1184),.UNSPECIFIED.,.F.,
  .F.,(2,2),(0.5,218.4),.PIECEWISE_BEZIER_KNOTS.);
#1183 = CARTESIAN_POINT('',(1.,1.));
#1184 = CARTESIAN_POINT('',(1.,218.9));
#1185 = ( GEOMETRIC_REPRESENTATION_CONTEXT(2) 
PARAMETRIC_REPRESENTATION_CONTEXT() REPRESENTATION_CONTEXT('2D SPACE',''
  ) );
#1186 = ORIENTED_EDGE('',*,*,#1187,.F.);
#1187 = EDGE_CURVE('',#1188,#1166,#1190,.T.);
#1188 = VERTEX_POINT('',#1189);
#1189 = CARTESIAN_POINT('',(221.4,5.,3.5));
#1190 = SURFACE_CURVE('',#1191,(#1195,#1202),.PCURVE_S1.);
#1191 = LINE('',#1192,#1193);
#1192 = CARTESIAN_POINT('',(221.4,5.,3.5));
#1193 = VECTOR('',#1194,1.);
#1194 = DIRECTION('',(0.,-1.,0.));
#1195 = PCURVE('',#1004,#1196);
#1196 = DEFINITIONAL_REPRESENTATION('',(#1197),#1201);
#1197 = LINE('',#1198,#1199);
#1198 = CARTESIAN_POINT('',(217.9,5.));
#1199 = VECTOR('',#1200,1.);
#1200 = DIRECTION('',(0.,-1.));
#1201 = ( GEOMETRIC_REPRESENTATION_CONTEXT(2) 
PARAMETRIC_REPRESENTATION_CONTEXT() REPRESENTATION_CONTEXT('2D SPACE',''
  ) );
#1202 = PCURVE('',#1203,#1208);
#1203 = PLANE('',#1204);
#1204 = AXIS2_PLACEMENT_3D('',#1205,#1206,#1207);
#1205 = CARTESIAN_POINT('',(221.4,0.,3.5));
#1206 = DIRECTION('',(1.,0.,0.));
#1207 = DIRECTION('',(0.,0.,1.));
#1208 = DEFINITIONAL_REPRESENTATION('',(#1209),#1213);
#1209 = LINE('',#1210,#1211);
#1210 = CARTESIAN_POINT('',(0.,-5.));
#1211 = VECTOR('',#1212,1.);
#1212 = DIRECTION('',(0.,1.));
#1213 = ( GEOMETRIC_REPRESENTATION_CONTEXT(2) 
PARAMETRIC_REPRESENTATION_CONTEXT() REPRESENTATION_CONTEXT('2D SPACE',''
  ) );
#1214 = ORIENTED_EDGE('',*,*,#1215,.T.);
#1215 = EDGE_CURVE('',#1188,#1216,#1218,.T.);
#1216 = VERTEX_POINT('',#1217);
#1217 = CARTESIAN_POINT('',(10.,5.,3.5));
#1218 = SURFACE_CURVE('',#1219,(#1223,#1230),.PCURVE_S1.);
#1219 = LINE('',#1220,#1221);
#1220 = CARTESIAN_POINT('',(6.75,5.,3.5));
#1221 = VECTOR('',#1222,1.);
#1222 = DIRECTION('',(-1.,0.,0.));
#1223 = PCURVE('',#1004,#1224);
#1224 = DEFINITIONAL_REPRESENTATION('',(#1225),#1229);
#1225 = LINE('',#1226,#1227);
#1226 = CARTESIAN_POINT('',(3.25,5.));
#1227 = VECTOR('',#1228,1.);
#1228 = DIRECTION('',(-1.,0.));
#1229 = ( GEOMETRIC_REPRESENTATION_CONTEXT(2) 
PARAMETRIC_REPRESENTATION_CONTEXT() REPRESENTATION_CONTEXT('2D SPACE',''
  ) );
#1230 = PCURVE('',#1231,#1236);
#1231 = PLANE('',#1232);
#1232 = AXIS2_PLACEMENT_3D('',#1233,#1234,#1235);
#1233 = CARTESIAN_POINT('',(10.,5.,2.5));
#1234 = DIRECTION('',(0.,1.,0.));
#1235 = DIRECTION('',(0.,0.,1.));
#1236 = DEFINITIONAL_REPRESENTATION('',(#1237),#1241);
#1237 = LINE('',#1238,#1239);
#1238 = CARTESIAN_POINT('',(1.,-3.25));
#1239 = VECTOR('',#1240,1.);
#1240 = DIRECTION('',(0.,-1.));
#1241 = ( GEOMETRIC_REPRESENTATION_CONTEXT(2) 
PARAMETRIC_REPRESENTATION_CONTEXT() REPRESENTATION_CONTEXT('2D SPACE',''
  ) );
#1242 = ORIENTED_EDGE('',*,*,#1243,.T.);
#1243 = EDGE_CURVE('',#1216,#990,#1244,.T.);
#1244 = SURFACE_CURVE('',#1245,(#1249,#1256),.PCURVE_S1.);
#1245 = LINE('',#1246,#1247);
#1246 = CARTESIAN_POINT('',(10.,2.5,3.5));
#1247 = VECTOR('',#1248,1.);
#1248 = DIRECTION('',(0.,1.,0.));
#1249 = PCURVE('',#1004,#1250);
#1250 = DEFINITIONAL_REPRESENTATION('',(#1251),#1255);
#1251 = LINE('',#1252,#1253);
#1252 = CARTESIAN_POINT('',(6.5,2.5));
#1253 = VECTOR('',#1254,1.);
#1254 = DIRECTION('',(0.,1.));
#1255 = ( GEOMETRIC_REPRESENTATION_CONTEXT(2) 
PARAMETRIC_REPRESENTATION_CONTEXT() REPRESENTATION_CONTEXT('2D SPACE',''
  ) );
#1256 = PCURVE('',#1031,#1257);
#1257 = DEFINITIONAL_REPRESENTATION('',(#1258),#1261);
#1258 = B_SPLINE_CURVE_WITH_KNOTS('',1,(#1259,#1260),.UNSPECIFIED.,.F.,
  .F.,(2,2),(2.5,3.5),.PIECEWISE_BEZIER_KNOTS.);
#1259 = CARTESIAN_POINT('',(1.,0.));
#1260 = CARTESIAN_POINT('',(1.,-1.));
#1261 = ( GEOMETRIC_REPRESENTATION_CONTEXT(2) 
PARAMETRIC_REPRESENTATION_CONTEXT() REPRESENTATION_CONTEXT('2D SPACE',''
  ) );
#1262 = ORIENTED_EDGE('',*,*,#989,.F.);
#1263 = FACE_BOUND('',#1264,.T.);
#1264 = EDGE_LOOP('',(#1265,#1294,#1322,#1344));
#1265 = ORIENTED_EDGE('',*,*,#1266,.T.);
#1266 = EDGE_CURVE('',#1267,#1269,#1271,.T.);
#1267 = VERTEX_POINT('',#1268);
#1268 = CARTESIAN_POINT('',(213.30766968306,0.1,3.5));
#1269 = VERTEX_POINT('',#1270);
#1270 = CARTESIAN_POINT('',(213.30766968306,0.,3.5));
#1271 = SURFACE_CURVE('',#1272,(#1276,#1283),.PCURVE_S1.);
#1272 = LINE('',#1273,#1274);
#1273 = CARTESIAN_POINT('',(213.30766968306,-6.1,3.5));
#1274 = VECTOR('',#1275,1.);
#1275 = DIRECTION('',(0.,-1.,0.));
#1276 = PCURVE('',#1004,#1277);
#1277 = DEFINITIONAL_REPRESENTATION('',(#1278),#1282);
#1278 = LINE('',#1279,#1280);
#1279 = CARTESIAN_POINT('',(209.80766968306,-6.1));
#1280 = VECTOR('',#1281,1.);
#1281 = DIRECTION('',(0.,-1.));
#1282 = ( GEOMETRIC_REPRESENTATION_CONTEXT(2) 
PARAMETRIC_REPRESENTATION_CONTEXT() REPRESENTATION_CONTEXT('2D SPACE',''
  ) );
#1283 = PCURVE('',#1284,#1289);
#1284 = CYLINDRICAL_SURFACE('',#1285,1.4);
#1285 = AXIS2_PLACEMENT_3D('',#1286,#1287,#1288);
#1286 = CARTESIAN_POINT('',(212.,-6.1,3.));
#1287 = DIRECTION('',(0.,-1.,0.));
#1288 = DIRECTION('',(1.,0.,0.));
#1289 = DEFINITIONAL_REPRESENTATION('',(#1290),#1293);
#1290 = B_SPLINE_CURVE_WITH_KNOTS('',1,(#1291,#1292),.UNSPECIFIED.,.F.,
  .F.,(2,2),(-6.2,-6.1),.PIECEWISE_BEZIER_KNOTS.);
#1291 = CARTESIAN_POINT('',(6.64839252847,-6.2));
#1292 = CARTESIAN_POINT('',(6.64839252847,-6.1));
#1293 = ( GEOMETRIC_REPRESENTATION_CONTEXT(2) 
PARAMETRIC_REPRESENTATION_CONTEXT() REPRESENTATION_CONTEXT('2D SPACE',''
  ) );
#1294 = ORIENTED_EDGE('',*,*,#1295,.F.);
#1295 = EDGE_CURVE('',#1296,#1269,#1298,.T.);
#1296 = VERTEX_POINT('',#1297);
#1297 = CARTESIAN_POINT('',(210.69233031693,0.,3.5));
#1298 = SURFACE_CURVE('',#1299,(#1303,#1310),.PCURVE_S1.);
#1299 = LINE('',#1300,#1301);
#1300 = CARTESIAN_POINT('',(3.5,0.,3.5));
#1301 = VECTOR('',#1302,1.);
#1302 = DIRECTION('',(1.,0.,0.));
#1303 = PCURVE('',#1004,#1304);
#1304 = DEFINITIONAL_REPRESENTATION('',(#1305),#1309);
#1305 = LINE('',#1306,#1307);
#1306 = CARTESIAN_POINT('',(0.,0.));
#1307 = VECTOR('',#1308,1.);
#1308 = DIRECTION('',(1.,0.));
#1309 = ( GEOMETRIC_REPRESENTATION_CONTEXT(2) 
PARAMETRIC_REPRESENTATION_CONTEXT() REPRESENTATION_CONTEXT('2D SPACE',''
  ) );
#1310 = PCURVE('',#1311,#1316);
#1311 = PLANE('',#1312);
#1312 = AXIS2_PLACEMENT_3D('',#1313,#1314,#1315);
#1313 = CARTESIAN_POINT('',(-1.,0.,-1.));
#1314 = DIRECTION('',(0.,1.,0.));
#1315 = DIRECTION('',(0.,0.,1.));
#1316 = DEFINITIONAL_REPRESENTATION('',(#1317),#1321);
#1317 = LINE('',#1318,#1319);
#1318 = CARTESIAN_POINT('',(4.5,4.5));
#1319 = VECTOR('',#1320,1.);
#1320 = DIRECTION('',(0.,1.));
#1321 = ( GEOMETRIC_REPRESENTATION_CONTEXT(2) 
PARAMETRIC_REPRESENTATION_CONTEXT() REPRESENTATION_CONTEXT('2D SPACE',''
  ) );
#1322 = ORIENTED_EDGE('',*,*,#1323,.F.);
#1323 = EDGE_CURVE('',#1324,#1296,#1326,.T.);
#1324 = VERTEX_POINT('',#1325);
#1325 = CARTESIAN_POINT('',(210.69233031693,0.1,3.5));
#1326 = SURFACE_CURVE('',#1327,(#1331,#1338),.PCURVE_S1.);
#1327 = LINE('',#1328,#1329);
#1328 = CARTESIAN_POINT('',(210.69233031693,-6.1,3.5));
#1329 = VECTOR('',#1330,1.);
#1330 = DIRECTION('',(0.,-1.,0.));
#1331 = PCURVE('',#1004,#1332);
#1332 = DEFINITIONAL_REPRESENTATION('',(#1333),#1337);
#1333 = LINE('',#1334,#1335);
#1334 = CARTESIAN_POINT('',(207.19233031693,-6.1));
#1335 = VECTOR('',#1336,1.);
#1336 = DIRECTION('',(0.,-1.));
#1337 = ( GEOMETRIC_REPRESENTATION_CONTEXT(2) 
PARAMETRIC_REPRESENTATION_CONTEXT() REPRESENTATION_CONTEXT('2D SPACE',''
  ) );
#1338 = PCURVE('',#1284,#1339);
#1339 = DEFINITIONAL_REPRESENTATION('',(#1340),#1343);
#1340 = B_SPLINE_CURVE_WITH_KNOTS('',1,(#1341,#1342),.UNSPECIFIED.,.F.,
  .F.,(2,2),(-6.2,-6.1),.PIECEWISE_BEZIER_KNOTS.);
#1341 = CARTESIAN_POINT('',(2.776385432299,-6.2));
#1342 = CARTESIAN_POINT('',(2.776385432299,-6.1));
#1343 = ( GEOMETRIC_REPRESENTATION_CONTEXT(2) 
PARAMETRIC_REPRESENTATION_CONTEXT() REPRESENTATION_CONTEXT('2D SPACE',''
  ) );
#1344 = ORIENTED_EDGE('',*,*,#1345,.T.);
#1345 = EDGE_CURVE('',#1324,#1267,#1346,.T.);
#1346 = SURFACE_CURVE('',#1347,(#1351,#1358),.PCURVE_S1.);
#1347 = LINE('',#1348,#1349);
#1348 = CARTESIAN_POINT('',(107.75,0.1,3.5));
#1349 = VECTOR('',#1350,1.);
#1350 = DIRECTION('',(1.,0.,0.));
#1351 = PCURVE('',#1004,#1352);
#1352 = DEFINITIONAL_REPRESENTATION('',(#1353),#1357);
#1353 = LINE('',#1354,#1355);
#1354 = CARTESIAN_POINT('',(104.25,0.1));
#1355 = VECTOR('',#1356,1.);
#1356 = DIRECTION('',(1.,0.));
#1357 = ( GEOMETRIC_REPRESENTATION_CONTEXT(2) 
PARAMETRIC_REPRESENTATION_CONTEXT() REPRESENTATION_CONTEXT('2D SPACE',''
  ) );
#1358 = PCURVE('',#1359,#1364);
#1359 = PLANE('',#1360);
#1360 = AXIS2_PLACEMENT_3D('',#1361,#1362,#1363);
#1361 = CARTESIAN_POINT('',(212.,0.1,3.));
#1362 = DIRECTION('',(-0.,-1.,-0.));
#1363 = DIRECTION('',(0.,0.,-1.));
#1364 = DEFINITIONAL_REPRESENTATION('',(#1365),#1368);
#1365 = B_SPLINE_CURVE_WITH_KNOTS('',1,(#1366,#1367),.UNSPECIFIED.,.F.,
  .F.,(2,2),(102.85,105.65),.PIECEWISE_BEZIER_KNOTS.);
#1366 = CARTESIAN_POINT('',(-0.5,-1.4));
#1367 = CARTESIAN_POINT('',(-0.5,1.4));
#1368 = ( GEOMETRIC_REPRESENTATION_CONTEXT(2) 
PARAMETRIC_REPRESENTATION_CONTEXT() REPRESENTATION_CONTEXT('2D SPACE',''
  ) );
#1369 = FACE_BOUND('',#1370,.T.);
#1370 = EDGE_LOOP('',(#1371,#1400,#1428,#1450));
#1371 = ORIENTED_EDGE('',*,*,#1372,.T.);
#1372 = EDGE_CURVE('',#1373,#1375,#1377,.T.);
#1373 = VERTEX_POINT('',#1374);
#1374 = CARTESIAN_POINT('',(185.30766968306,0.1,3.5));
#1375 = VERTEX_POINT('',#1376);
#1376 = CARTESIAN_POINT('',(185.30766968306,0.,3.5));
#1377 = SURFACE_CURVE('',#1378,(#1382,#1389),.PCURVE_S1.);
#1378 = LINE('',#1379,#1380);
#1379 = CARTESIAN_POINT('',(185.30766968306,-6.1,3.5));
#1380 = VECTOR('',#1381,1.);
#1381 = DIRECTION('',(0.,-1.,0.));
#1382 = PCURVE('',#1004,#1383);
#1383 = DEFINITIONAL_REPRESENTATION('',(#1384),#1388);
#1384 = LINE('',#1385,#1386);
#1385 = CARTESIAN_POINT('',(181.80766968306,-6.1));
#1386 = VECTOR('',#1387,1.);
#1387 = DIRECTION('',(0.,-1.));
#1388 = ( GEOMETRIC_REPRESENTATION_CONTEXT(2) 
PARAMETRIC_REPRESENTATION_CONTEXT() REPRESENTATION_CONTEXT('2D SPACE',''
  ) );
#1389 = PCURVE('',#1390,#1395);
#1390 = CYLINDRICAL_SURFACE('',#1391,1.4);
#1391 = AXIS2_PLACEMENT_3D('',#1392,#1393,#1394);
#1392 = CARTESIAN_POINT('',(184.,-6.1,3.));
#1393 = DIRECTION('',(0.,-1.,0.));
#1394 = DIRECTION('',(1.,0.,0.));
#1395 = DEFINITIONAL_REPRESENTATION('',(#1396),#1399);
#1396 = B_SPLINE_CURVE_WITH_KNOTS('',1,(#1397,#1398),.UNSPECIFIED.,.F.,
  .F.,(2,2),(-6.2,-6.1),.PIECEWISE_BEZIER_KNOTS.);
#1397 = CARTESIAN_POINT('',(6.64839252847,-6.2));
#1398 = CARTESIAN_POINT('',(6.64839252847,-6.1));
#1399 = ( GEOMETRIC_REPRESENTATION_CONTEXT(2) 
PARAMETRIC_REPRESENTATION_CONTEXT() REPRESENTATION_CONTEXT('2D SPACE',''
  ) );
#1400 = ORIENTED_EDGE('',*,*,#1401,.F.);
#1401 = EDGE_CURVE('',#1402,#1375,#1404,.T.);
#1402 = VERTEX_POINT('',#1403);
#1403 = CARTESIAN_POINT('',(182.69233031693,0.,3.5));
#1404 = SURFACE_CURVE('',#1405,(#1409,#1416),.PCURVE_S1.);
#1405 = LINE('',#1406,#1407);
#1406 = CARTESIAN_POINT('',(3.5,0.,3.5));
#1407 = VECTOR('',#1408,1.);
#1408 = DIRECTION('',(1.,0.,0.));
#1409 = PCURVE('',#1004,#1410);
#1410 = DEFINITIONAL_REPRESENTATION('',(#1411),#1415);
#1411 = LINE('',#1412,#1413);
#1412 = CARTESIAN_POINT('',(0.,0.));
#1413 = VECTOR('',#1414,1.);
#1414 = DIRECTION('',(1.,0.));
#1415 = ( GEOMETRIC_REPRESENTATION_CONTEXT(2) 
PARAMETRIC_REPRESENTATION_CONTEXT() REPRESENTATION_CONTEXT('2D SPACE',''
  ) );
#1416 = PCURVE('',#1417,#1422);
#1417 = PLANE('',#1418);
#1418 = AXIS2_PLACEMENT_3D('',#1419,#1420,#1421);
#1419 = CARTESIAN_POINT('',(-1.,0.,-1.));
#1420 = DIRECTION('',(0.,1.,0.));
#1421 = DIRECTION('',(0.,0.,1.));
#1422 = DEFINITIONAL_REPRESENTATION('',(#1423),#1427);
#1423 = LINE('',#1424,#1425);
#1424 = CARTESIAN_POINT('',(4.5,4.5));
#1425 = VECTOR('',#1426,1.);
#1426 = DIRECTION('',(0.,1.));
#1427 = ( GEOMETRIC_REPRESENTATION_CONTEXT(2) 
PARAMETRIC_REPRESENTATION_CONTEXT() REPRESENTATION_CONTEXT('2D SPACE',''
  ) );
#1428 = ORIENTED_EDGE('',*,*,#1429,.F.);
#1429 = EDGE_CURVE('',#1430,#1402,#1432,.T.);
#1430 = VERTEX_POINT('',#1431);
#1431 = CARTESIAN_POINT('',(182.69233031693,0.1,3.5));
#1432 = SURFACE_CURVE('',#1433,(#1437,#1444),.PCURVE_S1.);
#1433 = LINE('',#1434,#1435);
#1434 = CARTESIAN_POINT('',(182.69233031693,-6.1,3.5));
#1435 = VECTOR('',#1436,1.);
#1436 = DIRECTION('',(0.,-1.,0.));
#1437 = PCURVE('',#1004,#1438);
#1438 = DEFINITIONAL_REPRESENTATION('',(#1439),#1443);
#1439 = LINE('',#1440,#1441);
#1440 = CARTESIAN_POINT('',(179.19233031693,-6.1));
#1441 = VECTOR('',#1442,1.);
#1442 = DIRECTION('',(0.,-1.));
#1443 = ( GEOMETRIC_REPRESENTATION_CONTEXT(2) 
PARAMETRIC_REPRESENTATION_CONTEXT() REPRESENTATION_CONTEXT('2D SPACE',''
  ) );
#1444 = PCURVE('',#1390,#1445);
#1445 = DEFINITIONAL_REPRESENTATION('',(#1446),#1449);
#1446 = B_SPLINE_CURVE_WITH_KNOTS('',1,(#1447,#1448),.UNSPECIFIED.,.F.,
  .F.,(2,2),(-6.2,-6.1),.PIECEWISE_BEZIER_KNOTS.);
#1447 = CARTESIAN_POINT('',(2.776385432299,-6.2));
#1448 = CARTESIAN_POINT('',(2.776385432299,-6.1));
#1449 = ( GEOMETRIC_REPRESENTATION_CONTEXT(2) 
PARAMETRIC_REPRESENTATION_CONTEXT() REPRESENTATION_CONTEXT('2D SPACE',''
  ) );
#1450 = ORIENTED_EDGE('',*,*,#1451,.T.);
#1451 = EDGE_CURVE('',#1430,#1373,#1452,.T.);
#1452 = SURFACE_CURVE('',#1453,(#1457,#1464),.PCURVE_S1.);
#1453 = LINE('',#1454,#1455);
#1454 = CARTESIAN_POINT('',(93.75,0.1,3.5));
#1455 = VECTOR('',#1456,1.);
#1456 = DIRECTION('',(1.,0.,0.));
#1457 = PCURVE('',#1004,#1458);
#1458 = DEFINITIONAL_REPRESENTATION('',(#1459),#1463);
#1459 = LINE('',#1460,#1461);
#1460 = CARTESIAN_POINT('',(90.25,0.1));
#1461 = VECTOR('',#1462,1.);
#1462 = DIRECTION('',(1.,0.));
#1463 = ( GEOMETRIC_REPRESENTATION_CONTEXT(2) 
PARAMETRIC_REPRESENTATION_CONTEXT() REPRESENTATION_CONTEXT('2D SPACE',''
  ) );
#1464 = PCURVE('',#1465,#1470);
#1465 = PLANE('',#1466);
#1466 = AXIS2_PLACEMENT_3D('',#1467,#1468,#1469);
#1467 = CARTESIAN_POINT('',(184.,0.1,3.));
#1468 = DIRECTION('',(-0.,-1.,-0.));
#1469 = DIRECTION('',(0.,0.,-1.));
#1470 = DEFINITIONAL_REPRESENTATION('',(#1471),#1474);
#1471 = B_SPLINE_CURVE_WITH_KNOTS('',1,(#1472,#1473),.UNSPECIFIED.,.F.,
  .F.,(2,2),(88.85,91.65),.PIECEWISE_BEZIER_KNOTS.);
#1472 = CARTESIAN_POINT('',(-0.5,-1.4));
#1473 = CARTESIAN_POINT('',(-0.5,1.4));
#1474 = ( GEOMETRIC_REPRESENTATION_CONTEXT(2) 
PARAMETRIC_REPRESENTATION_CONTEXT() REPRESENTATION_CONTEXT('2D SPACE',''
  ) );
#1475 = FACE_BOUND('',#1476,.T.);
#1476 = EDGE_LOOP('',(#1477,#1507,#1534,#1562));
#1477 = ORIENTED_EDGE('',*,*,#1478,.T.);
#1478 = EDGE_CURVE('',#1479,#1481,#1483,.T.);
#1479 = VERTEX_POINT('',#1480);
#1480 = CARTESIAN_POINT('',(160.5,4.,3.5));
#1481 = VERTEX_POINT('',#1482);
#1482 = CARTESIAN_POINT('',(160.5,-4.,3.5));
#1483 = SURFACE_CURVE('',#1484,(#1488,#1495),.PCURVE_S1.);
#1484 = LINE('',#1485,#1486);
#1485 = CARTESIAN_POINT('',(160.5,4.,3.5));
#1486 = VECTOR('',#1487,1.);
#1487 = DIRECTION('',(0.,-1.,0.));
#1488 = PCURVE('',#1004,#1489);
#1489 = DEFINITIONAL_REPRESENTATION('',(#1490),#1494);
#1490 = LINE('',#1491,#1492);
#1491 = CARTESIAN_POINT('',(157.,4.));
#1492 = VECTOR('',#1493,1.);
#1493 = DIRECTION('',(0.,-1.));
#1494 = ( GEOMETRIC_REPRESENTATION_CONTEXT(2) 
PARAMETRIC_REPRESENTATION_CONTEXT() REPRESENTATION_CONTEXT('2D SPACE',''
  ) );
#1495 = PCURVE('',#1496,#1501);
#1496 = PLANE('',#1497);
#1497 = AXIS2_PLACEMENT_3D('',#1498,#1499,#1500);
#1498 = CARTESIAN_POINT('',(160.5,-4.,3.));
#1499 = DIRECTION('',(1.,0.,0.));
#1500 = DIRECTION('',(0.,0.,1.));
#1501 = DEFINITIONAL_REPRESENTATION('',(#1502),#1506);
#1502 = LINE('',#1503,#1504);
#1503 = CARTESIAN_POINT('',(0.5,-8.));
#1504 = VECTOR('',#1505,1.);
#1505 = DIRECTION('',(0.,1.));
#1506 = ( GEOMETRIC_REPRESENTATION_CONTEXT(2) 
PARAMETRIC_REPRESENTATION_CONTEXT() REPRESENTATION_CONTEXT('2D SPACE',''
  ) );
#1507 = ORIENTED_EDGE('',*,*,#1508,.T.);
#1508 = EDGE_CURVE('',#1481,#1509,#1511,.T.);
#1509 = VERTEX_POINT('',#1510);
#1510 = CARTESIAN_POINT('',(108.5,-4.,3.5));
#1511 = SURFACE_CURVE('',#1512,(#1516,#1523),.PCURVE_S1.);
#1512 = LINE('',#1513,#1514);
#1513 = CARTESIAN_POINT('',(56.,-4.,3.5));
#1514 = VECTOR('',#1515,1.);
#1515 = DIRECTION('',(-1.,0.,0.));
#1516 = PCURVE('',#1004,#1517);
#1517 = DEFINITIONAL_REPRESENTATION('',(#1518),#1522);
#1518 = LINE('',#1519,#1520);
#1519 = CARTESIAN_POINT('',(52.5,-4.));
#1520 = VECTOR('',#1521,1.);
#1521 = DIRECTION('',(-1.,0.));
#1522 = ( GEOMETRIC_REPRESENTATION_CONTEXT(2) 
PARAMETRIC_REPRESENTATION_CONTEXT() REPRESENTATION_CONTEXT('2D SPACE',''
  ) );
#1523 = PCURVE('',#1524,#1529);
#1524 = PLANE('',#1525);
#1525 = AXIS2_PLACEMENT_3D('',#1526,#1527,#1528);
#1526 = CARTESIAN_POINT('',(108.5,-4.,3.));
#1527 = DIRECTION('',(0.,1.,0.));
#1528 = DIRECTION('',(0.,0.,1.));
#1529 = DEFINITIONAL_REPRESENTATION('',(#1530),#1533);
#1530 = B_SPLINE_CURVE_WITH_KNOTS('',1,(#1531,#1532),.UNSPECIFIED.,.F.,
  .F.,(2,2),(-104.5,-52.5),.PIECEWISE_BEZIER_KNOTS.);
#1531 = CARTESIAN_POINT('',(0.5,52.));
#1532 = CARTESIAN_POINT('',(0.5,0.));
#1533 = ( GEOMETRIC_REPRESENTATION_CONTEXT(2) 
PARAMETRIC_REPRESENTATION_CONTEXT() REPRESENTATION_CONTEXT('2D SPACE',''
  ) );
#1534 = ORIENTED_EDGE('',*,*,#1535,.T.);
#1535 = EDGE_CURVE('',#1509,#1536,#1538,.T.);
#1536 = VERTEX_POINT('',#1537);
#1537 = CARTESIAN_POINT('',(108.5,4.,3.5));
#1538 = SURFACE_CURVE('',#1539,(#1543,#1550),.PCURVE_S1.);
#1539 = LINE('',#1540,#1541);
#1540 = CARTESIAN_POINT('',(108.5,-4.,3.5));
#1541 = VECTOR('',#1542,1.);
#1542 = DIRECTION('',(0.,1.,0.));
#1543 = PCURVE('',#1004,#1544);
#1544 = DEFINITIONAL_REPRESENTATION('',(#1545),#1549);
#1545 = LINE('',#1546,#1547);
#1546 = CARTESIAN_POINT('',(105.,-4.));
#1547 = VECTOR('',#1548,1.);
#1548 = DIRECTION('',(0.,1.));
#1549 = ( GEOMETRIC_REPRESENTATION_CONTEXT(2) 
PARAMETRIC_REPRESENTATION_CONTEXT() REPRESENTATION_CONTEXT('2D SPACE',''
  ) );
#1550 = PCURVE('',#1551,#1556);
#1551 = PLANE('',#1552);
#1552 = AXIS2_PLACEMENT_3D('',#1553,#1554,#1555);
#1553 = CARTESIAN_POINT('',(108.5,-4.,3.));
#1554 = DIRECTION('',(1.,0.,0.));
#1555 = DIRECTION('',(0.,0.,1.));
#1556 = DEFINITIONAL_REPRESENTATION('',(#1557),#1561);
#1557 = LINE('',#1558,#1559);
#1558 = CARTESIAN_POINT('',(0.5,0.));
#1559 = VECTOR('',#1560,1.);
#1560 = DIRECTION('',(0.,-1.));
#1561 = ( GEOMETRIC_REPRESENTATION_CONTEXT(2) 
PARAMETRIC_REPRESENTATION_CONTEXT() REPRESENTATION_CONTEXT('2D SPACE',''
  ) );
#1562 = ORIENTED_EDGE('',*,*,#1563,.F.);
#1563 = EDGE_CURVE('',#1479,#1536,#1564,.T.);
#1564 = SURFACE_CURVE('',#1565,(#1569,#1576),.PCURVE_S1.);
#1565 = LINE('',#1566,#1567);
#1566 = CARTESIAN_POINT('',(56.,4.,3.5));
#1567 = VECTOR('',#1568,1.);
#1568 = DIRECTION('',(-1.,0.,0.));
#1569 = PCURVE('',#1004,#1570);
#1570 = DEFINITIONAL_REPRESENTATION('',(#1571),#1575);
#1571 = LINE('',#1572,#1573);
#1572 = CARTESIAN_POINT('',(52.5,4.));
#1573 = VECTOR('',#1574,1.);
#1574 = DIRECTION('',(-1.,0.));
#1575 = ( GEOMETRIC_REPRESENTATION_CONTEXT(2) 
PARAMETRIC_REPRESENTATION_CONTEXT() REPRESENTATION_CONTEXT('2D SPACE',''
  ) );
#1576 = PCURVE('',#1577,#1582);
#1577 = PLANE('',#1578);
#1578 = AXIS2_PLACEMENT_3D('',#1579,#1580,#1581);
#1579 = CARTESIAN_POINT('',(108.5,4.,3.));
#1580 = DIRECTION('',(0.,1.,0.));
#1581 = DIRECTION('',(0.,0.,1.));
#1582 = DEFINITIONAL_REPRESENTATION('',(#1583),#1586);
#1583 = B_SPLINE_CURVE_WITH_KNOTS('',1,(#1584,#1585),.UNSPECIFIED.,.F.,
  .F.,(2,2),(-104.5,-52.5),.PIECEWISE_BEZIER_KNOTS.);
#1584 = CARTESIAN_POINT('',(0.5,52.));
#1585 = CARTESIAN_POINT('',(0.5,0.));
#1586 = ( GEOMETRIC_REPRESENTATION_CONTEXT(2) 
PARAMETRIC_REPRESENTATION_CONTEXT() REPRESENTATION_CONTEXT('2D SPACE',''
  ) );
#1587 = FACE_BOUND('',#1588,.T.);
#1588 = EDGE_LOOP('',(#1589,#1618,#1646,#1668));
#1589 = ORIENTED_EDGE('',*,*,#1590,.T.);
#1590 = EDGE_CURVE('',#1591,#1593,#1595,.T.);
#1591 = VERTEX_POINT('',#1592);
#1592 = CARTESIAN_POINT('',(101.30766968306,0.1,3.5));
#1593 = VERTEX_POINT('',#1594);
#1594 = CARTESIAN_POINT('',(101.30766968306,0.,3.5));
#1595 = SURFACE_CURVE('',#1596,(#1600,#1607),.PCURVE_S1.);
#1596 = LINE('',#1597,#1598);
#1597 = CARTESIAN_POINT('',(101.30766968306,-6.1,3.5));
#1598 = VECTOR('',#1599,1.);
#1599 = DIRECTION('',(0.,-1.,0.));
#1600 = PCURVE('',#1004,#1601);
#1601 = DEFINITIONAL_REPRESENTATION('',(#1602),#1606);
#1602 = LINE('',#1603,#1604);
#1603 = CARTESIAN_POINT('',(97.807669683062,-6.1));
#1604 = VECTOR('',#1605,1.);
#1605 = DIRECTION('',(0.,-1.));
#1606 = ( GEOMETRIC_REPRESENTATION_CONTEXT(2) 
PARAMETRIC_REPRESENTATION_CONTEXT() REPRESENTATION_CONTEXT('2D SPACE',''
  ) );
#1607 = PCURVE('',#1608,#1613);
#1608 = CYLINDRICAL_SURFACE('',#1609,1.4);
#1609 = AXIS2_PLACEMENT_3D('',#1610,#1611,#1612);
#1610 = CARTESIAN_POINT('',(100.,-6.1,3.));
#1611 = DIRECTION('',(0.,-1.,0.));
#1612 = DIRECTION('',(1.,0.,0.));
#1613 = DEFINITIONAL_REPRESENTATION('',(#1614),#1617);
#1614 = B_SPLINE_CURVE_WITH_KNOTS('',1,(#1615,#1616),.UNSPECIFIED.,.F.,
  .F.,(2,2),(-6.2,-6.1),.PIECEWISE_BEZIER_KNOTS.);
#1615 = CARTESIAN_POINT('',(6.64839252847,-6.2));
#1616 = CARTESIAN_POINT('',(6.64839252847,-6.1));
#1617 = ( GEOMETRIC_REPRESENTATION_CONTEXT(2) 
PARAMETRIC_REPRESENTATION_CONTEXT() REPRESENTATION_CONTEXT('2D SPACE',''
  ) );
#1618 = ORIENTED_EDGE('',*,*,#1619,.F.);
#1619 = EDGE_CURVE('',#1620,#1593,#1622,.T.);
#1620 = VERTEX_POINT('',#1621);
#1621 = CARTESIAN_POINT('',(98.692330316938,0.,3.5));
#1622 = SURFACE_CURVE('',#1623,(#1627,#1634),.PCURVE_S1.);
#1623 = LINE('',#1624,#1625);
#1624 = CARTESIAN_POINT('',(3.5,0.,3.5));
#1625 = VECTOR('',#1626,1.);
#1626 = DIRECTION('',(1.,0.,0.));
#1627 = PCURVE('',#1004,#1628);
#1628 = DEFINITIONAL_REPRESENTATION('',(#1629),#1633);
#1629 = LINE('',#1630,#1631);
#1630 = CARTESIAN_POINT('',(0.,0.));
#1631 = VECTOR('',#1632,1.);
#1632 = DIRECTION('',(1.,0.));
#1633 = ( GEOMETRIC_REPRESENTATION_CONTEXT(2) 
PARAMETRIC_REPRESENTATION_CONTEXT() REPRESENTATION_CONTEXT('2D SPACE',''
  ) );
#1634 = PCURVE('',#1635,#1640);
#1635 = PLANE('',#1636);
#1636 = AXIS2_PLACEMENT_3D('',#1637,#1638,#1639);
#1637 = CARTESIAN_POINT('',(-1.,0.,-1.));
#1638 = DIRECTION('',(0.,1.,0.));
#1639 = DIRECTION('',(0.,0.,1.));
#1640 = DEFINITIONAL_REPRESENTATION('',(#1641),#1645);
#1641 = LINE('',#1642,#1643);
#1642 = CARTESIAN_POINT('',(4.5,4.5));
#1643 = VECTOR('',#1644,1.);
#1644 = DIRECTION('',(0.,1.));
#1645 = ( GEOMETRIC_REPRESENTATION_CONTEXT(2) 
PARAMETRIC_REPRESENTATION_CONTEXT() REPRESENTATION_CONTEXT('2D SPACE',''
  ) );
#1646 = ORIENTED_EDGE('',*,*,#1647,.F.);
#1647 = EDGE_CURVE('',#1648,#1620,#1650,.T.);
#1648 = VERTEX_POINT('',#1649);
#1649 = CARTESIAN_POINT('',(98.692330316938,0.1,3.5));
#1650 = SURFACE_CURVE('',#1651,(#1655,#1662),.PCURVE_S1.);
#1651 = LINE('',#1652,#1653);
#1652 = CARTESIAN_POINT('',(98.692330316938,-6.1,3.5));
#1653 = VECTOR('',#1654,1.);
#1654 = DIRECTION('',(0.,-1.,0.));
#1655 = PCURVE('',#1004,#1656);
#1656 = DEFINITIONAL_REPRESENTATION('',(#1657),#1661);
#1657 = LINE('',#1658,#1659);
#1658 = CARTESIAN_POINT('',(95.192330316938,-6.1));
#1659 = VECTOR('',#1660,1.);
#1660 = DIRECTION('',(0.,-1.));
#1661 = ( GEOMETRIC_REPRESENTATION_CONTEXT(2) 
PARAMETRIC_REPRESENTATION_CONTEXT() REPRESENTATION_CONTEXT('2D SPACE',''
  ) );
#1662 = PCURVE('',#1608,#1663);
#1663 = DEFINITIONAL_REPRESENTATION('',(#1664),#1667);
#1664 = B_SPLINE_CURVE_WITH_KNOTS('',1,(#1665,#1666),.UNSPECIFIED.,.F.,
  .F.,(2,2),(-6.2,-6.1),.PIECEWISE_BEZIER_KNOTS.);
#1665 = CARTESIAN_POINT('',(2.776385432299,-6.2));
#1666 = CARTESIAN_POINT('',(2.776385432299,-6.1));
#1667 = ( GEOMETRIC_REPRESENTATION_CONTEXT(2) 
PARAMETRIC_REPRESENTATION_CONTEXT() REPRESENTATION_CONTEXT('2D SPACE',''
  ) );
#1668 = ORIENTED_EDGE('',*,*,#1669,.T.);
#1669 = EDGE_CURVE('',#1648,#1591,#1670,.T.);
#1670 = SURFACE_CURVE('',#1671,(#1675,#1682),.PCURVE_S1.);
#1671 = LINE('',#1672,#1673);
#1672 = CARTESIAN_POINT('',(51.75,1.E-01,3.5));
#1673 = VECTOR('',#1674,1.);
#1674 = DIRECTION('',(1.,0.,0.));
#1675 = PCURVE('',#1004,#1676);
#1676 = DEFINITIONAL_REPRESENTATION('',(#1677),#1681);
#1677 = LINE('',#1678,#1679);
#1678 = CARTESIAN_POINT('',(48.25,1.E-01));
#1679 = VECTOR('',#1680,1.);
#1680 = DIRECTION('',(1.,0.));
#1681 = ( GEOMETRIC_REPRESENTATION_CONTEXT(2) 
PARAMETRIC_REPRESENTATION_CONTEXT() REPRESENTATION_CONTEXT('2D SPACE',''
  ) );
#1682 = PCURVE('',#1683,#1688);
#1683 = PLANE('',#1684);
#1684 = AXIS2_PLACEMENT_3D('',#1685,#1686,#1687);
#1685 = CARTESIAN_POINT('',(100.,1.E-01,3.));
#1686 = DIRECTION('',(-0.,-1.,-0.));
#1687 = DIRECTION('',(0.,0.,-1.));
#1688 = DEFINITIONAL_REPRESENTATION('',(#1689),#1692);
#1689 = B_SPLINE_CURVE_WITH_KNOTS('',1,(#1690,#1691),.UNSPECIFIED.,.F.,
  .F.,(2,2),(46.85,49.65),.PIECEWISE_BEZIER_KNOTS.);
#1690 = CARTESIAN_POINT('',(-0.5,-1.4));
#1691 = CARTESIAN_POINT('',(-0.5,1.4));
#1692 = ( GEOMETRIC_REPRESENTATION_CONTEXT(2) 
PARAMETRIC_REPRESENTATION_CONTEXT() REPRESENTATION_CONTEXT('2D SPACE',''
  ) );
#1693 = FACE_BOUND('',#1694,.T.);
#1694 = EDGE_LOOP('',(#1695,#1724,#1752,#1774));
#1695 = ORIENTED_EDGE('',*,*,#1696,.T.);
#1696 = EDGE_CURVE('',#1697,#1699,#1701,.T.);
#1697 = VERTEX_POINT('',#1698);
#1698 = CARTESIAN_POINT('',(73.307669683062,0.1,3.5));
#1699 = VERTEX_POINT('',#1700);
#1700 = CARTESIAN_POINT('',(73.307669683062,0.,3.5));
#1701 = SURFACE_CURVE('',#1702,(#1706,#1713),.PCURVE_S1.);
#1702 = LINE('',#1703,#1704);
#1703 = CARTESIAN_POINT('',(73.307669683062,-6.1,3.5));
#1704 = VECTOR('',#1705,1.);
#1705 = DIRECTION('',(0.,-1.,0.));
#1706 = PCURVE('',#1004,#1707);
#1707 = DEFINITIONAL_REPRESENTATION('',(#1708),#1712);
#1708 = LINE('',#1709,#1710);
#1709 = CARTESIAN_POINT('',(69.807669683062,-6.1));
#1710 = VECTOR('',#1711,1.);
#1711 = DIRECTION('',(0.,-1.));
#1712 = ( GEOMETRIC_REPRESENTATION_CONTEXT(2) 
PARAMETRIC_REPRESENTATION_CONTEXT() REPRESENTATION_CONTEXT('2D SPACE',''
  ) );
#1713 = PCURVE('',#1714,#1719);
#1714 = CYLINDRICAL_SURFACE('',#1715,1.4);
#1715 = AXIS2_PLACEMENT_3D('',#1716,#1717,#1718);
#1716 = CARTESIAN_POINT('',(72.,-6.1,3.));
#1717 = DIRECTION('',(0.,-1.,0.));
#1718 = DIRECTION('',(1.,0.,0.));
#1719 = DEFINITIONAL_REPRESENTATION('',(#1720),#1723);
#1720 = B_SPLINE_CURVE_WITH_KNOTS('',1,(#1721,#1722),.UNSPECIFIED.,.F.,
  .F.,(2,2),(-6.2,-6.1),.PIECEWISE_BEZIER_KNOTS.);
#1721 = CARTESIAN_POINT('',(6.64839252847,-6.2));
#1722 = CARTESIAN_POINT('',(6.64839252847,-6.1));
#1723 = ( GEOMETRIC_REPRESENTATION_CONTEXT(2) 
PARAMETRIC_REPRESENTATION_CONTEXT() REPRESENTATION_CONTEXT('2D SPACE',''
  ) );
#1724 = ORIENTED_EDGE('',*,*,#1725,.F.);
#1725 = EDGE_CURVE('',#1726,#1699,#1728,.T.);
#1726 = VERTEX_POINT('',#1727);
#1727 = CARTESIAN_POINT('',(70.692330316938,0.,3.5));
#1728 = SURFACE_CURVE('',#1729,(#1733,#1740),.PCURVE_S1.);
#1729 = LINE('',#1730,#1731);
#1730 = CARTESIAN_POINT('',(3.5,0.,3.5));
#1731 = VECTOR('',#1732,1.);
#1732 = DIRECTION('',(1.,0.,0.));
#1733 = PCURVE('',#1004,#1734);
#1734 = DEFINITIONAL_REPRESENTATION('',(#1735),#1739);
#1735 = LINE('',#1736,#1737);
#1736 = CARTESIAN_POINT('',(0.,0.));
#1737 = VECTOR('',#1738,1.);
#1738 = DIRECTION('',(1.,0.));
#1739 = ( GEOMETRIC_REPRESENTATION_CONTEXT(2) 
PARAMETRIC_REPRESENTATION_CONTEXT() REPRESENTATION_CONTEXT('2D SPACE',''
  ) );
#1740 = PCURVE('',#1741,#1746);
#1741 = PLANE('',#1742);
#1742 = AXIS2_PLACEMENT_3D('',#1743,#1744,#1745);
#1743 = CARTESIAN_POINT('',(-1.,0.,-1.));
#1744 = DIRECTION('',(0.,1.,0.));
#1745 = DIRECTION('',(0.,0.,1.));
#1746 = DEFINITIONAL_REPRESENTATION('',(#1747),#1751);
#1747 = LINE('',#1748,#1749);
#1748 = CARTESIAN_POINT('',(4.5,4.5));
#1749 = VECTOR('',#1750,1.);
#1750 = DIRECTION('',(0.,1.));
#1751 = ( GEOMETRIC_REPRESENTATION_CONTEXT(2) 
PARAMETRIC_REPRESENTATION_CONTEXT() REPRESENTATION_CONTEXT('2D SPACE',''
  ) );
#1752 = ORIENTED_EDGE('',*,*,#1753,.F.);
#1753 = EDGE_CURVE('',#1754,#1726,#1756,.T.);
#1754 = VERTEX_POINT('',#1755);
#1755 = CARTESIAN_POINT('',(70.692330316938,0.1,3.5));
#1756 = SURFACE_CURVE('',#1757,(#1761,#1768),.PCURVE_S1.);
#1757 = LINE('',#1758,#1759);
#1758 = CARTESIAN_POINT('',(70.692330316938,-6.1,3.5));
#1759 = VECTOR('',#1760,1.);
#1760 = DIRECTION('',(0.,-1.,0.));
#1761 = PCURVE('',#1004,#1762);
#1762 = DEFINITIONAL_REPRESENTATION('',(#1763),#1767);
#1763 = LINE('',#1764,#1765);
#1764 = CARTESIAN_POINT('',(67.192330316938,-6.1));
#1765 = VECTOR('',#1766,1.);
#1766 = DIRECTION('',(0.,-1.));
#1767 = ( GEOMETRIC_REPRESENTATION_CONTEXT(2) 
PARAMETRIC_REPRESENTATION_CONTEXT() REPRESENTATION_CONTEXT('2D SPACE',''
  ) );
#1768 = PCURVE('',#1714,#1769);
#1769 = DEFINITIONAL_REPRESENTATION('',(#1770),#1773);
#1770 = B_SPLINE_CURVE_WITH_KNOTS('',1,(#1771,#1772),.UNSPECIFIED.,.F.,
  .F.,(2,2),(-6.2,-6.1),.PIECEWISE_BEZIER_KNOTS.);
#1771 = CARTESIAN_POINT('',(2.776385432299,-6.2));
#1772 = CARTESIAN_POINT('',(2.776385432299,-6.1));
#1773 = ( GEOMETRIC_REPRESENTATION_CONTEXT(2) 
PARAMETRIC_REPRESENTATION_CONTEXT() REPRESENTATION_CONTEXT('2D SPACE',''
  ) );
#1774 = ORIENTED_EDGE('',*,*,#1775,.T.);
#1775 = EDGE_CURVE('',#1754,#1697,#1776,.T.);
#1776 = SURFACE_CURVE('',#1777,(#1781,#1788),.PCURVE_S1.);
#1777 = LINE('',#1778,#1779);
#1778 = CARTESIAN_POINT('',(37.75,1.E-01,3.5));
#1779 = VECTOR('',#1780,1.);
#1780 = DIRECTION('',(1.,0.,0.));
#1781 = PCURVE('',#1004,#1782);
#1782 = DEFINITIONAL_REPRESENTATION('',(#1783),#1787);
#1783 = LINE('',#1784,#1785);
#1784 = CARTESIAN_POINT('',(34.25,1.E-01));
#1785 = VECTOR('',#1786,1.);
#1786 = DIRECTION('',(1.,0.));
#1787 = ( GEOMETRIC_REPRESENTATION_CONTEXT(2) 
PARAMETRIC_REPRESENTATION_CONTEXT() REPRESENTATION_CONTEXT('2D SPACE',''
  ) );
#1788 = PCURVE('',#1789,#1794);
#1789 = PLANE('',#1790);
#1790 = AXIS2_PLACEMENT_3D('',#1791,#1792,#1793);
#1791 = CARTESIAN_POINT('',(72.,1.E-01,3.));
#1792 = DIRECTION('',(-0.,-1.,-0.));
#1793 = DIRECTION('',(0.,0.,-1.));
#1794 = DEFINITIONAL_REPRESENTATION('',(#1795),#1798);
#1795 = B_SPLINE_CURVE_WITH_KNOTS('',1,(#1796,#1797),.UNSPECIFIED.,.F.,
  .F.,(2,2),(32.85,35.65),.PIECEWISE_BEZIER_KNOTS.);
#1796 = CARTESIAN_POINT('',(-0.5,-1.4));
#1797 = CARTESIAN_POINT('',(-0.5,1.4));
#1798 = ( GEOMETRIC_REPRESENTATION_CONTEXT(2) 
PARAMETRIC_REPRESENTATION_CONTEXT() REPRESENTATION_CONTEXT('2D SPACE',''
  ) );
#1799 = FACE_BOUND('',#1800,.T.);
#1800 = EDGE_LOOP('',(#1801,#1830,#1858,#1880));
#1801 = ORIENTED_EDGE('',*,*,#1802,.T.);
#1802 = EDGE_CURVE('',#1803,#1805,#1807,.T.);
#1803 = VERTEX_POINT('',#1804);
#1804 = CARTESIAN_POINT('',(45.307669683062,0.1,3.5));
#1805 = VERTEX_POINT('',#1806);
#1806 = CARTESIAN_POINT('',(45.307669683062,0.,3.5));
#1807 = SURFACE_CURVE('',#1808,(#1812,#1819),.PCURVE_S1.);
#1808 = LINE('',#1809,#1810);
#1809 = CARTESIAN_POINT('',(45.307669683062,-6.1,3.5));
#1810 = VECTOR('',#1811,1.);
#1811 = DIRECTION('',(0.,-1.,0.));
#1812 = PCURVE('',#1004,#1813);
#1813 = DEFINITIONAL_REPRESENTATION('',(#1814),#1818);
#1814 = LINE('',#1815,#1816);
#1815 = CARTESIAN_POINT('',(41.807669683062,-6.1));
#1816 = VECTOR('',#1817,1.);
#1817 = DIRECTION('',(0.,-1.));
#1818 = ( GEOMETRIC_REPRESENTATION_CONTEXT(2) 
PARAMETRIC_REPRESENTATION_CONTEXT() REPRESENTATION_CONTEXT('2D SPACE',''
  ) );
#1819 = PCURVE('',#1820,#1825);
#1820 = CYLINDRICAL_SURFACE('',#1821,1.4);
#1821 = AXIS2_PLACEMENT_3D('',#1822,#1823,#1824);
#1822 = CARTESIAN_POINT('',(44.,-6.1,3.));
#1823 = DIRECTION('',(0.,-1.,0.));
#1824 = DIRECTION('',(1.,0.,0.));
#1825 = DEFINITIONAL_REPRESENTATION('',(#1826),#1829);
#1826 = B_SPLINE_CURVE_WITH_KNOTS('',1,(#1827,#1828),.UNSPECIFIED.,.F.,
  .F.,(2,2),(-6.2,-6.1),.PIECEWISE_BEZIER_KNOTS.);
#1827 = CARTESIAN_POINT('',(6.64839252847,-6.2));
#1828 = CARTESIAN_POINT('',(6.64839252847,-6.1));
#1829 = ( GEOMETRIC_REPRESENTATION_CONTEXT(2) 
PARAMETRIC_REPRESENTATION_CONTEXT() REPRESENTATION_CONTEXT('2D SPACE',''
  ) );
#1830 = ORIENTED_EDGE('',*,*,#1831,.F.);
#1831 = EDGE_CURVE('',#1832,#1805,#1834,.T.);
#1832 = VERTEX_POINT('',#1833);
#1833 = CARTESIAN_POINT('',(42.692330316938,0.,3.5));
#1834 = SURFACE_CURVE('',#1835,(#1839,#1846),.PCURVE_S1.);
#1835 = LINE('',#1836,#1837);
#1836 = CARTESIAN_POINT('',(3.5,0.,3.5));
#1837 = VECTOR('',#1838,1.);
#1838 = DIRECTION('',(1.,0.,0.));
#1839 = PCURVE('',#1004,#1840);
#1840 = DEFINITIONAL_REPRESENTATION('',(#1841),#1845);
#1841 = LINE('',#1842,#1843);
#1842 = CARTESIAN_POINT('',(0.,0.));
#1843 = VECTOR('',#1844,1.);
#1844 = DIRECTION('',(1.,0.));
#1845 = ( GEOMETRIC_REPRESENTATION_CONTEXT(2) 
PARAMETRIC_REPRESENTATION_CONTEXT() REPRESENTATION_CONTEXT('2D SPACE',''
  ) );
#1846 = PCURVE('',#1847,#1852);
#1847 = PLANE('',#1848);
#1848 = AXIS2_PLACEMENT_3D('',#1849,#1850,#1851);
#1849 = CARTESIAN_POINT('',(-1.,0.,-1.));
#1850 = DIRECTION('',(0.,1.,0.));
#1851 = DIRECTION('',(0.,0.,1.));
#1852 = DEFINITIONAL_REPRESENTATION('',(#1853),#1857);
#1853 = LINE('',#1854,#1855);
#1854 = CARTESIAN_POINT('',(4.5,4.5));
#1855 = VECTOR('',#1856,1.);
#1856 = DIRECTION('',(0.,1.));
#1857 = ( GEOMETRIC_REPRESENTATION_CONTEXT(2) 
PARAMETRIC_REPRESENTATION_CONTEXT() REPRESENTATION_CONTEXT('2D SPACE',''
  ) );
#1858 = ORIENTED_EDGE('',*,*,#1859,.F.);
#1859 = EDGE_CURVE('',#1860,#1832,#1862,.T.);
#1860 = VERTEX_POINT('',#1861);
#1861 = CARTESIAN_POINT('',(42.692330316938,0.1,3.5));
#1862 = SURFACE_CURVE('',#1863,(#1867,#1874),.PCURVE_S1.);
#1863 = LINE('',#1864,#1865);
#1864 = CARTESIAN_POINT('',(42.692330316938,-6.1,3.5));
#1865 = VECTOR('',#1866,1.);
#1866 = DIRECTION('',(0.,-1.,0.));
#1867 = PCURVE('',#1004,#1868);
#1868 = DEFINITIONAL_REPRESENTATION('',(#1869),#1873);
#1869 = LINE('',#1870,#1871);
#1870 = CARTESIAN_POINT('',(39.192330316938,-6.1));
#1871 = VECTOR('',#1872,1.);
#1872 = DIRECTION('',(0.,-1.));
#1873 = ( GEOMETRIC_REPRESENTATION_CONTEXT(2) 
PARAMETRIC_REPRESENTATION_CONTEXT() REPRESENTATION_CONTEXT('2D SPACE',''
  ) );
#1874 = PCURVE('',#1820,#1875);
#1875 = DEFINITIONAL_REPRESENTATION('',(#1876),#1879);
#1876 = B_SPLINE_CURVE_WITH_KNOTS('',1,(#1877,#1878),.UNSPECIFIED.,.F.,
  .F.,(2,2),(-6.2,-6.1),.PIECEWISE_BEZIER_KNOTS.);
#1877 = CARTESIAN_POINT('',(2.776385432299,-6.2));
#1878 = CARTESIAN_POINT('',(2.776385432299,-6.1));
#1879 = ( GEOMETRIC_REPRESENTATION_CONTEXT(2) 
PARAMETRIC_REPRESENTATION_CONTEXT() REPRESENTATION_CONTEXT('2D SPACE',''
  ) );
#1880 = ORIENTED_EDGE('',*,*,#1881,.T.);
#1881 = EDGE_CURVE('',#1860,#1803,#1882,.T.);
#1882 = SURFACE_CURVE('',#1883,(#1887,#1894),.PCURVE_S1.);
#1883 = LINE('',#1884,#1885);
#1884 = CARTESIAN_POINT('',(23.75,0.1,3.5));
#1885 = VECTOR('',#1886,1.);
#1886 = DIRECTION('',(1.,0.,0.));
#1887 = PCURVE('',#1004,#1888);
#1888 = DEFINITIONAL_REPRESENTATION('',(#1889),#1893);
#1889 = LINE('',#1890,#1891);
#1890 = CARTESIAN_POINT('',(20.25,0.1));
#1891 = VECTOR('',#1892,1.);
#1892 = DIRECTION('',(1.,0.));
#1893 = ( GEOMETRIC_REPRESENTATION_CONTEXT(2) 
PARAMETRIC_REPRESENTATION_CONTEXT() REPRESENTATION_CONTEXT('2D SPACE',''
  ) );
#1894 = PCURVE('',#1895,#1900);
#1895 = PLANE('',#1896);
#1896 = AXIS2_PLACEMENT_3D('',#1897,#1898,#1899);
#1897 = CARTESIAN_POINT('',(44.,0.1,3.));
#1898 = DIRECTION('',(-0.,-1.,-0.));
#1899 = DIRECTION('',(0.,0.,-1.));
#1900 = DEFINITIONAL_REPRESENTATION('',(#1901),#1904);
#1901 = B_SPLINE_CURVE_WITH_KNOTS('',1,(#1902,#1903),.UNSPECIFIED.,.F.,
  .F.,(2,2),(18.85,21.65),.PIECEWISE_BEZIER_KNOTS.);
#1902 = CARTESIAN_POINT('',(-0.5,-1.4));
#1903 = CARTESIAN_POINT('',(-0.5,1.4));
#1904 = ( GEOMETRIC_REPRESENTATION_CONTEXT(2) 
PARAMETRIC_REPRESENTATION_CONTEXT() REPRESENTATION_CONTEXT('2D SPACE',''
  ) );
#1905 = FACE_BOUND('',#1906,.T.);
#1906 = EDGE_LOOP('',(#1907,#1936,#1964,#1986));
#1907 = ORIENTED_EDGE('',*,*,#1908,.T.);
#1908 = EDGE_CURVE('',#1909,#1911,#1913,.T.);
#1909 = VERTEX_POINT('',#1910);
#1910 = CARTESIAN_POINT('',(17.307669683062,0.1,3.5));
#1911 = VERTEX_POINT('',#1912);
#1912 = CARTESIAN_POINT('',(17.307669683062,0.,3.5));
#1913 = SURFACE_CURVE('',#1914,(#1918,#1925),.PCURVE_S1.);
#1914 = LINE('',#1915,#1916);
#1915 = CARTESIAN_POINT('',(17.307669683062,-6.1,3.5));
#1916 = VECTOR('',#1917,1.);
#1917 = DIRECTION('',(0.,-1.,0.));
#1918 = PCURVE('',#1004,#1919);
#1919 = DEFINITIONAL_REPRESENTATION('',(#1920),#1924);
#1920 = LINE('',#1921,#1922);
#1921 = CARTESIAN_POINT('',(13.807669683062,-6.1));
#1922 = VECTOR('',#1923,1.);
#1923 = DIRECTION('',(0.,-1.));
#1924 = ( GEOMETRIC_REPRESENTATION_CONTEXT(2) 
PARAMETRIC_REPRESENTATION_CONTEXT() REPRESENTATION_CONTEXT('2D SPACE',''
  ) );
#1925 = PCURVE('',#1926,#1931);
#1926 = CYLINDRICAL_SURFACE('',#1927,1.4);
#1927 = AXIS2_PLACEMENT_3D('',#1928,#1929,#1930);
#1928 = CARTESIAN_POINT('',(16.,-6.1,3.));
#1929 = DIRECTION('',(0.,-1.,0.));
#1930 = DIRECTION('',(1.,0.,0.));
#1931 = DEFINITIONAL_REPRESENTATION('',(#1932),#1935);
#1932 = B_SPLINE_CURVE_WITH_KNOTS('',1,(#1933,#1934),.UNSPECIFIED.,.F.,
  .F.,(2,2),(-6.2,-6.1),.PIECEWISE_BEZIER_KNOTS.);
#1933 = CARTESIAN_POINT('',(6.64839252847,-6.2));
#1934 = CARTESIAN_POINT('',(6.64839252847,-6.1));
#1935 = ( GEOMETRIC_REPRESENTATION_CONTEXT(2) 
PARAMETRIC_REPRESENTATION_CONTEXT() REPRESENTATION_CONTEXT('2D SPACE',''
  ) );
#1936 = ORIENTED_EDGE('',*,*,#1937,.F.);
#1937 = EDGE_CURVE('',#1938,#1911,#1940,.T.);
#1938 = VERTEX_POINT('',#1939);
#1939 = CARTESIAN_POINT('',(14.692330316938,0.,3.5));
#1940 = SURFACE_CURVE('',#1941,(#1945,#1952),.PCURVE_S1.);
#1941 = LINE('',#1942,#1943);
#1942 = CARTESIAN_POINT('',(3.5,0.,3.5));
#1943 = VECTOR('',#1944,1.);
#1944 = DIRECTION('',(1.,0.,0.));
#1945 = PCURVE('',#1004,#1946);
#1946 = DEFINITIONAL_REPRESENTATION('',(#1947),#1951);
#1947 = LINE('',#1948,#1949);
#1948 = CARTESIAN_POINT('',(0.,0.));
#1949 = VECTOR('',#1950,1.);
#1950 = DIRECTION('',(1.,0.));
#1951 = ( GEOMETRIC_REPRESENTATION_CONTEXT(2) 
PARAMETRIC_REPRESENTATION_CONTEXT() REPRESENTATION_CONTEXT('2D SPACE',''
  ) );
#1952 = PCURVE('',#1953,#1958);
#1953 = PLANE('',#1954);
#1954 = AXIS2_PLACEMENT_3D('',#1955,#1956,#1957);
#1955 = CARTESIAN_POINT('',(-1.,0.,-1.));
#1956 = DIRECTION('',(0.,1.,0.));
#1957 = DIRECTION('',(0.,0.,1.));
#1958 = DEFINITIONAL_REPRESENTATION('',(#1959),#1963);
#1959 = LINE('',#1960,#1961);
#1960 = CARTESIAN_POINT('',(4.5,4.5));
#1961 = VECTOR('',#1962,1.);
#1962 = DIRECTION('',(0.,1.));
#1963 = ( GEOMETRIC_REPRESENTATION_CONTEXT(2) 
PARAMETRIC_REPRESENTATION_CONTEXT() REPRESENTATION_CONTEXT('2D SPACE',''
  ) );
#1964 = ORIENTED_EDGE('',*,*,#1965,.F.);
#1965 = EDGE_CURVE('',#1966,#1938,#1968,.T.);
#1966 = VERTEX_POINT('',#1967);
#1967 = CARTESIAN_POINT('',(14.692330316938,0.1,3.5));
#1968 = SURFACE_CURVE('',#1969,(#1973,#1980),.PCURVE_S1.);
#1969 = LINE('',#1970,#1971);
#1970 = CARTESIAN_POINT('',(14.692330316938,-6.1,3.5));
#1971 = VECTOR('',#1972,1.);
#1972 = DIRECTION('',(0.,-1.,0.));
#1973 = PCURVE('',#1004,#1974);
#1974 = DEFINITIONAL_REPRESENTATION('',(#1975),#1979);
#1975 = LINE('',#1976,#1977);
#1976 = CARTESIAN_POINT('',(11.192330316938,-6.1));
#1977 = VECTOR('',#1978,1.);
#1978 = DIRECTION('',(0.,-1.));
#1979 = ( GEOMETRIC_REPRESENTATION_CONTEXT(2) 
PARAMETRIC_REPRESENTATION_CONTEXT() REPRESENTATION_CONTEXT('2D SPACE',''
  ) );
#1980 = PCURVE('',#1926,#1981);
#1981 = DEFINITIONAL_REPRESENTATION('',(#1982),#1985);
#1982 = B_SPLINE_CURVE_WITH_KNOTS('',1,(#1983,#1984),.UNSPECIFIED.,.F.,
  .F.,(2,2),(-6.2,-6.1),.PIECEWISE_BEZIER_KNOTS.);
#1983 = CARTESIAN_POINT('',(2.776385432299,-6.2));
#1984 = CARTESIAN_POINT('',(2.776385432299,-6.1));
#1985 = ( GEOMETRIC_REPRESENTATION_CONTEXT(2) 
PARAMETRIC_REPRESENTATION_CONTEXT() REPRESENTATION_CONTEXT('2D SPACE',''
  ) );
#1986 = ORIENTED_EDGE('',*,*,#1987,.T.);
#1987 = EDGE_CURVE('',#1966,#1909,#1988,.T.);
#1988 = SURFACE_CURVE('',#1989,(#1993,#2000),.PCURVE_S1.);
#1989 = LINE('',#1990,#1991);
#1990 = CARTESIAN_POINT('',(9.75,0.1,3.5));
#1991 = VECTOR('',#1992,1.);
#1992 = DIRECTION('',(1.,0.,0.));
#1993 = PCURVE('',#1004,#1994);
#1994 = DEFINITIONAL_REPRESENTATION('',(#1995),#1999);
#1995 = LINE('',#1996,#1997);
#1996 = CARTESIAN_POINT('',(6.25,0.1));
#1997 = VECTOR('',#1998,1.);
#1998 = DIRECTION('',(1.,0.));
#1999 = ( GEOMETRIC_REPRESENTATION_CONTEXT(2) 
PARAMETRIC_REPRESENTATION_CONTEXT() REPRESENTATION_CONTEXT('2D SPACE',''
  ) );
#2000 = PCURVE('',#2001,#2006);
#2001 = PLANE('',#2002);
#2002 = AXIS2_PLACEMENT_3D('',#2003,#2004,#2005);
#2003 = CARTESIAN_POINT('',(16.,0.1,3.));
#2004 = DIRECTION('',(-0.,-1.,-0.));
#2005 = DIRECTION('',(0.,0.,-1.));
#2006 = DEFINITIONAL_REPRESENTATION('',(#2007),#2010);
#2007 = B_SPLINE_CURVE_WITH_KNOTS('',1,(#2008,#2009),.UNSPECIFIED.,.F.,
  .F.,(2,2),(4.85,7.65),.PIECEWISE_BEZIER_KNOTS.);
#2008 = CARTESIAN_POINT('',(-0.5,-1.4));
#2009 = CARTESIAN_POINT('',(-0.5,1.4));
#2010 = ( GEOMETRIC_REPRESENTATION_CONTEXT(2) 
PARAMETRIC_REPRESENTATION_CONTEXT() REPRESENTATION_CONTEXT('2D SPACE',''
  ) );
#2011 = ADVANCED_FACE('',(#2012),#2001,.T.);
#2012 = FACE_BOUND('',#2013,.T.);
#2013 = EDGE_LOOP('',(#2014,#2015));
#2014 = ORIENTED_EDGE('',*,*,#1987,.F.);
#2015 = ORIENTED_EDGE('',*,*,#2016,.F.);
#2016 = EDGE_CURVE('',#1909,#1966,#2017,.T.);
#2017 = SURFACE_CURVE('',#2018,(#2023,#2034),.PCURVE_S1.);
#2018 = CIRCLE('',#2019,1.4);
#2019 = AXIS2_PLACEMENT_3D('',#2020,#2021,#2022);
#2020 = CARTESIAN_POINT('',(16.,0.1,3.));
#2021 = DIRECTION('',(0.,1.,0.));
#2022 = DIRECTION('',(0.934049773616,-0.,0.357142857143));
#2023 = PCURVE('',#2001,#2024);
#2024 = DEFINITIONAL_REPRESENTATION('',(#2025),#2033);
#2025 = ( BOUNDED_CURVE() B_SPLINE_CURVE(2,(#2026,#2027,#2028,#2029,
#2030,#2031,#2032),.UNSPECIFIED.,.T.,.F.) B_SPLINE_CURVE_WITH_KNOTS((1,2
    ,2,2,2,1),(-2.094395102393,0.,2.094395102393,4.188790204786,
6.28318530718,8.377580409573),.UNSPECIFIED.) CURVE() 
GEOMETRIC_REPRESENTATION_ITEM() RATIONAL_B_SPLINE_CURVE((1.,0.5,1.,0.5,
1.,0.5,1.)) REPRESENTATION_ITEM('') );
#2026 = CARTESIAN_POINT('',(-0.5,1.307669683062));
#2027 = CARTESIAN_POINT('',(1.764950330581,2.173695086847));
#2028 = CARTESIAN_POINT('',(1.382475165291,-0.220822139639));
#2029 = CARTESIAN_POINT('',(1.,-2.615339366124));
#2030 = CARTESIAN_POINT('',(-0.882475165291,-1.086847543423));
#2031 = CARTESIAN_POINT('',(-2.764950330581,0.441644279278));
#2032 = CARTESIAN_POINT('',(-0.5,1.307669683062));
#2033 = ( GEOMETRIC_REPRESENTATION_CONTEXT(2) 
PARAMETRIC_REPRESENTATION_CONTEXT() REPRESENTATION_CONTEXT('2D SPACE',''
  ) );
#2034 = PCURVE('',#1926,#2035);
#2035 = DEFINITIONAL_REPRESENTATION('',(#2036),#2040);
#2036 = LINE('',#2037,#2038);
#2037 = CARTESIAN_POINT('',(6.64839252847,-6.2));
#2038 = VECTOR('',#2039,1.);
#2039 = DIRECTION('',(-1.,-0.));
#2040 = ( GEOMETRIC_REPRESENTATION_CONTEXT(2) 
PARAMETRIC_REPRESENTATION_CONTEXT() REPRESENTATION_CONTEXT('2D SPACE',''
  ) );
#2041 = ADVANCED_FACE('',(#2042),#1953,.T.);
#2042 = FACE_BOUND('',#2043,.T.);
#2043 = EDGE_LOOP('',(#2044,#2066));
#2044 = ORIENTED_EDGE('',*,*,#2045,.T.);
#2045 = EDGE_CURVE('',#1911,#1938,#2046,.T.);
#2046 = SURFACE_CURVE('',#2047,(#2052,#2059),.PCURVE_S1.);
#2047 = CIRCLE('',#2048,1.4);
#2048 = AXIS2_PLACEMENT_3D('',#2049,#2050,#2051);
#2049 = CARTESIAN_POINT('',(16.,0.,3.));
#2050 = DIRECTION('',(0.,1.,0.));
#2051 = DIRECTION('',(0.934049773616,-0.,0.357142857143));
#2052 = PCURVE('',#1953,#2053);
#2053 = DEFINITIONAL_REPRESENTATION('',(#2054),#2058);
#2054 = CIRCLE('',#2055,1.4);
#2055 = AXIS2_PLACEMENT_2D('',#2056,#2057);
#2056 = CARTESIAN_POINT('',(4.,17.));
#2057 = DIRECTION('',(0.357142857143,0.934049773616));
#2058 = ( GEOMETRIC_REPRESENTATION_CONTEXT(2) 
PARAMETRIC_REPRESENTATION_CONTEXT() REPRESENTATION_CONTEXT('2D SPACE',''
  ) );
#2059 = PCURVE('',#1926,#2060);
#2060 = DEFINITIONAL_REPRESENTATION('',(#2061),#2065);
#2061 = LINE('',#2062,#2063);
#2062 = CARTESIAN_POINT('',(6.64839252847,-6.1));
#2063 = VECTOR('',#2064,1.);
#2064 = DIRECTION('',(-1.,-0.));
#2065 = ( GEOMETRIC_REPRESENTATION_CONTEXT(2) 
PARAMETRIC_REPRESENTATION_CONTEXT() REPRESENTATION_CONTEXT('2D SPACE',''
  ) );
#2066 = ORIENTED_EDGE('',*,*,#1937,.T.);
#2067 = ADVANCED_FACE('',(#2068),#1926,.F.);
#2068 = FACE_BOUND('',#2069,.F.);
#2069 = EDGE_LOOP('',(#2070,#2071,#2072,#2073));
#2070 = ORIENTED_EDGE('',*,*,#2045,.T.);
#2071 = ORIENTED_EDGE('',*,*,#1965,.F.);
#2072 = ORIENTED_EDGE('',*,*,#2016,.F.);
#2073 = ORIENTED_EDGE('',*,*,#1908,.T.);
#2074 = ADVANCED_FACE('',(#2075),#1895,.T.);
#2075 = FACE_BOUND('',#2076,.T.);
#2076 = EDGE_LOOP('',(#2077,#2078));
#2077 = ORIENTED_EDGE('',*,*,#1881,.F.);
#2078 = ORIENTED_EDGE('',*,*,#2079,.F.);
#2079 = EDGE_CURVE('',#1803,#1860,#2080,.T.);
#2080 = SURFACE_CURVE('',#2081,(#2086,#2097),.PCURVE_S1.);
#2081 = CIRCLE('',#2082,1.4);
#2082 = AXIS2_PLACEMENT_3D('',#2083,#2084,#2085);
#2083 = CARTESIAN_POINT('',(44.,0.1,3.));
#2084 = DIRECTION('',(0.,1.,0.));
#2085 = DIRECTION('',(0.934049773616,-0.,0.357142857143));
#2086 = PCURVE('',#1895,#2087);
#2087 = DEFINITIONAL_REPRESENTATION('',(#2088),#2096);
#2088 = ( BOUNDED_CURVE() B_SPLINE_CURVE(2,(#2089,#2090,#2091,#2092,
#2093,#2094,#2095),.UNSPECIFIED.,.T.,.F.) B_SPLINE_CURVE_WITH_KNOTS((1,2
    ,2,2,2,1),(-2.094395102393,0.,2.094395102393,4.188790204786,
6.28318530718,8.377580409573),.UNSPECIFIED.) CURVE() 
GEOMETRIC_REPRESENTATION_ITEM() RATIONAL_B_SPLINE_CURVE((1.,0.5,1.,0.5,
1.,0.5,1.)) REPRESENTATION_ITEM('') );
#2089 = CARTESIAN_POINT('',(-0.5,1.307669683062));
#2090 = CARTESIAN_POINT('',(1.764950330581,2.173695086847));
#2091 = CARTESIAN_POINT('',(1.382475165291,-0.220822139639));
#2092 = CARTESIAN_POINT('',(1.,-2.615339366124));
#2093 = CARTESIAN_POINT('',(-0.882475165291,-1.086847543423));
#2094 = CARTESIAN_POINT('',(-2.764950330581,0.441644279278));
#2095 = CARTESIAN_POINT('',(-0.5,1.307669683062));
#2096 = ( GEOMETRIC_REPRESENTATION_CONTEXT(2) 
PARAMETRIC_REPRESENTATION_CONTEXT() REPRESENTATION_CONTEXT('2D SPACE',''
  ) );
#2097 = PCURVE('',#1820,#2098);
#2098 = DEFINITIONAL_REPRESENTATION('',(#2099),#2103);
#2099 = LINE('',#2100,#2101);
#2100 = CARTESIAN_POINT('',(6.64839252847,-6.2));
#2101 = VECTOR('',#2102,1.);
#2102 = DIRECTION('',(-1.,-0.));
#2103 = ( GEOMETRIC_REPRESENTATION_CONTEXT(2) 
PARAMETRIC_REPRESENTATION_CONTEXT() REPRESENTATION_CONTEXT('2D SPACE',''
  ) );
#2104 = ADVANCED_FACE('',(#2105),#1847,.T.);
#2105 = FACE_BOUND('',#2106,.T.);
#2106 = EDGE_LOOP('',(#2107,#2129));
#2107 = ORIENTED_EDGE('',*,*,#2108,.T.);
#2108 = EDGE_CURVE('',#1805,#1832,#2109,.T.);
#2109 = SURFACE_CURVE('',#2110,(#2115,#2122),.PCURVE_S1.);
#2110 = CIRCLE('',#2111,1.4);
#2111 = AXIS2_PLACEMENT_3D('',#2112,#2113,#2114);
#2112 = CARTESIAN_POINT('',(44.,0.,3.));
#2113 = DIRECTION('',(0.,1.,0.));
#2114 = DIRECTION('',(0.934049773616,-0.,0.357142857143));
#2115 = PCURVE('',#1847,#2116);
#2116 = DEFINITIONAL_REPRESENTATION('',(#2117),#2121);
#2117 = CIRCLE('',#2118,1.4);
#2118 = AXIS2_PLACEMENT_2D('',#2119,#2120);
#2119 = CARTESIAN_POINT('',(4.,45.));
#2120 = DIRECTION('',(0.357142857143,0.934049773616));
#2121 = ( GEOMETRIC_REPRESENTATION_CONTEXT(2) 
PARAMETRIC_REPRESENTATION_CONTEXT() REPRESENTATION_CONTEXT('2D SPACE',''
  ) );
#2122 = PCURVE('',#1820,#2123);
#2123 = DEFINITIONAL_REPRESENTATION('',(#2124),#2128);
#2124 = LINE('',#2125,#2126);
#2125 = CARTESIAN_POINT('',(6.64839252847,-6.1));
#2126 = VECTOR('',#2127,1.);
#2127 = DIRECTION('',(-1.,-0.));
#2128 = ( GEOMETRIC_REPRESENTATION_CONTEXT(2) 
PARAMETRIC_REPRESENTATION_CONTEXT() REPRESENTATION_CONTEXT('2D SPACE',''
  ) );
#2129 = ORIENTED_EDGE('',*,*,#1831,.T.);
#2130 = ADVANCED_FACE('',(#2131),#1820,.F.);
#2131 = FACE_BOUND('',#2132,.F.);
#2132 = EDGE_LOOP('',(#2133,#2134,#2135,#2136));
#2133 = ORIENTED_EDGE('',*,*,#2108,.T.);
#2134 = ORIENTED_EDGE('',*,*,#1859,.F.);
#2135 = ORIENTED_EDGE('',*,*,#2079,.F.);
#2136 = ORIENTED_EDGE('',*,*,#1802,.T.);
#2137 = ADVANCED_FACE('',(#2138),#1789,.T.);
#2138 = FACE_BOUND('',#2139,.T.);
#2139 = EDGE_LOOP('',(#2140,#2141));
#2140 = ORIENTED_EDGE('',*,*,#1775,.F.);
#2141 = ORIENTED_EDGE('',*,*,#2142,.F.);
#2142 = EDGE_CURVE('',#1697,#1754,#2143,.T.);
#2143 = SURFACE_CURVE('',#2144,(#2149,#2160),.PCURVE_S1.);
#2144 = CIRCLE('',#2145,1.4);
#2145 = AXIS2_PLACEMENT_3D('',#2146,#2147,#2148);
#2146 = CARTESIAN_POINT('',(72.,0.1,3.));
#2147 = DIRECTION('',(0.,1.,0.));
#2148 = DIRECTION('',(0.934049773616,-0.,0.357142857143));
#2149 = PCURVE('',#1789,#2150);
#2150 = DEFINITIONAL_REPRESENTATION('',(#2151),#2159);
#2151 = ( BOUNDED_CURVE() B_SPLINE_CURVE(2,(#2152,#2153,#2154,#2155,
#2156,#2157,#2158),.UNSPECIFIED.,.T.,.F.) B_SPLINE_CURVE_WITH_KNOTS((1,2
    ,2,2,2,1),(-2.094395102393,0.,2.094395102393,4.188790204786,
6.28318530718,8.377580409573),.UNSPECIFIED.) CURVE() 
GEOMETRIC_REPRESENTATION_ITEM() RATIONAL_B_SPLINE_CURVE((1.,0.5,1.,0.5,
1.,0.5,1.)) REPRESENTATION_ITEM('') );
#2152 = CARTESIAN_POINT('',(-0.5,1.307669683062));
#2153 = CARTESIAN_POINT('',(1.764950330581,2.173695086847));
#2154 = CARTESIAN_POINT('',(1.382475165291,-0.220822139639));
#2155 = CARTESIAN_POINT('',(1.,-2.615339366124));
#2156 = CARTESIAN_POINT('',(-0.882475165291,-1.086847543423));
#2157 = CARTESIAN_POINT('',(-2.764950330581,0.441644279278));
#2158 = CARTESIAN_POINT('',(-0.5,1.307669683062));
#2159 = ( GEOMETRIC_REPRESENTATION_CONTEXT(2) 
PARAMETRIC_REPRESENTATION_CONTEXT() REPRESENTATION_CONTEXT('2D SPACE',''
  ) );
#2160 = PCURVE('',#1714,#2161);
#2161 = DEFINITIONAL_REPRESENTATION('',(#2162),#2166);
#2162 = LINE('',#2163,#2164);
#2163 = CARTESIAN_POINT('',(6.64839252847,-6.2));
#2164 = VECTOR('',#2165,1.);
#2165 = DIRECTION('',(-1.,-0.));
#2166 = ( GEOMETRIC_REPRESENTATION_CONTEXT(2) 
PARAMETRIC_REPRESENTATION_CONTEXT() REPRESENTATION_CONTEXT('2D SPACE',''
  ) );
#2167 = ADVANCED_FACE('',(#2168),#1741,.T.);
#2168 = FACE_BOUND('',#2169,.T.);
#2169 = EDGE_LOOP('',(#2170,#2192));
#2170 = ORIENTED_EDGE('',*,*,#2171,.T.);
#2171 = EDGE_CURVE('',#1699,#1726,#2172,.T.);
#2172 = SURFACE_CURVE('',#2173,(#2178,#2185),.PCURVE_S1.);
#2173 = CIRCLE('',#2174,1.4);
#2174 = AXIS2_PLACEMENT_3D('',#2175,#2176,#2177);
#2175 = CARTESIAN_POINT('',(72.,0.,3.));
#2176 = DIRECTION('',(0.,1.,0.));
#2177 = DIRECTION('',(0.934049773616,-0.,0.357142857143));
#2178 = PCURVE('',#1741,#2179);
#2179 = DEFINITIONAL_REPRESENTATION('',(#2180),#2184);
#2180 = CIRCLE('',#2181,1.4);
#2181 = AXIS2_PLACEMENT_2D('',#2182,#2183);
#2182 = CARTESIAN_POINT('',(4.,73.));
#2183 = DIRECTION('',(0.357142857143,0.934049773616));
#2184 = ( GEOMETRIC_REPRESENTATION_CONTEXT(2) 
PARAMETRIC_REPRESENTATION_CONTEXT() REPRESENTATION_CONTEXT('2D SPACE',''
  ) );
#2185 = PCURVE('',#1714,#2186);
#2186 = DEFINITIONAL_REPRESENTATION('',(#2187),#2191);
#2187 = LINE('',#2188,#2189);
#2188 = CARTESIAN_POINT('',(6.64839252847,-6.1));
#2189 = VECTOR('',#2190,1.);
#2190 = DIRECTION('',(-1.,-0.));
#2191 = ( GEOMETRIC_REPRESENTATION_CONTEXT(2) 
PARAMETRIC_REPRESENTATION_CONTEXT() REPRESENTATION_CONTEXT('2D SPACE',''
  ) );
#2192 = ORIENTED_EDGE('',*,*,#1725,.T.);
#2193 = ADVANCED_FACE('',(#2194),#1714,.F.);
#2194 = FACE_BOUND('',#2195,.F.);
#2195 = EDGE_LOOP('',(#2196,#2197,#2198,#2199));
#2196 = ORIENTED_EDGE('',*,*,#2171,.T.);
#2197 = ORIENTED_EDGE('',*,*,#1753,.F.);
#2198 = ORIENTED_EDGE('',*,*,#2142,.F.);
#2199 = ORIENTED_EDGE('',*,*,#1696,.T.);
#2200 = ADVANCED_FACE('',(#2201),#1683,.T.);
#2201 = FACE_BOUND('',#2202,.T.);
#2202 = EDGE_LOOP('',(#2203,#2204));
#2203 = ORIENTED_EDGE('',*,*,#1669,.F.);
#2204 = ORIENTED_EDGE('',*,*,#2205,.F.);
#2205 = EDGE_CURVE('',#1591,#1648,#2206,.T.);
#2206 = SURFACE_CURVE('',#2207,(#2212,#2223),.PCURVE_S1.);
#2207 = CIRCLE('',#2208,1.4);
#2208 = AXIS2_PLACEMENT_3D('',#2209,#2210,#2211);
#2209 = CARTESIAN_POINT('',(100.,0.1,3.));
#2210 = DIRECTION('',(0.,1.,0.));
#2211 = DIRECTION('',(0.934049773616,-0.,0.357142857143));
#2212 = PCURVE('',#1683,#2213);
#2213 = DEFINITIONAL_REPRESENTATION('',(#2214),#2222);
#2214 = ( BOUNDED_CURVE() B_SPLINE_CURVE(2,(#2215,#2216,#2217,#2218,
#2219,#2220,#2221),.UNSPECIFIED.,.T.,.F.) B_SPLINE_CURVE_WITH_KNOTS((1,2
    ,2,2,2,1),(-2.094395102393,0.,2.094395102393,4.188790204786,
6.28318530718,8.377580409573),.UNSPECIFIED.) CURVE() 
GEOMETRIC_REPRESENTATION_ITEM() RATIONAL_B_SPLINE_CURVE((1.,0.5,1.,0.5,
1.,0.5,1.)) REPRESENTATION_ITEM('') );
#2215 = CARTESIAN_POINT('',(-0.5,1.307669683062));
#2216 = CARTESIAN_POINT('',(1.764950330581,2.173695086847));
#2217 = CARTESIAN_POINT('',(1.382475165291,-0.220822139639));
#2218 = CARTESIAN_POINT('',(1.,-2.615339366124));
#2219 = CARTESIAN_POINT('',(-0.882475165291,-1.086847543423));
#2220 = CARTESIAN_POINT('',(-2.764950330581,0.441644279278));
#2221 = CARTESIAN_POINT('',(-0.5,1.307669683062));
#2222 = ( GEOMETRIC_REPRESENTATION_CONTEXT(2) 
PARAMETRIC_REPRESENTATION_CONTEXT() REPRESENTATION_CONTEXT('2D SPACE',''
  ) );
#2223 = PCURVE('',#1608,#2224);
#2224 = DEFINITIONAL_REPRESENTATION('',(#2225),#2229);
#2225 = LINE('',#2226,#2227);
#2226 = CARTESIAN_POINT('',(6.64839252847,-6.2));
#2227 = VECTOR('',#2228,1.);
#2228 = DIRECTION('',(-1.,-0.));
#2229 = ( GEOMETRIC_REPRESENTATION_CONTEXT(2) 
PARAMETRIC_REPRESENTATION_CONTEXT() REPRESENTATION_CONTEXT('2D SPACE',''
  ) );
#2230 = ADVANCED_FACE('',(#2231),#1635,.T.);
#2231 = FACE_BOUND('',#2232,.T.);
#2232 = EDGE_LOOP('',(#2233,#2255));
#2233 = ORIENTED_EDGE('',*,*,#2234,.T.);
#2234 = EDGE_CURVE('',#1593,#1620,#2235,.T.);
#2235 = SURFACE_CURVE('',#2236,(#2241,#2248),.PCURVE_S1.);
#2236 = CIRCLE('',#2237,1.4);
#2237 = AXIS2_PLACEMENT_3D('',#2238,#2239,#2240);
#2238 = CARTESIAN_POINT('',(100.,0.,3.));
#2239 = DIRECTION('',(0.,1.,0.));
#2240 = DIRECTION('',(0.934049773616,-0.,0.357142857143));
#2241 = PCURVE('',#1635,#2242);
#2242 = DEFINITIONAL_REPRESENTATION('',(#2243),#2247);
#2243 = CIRCLE('',#2244,1.4);
#2244 = AXIS2_PLACEMENT_2D('',#2245,#2246);
#2245 = CARTESIAN_POINT('',(4.,101.));
#2246 = DIRECTION('',(0.357142857143,0.934049773616));
#2247 = ( GEOMETRIC_REPRESENTATION_CONTEXT(2) 
PARAMETRIC_REPRESENTATION_CONTEXT() REPRESENTATION_CONTEXT('2D SPACE',''
  ) );
#2248 = PCURVE('',#1608,#2249);
#2249 = DEFINITIONAL_REPRESENTATION('',(#2250),#2254);
#2250 = LINE('',#2251,#2252);
#2251 = CARTESIAN_POINT('',(6.64839252847,-6.1));
#2252 = VECTOR('',#2253,1.);
#2253 = DIRECTION('',(-1.,-0.));
#2254 = ( GEOMETRIC_REPRESENTATION_CONTEXT(2) 
PARAMETRIC_REPRESENTATION_CONTEXT() REPRESENTATION_CONTEXT('2D SPACE',''
  ) );
#2255 = ORIENTED_EDGE('',*,*,#1619,.T.);
#2256 = ADVANCED_FACE('',(#2257),#1608,.F.);
#2257 = FACE_BOUND('',#2258,.F.);
#2258 = EDGE_LOOP('',(#2259,#2260,#2261,#2262));
#2259 = ORIENTED_EDGE('',*,*,#2234,.T.);
#2260 = ORIENTED_EDGE('',*,*,#1647,.F.);
#2261 = ORIENTED_EDGE('',*,*,#2205,.F.);
#2262 = ORIENTED_EDGE('',*,*,#1590,.T.);
#2263 = ADVANCED_FACE('',(#2264),#1577,.F.);
#2264 = FACE_BOUND('',#2265,.F.);
#2265 = EDGE_LOOP('',(#2266,#2289,#2317,#2338));
#2266 = ORIENTED_EDGE('',*,*,#2267,.F.);
#2267 = EDGE_CURVE('',#2268,#1479,#2270,.T.);
#2268 = VERTEX_POINT('',#2269);
#2269 = CARTESIAN_POINT('',(160.5,4.,3.));
#2270 = SURFACE_CURVE('',#2271,(#2275,#2282),.PCURVE_S1.);
#2271 = LINE('',#2272,#2273);
#2272 = CARTESIAN_POINT('',(160.5,4.,3.));
#2273 = VECTOR('',#2274,1.);
#2274 = DIRECTION('',(0.,0.,1.));
#2275 = PCURVE('',#1577,#2276);
#2276 = DEFINITIONAL_REPRESENTATION('',(#2277),#2281);
#2277 = LINE('',#2278,#2279);
#2278 = CARTESIAN_POINT('',(0.,52.));
#2279 = VECTOR('',#2280,1.);
#2280 = DIRECTION('',(1.,0.));
#2281 = ( GEOMETRIC_REPRESENTATION_CONTEXT(2) 
PARAMETRIC_REPRESENTATION_CONTEXT() REPRESENTATION_CONTEXT('2D SPACE',''
  ) );
#2282 = PCURVE('',#1496,#2283);
#2283 = DEFINITIONAL_REPRESENTATION('',(#2284),#2288);
#2284 = LINE('',#2285,#2286);
#2285 = CARTESIAN_POINT('',(0.,-8.));
#2286 = VECTOR('',#2287,1.);
#2287 = DIRECTION('',(1.,0.));
#2288 = ( GEOMETRIC_REPRESENTATION_CONTEXT(2) 
PARAMETRIC_REPRESENTATION_CONTEXT() REPRESENTATION_CONTEXT('2D SPACE',''
  ) );
#2289 = ORIENTED_EDGE('',*,*,#2290,.F.);
#2290 = EDGE_CURVE('',#2291,#2268,#2293,.T.);
#2291 = VERTEX_POINT('',#2292);
#2292 = CARTESIAN_POINT('',(108.5,4.,3.));
#2293 = SURFACE_CURVE('',#2294,(#2298,#2305),.PCURVE_S1.);
#2294 = LINE('',#2295,#2296);
#2295 = CARTESIAN_POINT('',(108.5,4.,3.));
#2296 = VECTOR('',#2297,1.);
#2297 = DIRECTION('',(1.,0.,0.));
#2298 = PCURVE('',#1577,#2299);
#2299 = DEFINITIONAL_REPRESENTATION('',(#2300),#2304);
#2300 = LINE('',#2301,#2302);
#2301 = CARTESIAN_POINT('',(0.,0.));
#2302 = VECTOR('',#2303,1.);
#2303 = DIRECTION('',(0.,1.));
#2304 = ( GEOMETRIC_REPRESENTATION_CONTEXT(2) 
PARAMETRIC_REPRESENTATION_CONTEXT() REPRESENTATION_CONTEXT('2D SPACE',''
  ) );
#2305 = PCURVE('',#2306,#2311);
#2306 = PLANE('',#2307);
#2307 = AXIS2_PLACEMENT_3D('',#2308,#2309,#2310);
#2308 = CARTESIAN_POINT('',(108.5,-4.,3.));
#2309 = DIRECTION('',(0.,0.,1.));
#2310 = DIRECTION('',(1.,0.,0.));
#2311 = DEFINITIONAL_REPRESENTATION('',(#2312),#2316);
#2312 = LINE('',#2313,#2314);
#2313 = CARTESIAN_POINT('',(0.,8.));
#2314 = VECTOR('',#2315,1.);
#2315 = DIRECTION('',(1.,0.));
#2316 = ( GEOMETRIC_REPRESENTATION_CONTEXT(2) 
PARAMETRIC_REPRESENTATION_CONTEXT() REPRESENTATION_CONTEXT('2D SPACE',''
  ) );
#2317 = ORIENTED_EDGE('',*,*,#2318,.T.);
#2318 = EDGE_CURVE('',#2291,#1536,#2319,.T.);
#2319 = SURFACE_CURVE('',#2320,(#2324,#2331),.PCURVE_S1.);
#2320 = LINE('',#2321,#2322);
#2321 = CARTESIAN_POINT('',(108.5,4.,3.));
#2322 = VECTOR('',#2323,1.);
#2323 = DIRECTION('',(0.,0.,1.));
#2324 = PCURVE('',#1577,#2325);
#2325 = DEFINITIONAL_REPRESENTATION('',(#2326),#2330);
#2326 = LINE('',#2327,#2328);
#2327 = CARTESIAN_POINT('',(0.,0.));
#2328 = VECTOR('',#2329,1.);
#2329 = DIRECTION('',(1.,0.));
#2330 = ( GEOMETRIC_REPRESENTATION_CONTEXT(2) 
PARAMETRIC_REPRESENTATION_CONTEXT() REPRESENTATION_CONTEXT('2D SPACE',''
  ) );
#2331 = PCURVE('',#1551,#2332);
#2332 = DEFINITIONAL_REPRESENTATION('',(#2333),#2337);
#2333 = LINE('',#2334,#2335);
#2334 = CARTESIAN_POINT('',(0.,-8.));
#2335 = VECTOR('',#2336,1.);
#2336 = DIRECTION('',(1.,0.));
#2337 = ( GEOMETRIC_REPRESENTATION_CONTEXT(2) 
PARAMETRIC_REPRESENTATION_CONTEXT() REPRESENTATION_CONTEXT('2D SPACE',''
  ) );
#2338 = ORIENTED_EDGE('',*,*,#1563,.F.);
#2339 = ADVANCED_FACE('',(#2340,#2410,#2516),#2306,.T.);
#2340 = FACE_BOUND('',#2341,.T.);
#2341 = EDGE_LOOP('',(#2342,#2365,#2388,#2409));
#2342 = ORIENTED_EDGE('',*,*,#2343,.F.);
#2343 = EDGE_CURVE('',#2344,#2291,#2346,.T.);
#2344 = VERTEX_POINT('',#2345);
#2345 = CARTESIAN_POINT('',(108.5,-4.,3.));
#2346 = SURFACE_CURVE('',#2347,(#2351,#2358),.PCURVE_S1.);
#2347 = LINE('',#2348,#2349);
#2348 = CARTESIAN_POINT('',(108.5,-4.,3.));
#2349 = VECTOR('',#2350,1.);
#2350 = DIRECTION('',(0.,1.,0.));
#2351 = PCURVE('',#2306,#2352);
#2352 = DEFINITIONAL_REPRESENTATION('',(#2353),#2357);
#2353 = LINE('',#2354,#2355);
#2354 = CARTESIAN_POINT('',(0.,0.));
#2355 = VECTOR('',#2356,1.);
#2356 = DIRECTION('',(0.,1.));
#2357 = ( GEOMETRIC_REPRESENTATION_CONTEXT(2) 
PARAMETRIC_REPRESENTATION_CONTEXT() REPRESENTATION_CONTEXT('2D SPACE',''
  ) );
#2358 = PCURVE('',#1551,#2359);
#2359 = DEFINITIONAL_REPRESENTATION('',(#2360),#2364);
#2360 = LINE('',#2361,#2362);
#2361 = CARTESIAN_POINT('',(0.,0.));
#2362 = VECTOR('',#2363,1.);
#2363 = DIRECTION('',(0.,-1.));
#2364 = ( GEOMETRIC_REPRESENTATION_CONTEXT(2) 
PARAMETRIC_REPRESENTATION_CONTEXT() REPRESENTATION_CONTEXT('2D SPACE',''
  ) );
#2365 = ORIENTED_EDGE('',*,*,#2366,.T.);
#2366 = EDGE_CURVE('',#2344,#2367,#2369,.T.);
#2367 = VERTEX_POINT('',#2368);
#2368 = CARTESIAN_POINT('',(160.5,-4.,3.));
#2369 = SURFACE_CURVE('',#2370,(#2374,#2381),.PCURVE_S1.);
#2370 = LINE('',#2371,#2372);
#2371 = CARTESIAN_POINT('',(108.5,-4.,3.));
#2372 = VECTOR('',#2373,1.);
#2373 = DIRECTION('',(1.,0.,0.));
#2374 = PCURVE('',#2306,#2375);
#2375 = DEFINITIONAL_REPRESENTATION('',(#2376),#2380);
#2376 = LINE('',#2377,#2378);
#2377 = CARTESIAN_POINT('',(0.,0.));
#2378 = VECTOR('',#2379,1.);
#2379 = DIRECTION('',(1.,0.));
#2380 = ( GEOMETRIC_REPRESENTATION_CONTEXT(2) 
PARAMETRIC_REPRESENTATION_CONTEXT() REPRESENTATION_CONTEXT('2D SPACE',''
  ) );
#2381 = PCURVE('',#1524,#2382);
#2382 = DEFINITIONAL_REPRESENTATION('',(#2383),#2387);
#2383 = LINE('',#2384,#2385);
#2384 = CARTESIAN_POINT('',(0.,0.));
#2385 = VECTOR('',#2386,1.);
#2386 = DIRECTION('',(0.,1.));
#2387 = ( GEOMETRIC_REPRESENTATION_CONTEXT(2) 
PARAMETRIC_REPRESENTATION_CONTEXT() REPRESENTATION_CONTEXT('2D SPACE',''
  ) );
#2388 = ORIENTED_EDGE('',*,*,#2389,.F.);
#2389 = EDGE_CURVE('',#2268,#2367,#2390,.T.);
#2390 = SURFACE_CURVE('',#2391,(#2395,#2402),.PCURVE_S1.);
#2391 = LINE('',#2392,#2393);
#2392 = CARTESIAN_POINT('',(160.5,4.,3.));
#2393 = VECTOR('',#2394,1.);
#2394 = DIRECTION('',(0.,-1.,0.));
#2395 = PCURVE('',#2306,#2396);
#2396 = DEFINITIONAL_REPRESENTATION('',(#2397),#2401);
#2397 = LINE('',#2398,#2399);
#2398 = CARTESIAN_POINT('',(52.,8.));
#2399 = VECTOR('',#2400,1.);
#2400 = DIRECTION('',(0.,-1.));
#2401 = ( GEOMETRIC_REPRESENTATION_CONTEXT(2) 
PARAMETRIC_REPRESENTATION_CONTEXT() REPRESENTATION_CONTEXT('2D SPACE',''
  ) );
#2402 = PCURVE('',#1496,#2403);
#2403 = DEFINITIONAL_REPRESENTATION('',(#2404),#2408);
#2404 = LINE('',#2405,#2406);
#2405 = CARTESIAN_POINT('',(0.,-8.));
#2406 = VECTOR('',#2407,1.);
#2407 = DIRECTION('',(0.,1.));
#2408 = ( GEOMETRIC_REPRESENTATION_CONTEXT(2) 
PARAMETRIC_REPRESENTATION_CONTEXT() REPRESENTATION_CONTEXT('2D SPACE',''
  ) );
#2409 = ORIENTED_EDGE('',*,*,#2290,.F.);
#2410 = FACE_BOUND('',#2411,.T.);
#2411 = EDGE_LOOP('',(#2412,#2442,#2469,#2491));
#2412 = ORIENTED_EDGE('',*,*,#2413,.F.);
#2413 = EDGE_CURVE('',#2414,#2416,#2418,.T.);
#2414 = VERTEX_POINT('',#2415);
#2415 = CARTESIAN_POINT('',(157.4,0.,3.));
#2416 = VERTEX_POINT('',#2417);
#2417 = CARTESIAN_POINT('',(157.4,0.1,3.));
#2418 = SURFACE_CURVE('',#2419,(#2423,#2430),.PCURVE_S1.);
#2419 = LINE('',#2420,#2421);
#2420 = CARTESIAN_POINT('',(157.4,-6.1,3.));
#2421 = VECTOR('',#2422,1.);
#2422 = DIRECTION('',(-0.,1.,-0.));
#2423 = PCURVE('',#2306,#2424);
#2424 = DEFINITIONAL_REPRESENTATION('',(#2425),#2429);
#2425 = LINE('',#2426,#2427);
#2426 = CARTESIAN_POINT('',(48.9,-2.1));
#2427 = VECTOR('',#2428,1.);
#2428 = DIRECTION('',(0.,1.));
#2429 = ( GEOMETRIC_REPRESENTATION_CONTEXT(2) 
PARAMETRIC_REPRESENTATION_CONTEXT() REPRESENTATION_CONTEXT('2D SPACE',''
  ) );
#2430 = PCURVE('',#2431,#2436);
#2431 = CYLINDRICAL_SURFACE('',#2432,1.4);
#2432 = AXIS2_PLACEMENT_3D('',#2433,#2434,#2435);
#2433 = CARTESIAN_POINT('',(156.,-6.1,3.));
#2434 = DIRECTION('',(0.,-1.,0.));
#2435 = DIRECTION('',(1.,0.,0.));
#2436 = DEFINITIONAL_REPRESENTATION('',(#2437),#2441);
#2437 = LINE('',#2438,#2439);
#2438 = CARTESIAN_POINT('',(6.28318530718,0.));
#2439 = VECTOR('',#2440,1.);
#2440 = DIRECTION('',(0.,-1.));
#2441 = ( GEOMETRIC_REPRESENTATION_CONTEXT(2) 
PARAMETRIC_REPRESENTATION_CONTEXT() REPRESENTATION_CONTEXT('2D SPACE',''
  ) );
#2442 = ORIENTED_EDGE('',*,*,#2443,.F.);
#2443 = EDGE_CURVE('',#2444,#2414,#2446,.T.);
#2444 = VERTEX_POINT('',#2445);
#2445 = CARTESIAN_POINT('',(154.6,0.,3.));
#2446 = SURFACE_CURVE('',#2447,(#2451,#2458),.PCURVE_S1.);
#2447 = LINE('',#2448,#2449);
#2448 = CARTESIAN_POINT('',(53.75,0.,3.));
#2449 = VECTOR('',#2450,1.);
#2450 = DIRECTION('',(1.,0.,0.));
#2451 = PCURVE('',#2306,#2452);
#2452 = DEFINITIONAL_REPRESENTATION('',(#2453),#2457);
#2453 = LINE('',#2454,#2455);
#2454 = CARTESIAN_POINT('',(-54.75,4.));
#2455 = VECTOR('',#2456,1.);
#2456 = DIRECTION('',(1.,0.));
#2457 = ( GEOMETRIC_REPRESENTATION_CONTEXT(2) 
PARAMETRIC_REPRESENTATION_CONTEXT() REPRESENTATION_CONTEXT('2D SPACE',''
  ) );
#2458 = PCURVE('',#2459,#2464);
#2459 = PLANE('',#2460);
#2460 = AXIS2_PLACEMENT_3D('',#2461,#2462,#2463);
#2461 = CARTESIAN_POINT('',(-1.,0.,-1.));
#2462 = DIRECTION('',(0.,1.,0.));
#2463 = DIRECTION('',(0.,0.,1.));
#2464 = DEFINITIONAL_REPRESENTATION('',(#2465),#2468);
#2465 = B_SPLINE_CURVE_WITH_KNOTS('',1,(#2466,#2467),.UNSPECIFIED.,.F.,
  .F.,(2,2),(54.75,106.75),.PIECEWISE_BEZIER_KNOTS.);
#2466 = CARTESIAN_POINT('',(4.,109.5));
#2467 = CARTESIAN_POINT('',(4.,161.5));
#2468 = ( GEOMETRIC_REPRESENTATION_CONTEXT(2) 
PARAMETRIC_REPRESENTATION_CONTEXT() REPRESENTATION_CONTEXT('2D SPACE',''
  ) );
#2469 = ORIENTED_EDGE('',*,*,#2470,.F.);
#2470 = EDGE_CURVE('',#2471,#2444,#2473,.T.);
#2471 = VERTEX_POINT('',#2472);
#2472 = CARTESIAN_POINT('',(154.6,0.1,3.));
#2473 = SURFACE_CURVE('',#2474,(#2478,#2485),.PCURVE_S1.);
#2474 = LINE('',#2475,#2476);
#2475 = CARTESIAN_POINT('',(154.6,-6.1,3.));
#2476 = VECTOR('',#2477,1.);
#2477 = DIRECTION('',(0.,-1.,0.));
#2478 = PCURVE('',#2306,#2479);
#2479 = DEFINITIONAL_REPRESENTATION('',(#2480),#2484);
#2480 = LINE('',#2481,#2482);
#2481 = CARTESIAN_POINT('',(46.1,-2.1));
#2482 = VECTOR('',#2483,1.);
#2483 = DIRECTION('',(0.,-1.));
#2484 = ( GEOMETRIC_REPRESENTATION_CONTEXT(2) 
PARAMETRIC_REPRESENTATION_CONTEXT() REPRESENTATION_CONTEXT('2D SPACE',''
  ) );
#2485 = PCURVE('',#2431,#2486);
#2486 = DEFINITIONAL_REPRESENTATION('',(#2487),#2490);
#2487 = B_SPLINE_CURVE_WITH_KNOTS('',1,(#2488,#2489),.UNSPECIFIED.,.F.,
  .F.,(2,2),(-6.2000006,-5.7),.PIECEWISE_BEZIER_KNOTS.);
#2488 = CARTESIAN_POINT('',(3.14159265359,-6.2000006));
#2489 = CARTESIAN_POINT('',(3.14159265359,-5.7));
#2490 = ( GEOMETRIC_REPRESENTATION_CONTEXT(2) 
PARAMETRIC_REPRESENTATION_CONTEXT() REPRESENTATION_CONTEXT('2D SPACE',''
  ) );
#2491 = ORIENTED_EDGE('',*,*,#2492,.T.);
#2492 = EDGE_CURVE('',#2471,#2416,#2493,.T.);
#2493 = SURFACE_CURVE('',#2494,(#2498,#2505),.PCURVE_S1.);
#2494 = LINE('',#2495,#2496);
#2495 = CARTESIAN_POINT('',(132.25,0.1,3.));
#2496 = VECTOR('',#2497,1.);
#2497 = DIRECTION('',(1.,0.,0.));
#2498 = PCURVE('',#2306,#2499);
#2499 = DEFINITIONAL_REPRESENTATION('',(#2500),#2504);
#2500 = LINE('',#2501,#2502);
#2501 = CARTESIAN_POINT('',(23.75,4.1));
#2502 = VECTOR('',#2503,1.);
#2503 = DIRECTION('',(1.,0.));
#2504 = ( GEOMETRIC_REPRESENTATION_CONTEXT(2) 
PARAMETRIC_REPRESENTATION_CONTEXT() REPRESENTATION_CONTEXT('2D SPACE',''
  ) );
#2505 = PCURVE('',#2506,#2511);
#2506 = PLANE('',#2507);
#2507 = AXIS2_PLACEMENT_3D('',#2508,#2509,#2510);
#2508 = CARTESIAN_POINT('',(156.,0.1,3.));
#2509 = DIRECTION('',(-0.,-1.,-0.));
#2510 = DIRECTION('',(0.,0.,-1.));
#2511 = DEFINITIONAL_REPRESENTATION('',(#2512),#2515);
#2512 = B_SPLINE_CURVE_WITH_KNOTS('',1,(#2513,#2514),.UNSPECIFIED.,.F.,
  .F.,(2,2),(22.35,25.15),.PIECEWISE_BEZIER_KNOTS.);
#2513 = CARTESIAN_POINT('',(-4.440892098501E-16,-1.4));
#2514 = CARTESIAN_POINT('',(-4.440892098501E-16,1.4));
#2515 = ( GEOMETRIC_REPRESENTATION_CONTEXT(2) 
PARAMETRIC_REPRESENTATION_CONTEXT() REPRESENTATION_CONTEXT('2D SPACE',''
  ) );
#2516 = FACE_BOUND('',#2517,.T.);
#2517 = EDGE_LOOP('',(#2518,#2548,#2575,#2597));
#2518 = ORIENTED_EDGE('',*,*,#2519,.F.);
#2519 = EDGE_CURVE('',#2520,#2522,#2524,.T.);
#2520 = VERTEX_POINT('',#2521);
#2521 = CARTESIAN_POINT('',(129.4,0.,3.));
#2522 = VERTEX_POINT('',#2523);
#2523 = CARTESIAN_POINT('',(129.4,0.1,3.));
#2524 = SURFACE_CURVE('',#2525,(#2529,#2536),.PCURVE_S1.);
#2525 = LINE('',#2526,#2527);
#2526 = CARTESIAN_POINT('',(129.4,-6.1,3.));
#2527 = VECTOR('',#2528,1.);
#2528 = DIRECTION('',(-0.,1.,-0.));
#2529 = PCURVE('',#2306,#2530);
#2530 = DEFINITIONAL_REPRESENTATION('',(#2531),#2535);
#2531 = LINE('',#2532,#2533);
#2532 = CARTESIAN_POINT('',(20.9,-2.1));
#2533 = VECTOR('',#2534,1.);
#2534 = DIRECTION('',(0.,1.));
#2535 = ( GEOMETRIC_REPRESENTATION_CONTEXT(2) 
PARAMETRIC_REPRESENTATION_CONTEXT() REPRESENTATION_CONTEXT('2D SPACE',''
  ) );
#2536 = PCURVE('',#2537,#2542);
#2537 = CYLINDRICAL_SURFACE('',#2538,1.4);
#2538 = AXIS2_PLACEMENT_3D('',#2539,#2540,#2541);
#2539 = CARTESIAN_POINT('',(128.,-6.1,3.));
#2540 = DIRECTION('',(0.,-1.,0.));
#2541 = DIRECTION('',(1.,0.,0.));
#2542 = DEFINITIONAL_REPRESENTATION('',(#2543),#2547);
#2543 = LINE('',#2544,#2545);
#2544 = CARTESIAN_POINT('',(6.28318530718,0.));
#2545 = VECTOR('',#2546,1.);
#2546 = DIRECTION('',(0.,-1.));
#2547 = ( GEOMETRIC_REPRESENTATION_CONTEXT(2) 
PARAMETRIC_REPRESENTATION_CONTEXT() REPRESENTATION_CONTEXT('2D SPACE',''
  ) );
#2548 = ORIENTED_EDGE('',*,*,#2549,.F.);
#2549 = EDGE_CURVE('',#2550,#2520,#2552,.T.);
#2550 = VERTEX_POINT('',#2551);
#2551 = CARTESIAN_POINT('',(126.6,0.,3.));
#2552 = SURFACE_CURVE('',#2553,(#2557,#2564),.PCURVE_S1.);
#2553 = LINE('',#2554,#2555);
#2554 = CARTESIAN_POINT('',(53.75,0.,3.));
#2555 = VECTOR('',#2556,1.);
#2556 = DIRECTION('',(1.,0.,0.));
#2557 = PCURVE('',#2306,#2558);
#2558 = DEFINITIONAL_REPRESENTATION('',(#2559),#2563);
#2559 = LINE('',#2560,#2561);
#2560 = CARTESIAN_POINT('',(-54.75,4.));
#2561 = VECTOR('',#2562,1.);
#2562 = DIRECTION('',(1.,0.));
#2563 = ( GEOMETRIC_REPRESENTATION_CONTEXT(2) 
PARAMETRIC_REPRESENTATION_CONTEXT() REPRESENTATION_CONTEXT('2D SPACE',''
  ) );
#2564 = PCURVE('',#2565,#2570);
#2565 = PLANE('',#2566);
#2566 = AXIS2_PLACEMENT_3D('',#2567,#2568,#2569);
#2567 = CARTESIAN_POINT('',(-1.,0.,-1.));
#2568 = DIRECTION('',(0.,1.,0.));
#2569 = DIRECTION('',(0.,0.,1.));
#2570 = DEFINITIONAL_REPRESENTATION('',(#2571),#2574);
#2571 = B_SPLINE_CURVE_WITH_KNOTS('',1,(#2572,#2573),.UNSPECIFIED.,.F.,
  .F.,(2,2),(54.75,106.75),.PIECEWISE_BEZIER_KNOTS.);
#2572 = CARTESIAN_POINT('',(4.,109.5));
#2573 = CARTESIAN_POINT('',(4.,161.5));
#2574 = ( GEOMETRIC_REPRESENTATION_CONTEXT(2) 
PARAMETRIC_REPRESENTATION_CONTEXT() REPRESENTATION_CONTEXT('2D SPACE',''
  ) );
#2575 = ORIENTED_EDGE('',*,*,#2576,.F.);
#2576 = EDGE_CURVE('',#2577,#2550,#2579,.T.);
#2577 = VERTEX_POINT('',#2578);
#2578 = CARTESIAN_POINT('',(126.6,0.1,3.));
#2579 = SURFACE_CURVE('',#2580,(#2584,#2591),.PCURVE_S1.);
#2580 = LINE('',#2581,#2582);
#2581 = CARTESIAN_POINT('',(126.6,-6.1,3.));
#2582 = VECTOR('',#2583,1.);
#2583 = DIRECTION('',(0.,-1.,0.));
#2584 = PCURVE('',#2306,#2585);
#2585 = DEFINITIONAL_REPRESENTATION('',(#2586),#2590);
#2586 = LINE('',#2587,#2588);
#2587 = CARTESIAN_POINT('',(18.1,-2.1));
#2588 = VECTOR('',#2589,1.);
#2589 = DIRECTION('',(0.,-1.));
#2590 = ( GEOMETRIC_REPRESENTATION_CONTEXT(2) 
PARAMETRIC_REPRESENTATION_CONTEXT() REPRESENTATION_CONTEXT('2D SPACE',''
  ) );
#2591 = PCURVE('',#2537,#2592);
#2592 = DEFINITIONAL_REPRESENTATION('',(#2593),#2596);
#2593 = B_SPLINE_CURVE_WITH_KNOTS('',1,(#2594,#2595),.UNSPECIFIED.,.F.,
  .F.,(2,2),(-6.2000006,-5.7),.PIECEWISE_BEZIER_KNOTS.);
#2594 = CARTESIAN_POINT('',(3.14159265359,-6.2000006));
#2595 = CARTESIAN_POINT('',(3.14159265359,-5.7));
#2596 = ( GEOMETRIC_REPRESENTATION_CONTEXT(2) 
PARAMETRIC_REPRESENTATION_CONTEXT() REPRESENTATION_CONTEXT('2D SPACE',''
  ) );
#2597 = ORIENTED_EDGE('',*,*,#2598,.T.);
#2598 = EDGE_CURVE('',#2577,#2522,#2599,.T.);
#2599 = SURFACE_CURVE('',#2600,(#2604,#2611),.PCURVE_S1.);
#2600 = LINE('',#2601,#2602);
#2601 = CARTESIAN_POINT('',(118.25,1.E-01,3.));
#2602 = VECTOR('',#2603,1.);
#2603 = DIRECTION('',(1.,0.,0.));
#2604 = PCURVE('',#2306,#2605);
#2605 = DEFINITIONAL_REPRESENTATION('',(#2606),#2610);
#2606 = LINE('',#2607,#2608);
#2607 = CARTESIAN_POINT('',(9.75,4.1));
#2608 = VECTOR('',#2609,1.);
#2609 = DIRECTION('',(1.,0.));
#2610 = ( GEOMETRIC_REPRESENTATION_CONTEXT(2) 
PARAMETRIC_REPRESENTATION_CONTEXT() REPRESENTATION_CONTEXT('2D SPACE',''
  ) );
#2611 = PCURVE('',#2612,#2617);
#2612 = PLANE('',#2613);
#2613 = AXIS2_PLACEMENT_3D('',#2614,#2615,#2616);
#2614 = CARTESIAN_POINT('',(128.,1.E-01,3.));
#2615 = DIRECTION('',(-0.,-1.,-0.));
#2616 = DIRECTION('',(0.,0.,-1.));
#2617 = DEFINITIONAL_REPRESENTATION('',(#2618),#2621);
#2618 = B_SPLINE_CURVE_WITH_KNOTS('',1,(#2619,#2620),.UNSPECIFIED.,.F.,
  .F.,(2,2),(8.35,11.15),.PIECEWISE_BEZIER_KNOTS.);
#2619 = CARTESIAN_POINT('',(0.,-1.4));
#2620 = CARTESIAN_POINT('',(0.,1.4));
#2621 = ( GEOMETRIC_REPRESENTATION_CONTEXT(2) 
PARAMETRIC_REPRESENTATION_CONTEXT() REPRESENTATION_CONTEXT('2D SPACE',''
  ) );
#2622 = ADVANCED_FACE('',(#2623),#2612,.T.);
#2623 = FACE_BOUND('',#2624,.T.);
#2624 = EDGE_LOOP('',(#2625,#2647));
#2625 = ORIENTED_EDGE('',*,*,#2626,.T.);
#2626 = EDGE_CURVE('',#2577,#2522,#2627,.T.);
#2627 = SURFACE_CURVE('',#2628,(#2633,#2640),.PCURVE_S1.);
#2628 = CIRCLE('',#2629,1.4);
#2629 = AXIS2_PLACEMENT_3D('',#2630,#2631,#2632);
#2630 = CARTESIAN_POINT('',(128.,0.1,3.));
#2631 = DIRECTION('',(0.,-1.,0.));
#2632 = DIRECTION('',(1.,0.,0.));
#2633 = PCURVE('',#2612,#2634);
#2634 = DEFINITIONAL_REPRESENTATION('',(#2635),#2639);
#2635 = CIRCLE('',#2636,1.4);
#2636 = AXIS2_PLACEMENT_2D('',#2637,#2638);
#2637 = CARTESIAN_POINT('',(0.,0.));
#2638 = DIRECTION('',(0.,1.));
#2639 = ( GEOMETRIC_REPRESENTATION_CONTEXT(2) 
PARAMETRIC_REPRESENTATION_CONTEXT() REPRESENTATION_CONTEXT('2D SPACE',''
  ) );
#2640 = PCURVE('',#2537,#2641);
#2641 = DEFINITIONAL_REPRESENTATION('',(#2642),#2646);
#2642 = LINE('',#2643,#2644);
#2643 = CARTESIAN_POINT('',(0.,-6.2));
#2644 = VECTOR('',#2645,1.);
#2645 = DIRECTION('',(1.,0.));
#2646 = ( GEOMETRIC_REPRESENTATION_CONTEXT(2) 
PARAMETRIC_REPRESENTATION_CONTEXT() REPRESENTATION_CONTEXT('2D SPACE',''
  ) );
#2647 = ORIENTED_EDGE('',*,*,#2598,.F.);
#2648 = ADVANCED_FACE('',(#2649),#2565,.T.);
#2649 = FACE_BOUND('',#2650,.T.);
#2650 = EDGE_LOOP('',(#2651,#2677));
#2651 = ORIENTED_EDGE('',*,*,#2652,.F.);
#2652 = EDGE_CURVE('',#2550,#2520,#2653,.T.);
#2653 = SURFACE_CURVE('',#2654,(#2659,#2670),.PCURVE_S1.);
#2654 = CIRCLE('',#2655,1.4);
#2655 = AXIS2_PLACEMENT_3D('',#2656,#2657,#2658);
#2656 = CARTESIAN_POINT('',(128.,0.,3.));
#2657 = DIRECTION('',(0.,-1.,0.));
#2658 = DIRECTION('',(1.,0.,0.));
#2659 = PCURVE('',#2565,#2660);
#2660 = DEFINITIONAL_REPRESENTATION('',(#2661),#2669);
#2661 = ( BOUNDED_CURVE() B_SPLINE_CURVE(2,(#2662,#2663,#2664,#2665,
#2666,#2667,#2668),.UNSPECIFIED.,.T.,.F.) B_SPLINE_CURVE_WITH_KNOTS((1,2
    ,2,2,2,1),(-2.094395102393,0.,2.094395102393,4.188790204786,
6.28318530718,8.377580409573),.UNSPECIFIED.) CURVE() 
GEOMETRIC_REPRESENTATION_ITEM() RATIONAL_B_SPLINE_CURVE((1.,0.5,1.,0.5,
1.,0.5,1.)) REPRESENTATION_ITEM('') );
#2662 = CARTESIAN_POINT('',(4.,130.4));
#2663 = CARTESIAN_POINT('',(6.424871130596,130.4));
#2664 = CARTESIAN_POINT('',(5.212435565298,128.3));
#2665 = CARTESIAN_POINT('',(4.,126.2));
#2666 = CARTESIAN_POINT('',(2.787564434702,128.3));
#2667 = CARTESIAN_POINT('',(1.575128869404,130.4));
#2668 = CARTESIAN_POINT('',(4.,130.4));
#2669 = ( GEOMETRIC_REPRESENTATION_CONTEXT(2) 
PARAMETRIC_REPRESENTATION_CONTEXT() REPRESENTATION_CONTEXT('2D SPACE',''
  ) );
#2670 = PCURVE('',#2537,#2671);
#2671 = DEFINITIONAL_REPRESENTATION('',(#2672),#2676);
#2672 = LINE('',#2673,#2674);
#2673 = CARTESIAN_POINT('',(0.,-6.1));
#2674 = VECTOR('',#2675,1.);
#2675 = DIRECTION('',(1.,0.));
#2676 = ( GEOMETRIC_REPRESENTATION_CONTEXT(2) 
PARAMETRIC_REPRESENTATION_CONTEXT() REPRESENTATION_CONTEXT('2D SPACE',''
  ) );
#2677 = ORIENTED_EDGE('',*,*,#2549,.T.);
#2678 = ADVANCED_FACE('',(#2679),#2537,.F.);
#2679 = FACE_BOUND('',#2680,.F.);
#2680 = EDGE_LOOP('',(#2681,#2682,#2683,#2684));
#2681 = ORIENTED_EDGE('',*,*,#2519,.F.);
#2682 = ORIENTED_EDGE('',*,*,#2652,.F.);
#2683 = ORIENTED_EDGE('',*,*,#2576,.F.);
#2684 = ORIENTED_EDGE('',*,*,#2626,.T.);
#2685 = ADVANCED_FACE('',(#2686),#2506,.T.);
#2686 = FACE_BOUND('',#2687,.T.);
#2687 = EDGE_LOOP('',(#2688,#2710));
#2688 = ORIENTED_EDGE('',*,*,#2689,.T.);
#2689 = EDGE_CURVE('',#2471,#2416,#2690,.T.);
#2690 = SURFACE_CURVE('',#2691,(#2696,#2703),.PCURVE_S1.);
#2691 = CIRCLE('',#2692,1.4);
#2692 = AXIS2_PLACEMENT_3D('',#2693,#2694,#2695);
#2693 = CARTESIAN_POINT('',(156.,0.1,3.));
#2694 = DIRECTION('',(0.,-1.,0.));
#2695 = DIRECTION('',(1.,0.,0.));
#2696 = PCURVE('',#2506,#2697);
#2697 = DEFINITIONAL_REPRESENTATION('',(#2698),#2702);
#2698 = CIRCLE('',#2699,1.4);
#2699 = AXIS2_PLACEMENT_2D('',#2700,#2701);
#2700 = CARTESIAN_POINT('',(-4.440892098501E-16,0.));
#2701 = DIRECTION('',(0.,1.));
#2702 = ( GEOMETRIC_REPRESENTATION_CONTEXT(2) 
PARAMETRIC_REPRESENTATION_CONTEXT() REPRESENTATION_CONTEXT('2D SPACE',''
  ) );
#2703 = PCURVE('',#2431,#2704);
#2704 = DEFINITIONAL_REPRESENTATION('',(#2705),#2709);
#2705 = LINE('',#2706,#2707);
#2706 = CARTESIAN_POINT('',(0.,-6.2));
#2707 = VECTOR('',#2708,1.);
#2708 = DIRECTION('',(1.,0.));
#2709 = ( GEOMETRIC_REPRESENTATION_CONTEXT(2) 
PARAMETRIC_REPRESENTATION_CONTEXT() REPRESENTATION_CONTEXT('2D SPACE',''
  ) );
#2710 = ORIENTED_EDGE('',*,*,#2492,.F.);
#2711 = ADVANCED_FACE('',(#2712),#2459,.T.);
#2712 = FACE_BOUND('',#2713,.T.);
#2713 = EDGE_LOOP('',(#2714,#2740));
#2714 = ORIENTED_EDGE('',*,*,#2715,.F.);
#2715 = EDGE_CURVE('',#2444,#2414,#2716,.T.);
#2716 = SURFACE_CURVE('',#2717,(#2722,#2733),.PCURVE_S1.);
#2717 = CIRCLE('',#2718,1.4);
#2718 = AXIS2_PLACEMENT_3D('',#2719,#2720,#2721);
#2719 = CARTESIAN_POINT('',(156.,0.,3.));
#2720 = DIRECTION('',(0.,-1.,0.));
#2721 = DIRECTION('',(1.,0.,0.));
#2722 = PCURVE('',#2459,#2723);
#2723 = DEFINITIONAL_REPRESENTATION('',(#2724),#2732);
#2724 = ( BOUNDED_CURVE() B_SPLINE_CURVE(2,(#2725,#2726,#2727,#2728,
#2729,#2730,#2731),.UNSPECIFIED.,.T.,.F.) B_SPLINE_CURVE_WITH_KNOTS((1,2
    ,2,2,2,1),(-2.094395102393,0.,2.094395102393,4.188790204786,
6.28318530718,8.377580409573),.UNSPECIFIED.) CURVE() 
GEOMETRIC_REPRESENTATION_ITEM() RATIONAL_B_SPLINE_CURVE((1.,0.5,1.,0.5,
1.,0.5,1.)) REPRESENTATION_ITEM('') );
#2725 = CARTESIAN_POINT('',(4.,158.4));
#2726 = CARTESIAN_POINT('',(6.424871130596,158.4));
#2727 = CARTESIAN_POINT('',(5.212435565298,156.3));
#2728 = CARTESIAN_POINT('',(4.,154.2));
#2729 = CARTESIAN_POINT('',(2.787564434702,156.3));
#2730 = CARTESIAN_POINT('',(1.575128869404,158.4));
#2731 = CARTESIAN_POINT('',(4.,158.4));
#2732 = ( GEOMETRIC_REPRESENTATION_CONTEXT(2) 
PARAMETRIC_REPRESENTATION_CONTEXT() REPRESENTATION_CONTEXT('2D SPACE',''
  ) );
#2733 = PCURVE('',#2431,#2734);
#2734 = DEFINITIONAL_REPRESENTATION('',(#2735),#2739);
#2735 = LINE('',#2736,#2737);
#2736 = CARTESIAN_POINT('',(0.,-6.1));
#2737 = VECTOR('',#2738,1.);
#2738 = DIRECTION('',(1.,0.));
#2739 = ( GEOMETRIC_REPRESENTATION_CONTEXT(2) 
PARAMETRIC_REPRESENTATION_CONTEXT() REPRESENTATION_CONTEXT('2D SPACE',''
  ) );
#2740 = ORIENTED_EDGE('',*,*,#2443,.T.);
#2741 = ADVANCED_FACE('',(#2742),#2431,.F.);
#2742 = FACE_BOUND('',#2743,.F.);
#2743 = EDGE_LOOP('',(#2744,#2745,#2746,#2747));
#2744 = ORIENTED_EDGE('',*,*,#2413,.F.);
#2745 = ORIENTED_EDGE('',*,*,#2715,.F.);
#2746 = ORIENTED_EDGE('',*,*,#2470,.F.);
#2747 = ORIENTED_EDGE('',*,*,#2689,.T.);
#2748 = ADVANCED_FACE('',(#2749),#1551,.T.);
#2749 = FACE_BOUND('',#2750,.T.);
#2750 = EDGE_LOOP('',(#2751,#2752,#2773,#2774));
#2751 = ORIENTED_EDGE('',*,*,#1535,.F.);
#2752 = ORIENTED_EDGE('',*,*,#2753,.F.);
#2753 = EDGE_CURVE('',#2344,#1509,#2754,.T.);
#2754 = SURFACE_CURVE('',#2755,(#2759,#2766),.PCURVE_S1.);
#2755 = LINE('',#2756,#2757);
#2756 = CARTESIAN_POINT('',(108.5,-4.,3.));
#2757 = VECTOR('',#2758,1.);
#2758 = DIRECTION('',(0.,0.,1.));
#2759 = PCURVE('',#1551,#2760);
#2760 = DEFINITIONAL_REPRESENTATION('',(#2761),#2765);
#2761 = LINE('',#2762,#2763);
#2762 = CARTESIAN_POINT('',(0.,0.));
#2763 = VECTOR('',#2764,1.);
#2764 = DIRECTION('',(1.,0.));
#2765 = ( GEOMETRIC_REPRESENTATION_CONTEXT(2) 
PARAMETRIC_REPRESENTATION_CONTEXT() REPRESENTATION_CONTEXT('2D SPACE',''
  ) );
#2766 = PCURVE('',#1524,#2767);
#2767 = DEFINITIONAL_REPRESENTATION('',(#2768),#2772);
#2768 = LINE('',#2769,#2770);
#2769 = CARTESIAN_POINT('',(0.,0.));
#2770 = VECTOR('',#2771,1.);
#2771 = DIRECTION('',(1.,0.));
#2772 = ( GEOMETRIC_REPRESENTATION_CONTEXT(2) 
PARAMETRIC_REPRESENTATION_CONTEXT() REPRESENTATION_CONTEXT('2D SPACE',''
  ) );
#2773 = ORIENTED_EDGE('',*,*,#2343,.T.);
#2774 = ORIENTED_EDGE('',*,*,#2318,.T.);
#2775 = ADVANCED_FACE('',(#2776),#1524,.T.);
#2776 = FACE_BOUND('',#2777,.T.);
#2777 = EDGE_LOOP('',(#2778,#2799,#2800,#2801));
#2778 = ORIENTED_EDGE('',*,*,#2779,.F.);
#2779 = EDGE_CURVE('',#2367,#1481,#2780,.T.);
#2780 = SURFACE_CURVE('',#2781,(#2785,#2792),.PCURVE_S1.);
#2781 = LINE('',#2782,#2783);
#2782 = CARTESIAN_POINT('',(160.5,-4.,3.));
#2783 = VECTOR('',#2784,1.);
#2784 = DIRECTION('',(0.,0.,1.));
#2785 = PCURVE('',#1524,#2786);
#2786 = DEFINITIONAL_REPRESENTATION('',(#2787),#2791);
#2787 = LINE('',#2788,#2789);
#2788 = CARTESIAN_POINT('',(0.,52.));
#2789 = VECTOR('',#2790,1.);
#2790 = DIRECTION('',(1.,0.));
#2791 = ( GEOMETRIC_REPRESENTATION_CONTEXT(2) 
PARAMETRIC_REPRESENTATION_CONTEXT() REPRESENTATION_CONTEXT('2D SPACE',''
  ) );
#2792 = PCURVE('',#1496,#2793);
#2793 = DEFINITIONAL_REPRESENTATION('',(#2794),#2798);
#2794 = LINE('',#2795,#2796);
#2795 = CARTESIAN_POINT('',(0.,0.));
#2796 = VECTOR('',#2797,1.);
#2797 = DIRECTION('',(1.,0.));
#2798 = ( GEOMETRIC_REPRESENTATION_CONTEXT(2) 
PARAMETRIC_REPRESENTATION_CONTEXT() REPRESENTATION_CONTEXT('2D SPACE',''
  ) );
#2799 = ORIENTED_EDGE('',*,*,#2366,.F.);
#2800 = ORIENTED_EDGE('',*,*,#2753,.T.);
#2801 = ORIENTED_EDGE('',*,*,#1508,.F.);
#2802 = ADVANCED_FACE('',(#2803),#1496,.F.);
#2803 = FACE_BOUND('',#2804,.F.);
#2804 = EDGE_LOOP('',(#2805,#2806,#2807,#2808));
#2805 = ORIENTED_EDGE('',*,*,#1478,.T.);
#2806 = ORIENTED_EDGE('',*,*,#2779,.F.);
#2807 = ORIENTED_EDGE('',*,*,#2389,.F.);
#2808 = ORIENTED_EDGE('',*,*,#2267,.T.);
#2809 = ADVANCED_FACE('',(#2810),#1465,.T.);
#2810 = FACE_BOUND('',#2811,.T.);
#2811 = EDGE_LOOP('',(#2812,#2813));
#2812 = ORIENTED_EDGE('',*,*,#1451,.F.);
#2813 = ORIENTED_EDGE('',*,*,#2814,.F.);
#2814 = EDGE_CURVE('',#1373,#1430,#2815,.T.);
#2815 = SURFACE_CURVE('',#2816,(#2821,#2832),.PCURVE_S1.);
#2816 = CIRCLE('',#2817,1.4);
#2817 = AXIS2_PLACEMENT_3D('',#2818,#2819,#2820);
#2818 = CARTESIAN_POINT('',(184.,0.1,3.));
#2819 = DIRECTION('',(0.,1.,0.));
#2820 = DIRECTION('',(0.934049773616,-0.,0.357142857143));
#2821 = PCURVE('',#1465,#2822);
#2822 = DEFINITIONAL_REPRESENTATION('',(#2823),#2831);
#2823 = ( BOUNDED_CURVE() B_SPLINE_CURVE(2,(#2824,#2825,#2826,#2827,
#2828,#2829,#2830),.UNSPECIFIED.,.T.,.F.) B_SPLINE_CURVE_WITH_KNOTS((1,2
    ,2,2,2,1),(-2.094395102393,0.,2.094395102393,4.188790204786,
6.28318530718,8.377580409573),.UNSPECIFIED.) CURVE() 
GEOMETRIC_REPRESENTATION_ITEM() RATIONAL_B_SPLINE_CURVE((1.,0.5,1.,0.5,
1.,0.5,1.)) REPRESENTATION_ITEM('') );
#2824 = CARTESIAN_POINT('',(-0.5,1.307669683062));
#2825 = CARTESIAN_POINT('',(1.764950330581,2.173695086847));
#2826 = CARTESIAN_POINT('',(1.382475165291,-0.220822139639));
#2827 = CARTESIAN_POINT('',(1.,-2.615339366124));
#2828 = CARTESIAN_POINT('',(-0.882475165291,-1.086847543423));
#2829 = CARTESIAN_POINT('',(-2.764950330581,0.441644279278));
#2830 = CARTESIAN_POINT('',(-0.5,1.307669683062));
#2831 = ( GEOMETRIC_REPRESENTATION_CONTEXT(2) 
PARAMETRIC_REPRESENTATION_CONTEXT() REPRESENTATION_CONTEXT('2D SPACE',''
  ) );
#2832 = PCURVE('',#1390,#2833);
#2833 = DEFINITIONAL_REPRESENTATION('',(#2834),#2838);
#2834 = LINE('',#2835,#2836);
#2835 = CARTESIAN_POINT('',(6.64839252847,-6.2));
#2836 = VECTOR('',#2837,1.);
#2837 = DIRECTION('',(-1.,-0.));
#2838 = ( GEOMETRIC_REPRESENTATION_CONTEXT(2) 
PARAMETRIC_REPRESENTATION_CONTEXT() REPRESENTATION_CONTEXT('2D SPACE',''
  ) );
#2839 = ADVANCED_FACE('',(#2840),#1417,.T.);
#2840 = FACE_BOUND('',#2841,.T.);
#2841 = EDGE_LOOP('',(#2842,#2864));
#2842 = ORIENTED_EDGE('',*,*,#2843,.T.);
#2843 = EDGE_CURVE('',#1375,#1402,#2844,.T.);
#2844 = SURFACE_CURVE('',#2845,(#2850,#2857),.PCURVE_S1.);
#2845 = CIRCLE('',#2846,1.4);
#2846 = AXIS2_PLACEMENT_3D('',#2847,#2848,#2849);
#2847 = CARTESIAN_POINT('',(184.,0.,3.));
#2848 = DIRECTION('',(0.,1.,0.));
#2849 = DIRECTION('',(0.934049773616,-0.,0.357142857143));
#2850 = PCURVE('',#1417,#2851);
#2851 = DEFINITIONAL_REPRESENTATION('',(#2852),#2856);
#2852 = CIRCLE('',#2853,1.4);
#2853 = AXIS2_PLACEMENT_2D('',#2854,#2855);
#2854 = CARTESIAN_POINT('',(4.,185.));
#2855 = DIRECTION('',(0.357142857143,0.934049773616));
#2856 = ( GEOMETRIC_REPRESENTATION_CONTEXT(2) 
PARAMETRIC_REPRESENTATION_CONTEXT() REPRESENTATION_CONTEXT('2D SPACE',''
  ) );
#2857 = PCURVE('',#1390,#2858);
#2858 = DEFINITIONAL_REPRESENTATION('',(#2859),#2863);
#2859 = LINE('',#2860,#2861);
#2860 = CARTESIAN_POINT('',(6.64839252847,-6.1));
#2861 = VECTOR('',#2862,1.);
#2862 = DIRECTION('',(-1.,-0.));
#2863 = ( GEOMETRIC_REPRESENTATION_CONTEXT(2) 
PARAMETRIC_REPRESENTATION_CONTEXT() REPRESENTATION_CONTEXT('2D SPACE',''
  ) );
#2864 = ORIENTED_EDGE('',*,*,#1401,.T.);
#2865 = ADVANCED_FACE('',(#2866),#1390,.F.);
#2866 = FACE_BOUND('',#2867,.F.);
#2867 = EDGE_LOOP('',(#2868,#2869,#2870,#2871));
#2868 = ORIENTED_EDGE('',*,*,#2843,.T.);
#2869 = ORIENTED_EDGE('',*,*,#1429,.F.);
#2870 = ORIENTED_EDGE('',*,*,#2814,.F.);
#2871 = ORIENTED_EDGE('',*,*,#1372,.T.);
#2872 = ADVANCED_FACE('',(#2873),#1359,.T.);
#2873 = FACE_BOUND('',#2874,.T.);
#2874 = EDGE_LOOP('',(#2875,#2876));
#2875 = ORIENTED_EDGE('',*,*,#1345,.F.);
#2876 = ORIENTED_EDGE('',*,*,#2877,.F.);
#2877 = EDGE_CURVE('',#1267,#1324,#2878,.T.);
#2878 = SURFACE_CURVE('',#2879,(#2884,#2895),.PCURVE_S1.);
#2879 = CIRCLE('',#2880,1.4);
#2880 = AXIS2_PLACEMENT_3D('',#2881,#2882,#2883);
#2881 = CARTESIAN_POINT('',(212.,0.1,3.));
#2882 = DIRECTION('',(0.,1.,0.));
#2883 = DIRECTION('',(0.934049773616,-0.,0.357142857143));
#2884 = PCURVE('',#1359,#2885);
#2885 = DEFINITIONAL_REPRESENTATION('',(#2886),#2894);
#2886 = ( BOUNDED_CURVE() B_SPLINE_CURVE(2,(#2887,#2888,#2889,#2890,
#2891,#2892,#2893),.UNSPECIFIED.,.T.,.F.) B_SPLINE_CURVE_WITH_KNOTS((1,2
    ,2,2,2,1),(-2.094395102393,0.,2.094395102393,4.188790204786,
6.28318530718,8.377580409573),.UNSPECIFIED.) CURVE() 
GEOMETRIC_REPRESENTATION_ITEM() RATIONAL_B_SPLINE_CURVE((1.,0.5,1.,0.5,
1.,0.5,1.)) REPRESENTATION_ITEM('') );
#2887 = CARTESIAN_POINT('',(-0.5,1.307669683062));
#2888 = CARTESIAN_POINT('',(1.764950330581,2.173695086847));
#2889 = CARTESIAN_POINT('',(1.382475165291,-0.220822139639));
#2890 = CARTESIAN_POINT('',(1.,-2.615339366124));
#2891 = CARTESIAN_POINT('',(-0.882475165291,-1.086847543423));
#2892 = CARTESIAN_POINT('',(-2.764950330581,0.441644279278));
#2893 = CARTESIAN_POINT('',(-0.5,1.307669683062));
#2894 = ( GEOMETRIC_REPRESENTATION_CONTEXT(2) 
PARAMETRIC_REPRESENTATION_CONTEXT() REPRESENTATION_CONTEXT('2D SPACE',''
  ) );
#2895 = PCURVE('',#1284,#2896);
#2896 = DEFINITIONAL_REPRESENTATION('',(#2897),#2901);
#2897 = LINE('',#2898,#2899);
#2898 = CARTESIAN_POINT('',(6.64839252847,-6.2));
#2899 = VECTOR('',#2900,1.);
#2900 = DIRECTION('',(-1.,-0.));
#2901 = ( GEOMETRIC_REPRESENTATION_CONTEXT(2) 
PARAMETRIC_REPRESENTATION_CONTEXT() REPRESENTATION_CONTEXT('2D SPACE',''
  ) );
#2902 = ADVANCED_FACE('',(#2903),#1311,.T.);
#2903 = FACE_BOUND('',#2904,.T.);
#2904 = EDGE_LOOP('',(#2905,#2906));
#2905 = ORIENTED_EDGE('',*,*,#1295,.T.);
#2906 = ORIENTED_EDGE('',*,*,#2907,.T.);
#2907 = EDGE_CURVE('',#1269,#1296,#2908,.T.);
#2908 = SURFACE_CURVE('',#2909,(#2914,#2921),.PCURVE_S1.);
#2909 = CIRCLE('',#2910,1.4);
#2910 = AXIS2_PLACEMENT_3D('',#2911,#2912,#2913);
#2911 = CARTESIAN_POINT('',(212.,0.,3.));
#2912 = DIRECTION('',(0.,1.,0.));
#2913 = DIRECTION('',(0.934049773616,-0.,0.357142857143));
#2914 = PCURVE('',#1311,#2915);
#2915 = DEFINITIONAL_REPRESENTATION('',(#2916),#2920);
#2916 = CIRCLE('',#2917,1.4);
#2917 = AXIS2_PLACEMENT_2D('',#2918,#2919);
#2918 = CARTESIAN_POINT('',(4.,213.));
#2919 = DIRECTION('',(0.357142857143,0.934049773616));
#2920 = ( GEOMETRIC_REPRESENTATION_CONTEXT(2) 
PARAMETRIC_REPRESENTATION_CONTEXT() REPRESENTATION_CONTEXT('2D SPACE',''
  ) );
#2921 = PCURVE('',#1284,#2922);
#2922 = DEFINITIONAL_REPRESENTATION('',(#2923),#2927);
#2923 = LINE('',#2924,#2925);
#2924 = CARTESIAN_POINT('',(6.64839252847,-6.1));
#2925 = VECTOR('',#2926,1.);
#2926 = DIRECTION('',(-1.,-0.));
#2927 = ( GEOMETRIC_REPRESENTATION_CONTEXT(2) 
PARAMETRIC_REPRESENTATION_CONTEXT() REPRESENTATION_CONTEXT('2D SPACE',''
  ) );
#2928 = ADVANCED_FACE('',(#2929),#1284,.F.);
#2929 = FACE_BOUND('',#2930,.F.);
#2930 = EDGE_LOOP('',(#2931,#2932,#2933,#2934));
#2931 = ORIENTED_EDGE('',*,*,#2907,.T.);
#2932 = ORIENTED_EDGE('',*,*,#1323,.F.);
#2933 = ORIENTED_EDGE('',*,*,#2877,.F.);
#2934 = ORIENTED_EDGE('',*,*,#1266,.T.);
#2935 = ADVANCED_FACE('',(#2936),#1231,.F.);
#2936 = FACE_BOUND('',#2937,.F.);
#2937 = EDGE_LOOP('',(#2938,#2961,#2962,#2985,#3013,#3041,#3064,#3092,
    #3115,#3143,#3171,#3199));
#2938 = ORIENTED_EDGE('',*,*,#2939,.F.);
#2939 = EDGE_CURVE('',#1188,#2940,#2942,.T.);
#2940 = VERTEX_POINT('',#2941);
#2941 = CARTESIAN_POINT('',(221.4,5.,6.5));
#2942 = SURFACE_CURVE('',#2943,(#2947,#2954),.PCURVE_S1.);
#2943 = LINE('',#2944,#2945);
#2944 = CARTESIAN_POINT('',(221.4,5.,3.));
#2945 = VECTOR('',#2946,1.);
#2946 = DIRECTION('',(0.,0.,1.));
#2947 = PCURVE('',#1231,#2948);
#2948 = DEFINITIONAL_REPRESENTATION('',(#2949),#2953);
#2949 = LINE('',#2950,#2951);
#2950 = CARTESIAN_POINT('',(0.5,211.4));
#2951 = VECTOR('',#2952,1.);
#2952 = DIRECTION('',(1.,0.));
#2953 = ( GEOMETRIC_REPRESENTATION_CONTEXT(2) 
PARAMETRIC_REPRESENTATION_CONTEXT() REPRESENTATION_CONTEXT('2D SPACE',''
  ) );
#2954 = PCURVE('',#1203,#2955);
#2955 = DEFINITIONAL_REPRESENTATION('',(#2956),#2960);
#2956 = LINE('',#2957,#2958);
#2957 = CARTESIAN_POINT('',(-0.5,-5.));
#2958 = VECTOR('',#2959,1.);
#2959 = DIRECTION('',(1.,0.));
#2960 = ( GEOMETRIC_REPRESENTATION_CONTEXT(2) 
PARAMETRIC_REPRESENTATION_CONTEXT() REPRESENTATION_CONTEXT('2D SPACE',''
  ) );
#2961 = ORIENTED_EDGE('',*,*,#1215,.T.);
#2962 = ORIENTED_EDGE('',*,*,#2963,.T.);
#2963 = EDGE_CURVE('',#1216,#2964,#2966,.T.);
#2964 = VERTEX_POINT('',#2965);
#2965 = CARTESIAN_POINT('',(10.,5.,6.5));
#2966 = SURFACE_CURVE('',#2967,(#2971,#2978),.PCURVE_S1.);
#2967 = LINE('',#2968,#2969);
#2968 = CARTESIAN_POINT('',(10.,5.,2.5));
#2969 = VECTOR('',#2970,1.);
#2970 = DIRECTION('',(0.,0.,1.));
#2971 = PCURVE('',#1231,#2972);
#2972 = DEFINITIONAL_REPRESENTATION('',(#2973),#2977);
#2973 = LINE('',#2974,#2975);
#2974 = CARTESIAN_POINT('',(0.,0.));
#2975 = VECTOR('',#2976,1.);
#2976 = DIRECTION('',(1.,0.));
#2977 = ( GEOMETRIC_REPRESENTATION_CONTEXT(2) 
PARAMETRIC_REPRESENTATION_CONTEXT() REPRESENTATION_CONTEXT('2D SPACE',''
  ) );
#2978 = PCURVE('',#1031,#2979);
#2979 = DEFINITIONAL_REPRESENTATION('',(#2980),#2984);
#2980 = LINE('',#2981,#2982);
#2981 = CARTESIAN_POINT('',(0.,0.));
#2982 = VECTOR('',#2983,1.);
#2983 = DIRECTION('',(1.,0.));
#2984 = ( GEOMETRIC_REPRESENTATION_CONTEXT(2) 
PARAMETRIC_REPRESENTATION_CONTEXT() REPRESENTATION_CONTEXT('2D SPACE',''
  ) );
#2985 = ORIENTED_EDGE('',*,*,#2986,.T.);
#2986 = EDGE_CURVE('',#2964,#2987,#2989,.T.);
#2987 = VERTEX_POINT('',#2988);
#2988 = CARTESIAN_POINT('',(109.19722436226,5.,6.5));
#2989 = SURFACE_CURVE('',#2990,(#2994,#3001),.PCURVE_S1.);
#2990 = LINE('',#2991,#2992);
#2991 = CARTESIAN_POINT('',(10.,5.,6.5));
#2992 = VECTOR('',#2993,1.);
#2993 = DIRECTION('',(1.,0.,0.));
#2994 = PCURVE('',#1231,#2995);
#2995 = DEFINITIONAL_REPRESENTATION('',(#2996),#3000);
#2996 = LINE('',#2997,#2998);
#2997 = CARTESIAN_POINT('',(4.,0.));
#2998 = VECTOR('',#2999,1.);
#2999 = DIRECTION('',(0.,1.));
#3000 = ( GEOMETRIC_REPRESENTATION_CONTEXT(2) 
PARAMETRIC_REPRESENTATION_CONTEXT() REPRESENTATION_CONTEXT('2D SPACE',''
  ) );
#3001 = PCURVE('',#3002,#3007);
#3002 = PLANE('',#3003);
#3003 = AXIS2_PLACEMENT_3D('',#3004,#3005,#3006);
#3004 = CARTESIAN_POINT('',(10.,5.,6.5));
#3005 = DIRECTION('',(0.,0.,1.));
#3006 = DIRECTION('',(1.,0.,0.));
#3007 = DEFINITIONAL_REPRESENTATION('',(#3008),#3012);
#3008 = LINE('',#3009,#3010);
#3009 = CARTESIAN_POINT('',(0.,0.));
#3010 = VECTOR('',#3011,1.);
#3011 = DIRECTION('',(1.,0.));
#3012 = ( GEOMETRIC_REPRESENTATION_CONTEXT(2) 
PARAMETRIC_REPRESENTATION_CONTEXT() REPRESENTATION_CONTEXT('2D SPACE',''
  ) );
#3013 = ORIENTED_EDGE('',*,*,#3014,.T.);
#3014 = EDGE_CURVE('',#2987,#3015,#3017,.T.);
#3015 = VERTEX_POINT('',#3016);
#3016 = CARTESIAN_POINT('',(112.80277563773,5.,6.5));
#3017 = SURFACE_CURVE('',#3018,(#3022,#3029),.PCURVE_S1.);
#3018 = LINE('',#3019,#3020);
#3019 = CARTESIAN_POINT('',(10.,5.,6.5));
#3020 = VECTOR('',#3021,1.);
#3021 = DIRECTION('',(1.,0.,0.));
#3022 = PCURVE('',#1231,#3023);
#3023 = DEFINITIONAL_REPRESENTATION('',(#3024),#3028);
#3024 = LINE('',#3025,#3026);
#3025 = CARTESIAN_POINT('',(4.,0.));
#3026 = VECTOR('',#3027,1.);
#3027 = DIRECTION('',(0.,1.));
#3028 = ( GEOMETRIC_REPRESENTATION_CONTEXT(2) 
PARAMETRIC_REPRESENTATION_CONTEXT() REPRESENTATION_CONTEXT('2D SPACE',''
  ) );
#3029 = PCURVE('',#3030,#3035);
#3030 = PLANE('',#3031);
#3031 = AXIS2_PLACEMENT_3D('',#3032,#3033,#3034);
#3032 = CARTESIAN_POINT('',(111.,8.,6.5));
#3033 = DIRECTION('',(0.,0.,1.));
#3034 = DIRECTION('',(1.,0.,-0.));
#3035 = DEFINITIONAL_REPRESENTATION('',(#3036),#3040);
#3036 = LINE('',#3037,#3038);
#3037 = CARTESIAN_POINT('',(-101.,-3.));
#3038 = VECTOR('',#3039,1.);
#3039 = DIRECTION('',(1.,0.));
#3040 = ( GEOMETRIC_REPRESENTATION_CONTEXT(2) 
PARAMETRIC_REPRESENTATION_CONTEXT() REPRESENTATION_CONTEXT('2D SPACE',''
  ) );
#3041 = ORIENTED_EDGE('',*,*,#3042,.T.);
#3042 = EDGE_CURVE('',#3015,#3043,#3045,.T.);
#3043 = VERTEX_POINT('',#3044);
#3044 = CARTESIAN_POINT('',(137.19722436226,5.,6.5));
#3045 = SURFACE_CURVE('',#3046,(#3050,#3057),.PCURVE_S1.);
#3046 = LINE('',#3047,#3048);
#3047 = CARTESIAN_POINT('',(10.,5.,6.5));
#3048 = VECTOR('',#3049,1.);
#3049 = DIRECTION('',(1.,0.,0.));
#3050 = PCURVE('',#1231,#3051);
#3051 = DEFINITIONAL_REPRESENTATION('',(#3052),#3056);
#3052 = LINE('',#3053,#3054);
#3053 = CARTESIAN_POINT('',(4.,0.));
#3054 = VECTOR('',#3055,1.);
#3055 = DIRECTION('',(0.,1.));
#3056 = ( GEOMETRIC_REPRESENTATION_CONTEXT(2) 
PARAMETRIC_REPRESENTATION_CONTEXT() REPRESENTATION_CONTEXT('2D SPACE',''
  ) );
#3057 = PCURVE('',#3002,#3058);
#3058 = DEFINITIONAL_REPRESENTATION('',(#3059),#3063);
#3059 = LINE('',#3060,#3061);
#3060 = CARTESIAN_POINT('',(0.,0.));
#3061 = VECTOR('',#3062,1.);
#3062 = DIRECTION('',(1.,0.));
#3063 = ( GEOMETRIC_REPRESENTATION_CONTEXT(2) 
PARAMETRIC_REPRESENTATION_CONTEXT() REPRESENTATION_CONTEXT('2D SPACE',''
  ) );
#3064 = ORIENTED_EDGE('',*,*,#3065,.T.);
#3065 = EDGE_CURVE('',#3043,#3066,#3068,.T.);
#3066 = VERTEX_POINT('',#3067);
#3067 = CARTESIAN_POINT('',(140.80277563773,5.,6.5));
#3068 = SURFACE_CURVE('',#3069,(#3073,#3080),.PCURVE_S1.);
#3069 = LINE('',#3070,#3071);
#3070 = CARTESIAN_POINT('',(10.,5.,6.5));
#3071 = VECTOR('',#3072,1.);
#3072 = DIRECTION('',(1.,0.,0.));
#3073 = PCURVE('',#1231,#3074);
#3074 = DEFINITIONAL_REPRESENTATION('',(#3075),#3079);
#3075 = LINE('',#3076,#3077);
#3076 = CARTESIAN_POINT('',(4.,0.));
#3077 = VECTOR('',#3078,1.);
#3078 = DIRECTION('',(0.,1.));
#3079 = ( GEOMETRIC_REPRESENTATION_CONTEXT(2) 
PARAMETRIC_REPRESENTATION_CONTEXT() REPRESENTATION_CONTEXT('2D SPACE',''
  ) );
#3080 = PCURVE('',#3081,#3086);
#3081 = PLANE('',#3082);
#3082 = AXIS2_PLACEMENT_3D('',#3083,#3084,#3085);
#3083 = CARTESIAN_POINT('',(139.,8.,6.5));
#3084 = DIRECTION('',(0.,0.,1.));
#3085 = DIRECTION('',(1.,0.,-0.));
#3086 = DEFINITIONAL_REPRESENTATION('',(#3087),#3091);
#3087 = LINE('',#3088,#3089);
#3088 = CARTESIAN_POINT('',(-129.,-3.));
#3089 = VECTOR('',#3090,1.);
#3090 = DIRECTION('',(1.,0.));
#3091 = ( GEOMETRIC_REPRESENTATION_CONTEXT(2) 
PARAMETRIC_REPRESENTATION_CONTEXT() REPRESENTATION_CONTEXT('2D SPACE',''
  ) );
#3092 = ORIENTED_EDGE('',*,*,#3093,.T.);
#3093 = EDGE_CURVE('',#3066,#3094,#3096,.T.);
#3094 = VERTEX_POINT('',#3095);
#3095 = CARTESIAN_POINT('',(162.5,5.,6.5));
#3096 = SURFACE_CURVE('',#3097,(#3101,#3108),.PCURVE_S1.);
#3097 = LINE('',#3098,#3099);
#3098 = CARTESIAN_POINT('',(10.,5.,6.5));
#3099 = VECTOR('',#3100,1.);
#3100 = DIRECTION('',(1.,0.,0.));
#3101 = PCURVE('',#1231,#3102);
#3102 = DEFINITIONAL_REPRESENTATION('',(#3103),#3107);
#3103 = LINE('',#3104,#3105);
#3104 = CARTESIAN_POINT('',(4.,0.));
#3105 = VECTOR('',#3106,1.);
#3106 = DIRECTION('',(0.,1.));
#3107 = ( GEOMETRIC_REPRESENTATION_CONTEXT(2) 
PARAMETRIC_REPRESENTATION_CONTEXT() REPRESENTATION_CONTEXT('2D SPACE',''
  ) );
#3108 = PCURVE('',#3002,#3109);
#3109 = DEFINITIONAL_REPRESENTATION('',(#3110),#3114);
#3110 = LINE('',#3111,#3112);
#3111 = CARTESIAN_POINT('',(0.,0.));
#3112 = VECTOR('',#3113,1.);
#3113 = DIRECTION('',(1.,0.));
#3114 = ( GEOMETRIC_REPRESENTATION_CONTEXT(2) 
PARAMETRIC_REPRESENTATION_CONTEXT() REPRESENTATION_CONTEXT('2D SPACE',''
  ) );
#3115 = ORIENTED_EDGE('',*,*,#3116,.T.);
#3116 = EDGE_CURVE('',#3094,#3117,#3119,.T.);
#3117 = VERTEX_POINT('',#3118);
#3118 = CARTESIAN_POINT('',(162.5,5.,34.5));
#3119 = SURFACE_CURVE('',#3120,(#3124,#3131),.PCURVE_S1.);
#3120 = LINE('',#3121,#3122);
#3121 = CARTESIAN_POINT('',(162.5,5.,6.5));
#3122 = VECTOR('',#3123,1.);
#3123 = DIRECTION('',(0.,0.,1.));
#3124 = PCURVE('',#1231,#3125);
#3125 = DEFINITIONAL_REPRESENTATION('',(#3126),#3130);
#3126 = LINE('',#3127,#3128);
#3127 = CARTESIAN_POINT('',(4.,152.5));
#3128 = VECTOR('',#3129,1.);
#3129 = DIRECTION('',(1.,0.));
#3130 = ( GEOMETRIC_REPRESENTATION_CONTEXT(2) 
PARAMETRIC_REPRESENTATION_CONTEXT() REPRESENTATION_CONTEXT('2D SPACE',''
  ) );
#3131 = PCURVE('',#3132,#3137);
#3132 = PLANE('',#3133);
#3133 = AXIS2_PLACEMENT_3D('',#3134,#3135,#3136);
#3134 = CARTESIAN_POINT('',(162.5,5.,6.5));
#3135 = DIRECTION('',(1.,0.,0.));
#3136 = DIRECTION('',(0.,0.,1.));
#3137 = DEFINITIONAL_REPRESENTATION('',(#3138),#3142);
#3138 = LINE('',#3139,#3140);
#3139 = CARTESIAN_POINT('',(0.,0.));
#3140 = VECTOR('',#3141,1.);
#3141 = DIRECTION('',(1.,0.));
#3142 = ( GEOMETRIC_REPRESENTATION_CONTEXT(2) 
PARAMETRIC_REPRESENTATION_CONTEXT() REPRESENTATION_CONTEXT('2D SPACE',''
  ) );
#3143 = ORIENTED_EDGE('',*,*,#3144,.F.);
#3144 = EDGE_CURVE('',#3145,#3117,#3147,.T.);
#3145 = VERTEX_POINT('',#3146);
#3146 = CARTESIAN_POINT('',(200.9,5.,34.5));
#3147 = SURFACE_CURVE('',#3148,(#3152,#3159),.PCURVE_S1.);
#3148 = LINE('',#3149,#3150);
#3149 = CARTESIAN_POINT('',(200.9,5.,34.5));
#3150 = VECTOR('',#3151,1.);
#3151 = DIRECTION('',(-1.,0.,0.));
#3152 = PCURVE('',#1231,#3153);
#3153 = DEFINITIONAL_REPRESENTATION('',(#3154),#3158);
#3154 = LINE('',#3155,#3156);
#3155 = CARTESIAN_POINT('',(32.,190.9));
#3156 = VECTOR('',#3157,1.);
#3157 = DIRECTION('',(0.,-1.));
#3158 = ( GEOMETRIC_REPRESENTATION_CONTEXT(2) 
PARAMETRIC_REPRESENTATION_CONTEXT() REPRESENTATION_CONTEXT('2D SPACE',''
  ) );
#3159 = PCURVE('',#3160,#3165);
#3160 = PLANE('',#3161);
#3161 = AXIS2_PLACEMENT_3D('',#3162,#3163,#3164);
#3162 = CARTESIAN_POINT('',(162.5,5.,34.5));
#3163 = DIRECTION('',(0.,0.,1.));
#3164 = DIRECTION('',(1.,0.,0.));
#3165 = DEFINITIONAL_REPRESENTATION('',(#3166),#3170);
#3166 = LINE('',#3167,#3168);
#3167 = CARTESIAN_POINT('',(38.4,0.));
#3168 = VECTOR('',#3169,1.);
#3169 = DIRECTION('',(-1.,0.));
#3170 = ( GEOMETRIC_REPRESENTATION_CONTEXT(2) 
PARAMETRIC_REPRESENTATION_CONTEXT() REPRESENTATION_CONTEXT('2D SPACE',''
  ) );
#3171 = ORIENTED_EDGE('',*,*,#3172,.F.);
#3172 = EDGE_CURVE('',#3173,#3145,#3175,.T.);
#3173 = VERTEX_POINT('',#3174);
#3174 = CARTESIAN_POINT('',(200.9,5.,6.5));
#3175 = SURFACE_CURVE('',#3176,(#3180,#3187),.PCURVE_S1.);
#3176 = LINE('',#3177,#3178);
#3177 = CARTESIAN_POINT('',(200.9,5.,6.5));
#3178 = VECTOR('',#3179,1.);
#3179 = DIRECTION('',(0.,0.,1.));
#3180 = PCURVE('',#1231,#3181);
#3181 = DEFINITIONAL_REPRESENTATION('',(#3182),#3186);
#3182 = LINE('',#3183,#3184);
#3183 = CARTESIAN_POINT('',(4.,190.9));
#3184 = VECTOR('',#3185,1.);
#3185 = DIRECTION('',(1.,0.));
#3186 = ( GEOMETRIC_REPRESENTATION_CONTEXT(2) 
PARAMETRIC_REPRESENTATION_CONTEXT() REPRESENTATION_CONTEXT('2D SPACE',''
  ) );
#3187 = PCURVE('',#3188,#3193);
#3188 = PLANE('',#3189);
#3189 = AXIS2_PLACEMENT_3D('',#3190,#3191,#3192);
#3190 = CARTESIAN_POINT('',(200.9,5.,6.5));
#3191 = DIRECTION('',(1.,0.,0.));
#3192 = DIRECTION('',(0.,0.,1.));
#3193 = DEFINITIONAL_REPRESENTATION('',(#3194),#3198);
#3194 = LINE('',#3195,#3196);
#3195 = CARTESIAN_POINT('',(0.,0.));
#3196 = VECTOR('',#3197,1.);
#3197 = DIRECTION('',(1.,0.));
#3198 = ( GEOMETRIC_REPRESENTATION_CONTEXT(2) 
PARAMETRIC_REPRESENTATION_CONTEXT() REPRESENTATION_CONTEXT('2D SPACE',''
  ) );
#3199 = ORIENTED_EDGE('',*,*,#3200,.T.);
#3200 = EDGE_CURVE('',#3173,#2940,#3201,.T.);
#3201 = SURFACE_CURVE('',#3202,(#3206,#3213),.PCURVE_S1.);
#3202 = LINE('',#3203,#3204);
#3203 = CARTESIAN_POINT('',(10.,5.,6.5));
#3204 = VECTOR('',#3205,1.);
#3205 = DIRECTION('',(1.,0.,0.));
#3206 = PCURVE('',#1231,#3207);
#3207 = DEFINITIONAL_REPRESENTATION('',(#3208),#3212);
#3208 = LINE('',#3209,#3210);
#3209 = CARTESIAN_POINT('',(4.,0.));
#3210 = VECTOR('',#3211,1.);
#3211 = DIRECTION('',(0.,1.));
#3212 = ( GEOMETRIC_REPRESENTATION_CONTEXT(2) 
PARAMETRIC_REPRESENTATION_CONTEXT() REPRESENTATION_CONTEXT('2D SPACE',''
  ) );
#3213 = PCURVE('',#3214,#3219);
#3214 = PLANE('',#3215);
#3215 = AXIS2_PLACEMENT_3D('',#3216,#3217,#3218);
#3216 = CARTESIAN_POINT('',(10.,5.,6.5));
#3217 = DIRECTION('',(0.,0.,1.));
#3218 = DIRECTION('',(1.,0.,0.));
#3219 = DEFINITIONAL_REPRESENTATION('',(#3220),#3224);
#3220 = LINE('',#3221,#3222);
#3221 = CARTESIAN_POINT('',(0.,0.));
#3222 = VECTOR('',#3223,1.);
#3223 = DIRECTION('',(1.,0.));
#3224 = ( GEOMETRIC_REPRESENTATION_CONTEXT(2) 
PARAMETRIC_REPRESENTATION_CONTEXT() REPRESENTATION_CONTEXT('2D SPACE',''
  ) );
#3225 = ADVANCED_FACE('',(#3226,#3405),#3214,.T.);
#3226 = FACE_BOUND('',#3227,.T.);
#3227 = EDGE_LOOP('',(#3228,#3250,#3271,#3299,#3327,#3350,#3383,#3404));
#3228 = ORIENTED_EDGE('',*,*,#3229,.F.);
#3229 = EDGE_CURVE('',#3230,#2940,#3232,.T.);
#3230 = VERTEX_POINT('',#3231);
#3231 = CARTESIAN_POINT('',(221.4,6.,6.5));
#3232 = SURFACE_CURVE('',#3233,(#3237,#3243),.PCURVE_S1.);
#3233 = LINE('',#3234,#3235);
#3234 = CARTESIAN_POINT('',(221.4,2.5,6.5));
#3235 = VECTOR('',#3236,1.);
#3236 = DIRECTION('',(0.,-1.,0.));
#3237 = PCURVE('',#3214,#3238);
#3238 = DEFINITIONAL_REPRESENTATION('',(#3239),#3242);
#3239 = B_SPLINE_CURVE_WITH_KNOTS('',1,(#3240,#3241),.UNSPECIFIED.,.F.,
  .F.,(2,2),(-3.5,-2.5),.PIECEWISE_BEZIER_KNOTS.);
#3240 = CARTESIAN_POINT('',(211.4,1.));
#3241 = CARTESIAN_POINT('',(211.4,0.));
#3242 = ( GEOMETRIC_REPRESENTATION_CONTEXT(2) 
PARAMETRIC_REPRESENTATION_CONTEXT() REPRESENTATION_CONTEXT('2D SPACE',''
  ) );
#3243 = PCURVE('',#1203,#3244);
#3244 = DEFINITIONAL_REPRESENTATION('',(#3245),#3249);
#3245 = LINE('',#3246,#3247);
#3246 = CARTESIAN_POINT('',(3.,-2.5));
#3247 = VECTOR('',#3248,1.);
#3248 = DIRECTION('',(0.,1.));
#3249 = ( GEOMETRIC_REPRESENTATION_CONTEXT(2) 
PARAMETRIC_REPRESENTATION_CONTEXT() REPRESENTATION_CONTEXT('2D SPACE',''
  ) );
#3250 = ORIENTED_EDGE('',*,*,#3251,.T.);
#3251 = EDGE_CURVE('',#3230,#3252,#3254,.T.);
#3252 = VERTEX_POINT('',#3253);
#3253 = CARTESIAN_POINT('',(222.4,6.,6.5));
#3254 = SURFACE_CURVE('',#3255,(#3259,#3265),.PCURVE_S1.);
#3255 = LINE('',#3256,#3257);
#3256 = CARTESIAN_POINT('',(6.25,6.,6.5));
#3257 = VECTOR('',#3258,1.);
#3258 = DIRECTION('',(1.,0.,0.));
#3259 = PCURVE('',#3214,#3260);
#3260 = DEFINITIONAL_REPRESENTATION('',(#3261),#3264);
#3261 = B_SPLINE_CURVE_WITH_KNOTS('',1,(#3262,#3263),.UNSPECIFIED.,.F.,
  .F.,(2,2),(3.75,216.15),.PIECEWISE_BEZIER_KNOTS.);
#3262 = CARTESIAN_POINT('',(0.,1.));
#3263 = CARTESIAN_POINT('',(212.4,1.));
#3264 = ( GEOMETRIC_REPRESENTATION_CONTEXT(2) 
PARAMETRIC_REPRESENTATION_CONTEXT() REPRESENTATION_CONTEXT('2D SPACE',''
  ) );
#3265 = PCURVE('',#658,#3266);
#3266 = DEFINITIONAL_REPRESENTATION('',(#3267),#3270);
#3267 = B_SPLINE_CURVE_WITH_KNOTS('',1,(#3268,#3269),.UNSPECIFIED.,.F.,
  .F.,(2,2),(3.75,216.15),.PIECEWISE_BEZIER_KNOTS.);
#3268 = CARTESIAN_POINT('',(4.,7.5));
#3269 = CARTESIAN_POINT('',(4.,219.9));
#3270 = ( GEOMETRIC_REPRESENTATION_CONTEXT(2) 
PARAMETRIC_REPRESENTATION_CONTEXT() REPRESENTATION_CONTEXT('2D SPACE',''
  ) );
#3271 = ORIENTED_EDGE('',*,*,#3272,.T.);
#3272 = EDGE_CURVE('',#3252,#3273,#3275,.T.);
#3273 = VERTEX_POINT('',#3274);
#3274 = CARTESIAN_POINT('',(222.4,40.5,6.5));
#3275 = SURFACE_CURVE('',#3276,(#3280,#3287),.PCURVE_S1.);
#3276 = LINE('',#3277,#3278);
#3277 = CARTESIAN_POINT('',(222.4,5.,6.5));
#3278 = VECTOR('',#3279,1.);
#3279 = DIRECTION('',(0.,1.,0.));
#3280 = PCURVE('',#3214,#3281);
#3281 = DEFINITIONAL_REPRESENTATION('',(#3282),#3286);
#3282 = LINE('',#3283,#3284);
#3283 = CARTESIAN_POINT('',(212.4,0.));
#3284 = VECTOR('',#3285,1.);
#3285 = DIRECTION('',(0.,1.));
#3286 = ( GEOMETRIC_REPRESENTATION_CONTEXT(2) 
PARAMETRIC_REPRESENTATION_CONTEXT() REPRESENTATION_CONTEXT('2D SPACE',''
  ) );
#3287 = PCURVE('',#3288,#3293);
#3288 = PLANE('',#3289);
#3289 = AXIS2_PLACEMENT_3D('',#3290,#3291,#3292);
#3290 = CARTESIAN_POINT('',(222.4,-1.,2.5));
#3291 = DIRECTION('',(1.,0.,0.));
#3292 = DIRECTION('',(0.,0.,1.));
#3293 = DEFINITIONAL_REPRESENTATION('',(#3294),#3298);
#3294 = LINE('',#3295,#3296);
#3295 = CARTESIAN_POINT('',(4.,-6.));
#3296 = VECTOR('',#3297,1.);
#3297 = DIRECTION('',(0.,-1.));
#3298 = ( GEOMETRIC_REPRESENTATION_CONTEXT(2) 
PARAMETRIC_REPRESENTATION_CONTEXT() REPRESENTATION_CONTEXT('2D SPACE',''
  ) );
#3299 = ORIENTED_EDGE('',*,*,#3300,.F.);
#3300 = EDGE_CURVE('',#3301,#3273,#3303,.T.);
#3301 = VERTEX_POINT('',#3302);
#3302 = CARTESIAN_POINT('',(200.9,40.5,6.5));
#3303 = SURFACE_CURVE('',#3304,(#3308,#3315),.PCURVE_S1.);
#3304 = LINE('',#3305,#3306);
#3305 = CARTESIAN_POINT('',(10.,40.5,6.5));
#3306 = VECTOR('',#3307,1.);
#3307 = DIRECTION('',(1.,0.,0.));
#3308 = PCURVE('',#3214,#3309);
#3309 = DEFINITIONAL_REPRESENTATION('',(#3310),#3314);
#3310 = LINE('',#3311,#3312);
#3311 = CARTESIAN_POINT('',(0.,35.5));
#3312 = VECTOR('',#3313,1.);
#3313 = DIRECTION('',(1.,0.));
#3314 = ( GEOMETRIC_REPRESENTATION_CONTEXT(2) 
PARAMETRIC_REPRESENTATION_CONTEXT() REPRESENTATION_CONTEXT('2D SPACE',''
  ) );
#3315 = PCURVE('',#3316,#3321);
#3316 = PLANE('',#3317);
#3317 = AXIS2_PLACEMENT_3D('',#3318,#3319,#3320);
#3318 = CARTESIAN_POINT('',(2.5,40.5,2.5));
#3319 = DIRECTION('',(0.,1.,0.));
#3320 = DIRECTION('',(0.,0.,1.));
#3321 = DEFINITIONAL_REPRESENTATION('',(#3322),#3326);
#3322 = LINE('',#3323,#3324);
#3323 = CARTESIAN_POINT('',(4.,7.5));
#3324 = VECTOR('',#3325,1.);
#3325 = DIRECTION('',(0.,1.));
#3326 = ( GEOMETRIC_REPRESENTATION_CONTEXT(2) 
PARAMETRIC_REPRESENTATION_CONTEXT() REPRESENTATION_CONTEXT('2D SPACE',''
  ) );
#3327 = ORIENTED_EDGE('',*,*,#3328,.F.);
#3328 = EDGE_CURVE('',#3329,#3301,#3331,.T.);
#3329 = VERTEX_POINT('',#3330);
#3330 = CARTESIAN_POINT('',(200.9,15.8,6.5));
#3331 = SURFACE_CURVE('',#3332,(#3336,#3343),.PCURVE_S1.);
#3332 = LINE('',#3333,#3334);
#3333 = CARTESIAN_POINT('',(200.9,5.,6.5));
#3334 = VECTOR('',#3335,1.);
#3335 = DIRECTION('',(0.,1.,0.));
#3336 = PCURVE('',#3214,#3337);
#3337 = DEFINITIONAL_REPRESENTATION('',(#3338),#3342);
#3338 = LINE('',#3339,#3340);
#3339 = CARTESIAN_POINT('',(190.9,0.));
#3340 = VECTOR('',#3341,1.);
#3341 = DIRECTION('',(0.,1.));
#3342 = ( GEOMETRIC_REPRESENTATION_CONTEXT(2) 
PARAMETRIC_REPRESENTATION_CONTEXT() REPRESENTATION_CONTEXT('2D SPACE',''
  ) );
#3343 = PCURVE('',#3188,#3344);
#3344 = DEFINITIONAL_REPRESENTATION('',(#3345),#3349);
#3345 = LINE('',#3346,#3347);
#3346 = CARTESIAN_POINT('',(0.,0.));
#3347 = VECTOR('',#3348,1.);
#3348 = DIRECTION('',(0.,-1.));
#3349 = ( GEOMETRIC_REPRESENTATION_CONTEXT(2) 
PARAMETRIC_REPRESENTATION_CONTEXT() REPRESENTATION_CONTEXT('2D SPACE',''
  ) );
#3350 = ORIENTED_EDGE('',*,*,#3351,.T.);
#3351 = EDGE_CURVE('',#3329,#3352,#3354,.T.);
#3352 = VERTEX_POINT('',#3353);
#3353 = CARTESIAN_POINT('',(200.9,13.4,6.5));
#3354 = SURFACE_CURVE('',#3355,(#3360,#3371),.PCURVE_S1.);
#3355 = CIRCLE('',#3356,1.3);
#3356 = AXIS2_PLACEMENT_3D('',#3357,#3358,#3359);
#3357 = CARTESIAN_POINT('',(201.4,14.6,6.5));
#3358 = DIRECTION('',(0.,0.,-1.));
#3359 = DIRECTION('',(-0.384615384615,0.923076923077,0.));
#3360 = PCURVE('',#3214,#3361);
#3361 = DEFINITIONAL_REPRESENTATION('',(#3362),#3370);
#3362 = ( BOUNDED_CURVE() B_SPLINE_CURVE(2,(#3363,#3364,#3365,#3366,
#3367,#3368,#3369),.UNSPECIFIED.,.T.,.F.) B_SPLINE_CURVE_WITH_KNOTS((1,2
    ,2,2,2,1),(-2.094395102393,0.,2.094395102393,4.188790204786,
6.28318530718,8.377580409573),.UNSPECIFIED.) CURVE() 
GEOMETRIC_REPRESENTATION_ITEM() RATIONAL_B_SPLINE_CURVE((1.,0.5,1.,0.5,
1.,0.5,1.)) REPRESENTATION_ITEM('') );
#3363 = CARTESIAN_POINT('',(190.9,10.8));
#3364 = CARTESIAN_POINT('',(192.97846096908,11.666025403784));
#3365 = CARTESIAN_POINT('',(192.68923048454,9.433012701892));
#3366 = CARTESIAN_POINT('',(192.4,7.2));
#3367 = CARTESIAN_POINT('',(190.61076951545,8.566987298108));
#3368 = CARTESIAN_POINT('',(188.82153903091,9.933974596215));
#3369 = CARTESIAN_POINT('',(190.9,10.8));
#3370 = ( GEOMETRIC_REPRESENTATION_CONTEXT(2) 
PARAMETRIC_REPRESENTATION_CONTEXT() REPRESENTATION_CONTEXT('2D SPACE',''
  ) );
#3371 = PCURVE('',#3372,#3377);
#3372 = CYLINDRICAL_SURFACE('',#3373,1.3);
#3373 = AXIS2_PLACEMENT_3D('',#3374,#3375,#3376);
#3374 = CARTESIAN_POINT('',(201.4,14.6,6.5));
#3375 = DIRECTION('',(-0.,-0.,-1.));
#3376 = DIRECTION('',(1.,0.,0.));
#3377 = DEFINITIONAL_REPRESENTATION('',(#3378),#3382);
#3378 = LINE('',#3379,#3380);
#3379 = CARTESIAN_POINT('',(-8.248772753674,0.));
#3380 = VECTOR('',#3381,1.);
#3381 = DIRECTION('',(1.,-0.));
#3382 = ( GEOMETRIC_REPRESENTATION_CONTEXT(2) 
PARAMETRIC_REPRESENTATION_CONTEXT() REPRESENTATION_CONTEXT('2D SPACE',''
  ) );
#3383 = ORIENTED_EDGE('',*,*,#3384,.T.);
#3384 = EDGE_CURVE('',#3352,#3173,#3385,.T.);
#3385 = SURFACE_CURVE('',#3386,(#3390,#3397),.PCURVE_S1.);
#3386 = LINE('',#3387,#3388);
#3387 = CARTESIAN_POINT('',(200.9,13.4,6.5));
#3388 = VECTOR('',#3389,1.);
#3389 = DIRECTION('',(3.383536836953E-15,-1.,0.));
#3390 = PCURVE('',#3214,#3391);
#3391 = DEFINITIONAL_REPRESENTATION('',(#3392),#3396);
#3392 = LINE('',#3393,#3394);
#3393 = CARTESIAN_POINT('',(190.9,8.4));
#3394 = VECTOR('',#3395,1.);
#3395 = DIRECTION('',(3.383536836953E-15,-1.));
#3396 = ( GEOMETRIC_REPRESENTATION_CONTEXT(2) 
PARAMETRIC_REPRESENTATION_CONTEXT() REPRESENTATION_CONTEXT('2D SPACE',''
  ) );
#3397 = PCURVE('',#3188,#3398);
#3398 = DEFINITIONAL_REPRESENTATION('',(#3399),#3403);
#3399 = LINE('',#3400,#3401);
#3400 = CARTESIAN_POINT('',(0.,-8.4));
#3401 = VECTOR('',#3402,1.);
#3402 = DIRECTION('',(0.,1.));
#3403 = ( GEOMETRIC_REPRESENTATION_CONTEXT(2) 
PARAMETRIC_REPRESENTATION_CONTEXT() REPRESENTATION_CONTEXT('2D SPACE',''
  ) );
#3404 = ORIENTED_EDGE('',*,*,#3200,.T.);
#3405 = FACE_BOUND('',#3406,.T.);
#3406 = EDGE_LOOP('',(#3407));
#3407 = ORIENTED_EDGE('',*,*,#3408,.F.);
#3408 = EDGE_CURVE('',#3409,#3409,#3411,.T.);
#3409 = VERTEX_POINT('',#3410);
#3410 = CARTESIAN_POINT('',(208.44,9.8,6.5));
#3411 = SURFACE_CURVE('',#3412,(#3417,#3424),.PCURVE_S1.);
#3412 = CIRCLE('',#3413,3.5);
#3413 = AXIS2_PLACEMENT_3D('',#3414,#3415,#3416);
#3414 = CARTESIAN_POINT('',(204.94,9.8,6.5));
#3415 = DIRECTION('',(0.,0.,1.));
#3416 = DIRECTION('',(1.,0.,0.));
#3417 = PCURVE('',#3214,#3418);
#3418 = DEFINITIONAL_REPRESENTATION('',(#3419),#3423);
#3419 = CIRCLE('',#3420,3.5);
#3420 = AXIS2_PLACEMENT_2D('',#3421,#3422);
#3421 = CARTESIAN_POINT('',(194.94,4.8));
#3422 = DIRECTION('',(1.,0.));
#3423 = ( GEOMETRIC_REPRESENTATION_CONTEXT(2) 
PARAMETRIC_REPRESENTATION_CONTEXT() REPRESENTATION_CONTEXT('2D SPACE',''
  ) );
#3424 = PCURVE('',#3425,#3430);
#3425 = CYLINDRICAL_SURFACE('',#3426,3.5);
#3426 = AXIS2_PLACEMENT_3D('',#3427,#3428,#3429);
#3427 = CARTESIAN_POINT('',(204.94,9.8,6.5));
#3428 = DIRECTION('',(-0.,-0.,-1.));
#3429 = DIRECTION('',(1.,0.,0.));
#3430 = DEFINITIONAL_REPRESENTATION('',(#3431),#3435);
#3431 = LINE('',#3432,#3433);
#3432 = CARTESIAN_POINT('',(-0.,0.));
#3433 = VECTOR('',#3434,1.);
#3434 = DIRECTION('',(-1.,0.));
#3435 = ( GEOMETRIC_REPRESENTATION_CONTEXT(2) 
PARAMETRIC_REPRESENTATION_CONTEXT() REPRESENTATION_CONTEXT('2D SPACE',''
  ) );
#3436 = ADVANCED_FACE('',(#3437),#3425,.T.);
#3437 = FACE_BOUND('',#3438,.F.);
#3438 = EDGE_LOOP('',(#3439,#3462,#3489,#3490));
#3439 = ORIENTED_EDGE('',*,*,#3440,.T.);
#3440 = EDGE_CURVE('',#3409,#3441,#3443,.T.);
#3441 = VERTEX_POINT('',#3442);
#3442 = CARTESIAN_POINT('',(208.44,9.8,16.98));
#3443 = SEAM_CURVE('',#3444,(#3448,#3455),.PCURVE_S1.);
#3444 = LINE('',#3445,#3446);
#3445 = CARTESIAN_POINT('',(208.44,9.8,6.5));
#3446 = VECTOR('',#3447,1.);
#3447 = DIRECTION('',(0.,0.,1.));
#3448 = PCURVE('',#3425,#3449);
#3449 = DEFINITIONAL_REPRESENTATION('',(#3450),#3454);
#3450 = LINE('',#3451,#3452);
#3451 = CARTESIAN_POINT('',(-0.,0.));
#3452 = VECTOR('',#3453,1.);
#3453 = DIRECTION('',(-0.,-1.));
#3454 = ( GEOMETRIC_REPRESENTATION_CONTEXT(2) 
PARAMETRIC_REPRESENTATION_CONTEXT() REPRESENTATION_CONTEXT('2D SPACE',''
  ) );
#3455 = PCURVE('',#3425,#3456);
#3456 = DEFINITIONAL_REPRESENTATION('',(#3457),#3461);
#3457 = LINE('',#3458,#3459);
#3458 = CARTESIAN_POINT('',(-6.28318530718,0.));
#3459 = VECTOR('',#3460,1.);
#3460 = DIRECTION('',(-0.,-1.));
#3461 = ( GEOMETRIC_REPRESENTATION_CONTEXT(2) 
PARAMETRIC_REPRESENTATION_CONTEXT() REPRESENTATION_CONTEXT('2D SPACE',''
  ) );
#3462 = ORIENTED_EDGE('',*,*,#3463,.T.);
#3463 = EDGE_CURVE('',#3441,#3441,#3464,.T.);
#3464 = SURFACE_CURVE('',#3465,(#3470,#3477),.PCURVE_S1.);
#3465 = CIRCLE('',#3466,3.5);
#3466 = AXIS2_PLACEMENT_3D('',#3467,#3468,#3469);
#3467 = CARTESIAN_POINT('',(204.94,9.8,16.98));
#3468 = DIRECTION('',(0.,0.,1.));
#3469 = DIRECTION('',(1.,0.,0.));
#3470 = PCURVE('',#3425,#3471);
#3471 = DEFINITIONAL_REPRESENTATION('',(#3472),#3476);
#3472 = LINE('',#3473,#3474);
#3473 = CARTESIAN_POINT('',(-0.,-10.48));
#3474 = VECTOR('',#3475,1.);
#3475 = DIRECTION('',(-1.,0.));
#3476 = ( GEOMETRIC_REPRESENTATION_CONTEXT(2) 
PARAMETRIC_REPRESENTATION_CONTEXT() REPRESENTATION_CONTEXT('2D SPACE',''
  ) );
#3477 = PCURVE('',#3478,#3483);
#3478 = PLANE('',#3479);
#3479 = AXIS2_PLACEMENT_3D('',#3480,#3481,#3482);
#3480 = CARTESIAN_POINT('',(204.94,9.8,16.98));
#3481 = DIRECTION('',(0.,0.,1.));
#3482 = DIRECTION('',(1.,0.,-0.));
#3483 = DEFINITIONAL_REPRESENTATION('',(#3484),#3488);
#3484 = CIRCLE('',#3485,3.5);
#3485 = AXIS2_PLACEMENT_2D('',#3486,#3487);
#3486 = CARTESIAN_POINT('',(0.,-1.7763568394E-15));
#3487 = DIRECTION('',(1.,0.));
#3488 = ( GEOMETRIC_REPRESENTATION_CONTEXT(2) 
PARAMETRIC_REPRESENTATION_CONTEXT() REPRESENTATION_CONTEXT('2D SPACE',''
  ) );
#3489 = ORIENTED_EDGE('',*,*,#3440,.F.);
#3490 = ORIENTED_EDGE('',*,*,#3408,.F.);
#3491 = ADVANCED_FACE('',(#3492,#3495),#3478,.T.);
#3492 = FACE_BOUND('',#3493,.T.);
#3493 = EDGE_LOOP('',(#3494));
#3494 = ORIENTED_EDGE('',*,*,#3463,.T.);
#3495 = FACE_BOUND('',#3496,.T.);
#3496 = EDGE_LOOP('',(#3497));
#3497 = ORIENTED_EDGE('',*,*,#3498,.T.);
#3498 = EDGE_CURVE('',#3499,#3499,#3501,.T.);
#3499 = VERTEX_POINT('',#3500);
#3500 = CARTESIAN_POINT('',(203.355,9.8,16.98));
#3501 = SURFACE_CURVE('',#3502,(#3507,#3518),.PCURVE_S1.);
#3502 = CIRCLE('',#3503,1.585);
#3503 = AXIS2_PLACEMENT_3D('',#3504,#3505,#3506);
#3504 = CARTESIAN_POINT('',(204.94,9.8,16.98));
#3505 = DIRECTION('',(0.,0.,-1.));
#3506 = DIRECTION('',(-1.,0.,0.));
#3507 = PCURVE('',#3478,#3508);
#3508 = DEFINITIONAL_REPRESENTATION('',(#3509),#3517);
#3509 = ( BOUNDED_CURVE() B_SPLINE_CURVE(2,(#3510,#3511,#3512,#3513,
#3514,#3515,#3516),.UNSPECIFIED.,.T.,.F.) B_SPLINE_CURVE_WITH_KNOTS((1,2
    ,2,2,2,1),(-2.094395102393,0.,2.094395102393,4.188790204786,
6.28318530718,8.377580409573),.UNSPECIFIED.) CURVE() 
GEOMETRIC_REPRESENTATION_ITEM() RATIONAL_B_SPLINE_CURVE((1.,0.5,1.,0.5,
1.,0.5,1.)) REPRESENTATION_ITEM('') );
#3510 = CARTESIAN_POINT('',(-1.585,-1.7763568394E-15));
#3511 = CARTESIAN_POINT('',(-1.585,2.745300529997));
#3512 = CARTESIAN_POINT('',(0.7925,1.372650264998));
#3513 = CARTESIAN_POINT('',(3.17,-1.388143804071E-15));
#3514 = CARTESIAN_POINT('',(0.7925,-1.372650264998));
#3515 = CARTESIAN_POINT('',(-1.585,-2.745300529997));
#3516 = CARTESIAN_POINT('',(-1.585,-1.7763568394E-15));
#3517 = ( GEOMETRIC_REPRESENTATION_CONTEXT(2) 
PARAMETRIC_REPRESENTATION_CONTEXT() REPRESENTATION_CONTEXT('2D SPACE',''
  ) );
#3518 = PCURVE('',#3519,#3524);
#3519 = CYLINDRICAL_SURFACE('',#3520,1.585);
#3520 = AXIS2_PLACEMENT_3D('',#3521,#3522,#3523);
#3521 = CARTESIAN_POINT('',(204.94,9.8,16.98));
#3522 = DIRECTION('',(0.,0.,-1.));
#3523 = DIRECTION('',(-1.,0.,0.));
#3524 = DEFINITIONAL_REPRESENTATION('',(#3525),#3529);
#3525 = LINE('',#3526,#3527);
#3526 = CARTESIAN_POINT('',(0.,0.));
#3527 = VECTOR('',#3528,1.);
#3528 = DIRECTION('',(1.,0.));
#3529 = ( GEOMETRIC_REPRESENTATION_CONTEXT(2) 
PARAMETRIC_REPRESENTATION_CONTEXT() REPRESENTATION_CONTEXT('2D SPACE',''
  ) );
#3530 = ADVANCED_FACE('',(#3531),#3519,.F.);
#3531 = FACE_BOUND('',#3532,.F.);
#3532 = EDGE_LOOP('',(#3533,#3562,#3583,#3584));
#3533 = ORIENTED_EDGE('',*,*,#3534,.F.);
#3534 = EDGE_CURVE('',#3535,#3535,#3537,.T.);
#3535 = VERTEX_POINT('',#3536);
#3536 = CARTESIAN_POINT('',(203.355,9.8,12.5));
#3537 = SURFACE_CURVE('',#3538,(#3543,#3550),.PCURVE_S1.);
#3538 = CIRCLE('',#3539,1.585);
#3539 = AXIS2_PLACEMENT_3D('',#3540,#3541,#3542);
#3540 = CARTESIAN_POINT('',(204.94,9.8,12.5));
#3541 = DIRECTION('',(0.,0.,-1.));
#3542 = DIRECTION('',(-1.,0.,0.));
#3543 = PCURVE('',#3519,#3544);
#3544 = DEFINITIONAL_REPRESENTATION('',(#3545),#3549);
#3545 = LINE('',#3546,#3547);
#3546 = CARTESIAN_POINT('',(0.,4.48));
#3547 = VECTOR('',#3548,1.);
#3548 = DIRECTION('',(1.,0.));
#3549 = ( GEOMETRIC_REPRESENTATION_CONTEXT(2) 
PARAMETRIC_REPRESENTATION_CONTEXT() REPRESENTATION_CONTEXT('2D SPACE',''
  ) );
#3550 = PCURVE('',#3551,#3556);
#3551 = PLANE('',#3552);
#3552 = AXIS2_PLACEMENT_3D('',#3553,#3554,#3555);
#3553 = CARTESIAN_POINT('',(204.94,9.8,12.5));
#3554 = DIRECTION('',(0.,0.,-1.));
#3555 = DIRECTION('',(-1.,0.,0.));
#3556 = DEFINITIONAL_REPRESENTATION('',(#3557),#3561);
#3557 = CIRCLE('',#3558,1.585);
#3558 = AXIS2_PLACEMENT_2D('',#3559,#3560);
#3559 = CARTESIAN_POINT('',(0.,0.));
#3560 = DIRECTION('',(1.,0.));
#3561 = ( GEOMETRIC_REPRESENTATION_CONTEXT(2) 
PARAMETRIC_REPRESENTATION_CONTEXT() REPRESENTATION_CONTEXT('2D SPACE',''
  ) );
#3562 = ORIENTED_EDGE('',*,*,#3563,.F.);
#3563 = EDGE_CURVE('',#3499,#3535,#3564,.T.);
#3564 = SEAM_CURVE('',#3565,(#3569,#3576),.PCURVE_S1.);
#3565 = LINE('',#3566,#3567);
#3566 = CARTESIAN_POINT('',(203.355,9.8,16.98));
#3567 = VECTOR('',#3568,1.);
#3568 = DIRECTION('',(0.,0.,-1.));
#3569 = PCURVE('',#3519,#3570);
#3570 = DEFINITIONAL_REPRESENTATION('',(#3571),#3575);
#3571 = LINE('',#3572,#3573);
#3572 = CARTESIAN_POINT('',(6.28318530718,-0.));
#3573 = VECTOR('',#3574,1.);
#3574 = DIRECTION('',(0.,1.));
#3575 = ( GEOMETRIC_REPRESENTATION_CONTEXT(2) 
PARAMETRIC_REPRESENTATION_CONTEXT() REPRESENTATION_CONTEXT('2D SPACE',''
  ) );
#3576 = PCURVE('',#3519,#3577);
#3577 = DEFINITIONAL_REPRESENTATION('',(#3578),#3582);
#3578 = LINE('',#3579,#3580);
#3579 = CARTESIAN_POINT('',(0.,-0.));
#3580 = VECTOR('',#3581,1.);
#3581 = DIRECTION('',(0.,1.));
#3582 = ( GEOMETRIC_REPRESENTATION_CONTEXT(2) 
PARAMETRIC_REPRESENTATION_CONTEXT() REPRESENTATION_CONTEXT('2D SPACE',''
  ) );
#3583 = ORIENTED_EDGE('',*,*,#3498,.T.);
#3584 = ORIENTED_EDGE('',*,*,#3563,.T.);
#3585 = ADVANCED_FACE('',(#3586,#3589),#3551,.F.);
#3586 = FACE_BOUND('',#3587,.F.);
#3587 = EDGE_LOOP('',(#3588));
#3588 = ORIENTED_EDGE('',*,*,#3534,.T.);
#3589 = FACE_BOUND('',#3590,.F.);
#3590 = EDGE_LOOP('',(#3591));
#3591 = ORIENTED_EDGE('',*,*,#3592,.F.);
#3592 = EDGE_CURVE('',#3593,#3593,#3595,.T.);
#3593 = VERTEX_POINT('',#3594);
#3594 = CARTESIAN_POINT('',(203.49,9.8,12.5));
#3595 = SURFACE_CURVE('',#3596,(#3601,#3608),.PCURVE_S1.);
#3596 = CIRCLE('',#3597,1.45);
#3597 = AXIS2_PLACEMENT_3D('',#3598,#3599,#3600);
#3598 = CARTESIAN_POINT('',(204.94,9.8,12.5));
#3599 = DIRECTION('',(0.,0.,-1.));
#3600 = DIRECTION('',(-1.,0.,0.));
#3601 = PCURVE('',#3551,#3602);
#3602 = DEFINITIONAL_REPRESENTATION('',(#3603),#3607);
#3603 = CIRCLE('',#3604,1.45);
#3604 = AXIS2_PLACEMENT_2D('',#3605,#3606);
#3605 = CARTESIAN_POINT('',(0.,0.));
#3606 = DIRECTION('',(1.,0.));
#3607 = ( GEOMETRIC_REPRESENTATION_CONTEXT(2) 
PARAMETRIC_REPRESENTATION_CONTEXT() REPRESENTATION_CONTEXT('2D SPACE',''
  ) );
#3608 = PCURVE('',#3609,#3614);
#3609 = CYLINDRICAL_SURFACE('',#3610,1.45);
#3610 = AXIS2_PLACEMENT_3D('',#3611,#3612,#3613);
#3611 = CARTESIAN_POINT('',(204.94,9.8,16.98));
#3612 = DIRECTION('',(0.,0.,-1.));
#3613 = DIRECTION('',(-1.,0.,0.));
#3614 = DEFINITIONAL_REPRESENTATION('',(#3615),#3619);
#3615 = LINE('',#3616,#3617);
#3616 = CARTESIAN_POINT('',(0.,4.48));
#3617 = VECTOR('',#3618,1.);
#3618 = DIRECTION('',(1.,0.));
#3619 = ( GEOMETRIC_REPRESENTATION_CONTEXT(2) 
PARAMETRIC_REPRESENTATION_CONTEXT() REPRESENTATION_CONTEXT('2D SPACE',''
  ) );
#3620 = ADVANCED_FACE('',(#3621),#3609,.F.);
#3621 = FACE_BOUND('',#3622,.F.);
#3622 = EDGE_LOOP('',(#3623,#3646,#3673,#3674));
#3623 = ORIENTED_EDGE('',*,*,#3624,.T.);
#3624 = EDGE_CURVE('',#3593,#3625,#3627,.T.);
#3625 = VERTEX_POINT('',#3626);
#3626 = CARTESIAN_POINT('',(203.49,9.8,8.5));
#3627 = SEAM_CURVE('',#3628,(#3632,#3639),.PCURVE_S1.);
#3628 = LINE('',#3629,#3630);
#3629 = CARTESIAN_POINT('',(203.49,9.8,16.98));
#3630 = VECTOR('',#3631,1.);
#3631 = DIRECTION('',(0.,0.,-1.));
#3632 = PCURVE('',#3609,#3633);
#3633 = DEFINITIONAL_REPRESENTATION('',(#3634),#3638);
#3634 = LINE('',#3635,#3636);
#3635 = CARTESIAN_POINT('',(6.28318530718,-0.));
#3636 = VECTOR('',#3637,1.);
#3637 = DIRECTION('',(0.,1.));
#3638 = ( GEOMETRIC_REPRESENTATION_CONTEXT(2) 
PARAMETRIC_REPRESENTATION_CONTEXT() REPRESENTATION_CONTEXT('2D SPACE',''
  ) );
#3639 = PCURVE('',#3609,#3640);
#3640 = DEFINITIONAL_REPRESENTATION('',(#3641),#3645);
#3641 = LINE('',#3642,#3643);
#3642 = CARTESIAN_POINT('',(0.,-0.));
#3643 = VECTOR('',#3644,1.);
#3644 = DIRECTION('',(0.,1.));
#3645 = ( GEOMETRIC_REPRESENTATION_CONTEXT(2) 
PARAMETRIC_REPRESENTATION_CONTEXT() REPRESENTATION_CONTEXT('2D SPACE',''
  ) );
#3646 = ORIENTED_EDGE('',*,*,#3647,.F.);
#3647 = EDGE_CURVE('',#3625,#3625,#3648,.T.);
#3648 = SURFACE_CURVE('',#3649,(#3654,#3661),.PCURVE_S1.);
#3649 = CIRCLE('',#3650,1.45);
#3650 = AXIS2_PLACEMENT_3D('',#3651,#3652,#3653);
#3651 = CARTESIAN_POINT('',(204.94,9.8,8.5));
#3652 = DIRECTION('',(0.,0.,-1.));
#3653 = DIRECTION('',(-1.,0.,0.));
#3654 = PCURVE('',#3609,#3655);
#3655 = DEFINITIONAL_REPRESENTATION('',(#3656),#3660);
#3656 = LINE('',#3657,#3658);
#3657 = CARTESIAN_POINT('',(0.,8.48));
#3658 = VECTOR('',#3659,1.);
#3659 = DIRECTION('',(1.,0.));
#3660 = ( GEOMETRIC_REPRESENTATION_CONTEXT(2) 
PARAMETRIC_REPRESENTATION_CONTEXT() REPRESENTATION_CONTEXT('2D SPACE',''
  ) );
#3661 = PCURVE('',#3662,#3667);
#3662 = PLANE('',#3663);
#3663 = AXIS2_PLACEMENT_3D('',#3664,#3665,#3666);
#3664 = CARTESIAN_POINT('',(204.94,9.8,8.5));
#3665 = DIRECTION('',(0.,0.,-1.));
#3666 = DIRECTION('',(-1.,0.,0.));
#3667 = DEFINITIONAL_REPRESENTATION('',(#3668),#3672);
#3668 = CIRCLE('',#3669,1.45);
#3669 = AXIS2_PLACEMENT_2D('',#3670,#3671);
#3670 = CARTESIAN_POINT('',(0.,0.));
#3671 = DIRECTION('',(1.,0.));
#3672 = ( GEOMETRIC_REPRESENTATION_CONTEXT(2) 
PARAMETRIC_REPRESENTATION_CONTEXT() REPRESENTATION_CONTEXT('2D SPACE',''
  ) );
#3673 = ORIENTED_EDGE('',*,*,#3624,.F.);
#3674 = ORIENTED_EDGE('',*,*,#3592,.T.);
#3675 = ADVANCED_FACE('',(#3676),#3662,.F.);
#3676 = FACE_BOUND('',#3677,.F.);
#3677 = EDGE_LOOP('',(#3678));
#3678 = ORIENTED_EDGE('',*,*,#3647,.T.);
#3679 = ADVANCED_FACE('',(#3680),#3372,.T.);
#3680 = FACE_BOUND('',#3681,.F.);
#3681 = EDGE_LOOP('',(#3682,#3717,#3737,#3738));
#3682 = ORIENTED_EDGE('',*,*,#3683,.F.);
#3683 = EDGE_CURVE('',#3684,#3686,#3688,.T.);
#3684 = VERTEX_POINT('',#3685);
#3685 = CARTESIAN_POINT('',(200.9,15.8,18.98));
#3686 = VERTEX_POINT('',#3687);
#3687 = CARTESIAN_POINT('',(200.9,13.4,18.98));
#3688 = SURFACE_CURVE('',#3689,(#3694,#3701),.PCURVE_S1.);
#3689 = CIRCLE('',#3690,1.3);
#3690 = AXIS2_PLACEMENT_3D('',#3691,#3692,#3693);
#3691 = CARTESIAN_POINT('',(201.4,14.6,18.98));
#3692 = DIRECTION('',(0.,0.,-1.));
#3693 = DIRECTION('',(-0.384615384615,0.923076923077,0.));
#3694 = PCURVE('',#3372,#3695);
#3695 = DEFINITIONAL_REPRESENTATION('',(#3696),#3700);
#3696 = LINE('',#3697,#3698);
#3697 = CARTESIAN_POINT('',(-8.248772753674,-12.48));
#3698 = VECTOR('',#3699,1.);
#3699 = DIRECTION('',(1.,-0.));
#3700 = ( GEOMETRIC_REPRESENTATION_CONTEXT(2) 
PARAMETRIC_REPRESENTATION_CONTEXT() REPRESENTATION_CONTEXT('2D SPACE',''
  ) );
#3701 = PCURVE('',#3702,#3707);
#3702 = PLANE('',#3703);
#3703 = AXIS2_PLACEMENT_3D('',#3704,#3705,#3706);
#3704 = CARTESIAN_POINT('',(201.4,14.6,18.98));
#3705 = DIRECTION('',(0.,0.,1.));
#3706 = DIRECTION('',(1.,0.,-0.));
#3707 = DEFINITIONAL_REPRESENTATION('',(#3708),#3716);
#3708 = ( BOUNDED_CURVE() B_SPLINE_CURVE(2,(#3709,#3710,#3711,#3712,
#3713,#3714,#3715),.UNSPECIFIED.,.T.,.F.) B_SPLINE_CURVE_WITH_KNOTS((1,2
    ,2,2,2,1),(-2.094395102393,0.,2.094395102393,4.188790204786,
6.28318530718,8.377580409573),.UNSPECIFIED.) CURVE() 
GEOMETRIC_REPRESENTATION_ITEM() RATIONAL_B_SPLINE_CURVE((1.,0.5,1.,0.5,
1.,0.5,1.)) REPRESENTATION_ITEM('') );
#3709 = CARTESIAN_POINT('',(-0.5,1.2));
#3710 = CARTESIAN_POINT('',(1.578460969083,2.066025403784));
#3711 = CARTESIAN_POINT('',(1.289230484541,-0.166987298108));
#3712 = CARTESIAN_POINT('',(1.,-2.4));
#3713 = CARTESIAN_POINT('',(-0.789230484541,-1.033012701892));
#3714 = CARTESIAN_POINT('',(-2.578460969083,0.333974596216));
#3715 = CARTESIAN_POINT('',(-0.5,1.2));
#3716 = ( GEOMETRIC_REPRESENTATION_CONTEXT(2) 
PARAMETRIC_REPRESENTATION_CONTEXT() REPRESENTATION_CONTEXT('2D SPACE',''
  ) );
#3717 = ORIENTED_EDGE('',*,*,#3718,.T.);
#3718 = EDGE_CURVE('',#3684,#3329,#3719,.T.);
#3719 = SURFACE_CURVE('',#3720,(#3724,#3730),.PCURVE_S1.);
#3720 = LINE('',#3721,#3722);
#3721 = CARTESIAN_POINT('',(200.9,15.8,6.5));
#3722 = VECTOR('',#3723,1.);
#3723 = DIRECTION('',(-0.,-0.,-1.));
#3724 = PCURVE('',#3372,#3725);
#3725 = DEFINITIONAL_REPRESENTATION('',(#3726),#3729);
#3726 = B_SPLINE_CURVE_WITH_KNOTS('',1,(#3727,#3728),.UNSPECIFIED.,.F.,
  .F.,(2,2),(-12.48,0.),.PIECEWISE_BEZIER_KNOTS.);
#3727 = CARTESIAN_POINT('',(-8.248772753674,-12.48));
#3728 = CARTESIAN_POINT('',(-8.248772753674,0.));
#3729 = ( GEOMETRIC_REPRESENTATION_CONTEXT(2) 
PARAMETRIC_REPRESENTATION_CONTEXT() REPRESENTATION_CONTEXT('2D SPACE',''
  ) );
#3730 = PCURVE('',#3188,#3731);
#3731 = DEFINITIONAL_REPRESENTATION('',(#3732),#3736);
#3732 = LINE('',#3733,#3734);
#3733 = CARTESIAN_POINT('',(0.,-10.8));
#3734 = VECTOR('',#3735,1.);
#3735 = DIRECTION('',(-1.,0.));
#3736 = ( GEOMETRIC_REPRESENTATION_CONTEXT(2) 
PARAMETRIC_REPRESENTATION_CONTEXT() REPRESENTATION_CONTEXT('2D SPACE',''
  ) );
#3737 = ORIENTED_EDGE('',*,*,#3351,.T.);
#3738 = ORIENTED_EDGE('',*,*,#3739,.F.);
#3739 = EDGE_CURVE('',#3686,#3352,#3740,.T.);
#3740 = SURFACE_CURVE('',#3741,(#3745,#3751),.PCURVE_S1.);
#3741 = LINE('',#3742,#3743);
#3742 = CARTESIAN_POINT('',(200.9,13.4,6.5));
#3743 = VECTOR('',#3744,1.);
#3744 = DIRECTION('',(-0.,-0.,-1.));
#3745 = PCURVE('',#3372,#3746);
#3746 = DEFINITIONAL_REPRESENTATION('',(#3747),#3750);
#3747 = B_SPLINE_CURVE_WITH_KNOTS('',1,(#3748,#3749),.UNSPECIFIED.,.F.,
  .F.,(2,2),(-12.48,0.),.PIECEWISE_BEZIER_KNOTS.);
#3748 = CARTESIAN_POINT('',(-4.317597860685,-12.48));
#3749 = CARTESIAN_POINT('',(-4.317597860685,0.));
#3750 = ( GEOMETRIC_REPRESENTATION_CONTEXT(2) 
PARAMETRIC_REPRESENTATION_CONTEXT() REPRESENTATION_CONTEXT('2D SPACE',''
  ) );
#3751 = PCURVE('',#3188,#3752);
#3752 = DEFINITIONAL_REPRESENTATION('',(#3753),#3757);
#3753 = LINE('',#3754,#3755);
#3754 = CARTESIAN_POINT('',(0.,-8.4));
#3755 = VECTOR('',#3756,1.);
#3756 = DIRECTION('',(-1.,0.));
#3757 = ( GEOMETRIC_REPRESENTATION_CONTEXT(2) 
PARAMETRIC_REPRESENTATION_CONTEXT() REPRESENTATION_CONTEXT('2D SPACE',''
  ) );
#3758 = ADVANCED_FACE('',(#3759),#3702,.T.);
#3759 = FACE_BOUND('',#3760,.T.);
#3760 = EDGE_LOOP('',(#3761,#3781));
#3761 = ORIENTED_EDGE('',*,*,#3762,.F.);
#3762 = EDGE_CURVE('',#3686,#3684,#3763,.T.);
#3763 = SURFACE_CURVE('',#3764,(#3768,#3774),.PCURVE_S1.);
#3764 = LINE('',#3765,#3766);
#3765 = CARTESIAN_POINT('',(200.9,9.8,18.98));
#3766 = VECTOR('',#3767,1.);
#3767 = DIRECTION('',(0.,1.,0.));
#3768 = PCURVE('',#3702,#3769);
#3769 = DEFINITIONAL_REPRESENTATION('',(#3770),#3773);
#3770 = B_SPLINE_CURVE_WITH_KNOTS('',1,(#3771,#3772),.UNSPECIFIED.,.F.,
  .F.,(2,2),(3.5,6.1),.PIECEWISE_BEZIER_KNOTS.);
#3771 = CARTESIAN_POINT('',(-0.5,-1.3));
#3772 = CARTESIAN_POINT('',(-0.5,1.3));
#3773 = ( GEOMETRIC_REPRESENTATION_CONTEXT(2) 
PARAMETRIC_REPRESENTATION_CONTEXT() REPRESENTATION_CONTEXT('2D SPACE',''
  ) );
#3774 = PCURVE('',#3188,#3775);
#3775 = DEFINITIONAL_REPRESENTATION('',(#3776),#3780);
#3776 = LINE('',#3777,#3778);
#3777 = CARTESIAN_POINT('',(12.48,-4.8));
#3778 = VECTOR('',#3779,1.);
#3779 = DIRECTION('',(0.,-1.));
#3780 = ( GEOMETRIC_REPRESENTATION_CONTEXT(2) 
PARAMETRIC_REPRESENTATION_CONTEXT() REPRESENTATION_CONTEXT('2D SPACE',''
  ) );
#3781 = ORIENTED_EDGE('',*,*,#3683,.F.);
#3782 = ADVANCED_FACE('',(#3783),#3316,.F.);
#3783 = FACE_BOUND('',#3784,.F.);
#3784 = EDGE_LOOP('',(#3785,#3808,#3809,#3832,#3855,#3883,#3911,#3939,
    #3967,#3990,#4013,#4039,#4065,#4086,#4109,#4135,#4163,#4189,#4212,
    #4238,#4264,#4285,#4308,#4331,#4357,#4444,#4467));
#3785 = ORIENTED_EDGE('',*,*,#3786,.F.);
#3786 = EDGE_CURVE('',#3273,#3787,#3789,.T.);
#3787 = VERTEX_POINT('',#3788);
#3788 = CARTESIAN_POINT('',(222.4,40.5,75.5));
#3789 = SURFACE_CURVE('',#3790,(#3794,#3801),.PCURVE_S1.);
#3790 = LINE('',#3791,#3792);
#3791 = CARTESIAN_POINT('',(222.4,40.5,2.5));
#3792 = VECTOR('',#3793,1.);
#3793 = DIRECTION('',(0.,0.,1.));
#3794 = PCURVE('',#3316,#3795);
#3795 = DEFINITIONAL_REPRESENTATION('',(#3796),#3800);
#3796 = LINE('',#3797,#3798);
#3797 = CARTESIAN_POINT('',(0.,219.9));
#3798 = VECTOR('',#3799,1.);
#3799 = DIRECTION('',(1.,0.));
#3800 = ( GEOMETRIC_REPRESENTATION_CONTEXT(2) 
PARAMETRIC_REPRESENTATION_CONTEXT() REPRESENTATION_CONTEXT('2D SPACE',''
  ) );
#3801 = PCURVE('',#3288,#3802);
#3802 = DEFINITIONAL_REPRESENTATION('',(#3803),#3807);
#3803 = LINE('',#3804,#3805);
#3804 = CARTESIAN_POINT('',(0.,-41.5));
#3805 = VECTOR('',#3806,1.);
#3806 = DIRECTION('',(1.,0.));
#3807 = ( GEOMETRIC_REPRESENTATION_CONTEXT(2) 
PARAMETRIC_REPRESENTATION_CONTEXT() REPRESENTATION_CONTEXT('2D SPACE',''
  ) );
#3808 = ORIENTED_EDGE('',*,*,#3300,.F.);
#3809 = ORIENTED_EDGE('',*,*,#3810,.T.);
#3810 = EDGE_CURVE('',#3301,#3811,#3813,.T.);
#3811 = VERTEX_POINT('',#3812);
#3812 = CARTESIAN_POINT('',(200.9,40.5,34.5));
#3813 = SURFACE_CURVE('',#3814,(#3818,#3825),.PCURVE_S1.);
#3814 = LINE('',#3815,#3816);
#3815 = CARTESIAN_POINT('',(200.9,40.5,6.5));
#3816 = VECTOR('',#3817,1.);
#3817 = DIRECTION('',(0.,0.,1.));
#3818 = PCURVE('',#3316,#3819);
#3819 = DEFINITIONAL_REPRESENTATION('',(#3820),#3824);
#3820 = LINE('',#3821,#3822);
#3821 = CARTESIAN_POINT('',(4.,198.4));
#3822 = VECTOR('',#3823,1.);
#3823 = DIRECTION('',(1.,0.));
#3824 = ( GEOMETRIC_REPRESENTATION_CONTEXT(2) 
PARAMETRIC_REPRESENTATION_CONTEXT() REPRESENTATION_CONTEXT('2D SPACE',''
  ) );
#3825 = PCURVE('',#3188,#3826);
#3826 = DEFINITIONAL_REPRESENTATION('',(#3827),#3831);
#3827 = LINE('',#3828,#3829);
#3828 = CARTESIAN_POINT('',(0.,-35.5));
#3829 = VECTOR('',#3830,1.);
#3830 = DIRECTION('',(1.,0.));
#3831 = ( GEOMETRIC_REPRESENTATION_CONTEXT(2) 
PARAMETRIC_REPRESENTATION_CONTEXT() REPRESENTATION_CONTEXT('2D SPACE',''
  ) );
#3832 = ORIENTED_EDGE('',*,*,#3833,.F.);
#3833 = EDGE_CURVE('',#3834,#3811,#3836,.T.);
#3834 = VERTEX_POINT('',#3835);
#3835 = CARTESIAN_POINT('',(198.4,40.5,34.5));
#3836 = SURFACE_CURVE('',#3837,(#3841,#3848),.PCURVE_S1.);
#3837 = LINE('',#3838,#3839);
#3838 = CARTESIAN_POINT('',(198.4,40.5,34.5));
#3839 = VECTOR('',#3840,1.);
#3840 = DIRECTION('',(1.,0.,0.));
#3841 = PCURVE('',#3316,#3842);
#3842 = DEFINITIONAL_REPRESENTATION('',(#3843),#3847);
#3843 = LINE('',#3844,#3845);
#3844 = CARTESIAN_POINT('',(32.,195.9));
#3845 = VECTOR('',#3846,1.);
#3846 = DIRECTION('',(0.,1.));
#3847 = ( GEOMETRIC_REPRESENTATION_CONTEXT(2) 
PARAMETRIC_REPRESENTATION_CONTEXT() REPRESENTATION_CONTEXT('2D SPACE',''
  ) );
#3848 = PCURVE('',#3160,#3849);
#3849 = DEFINITIONAL_REPRESENTATION('',(#3850),#3854);
#3850 = LINE('',#3851,#3852);
#3851 = CARTESIAN_POINT('',(35.9,35.5));
#3852 = VECTOR('',#3853,1.);
#3853 = DIRECTION('',(1.,0.));
#3854 = ( GEOMETRIC_REPRESENTATION_CONTEXT(2) 
PARAMETRIC_REPRESENTATION_CONTEXT() REPRESENTATION_CONTEXT('2D SPACE',''
  ) );
#3855 = ORIENTED_EDGE('',*,*,#3856,.F.);
#3856 = EDGE_CURVE('',#3857,#3834,#3859,.T.);
#3857 = VERTEX_POINT('',#3858);
#3858 = CARTESIAN_POINT('',(198.4,40.5,6.5));
#3859 = SURFACE_CURVE('',#3860,(#3864,#3871),.PCURVE_S1.);
#3860 = LINE('',#3861,#3862);
#3861 = CARTESIAN_POINT('',(198.4,40.5,6.5));
#3862 = VECTOR('',#3863,1.);
#3863 = DIRECTION('',(0.,0.,1.));
#3864 = PCURVE('',#3316,#3865);
#3865 = DEFINITIONAL_REPRESENTATION('',(#3866),#3870);
#3866 = LINE('',#3867,#3868);
#3867 = CARTESIAN_POINT('',(4.,195.9));
#3868 = VECTOR('',#3869,1.);
#3869 = DIRECTION('',(1.,0.));
#3870 = ( GEOMETRIC_REPRESENTATION_CONTEXT(2) 
PARAMETRIC_REPRESENTATION_CONTEXT() REPRESENTATION_CONTEXT('2D SPACE',''
  ) );
#3871 = PCURVE('',#3872,#3877);
#3872 = PLANE('',#3873);
#3873 = AXIS2_PLACEMENT_3D('',#3874,#3875,#3876);
#3874 = CARTESIAN_POINT('',(198.4,5.,6.5));
#3875 = DIRECTION('',(1.,0.,0.));
#3876 = DIRECTION('',(0.,0.,1.));
#3877 = DEFINITIONAL_REPRESENTATION('',(#3878),#3882);
#3878 = LINE('',#3879,#3880);
#3879 = CARTESIAN_POINT('',(0.,-35.5));
#3880 = VECTOR('',#3881,1.);
#3881 = DIRECTION('',(1.,0.));
#3882 = ( GEOMETRIC_REPRESENTATION_CONTEXT(2) 
PARAMETRIC_REPRESENTATION_CONTEXT() REPRESENTATION_CONTEXT('2D SPACE',''
  ) );
#3883 = ORIENTED_EDGE('',*,*,#3884,.F.);
#3884 = EDGE_CURVE('',#3885,#3857,#3887,.T.);
#3885 = VERTEX_POINT('',#3886);
#3886 = CARTESIAN_POINT('',(165.,40.5,6.5));
#3887 = SURFACE_CURVE('',#3888,(#3892,#3899),.PCURVE_S1.);
#3888 = LINE('',#3889,#3890);
#3889 = CARTESIAN_POINT('',(10.,40.5,6.5));
#3890 = VECTOR('',#3891,1.);
#3891 = DIRECTION('',(1.,0.,0.));
#3892 = PCURVE('',#3316,#3893);
#3893 = DEFINITIONAL_REPRESENTATION('',(#3894),#3898);
#3894 = LINE('',#3895,#3896);
#3895 = CARTESIAN_POINT('',(4.,7.5));
#3896 = VECTOR('',#3897,1.);
#3897 = DIRECTION('',(0.,1.));
#3898 = ( GEOMETRIC_REPRESENTATION_CONTEXT(2) 
PARAMETRIC_REPRESENTATION_CONTEXT() REPRESENTATION_CONTEXT('2D SPACE',''
  ) );
#3899 = PCURVE('',#3900,#3905);
#3900 = PLANE('',#3901);
#3901 = AXIS2_PLACEMENT_3D('',#3902,#3903,#3904);
#3902 = CARTESIAN_POINT('',(10.,5.,6.5));
#3903 = DIRECTION('',(0.,0.,1.));
#3904 = DIRECTION('',(1.,0.,0.));
#3905 = DEFINITIONAL_REPRESENTATION('',(#3906),#3910);
#3906 = LINE('',#3907,#3908);
#3907 = CARTESIAN_POINT('',(0.,35.5));
#3908 = VECTOR('',#3909,1.);
#3909 = DIRECTION('',(1.,0.));
#3910 = ( GEOMETRIC_REPRESENTATION_CONTEXT(2) 
PARAMETRIC_REPRESENTATION_CONTEXT() REPRESENTATION_CONTEXT('2D SPACE',''
  ) );
#3911 = ORIENTED_EDGE('',*,*,#3912,.T.);
#3912 = EDGE_CURVE('',#3885,#3913,#3915,.T.);
#3913 = VERTEX_POINT('',#3914);
#3914 = CARTESIAN_POINT('',(165.,40.5,34.5));
#3915 = SURFACE_CURVE('',#3916,(#3920,#3927),.PCURVE_S1.);
#3916 = LINE('',#3917,#3918);
#3917 = CARTESIAN_POINT('',(165.,40.5,6.5));
#3918 = VECTOR('',#3919,1.);
#3919 = DIRECTION('',(0.,0.,1.));
#3920 = PCURVE('',#3316,#3921);
#3921 = DEFINITIONAL_REPRESENTATION('',(#3922),#3926);
#3922 = LINE('',#3923,#3924);
#3923 = CARTESIAN_POINT('',(4.,162.5));
#3924 = VECTOR('',#3925,1.);
#3925 = DIRECTION('',(1.,0.));
#3926 = ( GEOMETRIC_REPRESENTATION_CONTEXT(2) 
PARAMETRIC_REPRESENTATION_CONTEXT() REPRESENTATION_CONTEXT('2D SPACE',''
  ) );
#3927 = PCURVE('',#3928,#3933);
#3928 = PLANE('',#3929);
#3929 = AXIS2_PLACEMENT_3D('',#3930,#3931,#3932);
#3930 = CARTESIAN_POINT('',(165.,5.,6.5));
#3931 = DIRECTION('',(1.,0.,0.));
#3932 = DIRECTION('',(0.,0.,1.));
#3933 = DEFINITIONAL_REPRESENTATION('',(#3934),#3938);
#3934 = LINE('',#3935,#3936);
#3935 = CARTESIAN_POINT('',(0.,-35.5));
#3936 = VECTOR('',#3937,1.);
#3937 = DIRECTION('',(1.,0.));
#3938 = ( GEOMETRIC_REPRESENTATION_CONTEXT(2) 
PARAMETRIC_REPRESENTATION_CONTEXT() REPRESENTATION_CONTEXT('2D SPACE',''
  ) );
#3939 = ORIENTED_EDGE('',*,*,#3940,.F.);
#3940 = EDGE_CURVE('',#3941,#3913,#3943,.T.);
#3941 = VERTEX_POINT('',#3942);
#3942 = CARTESIAN_POINT('',(162.5,40.5,34.5));
#3943 = SURFACE_CURVE('',#3944,(#3948,#3955),.PCURVE_S1.);
#3944 = LINE('',#3945,#3946);
#3945 = CARTESIAN_POINT('',(162.5,40.5,34.5));
#3946 = VECTOR('',#3947,1.);
#3947 = DIRECTION('',(1.,0.,0.));
#3948 = PCURVE('',#3316,#3949);
#3949 = DEFINITIONAL_REPRESENTATION('',(#3950),#3954);
#3950 = LINE('',#3951,#3952);
#3951 = CARTESIAN_POINT('',(32.,160.));
#3952 = VECTOR('',#3953,1.);
#3953 = DIRECTION('',(0.,1.));
#3954 = ( GEOMETRIC_REPRESENTATION_CONTEXT(2) 
PARAMETRIC_REPRESENTATION_CONTEXT() REPRESENTATION_CONTEXT('2D SPACE',''
  ) );
#3955 = PCURVE('',#3956,#3961);
#3956 = PLANE('',#3957);
#3957 = AXIS2_PLACEMENT_3D('',#3958,#3959,#3960);
#3958 = CARTESIAN_POINT('',(162.5,5.,34.5));
#3959 = DIRECTION('',(0.,0.,1.));
#3960 = DIRECTION('',(1.,0.,0.));
#3961 = DEFINITIONAL_REPRESENTATION('',(#3962),#3966);
#3962 = LINE('',#3963,#3964);
#3963 = CARTESIAN_POINT('',(0.,35.5));
#3964 = VECTOR('',#3965,1.);
#3965 = DIRECTION('',(1.,0.));
#3966 = ( GEOMETRIC_REPRESENTATION_CONTEXT(2) 
PARAMETRIC_REPRESENTATION_CONTEXT() REPRESENTATION_CONTEXT('2D SPACE',''
  ) );
#3967 = ORIENTED_EDGE('',*,*,#3968,.F.);
#3968 = EDGE_CURVE('',#3969,#3941,#3971,.T.);
#3969 = VERTEX_POINT('',#3970);
#3970 = CARTESIAN_POINT('',(162.5,40.5,6.5));
#3971 = SURFACE_CURVE('',#3972,(#3976,#3983),.PCURVE_S1.);
#3972 = LINE('',#3973,#3974);
#3973 = CARTESIAN_POINT('',(162.5,40.5,6.5));
#3974 = VECTOR('',#3975,1.);
#3975 = DIRECTION('',(0.,0.,1.));
#3976 = PCURVE('',#3316,#3977);
#3977 = DEFINITIONAL_REPRESENTATION('',(#3978),#3982);
#3978 = LINE('',#3979,#3980);
#3979 = CARTESIAN_POINT('',(4.,160.));
#3980 = VECTOR('',#3981,1.);
#3981 = DIRECTION('',(1.,0.));
#3982 = ( GEOMETRIC_REPRESENTATION_CONTEXT(2) 
PARAMETRIC_REPRESENTATION_CONTEXT() REPRESENTATION_CONTEXT('2D SPACE',''
  ) );
#3983 = PCURVE('',#3132,#3984);
#3984 = DEFINITIONAL_REPRESENTATION('',(#3985),#3989);
#3985 = LINE('',#3986,#3987);
#3986 = CARTESIAN_POINT('',(0.,-35.5));
#3987 = VECTOR('',#3988,1.);
#3988 = DIRECTION('',(1.,0.));
#3989 = ( GEOMETRIC_REPRESENTATION_CONTEXT(2) 
PARAMETRIC_REPRESENTATION_CONTEXT() REPRESENTATION_CONTEXT('2D SPACE',''
  ) );
#3990 = ORIENTED_EDGE('',*,*,#3991,.F.);
#3991 = EDGE_CURVE('',#3992,#3969,#3994,.T.);
#3992 = VERTEX_POINT('',#3993);
#3993 = CARTESIAN_POINT('',(161.63066238629,40.5,6.5));
#3994 = SURFACE_CURVE('',#3995,(#3999,#4006),.PCURVE_S1.);
#3995 = LINE('',#3996,#3997);
#3996 = CARTESIAN_POINT('',(10.,40.5,6.5));
#3997 = VECTOR('',#3998,1.);
#3998 = DIRECTION('',(1.,0.,0.));
#3999 = PCURVE('',#3316,#4000);
#4000 = DEFINITIONAL_REPRESENTATION('',(#4001),#4005);
#4001 = LINE('',#4002,#4003);
#4002 = CARTESIAN_POINT('',(4.,7.5));
#4003 = VECTOR('',#4004,1.);
#4004 = DIRECTION('',(0.,1.));
#4005 = ( GEOMETRIC_REPRESENTATION_CONTEXT(2) 
PARAMETRIC_REPRESENTATION_CONTEXT() REPRESENTATION_CONTEXT('2D SPACE',''
  ) );
#4006 = PCURVE('',#3002,#4007);
#4007 = DEFINITIONAL_REPRESENTATION('',(#4008),#4012);
#4008 = LINE('',#4009,#4010);
#4009 = CARTESIAN_POINT('',(0.,35.5));
#4010 = VECTOR('',#4011,1.);
#4011 = DIRECTION('',(1.,0.));
#4012 = ( GEOMETRIC_REPRESENTATION_CONTEXT(2) 
PARAMETRIC_REPRESENTATION_CONTEXT() REPRESENTATION_CONTEXT('2D SPACE',''
  ) );
#4013 = ORIENTED_EDGE('',*,*,#4014,.F.);
#4014 = EDGE_CURVE('',#4015,#3992,#4017,.T.);
#4015 = VERTEX_POINT('',#4016);
#4016 = CARTESIAN_POINT('',(161.63066238629,40.5,18.98));
#4017 = SURFACE_CURVE('',#4018,(#4022,#4028),.PCURVE_S1.);
#4018 = LINE('',#4019,#4020);
#4019 = CARTESIAN_POINT('',(161.63066238629,40.5,6.5));
#4020 = VECTOR('',#4021,1.);
#4021 = DIRECTION('',(-0.,-0.,-1.));
#4022 = PCURVE('',#3316,#4023);
#4023 = DEFINITIONAL_REPRESENTATION('',(#4024),#4027);
#4024 = B_SPLINE_CURVE_WITH_KNOTS('',1,(#4025,#4026),.UNSPECIFIED.,.F.,
  .F.,(2,2),(-12.4800006,5.999999999062E-07),.PIECEWISE_BEZIER_KNOTS.);
#4025 = CARTESIAN_POINT('',(16.4800006,159.13066238629));
#4026 = CARTESIAN_POINT('',(3.9999994,159.13066238629));
#4027 = ( GEOMETRIC_REPRESENTATION_CONTEXT(2) 
PARAMETRIC_REPRESENTATION_CONTEXT() REPRESENTATION_CONTEXT('2D SPACE',''
  ) );
#4028 = PCURVE('',#4029,#4034);
#4029 = CYLINDRICAL_SURFACE('',#4030,1.3);
#4030 = AXIS2_PLACEMENT_3D('',#4031,#4032,#4033);
#4031 = CARTESIAN_POINT('',(160.8,39.5,6.5));
#4032 = DIRECTION('',(-0.,-0.,-1.));
#4033 = DIRECTION('',(1.,0.,0.));
#4034 = DEFINITIONAL_REPRESENTATION('',(#4035),#4038);
#4035 = B_SPLINE_CURVE_WITH_KNOTS('',1,(#4036,#4037),.UNSPECIFIED.,.F.,
  .F.,(2,2),(-12.48,-0.),.PIECEWISE_BEZIER_KNOTS.);
#4036 = CARTESIAN_POINT('',(-7.160821726398,-12.48));
#4037 = CARTESIAN_POINT('',(-7.160821726398,0.));
#4038 = ( GEOMETRIC_REPRESENTATION_CONTEXT(2) 
PARAMETRIC_REPRESENTATION_CONTEXT() REPRESENTATION_CONTEXT('2D SPACE',''
  ) );
#4039 = ORIENTED_EDGE('',*,*,#4040,.F.);
#4040 = EDGE_CURVE('',#4041,#4015,#4043,.T.);
#4041 = VERTEX_POINT('',#4042);
#4042 = CARTESIAN_POINT('',(159.9693376137,40.5,18.98));
#4043 = SURFACE_CURVE('',#4044,(#4048,#4054),.PCURVE_S1.);
#4044 = LINE('',#4045,#4046);
#4045 = CARTESIAN_POINT('',(81.65,40.5,18.98));
#4046 = VECTOR('',#4047,1.);
#4047 = DIRECTION('',(1.,0.,0.));
#4048 = PCURVE('',#3316,#4049);
#4049 = DEFINITIONAL_REPRESENTATION('',(#4050),#4053);
#4050 = B_SPLINE_CURVE_WITH_KNOTS('',1,(#4051,#4052),.UNSPECIFIED.,.F.,
  .F.,(2,2),(77.85,80.45),.PIECEWISE_BEZIER_KNOTS.);
#4051 = CARTESIAN_POINT('',(16.48,157.));
#4052 = CARTESIAN_POINT('',(16.48,159.6));
#4053 = ( GEOMETRIC_REPRESENTATION_CONTEXT(2) 
PARAMETRIC_REPRESENTATION_CONTEXT() REPRESENTATION_CONTEXT('2D SPACE',''
  ) );
#4054 = PCURVE('',#4055,#4060);
#4055 = PLANE('',#4056);
#4056 = AXIS2_PLACEMENT_3D('',#4057,#4058,#4059);
#4057 = CARTESIAN_POINT('',(160.8,39.5,18.98));
#4058 = DIRECTION('',(0.,0.,1.));
#4059 = DIRECTION('',(1.,0.,-0.));
#4060 = DEFINITIONAL_REPRESENTATION('',(#4061),#4064);
#4061 = B_SPLINE_CURVE_WITH_KNOTS('',1,(#4062,#4063),.UNSPECIFIED.,.F.,
  .F.,(2,2),(77.85,80.45),.PIECEWISE_BEZIER_KNOTS.);
#4062 = CARTESIAN_POINT('',(-1.3,1.));
#4063 = CARTESIAN_POINT('',(1.3,1.));
#4064 = ( GEOMETRIC_REPRESENTATION_CONTEXT(2) 
PARAMETRIC_REPRESENTATION_CONTEXT() REPRESENTATION_CONTEXT('2D SPACE',''
  ) );
#4065 = ORIENTED_EDGE('',*,*,#4066,.T.);
#4066 = EDGE_CURVE('',#4041,#4067,#4069,.T.);
#4067 = VERTEX_POINT('',#4068);
#4068 = CARTESIAN_POINT('',(159.9693376137,40.5,6.5));
#4069 = SURFACE_CURVE('',#4070,(#4074,#4080),.PCURVE_S1.);
#4070 = LINE('',#4071,#4072);
#4071 = CARTESIAN_POINT('',(159.9693376137,40.5,6.5));
#4072 = VECTOR('',#4073,1.);
#4073 = DIRECTION('',(-0.,-0.,-1.));
#4074 = PCURVE('',#3316,#4075);
#4075 = DEFINITIONAL_REPRESENTATION('',(#4076),#4079);
#4076 = B_SPLINE_CURVE_WITH_KNOTS('',1,(#4077,#4078),.UNSPECIFIED.,.F.,
  .F.,(2,2),(-12.4800006,5.999999999062E-07),.PIECEWISE_BEZIER_KNOTS.);
#4077 = CARTESIAN_POINT('',(16.4800006,157.4693376137));
#4078 = CARTESIAN_POINT('',(3.9999994,157.4693376137));
#4079 = ( GEOMETRIC_REPRESENTATION_CONTEXT(2) 
PARAMETRIC_REPRESENTATION_CONTEXT() REPRESENTATION_CONTEXT('2D SPACE',''
  ) );
#4080 = PCURVE('',#4029,#4081);
#4081 = DEFINITIONAL_REPRESENTATION('',(#4082),#4085);
#4082 = B_SPLINE_CURVE_WITH_KNOTS('',1,(#4083,#4084),.UNSPECIFIED.,.F.,
  .F.,(2,2),(-12.48,-0.),.PIECEWISE_BEZIER_KNOTS.);
#4083 = CARTESIAN_POINT('',(-2.263956234372,-12.48));
#4084 = CARTESIAN_POINT('',(-2.263956234372,0.));
#4085 = ( GEOMETRIC_REPRESENTATION_CONTEXT(2) 
PARAMETRIC_REPRESENTATION_CONTEXT() REPRESENTATION_CONTEXT('2D SPACE',''
  ) );
#4086 = ORIENTED_EDGE('',*,*,#4087,.F.);
#4087 = EDGE_CURVE('',#4088,#4067,#4090,.T.);
#4088 = VERTEX_POINT('',#4089);
#4089 = CARTESIAN_POINT('',(143.33066238629,40.5,6.5));
#4090 = SURFACE_CURVE('',#4091,(#4095,#4102),.PCURVE_S1.);
#4091 = LINE('',#4092,#4093);
#4092 = CARTESIAN_POINT('',(10.,40.5,6.5));
#4093 = VECTOR('',#4094,1.);
#4094 = DIRECTION('',(1.,0.,0.));
#4095 = PCURVE('',#3316,#4096);
#4096 = DEFINITIONAL_REPRESENTATION('',(#4097),#4101);
#4097 = LINE('',#4098,#4099);
#4098 = CARTESIAN_POINT('',(4.,7.5));
#4099 = VECTOR('',#4100,1.);
#4100 = DIRECTION('',(0.,1.));
#4101 = ( GEOMETRIC_REPRESENTATION_CONTEXT(2) 
PARAMETRIC_REPRESENTATION_CONTEXT() REPRESENTATION_CONTEXT('2D SPACE',''
  ) );
#4102 = PCURVE('',#3002,#4103);
#4103 = DEFINITIONAL_REPRESENTATION('',(#4104),#4108);
#4104 = LINE('',#4105,#4106);
#4105 = CARTESIAN_POINT('',(0.,35.5));
#4106 = VECTOR('',#4107,1.);
#4107 = DIRECTION('',(1.,0.));
#4108 = ( GEOMETRIC_REPRESENTATION_CONTEXT(2) 
PARAMETRIC_REPRESENTATION_CONTEXT() REPRESENTATION_CONTEXT('2D SPACE',''
  ) );
#4109 = ORIENTED_EDGE('',*,*,#4110,.F.);
#4110 = EDGE_CURVE('',#4111,#4088,#4113,.T.);
#4111 = VERTEX_POINT('',#4112);
#4112 = CARTESIAN_POINT('',(143.33066238629,40.5,18.98));
#4113 = SURFACE_CURVE('',#4114,(#4118,#4124),.PCURVE_S1.);
#4114 = LINE('',#4115,#4116);
#4115 = CARTESIAN_POINT('',(143.33066238629,40.5,6.5));
#4116 = VECTOR('',#4117,1.);
#4117 = DIRECTION('',(-0.,-0.,-1.));
#4118 = PCURVE('',#3316,#4119);
#4119 = DEFINITIONAL_REPRESENTATION('',(#4120),#4123);
#4120 = B_SPLINE_CURVE_WITH_KNOTS('',1,(#4121,#4122),.UNSPECIFIED.,.F.,
  .F.,(2,2),(-12.4800006,5.999999999062E-07),.PIECEWISE_BEZIER_KNOTS.);
#4121 = CARTESIAN_POINT('',(16.4800006,140.83066238629));
#4122 = CARTESIAN_POINT('',(3.9999994,140.83066238629));
#4123 = ( GEOMETRIC_REPRESENTATION_CONTEXT(2) 
PARAMETRIC_REPRESENTATION_CONTEXT() REPRESENTATION_CONTEXT('2D SPACE',''
  ) );
#4124 = PCURVE('',#4125,#4130);
#4125 = CYLINDRICAL_SURFACE('',#4126,1.3);
#4126 = AXIS2_PLACEMENT_3D('',#4127,#4128,#4129);
#4127 = CARTESIAN_POINT('',(142.5,39.5,6.5));
#4128 = DIRECTION('',(-0.,-0.,-1.));
#4129 = DIRECTION('',(1.,0.,0.));
#4130 = DEFINITIONAL_REPRESENTATION('',(#4131),#4134);
#4131 = B_SPLINE_CURVE_WITH_KNOTS('',1,(#4132,#4133),.UNSPECIFIED.,.F.,
  .F.,(2,2),(-12.48,-0.),.PIECEWISE_BEZIER_KNOTS.);
#4132 = CARTESIAN_POINT('',(-7.160821726398,-12.48));
#4133 = CARTESIAN_POINT('',(-7.160821726398,0.));
#4134 = ( GEOMETRIC_REPRESENTATION_CONTEXT(2) 
PARAMETRIC_REPRESENTATION_CONTEXT() REPRESENTATION_CONTEXT('2D SPACE',''
  ) );
#4135 = ORIENTED_EDGE('',*,*,#4136,.F.);
#4136 = EDGE_CURVE('',#4137,#4111,#4139,.T.);
#4137 = VERTEX_POINT('',#4138);
#4138 = CARTESIAN_POINT('',(140.1693376137,40.5,18.98));
#4139 = SURFACE_CURVE('',#4140,(#4144,#4151),.PCURVE_S1.);
#4140 = LINE('',#4141,#4142);
#4141 = CARTESIAN_POINT('',(140.1693376137,40.5,18.98));
#4142 = VECTOR('',#4143,1.);
#4143 = DIRECTION('',(1.,0.,0.));
#4144 = PCURVE('',#3316,#4145);
#4145 = DEFINITIONAL_REPRESENTATION('',(#4146),#4150);
#4146 = LINE('',#4147,#4148);
#4147 = CARTESIAN_POINT('',(16.48,137.6693376137));
#4148 = VECTOR('',#4149,1.);
#4149 = DIRECTION('',(0.,1.));
#4150 = ( GEOMETRIC_REPRESENTATION_CONTEXT(2) 
PARAMETRIC_REPRESENTATION_CONTEXT() REPRESENTATION_CONTEXT('2D SPACE',''
  ) );
#4151 = PCURVE('',#4152,#4157);
#4152 = PLANE('',#4153);
#4153 = AXIS2_PLACEMENT_3D('',#4154,#4155,#4156);
#4154 = CARTESIAN_POINT('',(141.,39.5,18.98));
#4155 = DIRECTION('',(0.,0.,1.));
#4156 = DIRECTION('',(1.,0.,-0.));
#4157 = DEFINITIONAL_REPRESENTATION('',(#4158),#4162);
#4158 = LINE('',#4159,#4160);
#4159 = CARTESIAN_POINT('',(-0.830662386292,1.));
#4160 = VECTOR('',#4161,1.);
#4161 = DIRECTION('',(1.,0.));
#4162 = ( GEOMETRIC_REPRESENTATION_CONTEXT(2) 
PARAMETRIC_REPRESENTATION_CONTEXT() REPRESENTATION_CONTEXT('2D SPACE',''
  ) );
#4163 = ORIENTED_EDGE('',*,*,#4164,.T.);
#4164 = EDGE_CURVE('',#4137,#4165,#4167,.T.);
#4165 = VERTEX_POINT('',#4166);
#4166 = CARTESIAN_POINT('',(140.1693376137,40.5,6.5));
#4167 = SURFACE_CURVE('',#4168,(#4172,#4178),.PCURVE_S1.);
#4168 = LINE('',#4169,#4170);
#4169 = CARTESIAN_POINT('',(140.1693376137,40.5,6.5));
#4170 = VECTOR('',#4171,1.);
#4171 = DIRECTION('',(-0.,-0.,-1.));
#4172 = PCURVE('',#3316,#4173);
#4173 = DEFINITIONAL_REPRESENTATION('',(#4174),#4177);
#4174 = B_SPLINE_CURVE_WITH_KNOTS('',1,(#4175,#4176),.UNSPECIFIED.,.F.,
  .F.,(2,2),(-12.4800006,5.999999999062E-07),.PIECEWISE_BEZIER_KNOTS.);
#4175 = CARTESIAN_POINT('',(16.4800006,137.6693376137));
#4176 = CARTESIAN_POINT('',(3.9999994,137.6693376137));
#4177 = ( GEOMETRIC_REPRESENTATION_CONTEXT(2) 
PARAMETRIC_REPRESENTATION_CONTEXT() REPRESENTATION_CONTEXT('2D SPACE',''
  ) );
#4178 = PCURVE('',#4179,#4184);
#4179 = CYLINDRICAL_SURFACE('',#4180,1.3);
#4180 = AXIS2_PLACEMENT_3D('',#4181,#4182,#4183);
#4181 = CARTESIAN_POINT('',(141.,39.5,6.5));
#4182 = DIRECTION('',(-0.,-0.,-1.));
#4183 = DIRECTION('',(1.,0.,0.));
#4184 = DEFINITIONAL_REPRESENTATION('',(#4185),#4188);
#4185 = B_SPLINE_CURVE_WITH_KNOTS('',1,(#4186,#4187),.UNSPECIFIED.,.F.,
  .F.,(2,2),(-12.4800006,5.999999999062E-07),.PIECEWISE_BEZIER_KNOTS.);
#4186 = CARTESIAN_POINT('',(-2.263956234372,-12.4800006));
#4187 = CARTESIAN_POINT('',(-2.263956234372,5.999999999062E-07));
#4188 = ( GEOMETRIC_REPRESENTATION_CONTEXT(2) 
PARAMETRIC_REPRESENTATION_CONTEXT() REPRESENTATION_CONTEXT('2D SPACE',''
  ) );
#4189 = ORIENTED_EDGE('',*,*,#4190,.F.);
#4190 = EDGE_CURVE('',#4191,#4165,#4193,.T.);
#4191 = VERTEX_POINT('',#4192);
#4192 = CARTESIAN_POINT('',(108.33066238629,40.5,6.5));
#4193 = SURFACE_CURVE('',#4194,(#4198,#4205),.PCURVE_S1.);
#4194 = LINE('',#4195,#4196);
#4195 = CARTESIAN_POINT('',(10.,40.5,6.5));
#4196 = VECTOR('',#4197,1.);
#4197 = DIRECTION('',(1.,0.,0.));
#4198 = PCURVE('',#3316,#4199);
#4199 = DEFINITIONAL_REPRESENTATION('',(#4200),#4204);
#4200 = LINE('',#4201,#4202);
#4201 = CARTESIAN_POINT('',(4.,7.5));
#4202 = VECTOR('',#4203,1.);
#4203 = DIRECTION('',(0.,1.));
#4204 = ( GEOMETRIC_REPRESENTATION_CONTEXT(2) 
PARAMETRIC_REPRESENTATION_CONTEXT() REPRESENTATION_CONTEXT('2D SPACE',''
  ) );
#4205 = PCURVE('',#3002,#4206);
#4206 = DEFINITIONAL_REPRESENTATION('',(#4207),#4211);
#4207 = LINE('',#4208,#4209);
#4208 = CARTESIAN_POINT('',(0.,35.5));
#4209 = VECTOR('',#4210,1.);
#4210 = DIRECTION('',(1.,0.));
#4211 = ( GEOMETRIC_REPRESENTATION_CONTEXT(2) 
PARAMETRIC_REPRESENTATION_CONTEXT() REPRESENTATION_CONTEXT('2D SPACE',''
  ) );
#4212 = ORIENTED_EDGE('',*,*,#4213,.F.);
#4213 = EDGE_CURVE('',#4214,#4191,#4216,.T.);
#4214 = VERTEX_POINT('',#4215);
#4215 = CARTESIAN_POINT('',(108.33066238629,40.5,18.98));
#4216 = SURFACE_CURVE('',#4217,(#4221,#4227),.PCURVE_S1.);
#4217 = LINE('',#4218,#4219);
#4218 = CARTESIAN_POINT('',(108.33066238629,40.5,6.5));
#4219 = VECTOR('',#4220,1.);
#4220 = DIRECTION('',(-0.,-0.,-1.));
#4221 = PCURVE('',#3316,#4222);
#4222 = DEFINITIONAL_REPRESENTATION('',(#4223),#4226);
#4223 = B_SPLINE_CURVE_WITH_KNOTS('',1,(#4224,#4225),.UNSPECIFIED.,.F.,
  .F.,(2,2),(-12.4800006,5.999999999062E-07),.PIECEWISE_BEZIER_KNOTS.);
#4224 = CARTESIAN_POINT('',(16.4800006,105.83066238629));
#4225 = CARTESIAN_POINT('',(3.9999994,105.83066238629));
#4226 = ( GEOMETRIC_REPRESENTATION_CONTEXT(2) 
PARAMETRIC_REPRESENTATION_CONTEXT() REPRESENTATION_CONTEXT('2D SPACE',''
  ) );
#4227 = PCURVE('',#4228,#4233);
#4228 = CYLINDRICAL_SURFACE('',#4229,1.3);
#4229 = AXIS2_PLACEMENT_3D('',#4230,#4231,#4232);
#4230 = CARTESIAN_POINT('',(107.5,39.5,6.5));
#4231 = DIRECTION('',(-0.,-0.,-1.));
#4232 = DIRECTION('',(1.,0.,0.));
#4233 = DEFINITIONAL_REPRESENTATION('',(#4234),#4237);
#4234 = B_SPLINE_CURVE_WITH_KNOTS('',1,(#4235,#4236),.UNSPECIFIED.,.F.,
  .F.,(2,2),(-12.48,-0.),.PIECEWISE_BEZIER_KNOTS.);
#4235 = CARTESIAN_POINT('',(-7.160821726398,-12.48));
#4236 = CARTESIAN_POINT('',(-7.160821726398,0.));
#4237 = ( GEOMETRIC_REPRESENTATION_CONTEXT(2) 
PARAMETRIC_REPRESENTATION_CONTEXT() REPRESENTATION_CONTEXT('2D SPACE',''
  ) );
#4238 = ORIENTED_EDGE('',*,*,#4239,.F.);
#4239 = EDGE_CURVE('',#4240,#4214,#4242,.T.);
#4240 = VERTEX_POINT('',#4241);
#4241 = CARTESIAN_POINT('',(106.6693376137,40.5,18.98));
#4242 = SURFACE_CURVE('',#4243,(#4247,#4253),.PCURVE_S1.);
#4243 = LINE('',#4244,#4245);
#4244 = CARTESIAN_POINT('',(55.,40.5,18.98));
#4245 = VECTOR('',#4246,1.);
#4246 = DIRECTION('',(1.,0.,0.));
#4247 = PCURVE('',#3316,#4248);
#4248 = DEFINITIONAL_REPRESENTATION('',(#4249),#4252);
#4249 = B_SPLINE_CURVE_WITH_KNOTS('',1,(#4250,#4251),.UNSPECIFIED.,.F.,
  .F.,(2,2),(51.2,53.8),.PIECEWISE_BEZIER_KNOTS.);
#4250 = CARTESIAN_POINT('',(16.48,103.7));
#4251 = CARTESIAN_POINT('',(16.48,106.3));
#4252 = ( GEOMETRIC_REPRESENTATION_CONTEXT(2) 
PARAMETRIC_REPRESENTATION_CONTEXT() REPRESENTATION_CONTEXT('2D SPACE',''
  ) );
#4253 = PCURVE('',#4254,#4259);
#4254 = PLANE('',#4255);
#4255 = AXIS2_PLACEMENT_3D('',#4256,#4257,#4258);
#4256 = CARTESIAN_POINT('',(107.5,39.5,18.98));
#4257 = DIRECTION('',(0.,0.,1.));
#4258 = DIRECTION('',(1.,0.,-0.));
#4259 = DEFINITIONAL_REPRESENTATION('',(#4260),#4263);
#4260 = B_SPLINE_CURVE_WITH_KNOTS('',1,(#4261,#4262),.UNSPECIFIED.,.F.,
  .F.,(2,2),(51.2,53.8),.PIECEWISE_BEZIER_KNOTS.);
#4261 = CARTESIAN_POINT('',(-1.3,1.));
#4262 = CARTESIAN_POINT('',(1.3,1.));
#4263 = ( GEOMETRIC_REPRESENTATION_CONTEXT(2) 
PARAMETRIC_REPRESENTATION_CONTEXT() REPRESENTATION_CONTEXT('2D SPACE',''
  ) );
#4264 = ORIENTED_EDGE('',*,*,#4265,.T.);
#4265 = EDGE_CURVE('',#4240,#4266,#4268,.T.);
#4266 = VERTEX_POINT('',#4267);
#4267 = CARTESIAN_POINT('',(106.6693376137,40.5,6.5));
#4268 = SURFACE_CURVE('',#4269,(#4273,#4279),.PCURVE_S1.);
#4269 = LINE('',#4270,#4271);
#4270 = CARTESIAN_POINT('',(106.6693376137,40.5,6.5));
#4271 = VECTOR('',#4272,1.);
#4272 = DIRECTION('',(-0.,-0.,-1.));
#4273 = PCURVE('',#3316,#4274);
#4274 = DEFINITIONAL_REPRESENTATION('',(#4275),#4278);
#4275 = B_SPLINE_CURVE_WITH_KNOTS('',1,(#4276,#4277),.UNSPECIFIED.,.F.,
  .F.,(2,2),(-12.4800006,5.999999999062E-07),.PIECEWISE_BEZIER_KNOTS.);
#4276 = CARTESIAN_POINT('',(16.4800006,104.1693376137));
#4277 = CARTESIAN_POINT('',(3.9999994,104.1693376137));
#4278 = ( GEOMETRIC_REPRESENTATION_CONTEXT(2) 
PARAMETRIC_REPRESENTATION_CONTEXT() REPRESENTATION_CONTEXT('2D SPACE',''
  ) );
#4279 = PCURVE('',#4228,#4280);
#4280 = DEFINITIONAL_REPRESENTATION('',(#4281),#4284);
#4281 = B_SPLINE_CURVE_WITH_KNOTS('',1,(#4282,#4283),.UNSPECIFIED.,.F.,
  .F.,(2,2),(-12.48,-0.),.PIECEWISE_BEZIER_KNOTS.);
#4282 = CARTESIAN_POINT('',(-2.263956234372,-12.48));
#4283 = CARTESIAN_POINT('',(-2.263956234372,0.));
#4284 = ( GEOMETRIC_REPRESENTATION_CONTEXT(2) 
PARAMETRIC_REPRESENTATION_CONTEXT() REPRESENTATION_CONTEXT('2D SPACE',''
  ) );
#4285 = ORIENTED_EDGE('',*,*,#4286,.F.);
#4286 = EDGE_CURVE('',#4287,#4266,#4289,.T.);
#4287 = VERTEX_POINT('',#4288);
#4288 = CARTESIAN_POINT('',(10.,40.5,6.5));
#4289 = SURFACE_CURVE('',#4290,(#4294,#4301),.PCURVE_S1.);
#4290 = LINE('',#4291,#4292);
#4291 = CARTESIAN_POINT('',(10.,40.5,6.5));
#4292 = VECTOR('',#4293,1.);
#4293 = DIRECTION('',(1.,0.,0.));
#4294 = PCURVE('',#3316,#4295);
#4295 = DEFINITIONAL_REPRESENTATION('',(#4296),#4300);
#4296 = LINE('',#4297,#4298);
#4297 = CARTESIAN_POINT('',(4.,7.5));
#4298 = VECTOR('',#4299,1.);
#4299 = DIRECTION('',(0.,1.));
#4300 = ( GEOMETRIC_REPRESENTATION_CONTEXT(2) 
PARAMETRIC_REPRESENTATION_CONTEXT() REPRESENTATION_CONTEXT('2D SPACE',''
  ) );
#4301 = PCURVE('',#3002,#4302);
#4302 = DEFINITIONAL_REPRESENTATION('',(#4303),#4307);
#4303 = LINE('',#4304,#4305);
#4304 = CARTESIAN_POINT('',(0.,35.5));
#4305 = VECTOR('',#4306,1.);
#4306 = DIRECTION('',(1.,0.));
#4307 = ( GEOMETRIC_REPRESENTATION_CONTEXT(2) 
PARAMETRIC_REPRESENTATION_CONTEXT() REPRESENTATION_CONTEXT('2D SPACE',''
  ) );
#4308 = ORIENTED_EDGE('',*,*,#4309,.F.);
#4309 = EDGE_CURVE('',#4310,#4287,#4312,.T.);
#4310 = VERTEX_POINT('',#4311);
#4311 = CARTESIAN_POINT('',(10.,40.5,6.015640288664));
#4312 = SURFACE_CURVE('',#4313,(#4317,#4324),.PCURVE_S1.);
#4313 = LINE('',#4314,#4315);
#4314 = CARTESIAN_POINT('',(10.,40.5,2.5));
#4315 = VECTOR('',#4316,1.);
#4316 = DIRECTION('',(0.,0.,1.));
#4317 = PCURVE('',#3316,#4318);
#4318 = DEFINITIONAL_REPRESENTATION('',(#4319),#4323);
#4319 = LINE('',#4320,#4321);
#4320 = CARTESIAN_POINT('',(0.,7.5));
#4321 = VECTOR('',#4322,1.);
#4322 = DIRECTION('',(1.,0.));
#4323 = ( GEOMETRIC_REPRESENTATION_CONTEXT(2) 
PARAMETRIC_REPRESENTATION_CONTEXT() REPRESENTATION_CONTEXT('2D SPACE',''
  ) );
#4324 = PCURVE('',#1031,#4325);
#4325 = DEFINITIONAL_REPRESENTATION('',(#4326),#4330);
#4326 = LINE('',#4327,#4328);
#4327 = CARTESIAN_POINT('',(0.,-35.5));
#4328 = VECTOR('',#4329,1.);
#4329 = DIRECTION('',(1.,0.));
#4330 = ( GEOMETRIC_REPRESENTATION_CONTEXT(2) 
PARAMETRIC_REPRESENTATION_CONTEXT() REPRESENTATION_CONTEXT('2D SPACE',''
  ) );
#4331 = ORIENTED_EDGE('',*,*,#4332,.F.);
#4332 = EDGE_CURVE('',#4333,#4310,#4335,.T.);
#4333 = VERTEX_POINT('',#4334);
#4334 = CARTESIAN_POINT('',(3.486067250196,40.5,6.015642855597));
#4335 = SURFACE_CURVE('',#4336,(#4340,#4346),.PCURVE_S1.);
#4336 = LINE('',#4337,#4338);
#4337 = CARTESIAN_POINT('',(0.,40.5,6.015640288664));
#4338 = VECTOR('',#4339,1.);
#4339 = DIRECTION('',(1.,0.,0.));
#4340 = PCURVE('',#3316,#4341);
#4341 = DEFINITIONAL_REPRESENTATION('',(#4342),#4345);
#4342 = B_SPLINE_CURVE_WITH_KNOTS('',1,(#4343,#4344),.UNSPECIFIED.,.F.,
  .F.,(2,2),(1.199999399999,223.70000060002),.PIECEWISE_BEZIER_KNOTS.);
#4343 = CARTESIAN_POINT('',(3.515640288664,-1.300000600001));
#4344 = CARTESIAN_POINT('',(3.515640288664,221.20000060002));
#4345 = ( GEOMETRIC_REPRESENTATION_CONTEXT(2) 
PARAMETRIC_REPRESENTATION_CONTEXT() REPRESENTATION_CONTEXT('2D SPACE',''
  ) );
#4346 = PCURVE('',#4347,#4352);
#4347 = CYLINDRICAL_SURFACE('',#4348,14.);
#4348 = AXIS2_PLACEMENT_3D('',#4349,#4350,#4351);
#4349 = CARTESIAN_POINT('',(0.,29.,14.));
#4350 = DIRECTION('',(1.,0.,0.));
#4351 = DIRECTION('',(-0.,1.,0.));
#4352 = DEFINITIONAL_REPRESENTATION('',(#4353),#4356);
#4353 = B_SPLINE_CURVE_WITH_KNOTS('',1,(#4354,#4355),.UNSPECIFIED.,.F.,
  .F.,(2,2),(1.199999399999,223.70000060002),.PIECEWISE_BEZIER_KNOTS.);
#4354 = CARTESIAN_POINT('',(-0.606884910677,1.199999399999));
#4355 = CARTESIAN_POINT('',(-0.606884910677,223.70000060002));
#4356 = ( GEOMETRIC_REPRESENTATION_CONTEXT(2) 
PARAMETRIC_REPRESENTATION_CONTEXT() REPRESENTATION_CONTEXT('2D SPACE',''
  ) );
#4357 = ORIENTED_EDGE('',*,*,#4358,.T.);
#4358 = EDGE_CURVE('',#4333,#4359,#4361,.T.);
#4359 = VERTEX_POINT('',#4360);
#4360 = CARTESIAN_POINT('',(2.5,40.5,6.437278651641));
#4361 = SURFACE_CURVE('',#4362,(#4375,#4391),.PCURVE_S1.);
#4362 = B_SPLINE_CURVE_WITH_KNOTS('',6,(#4363,#4364,#4365,#4366,#4367,
    #4368,#4369,#4370,#4371,#4372,#4373,#4374),.UNSPECIFIED.,.F.,.F.,(7,
    5,7),(0.,0.4989573562,1.),.UNSPECIFIED.);
#4363 = CARTESIAN_POINT('',(3.486067250196,40.5,6.015642855597));
#4364 = CARTESIAN_POINT('',(3.420559421461,40.5,6.015642745943));
#4365 = CARTESIAN_POINT('',(3.351179777534,40.5,6.021442838905));
#4366 = CARTESIAN_POINT('',(3.278021400714,40.5,6.033519290935));
#4367 = CARTESIAN_POINT('',(3.201248121237,40.5,6.052353274509));
#4368 = CARTESIAN_POINT('',(3.121109630083,40.5,6.07840276943));
#4369 = CARTESIAN_POINT('',(2.954456032816,40.5,6.14588666219));
#4370 = CARTESIAN_POINT('',(2.867915215777,40.5,6.187384671058));
#4371 = CARTESIAN_POINT('',(2.778689476224,40.5,6.23697792574));
#4372 = CARTESIAN_POINT('',(2.687233401042,40.5,6.295018649849));
#4373 = CARTESIAN_POINT('',(2.594115708437,40.5,6.361757748576));
#4374 = CARTESIAN_POINT('',(2.5,40.5,6.437278651641));
#4375 = PCURVE('',#3316,#4376);
#4376 = DEFINITIONAL_REPRESENTATION('',(#4377),#4390);
#4377 = B_SPLINE_CURVE_WITH_KNOTS('',6,(#4378,#4379,#4380,#4381,#4382,
    #4383,#4384,#4385,#4386,#4387,#4388,#4389),.UNSPECIFIED.,.F.,.F.,(7,
    5,7),(0.,0.4989573562,1.),.UNSPECIFIED.);
#4378 = CARTESIAN_POINT('',(3.515642855597,0.986067250196));
#4379 = CARTESIAN_POINT('',(3.515642745943,0.920559421461));
#4380 = CARTESIAN_POINT('',(3.521442838905,0.851179777534));
#4381 = CARTESIAN_POINT('',(3.533519290935,0.778021400714));
#4382 = CARTESIAN_POINT('',(3.552353274509,0.701248121237));
#4383 = CARTESIAN_POINT('',(3.57840276943,0.621109630083));
#4384 = CARTESIAN_POINT('',(3.64588666219,0.454456032816));
#4385 = CARTESIAN_POINT('',(3.687384671058,0.367915215777));
#4386 = CARTESIAN_POINT('',(3.73697792574,0.278689476224));
#4387 = CARTESIAN_POINT('',(3.795018649849,0.187233401042));
#4388 = CARTESIAN_POINT('',(3.861757748576,9.411570843743E-02));
#4389 = CARTESIAN_POINT('',(3.937278651641,0.));
#4390 = ( GEOMETRIC_REPRESENTATION_CONTEXT(2) 
PARAMETRIC_REPRESENTATION_CONTEXT() REPRESENTATION_CONTEXT('2D SPACE',''
  ) );
#4391 = PCURVE('',#4392,#4429);
#4392 = ( BOUNDED_SURFACE() B_SPLINE_SURFACE(2,11,(
    (#4393,#4394,#4395,#4396,#4397,#4398,#4399,#4400,#4401,#4402,#4403
      ,#4404)
    ,(#4405,#4406,#4407,#4408,#4409,#4410,#4411,#4412,#4413,#4414,#4415
      ,#4416)
    ,(#4417,#4418,#4419,#4420,#4421,#4422,#4423,#4424,#4425,#4426,#4427
,#4428
    )),.UNSPECIFIED.,.F.,.F.,.F.) B_SPLINE_SURFACE_WITH_KNOTS((3,3),(12,
    12),(0.,26.741384523261),(1.722338221771E-15,26.741384523261),
.PIECEWISE_BEZIER_KNOTS.) GEOMETRIC_REPRESENTATION_ITEM() 
RATIONAL_B_SPLINE_SURFACE((
    (1.,1.,0.999999999999,1.000000000001,0.999999999998,1.000000000003
      ,0.999999999997,1.000000000002,0.999999999999,1.,1.,1.)
    ,(1.,1.,0.987769718649,0.963191288277,0.928052598252,0.882973021545
      ,0.835909293028,0.784725521154,0.746601038546,0.720242962469
      ,0.707106781186,0.707106781187)
    ,(1.,1.,0.999999999999,1.000000000001,0.999999999998,1.000000000003
      ,0.999999999997,1.000000000002,0.999999999999,1.,1.,1.
))) REPRESENTATION_ITEM('') SURFACE() );
#4393 = CARTESIAN_POINT('',(14.,29.,-1.7763568394E-15));
#4394 = CARTESIAN_POINT('',(11.911298028247,30.909670374174,
    3.828048988908E-13));
#4395 = CARTESIAN_POINT('',(9.822539515419,32.819398613555,
    0.342562968629));
#4396 = CARTESIAN_POINT('',(7.799148606905,34.669296210711,
    1.029751155749));
#4397 = CARTESIAN_POINT('',(5.905372152131,36.400867173006,
    2.037225780129));
#4398 = CARTESIAN_POINT('',(4.204635309433,37.955363734074,
    3.362462045001));
#4399 = CARTESIAN_POINT('',(2.756708511881,39.279636713007,
    4.902442406029));
#4400 = CARTESIAN_POINT('',(1.593345561124,40.342430009559,
    6.680407520633));
#4401 = CARTESIAN_POINT('',(0.788876547102,41.078124057017,
    8.516157987479));
#4402 = CARTESIAN_POINT('',(0.262318970415,41.559972744442,
    10.344132136937));
#4403 = CARTESIAN_POINT('',(-5.21360732364E-13,41.8,12.172172641863));
#4404 = CARTESIAN_POINT('',(-1.7763568394E-15,41.8,14.));
#4405 = CARTESIAN_POINT('',(14.,29.,-8.881784197001E-16));
#4406 = CARTESIAN_POINT('',(12.000813827036,30.999186172964,
    3.144151605738E-13));
#4407 = CARTESIAN_POINT('',(9.951861012922,33.048138987078,
    0.317650453711));
#4408 = CARTESIAN_POINT('',(7.924783967282,35.075216032719,
    0.973730896261));
#4409 = CARTESIAN_POINT('',(5.99947916429,37.00052083571,1.984869332191)
  );
#4410 = CARTESIAN_POINT('',(4.290157847595,38.709842152405,
    3.272202935078));
#4411 = CARTESIAN_POINT('',(2.828843281862,40.171156718137,
    4.852676248779));
#4412 = CARTESIAN_POINT('',(1.728376349006,41.271623650995,
    6.502767666292));
#4413 = CARTESIAN_POINT('',(0.885643864993,42.114356135007,
    8.236868775536));
#4414 = CARTESIAN_POINT('',(0.306023752205,42.693976247795,
    10.075059599845));
#4415 = CARTESIAN_POINT('',(-4.494182803683E-13,43.,12.000813827038));
#4416 = CARTESIAN_POINT('',(-1.7763568394E-15,43.,14.));
#4417 = CARTESIAN_POINT('',(14.,29.,-1.7763568394E-15));
#4418 = CARTESIAN_POINT('',(12.090329625826,31.088701971753,
    4.654054919229E-13));
#4419 = CARTESIAN_POINT('',(10.180601386445,33.177460484581,
    0.342562968629));
#4420 = CARTESIAN_POINT('',(8.330703789289,35.200851393096,1.02975115575
    ));
#4421 = CARTESIAN_POINT('',(6.599132826993,37.094627847868,
    2.037225780128));
#4422 = CARTESIAN_POINT('',(5.044636265928,38.795364690568,
    3.362462045002));
#4423 = CARTESIAN_POINT('',(3.720363286991,40.243291488118,
    4.902442406028));
#4424 = CARTESIAN_POINT('',(2.657569990443,41.406654438877,
    6.680407520634));
#4425 = CARTESIAN_POINT('',(1.921875942982,42.211123452897,
    8.516157987478));
#4426 = CARTESIAN_POINT('',(1.440027255558,42.737681029585,
    10.344132136937));
#4427 = CARTESIAN_POINT('',(1.2,43.,12.172172641863));
#4428 = CARTESIAN_POINT('',(1.2,43.,14.));
#4429 = DEFINITIONAL_REPRESENTATION('',(#4430),#4443);
#4430 = B_SPLINE_CURVE_WITH_KNOTS('',6,(#4431,#4432,#4433,#4434,#4435,
    #4436,#4437,#4438,#4439,#4440,#4441,#4442),.UNSPECIFIED.,.F.,.F.,(7,
    5,7),(0.,0.4989573562,1.),.UNSPECIFIED.);
#4431 = CARTESIAN_POINT('',(26.741384523261,15.879554567148));
#4432 = CARTESIAN_POINT('',(25.62570644135,15.915709793782));
#4433 = CARTESIAN_POINT('',(24.510459010672,15.958171520164));
#4434 = CARTESIAN_POINT('',(23.39574703985,16.007229821361));
#4435 = CARTESIAN_POINT('',(22.281688671295,16.063162988494));
#4436 = CARTESIAN_POINT('',(21.168413070896,16.126221896171));
#4437 = CARTESIAN_POINT('',(18.939054310361,16.267301034221));
#4438 = CARTESIAN_POINT('',(17.822974171663,16.345382737813));
#4439 = CARTESIAN_POINT('',(16.707963174874,16.431068402478));
#4440 = CARTESIAN_POINT('',(15.594161771003,16.524520149329));
#4441 = CARTESIAN_POINT('',(14.481699978705,16.625828905223));
#4442 = CARTESIAN_POINT('',(13.370692268433,16.734971205419));
#4443 = ( GEOMETRIC_REPRESENTATION_CONTEXT(2) 
PARAMETRIC_REPRESENTATION_CONTEXT() REPRESENTATION_CONTEXT('2D SPACE',''
  ) );
#4444 = ORIENTED_EDGE('',*,*,#4445,.T.);
#4445 = EDGE_CURVE('',#4359,#4446,#4448,.T.);
#4446 = VERTEX_POINT('',#4447);
#4447 = CARTESIAN_POINT('',(2.5,40.5,75.5));
#4448 = SURFACE_CURVE('',#4449,(#4453,#4460),.PCURVE_S1.);
#4449 = LINE('',#4450,#4451);
#4450 = CARTESIAN_POINT('',(2.5,40.5,2.5));
#4451 = VECTOR('',#4452,1.);
#4452 = DIRECTION('',(0.,0.,1.));
#4453 = PCURVE('',#3316,#4454);
#4454 = DEFINITIONAL_REPRESENTATION('',(#4455),#4459);
#4455 = LINE('',#4456,#4457);
#4456 = CARTESIAN_POINT('',(0.,0.));
#4457 = VECTOR('',#4458,1.);
#4458 = DIRECTION('',(1.,0.));
#4459 = ( GEOMETRIC_REPRESENTATION_CONTEXT(2) 
PARAMETRIC_REPRESENTATION_CONTEXT() REPRESENTATION_CONTEXT('2D SPACE',''
  ) );
#4460 = PCURVE('',#631,#4461);
#4461 = DEFINITIONAL_REPRESENTATION('',(#4462),#4466);
#4462 = LINE('',#4463,#4464);
#4463 = CARTESIAN_POINT('',(0.,-41.5));
#4464 = VECTOR('',#4465,1.);
#4465 = DIRECTION('',(1.,0.));
#4466 = ( GEOMETRIC_REPRESENTATION_CONTEXT(2) 
PARAMETRIC_REPRESENTATION_CONTEXT() REPRESENTATION_CONTEXT('2D SPACE',''
  ) );
#4467 = ORIENTED_EDGE('',*,*,#4468,.T.);
#4468 = EDGE_CURVE('',#4446,#3787,#4469,.T.);
#4469 = SURFACE_CURVE('',#4470,(#4474,#4481),.PCURVE_S1.);
#4470 = LINE('',#4471,#4472);
#4471 = CARTESIAN_POINT('',(2.5,40.5,75.5));
#4472 = VECTOR('',#4473,1.);
#4473 = DIRECTION('',(1.,0.,0.));
#4474 = PCURVE('',#3316,#4475);
#4475 = DEFINITIONAL_REPRESENTATION('',(#4476),#4480);
#4476 = LINE('',#4477,#4478);
#4477 = CARTESIAN_POINT('',(73.,0.));
#4478 = VECTOR('',#4479,1.);
#4479 = DIRECTION('',(0.,1.));
#4480 = ( GEOMETRIC_REPRESENTATION_CONTEXT(2) 
PARAMETRIC_REPRESENTATION_CONTEXT() REPRESENTATION_CONTEXT('2D SPACE',''
  ) );
#4481 = PCURVE('',#4482,#4487);
#4482 = PLANE('',#4483);
#4483 = AXIS2_PLACEMENT_3D('',#4484,#4485,#4486);
#4484 = CARTESIAN_POINT('',(2.5,-1.,75.5));
#4485 = DIRECTION('',(0.,0.,1.));
#4486 = DIRECTION('',(1.,0.,0.));
#4487 = DEFINITIONAL_REPRESENTATION('',(#4488),#4492);
#4488 = LINE('',#4489,#4490);
#4489 = CARTESIAN_POINT('',(0.,41.5));
#4490 = VECTOR('',#4491,1.);
#4491 = DIRECTION('',(1.,0.));
#4492 = ( GEOMETRIC_REPRESENTATION_CONTEXT(2) 
PARAMETRIC_REPRESENTATION_CONTEXT() REPRESENTATION_CONTEXT('2D SPACE',''
  ) );
#4493 = ADVANCED_FACE('',(#4494),#3872,.F.);
#4494 = FACE_BOUND('',#4495,.F.);
#4495 = EDGE_LOOP('',(#4496,#4519,#4545,#4566));
#4496 = ORIENTED_EDGE('',*,*,#4497,.F.);
#4497 = EDGE_CURVE('',#4498,#3834,#4500,.T.);
#4498 = VERTEX_POINT('',#4499);
#4499 = CARTESIAN_POINT('',(198.4,7.5,34.5));
#4500 = SURFACE_CURVE('',#4501,(#4505,#4512),.PCURVE_S1.);
#4501 = LINE('',#4502,#4503);
#4502 = CARTESIAN_POINT('',(198.4,5.,34.5));
#4503 = VECTOR('',#4504,1.);
#4504 = DIRECTION('',(0.,1.,0.));
#4505 = PCURVE('',#3872,#4506);
#4506 = DEFINITIONAL_REPRESENTATION('',(#4507),#4511);
#4507 = LINE('',#4508,#4509);
#4508 = CARTESIAN_POINT('',(28.,0.));
#4509 = VECTOR('',#4510,1.);
#4510 = DIRECTION('',(0.,-1.));
#4511 = ( GEOMETRIC_REPRESENTATION_CONTEXT(2) 
PARAMETRIC_REPRESENTATION_CONTEXT() REPRESENTATION_CONTEXT('2D SPACE',''
  ) );
#4512 = PCURVE('',#3160,#4513);
#4513 = DEFINITIONAL_REPRESENTATION('',(#4514),#4518);
#4514 = LINE('',#4515,#4516);
#4515 = CARTESIAN_POINT('',(35.9,0.));
#4516 = VECTOR('',#4517,1.);
#4517 = DIRECTION('',(0.,1.));
#4518 = ( GEOMETRIC_REPRESENTATION_CONTEXT(2) 
PARAMETRIC_REPRESENTATION_CONTEXT() REPRESENTATION_CONTEXT('2D SPACE',''
  ) );
#4519 = ORIENTED_EDGE('',*,*,#4520,.F.);
#4520 = EDGE_CURVE('',#4521,#4498,#4523,.T.);
#4521 = VERTEX_POINT('',#4522);
#4522 = CARTESIAN_POINT('',(198.4,7.5,6.5));
#4523 = SURFACE_CURVE('',#4524,(#4528,#4534),.PCURVE_S1.);
#4524 = LINE('',#4525,#4526);
#4525 = CARTESIAN_POINT('',(198.4,7.5,6.5));
#4526 = VECTOR('',#4527,1.);
#4527 = DIRECTION('',(0.,0.,1.));
#4528 = PCURVE('',#3872,#4529);
#4529 = DEFINITIONAL_REPRESENTATION('',(#4530),#4533);
#4530 = B_SPLINE_CURVE_WITH_KNOTS('',1,(#4531,#4532),.UNSPECIFIED.,.F.,
  .F.,(2,2),(0.,28.),.PIECEWISE_BEZIER_KNOTS.);
#4531 = CARTESIAN_POINT('',(0.,-2.5));
#4532 = CARTESIAN_POINT('',(28.,-2.5));
#4533 = ( GEOMETRIC_REPRESENTATION_CONTEXT(2) 
PARAMETRIC_REPRESENTATION_CONTEXT() REPRESENTATION_CONTEXT('2D SPACE',''
  ) );
#4534 = PCURVE('',#4535,#4540);
#4535 = PLANE('',#4536);
#4536 = AXIS2_PLACEMENT_3D('',#4537,#4538,#4539);
#4537 = CARTESIAN_POINT('',(162.5,7.5,6.5));
#4538 = DIRECTION('',(0.,1.,0.));
#4539 = DIRECTION('',(0.,0.,1.));
#4540 = DEFINITIONAL_REPRESENTATION('',(#4541),#4544);
#4541 = B_SPLINE_CURVE_WITH_KNOTS('',1,(#4542,#4543),.UNSPECIFIED.,.F.,
  .F.,(2,2),(0.,28.),.PIECEWISE_BEZIER_KNOTS.);
#4542 = CARTESIAN_POINT('',(0.,35.9));
#4543 = CARTESIAN_POINT('',(28.,35.9));
#4544 = ( GEOMETRIC_REPRESENTATION_CONTEXT(2) 
PARAMETRIC_REPRESENTATION_CONTEXT() REPRESENTATION_CONTEXT('2D SPACE',''
  ) );
#4545 = ORIENTED_EDGE('',*,*,#4546,.T.);
#4546 = EDGE_CURVE('',#4521,#3857,#4547,.T.);
#4547 = SURFACE_CURVE('',#4548,(#4552,#4559),.PCURVE_S1.);
#4548 = LINE('',#4549,#4550);
#4549 = CARTESIAN_POINT('',(198.4,5.,6.5));
#4550 = VECTOR('',#4551,1.);
#4551 = DIRECTION('',(0.,1.,0.));
#4552 = PCURVE('',#3872,#4553);
#4553 = DEFINITIONAL_REPRESENTATION('',(#4554),#4558);
#4554 = LINE('',#4555,#4556);
#4555 = CARTESIAN_POINT('',(0.,0.));
#4556 = VECTOR('',#4557,1.);
#4557 = DIRECTION('',(0.,-1.));
#4558 = ( GEOMETRIC_REPRESENTATION_CONTEXT(2) 
PARAMETRIC_REPRESENTATION_CONTEXT() REPRESENTATION_CONTEXT('2D SPACE',''
  ) );
#4559 = PCURVE('',#3900,#4560);
#4560 = DEFINITIONAL_REPRESENTATION('',(#4561),#4565);
#4561 = LINE('',#4562,#4563);
#4562 = CARTESIAN_POINT('',(188.4,0.));
#4563 = VECTOR('',#4564,1.);
#4564 = DIRECTION('',(0.,1.));
#4565 = ( GEOMETRIC_REPRESENTATION_CONTEXT(2) 
PARAMETRIC_REPRESENTATION_CONTEXT() REPRESENTATION_CONTEXT('2D SPACE',''
  ) );
#4566 = ORIENTED_EDGE('',*,*,#3856,.T.);
#4567 = ADVANCED_FACE('',(#4568),#4535,.T.);
#4568 = FACE_BOUND('',#4569,.T.);
#4569 = EDGE_LOOP('',(#4570,#4595,#4616,#4637,#4638,#4661,#4687,#4713,
    #4739,#4765,#4791,#4817,#4838,#4859,#4880,#4901,#4922,#4945,#4971,
    #4997,#5023,#5049,#5075,#5101,#5122,#5143,#5164,#5185));
#4570 = ORIENTED_EDGE('',*,*,#4571,.F.);
#4571 = EDGE_CURVE('',#4572,#4574,#4576,.T.);
#4572 = VERTEX_POINT('',#4573);
#4573 = CARTESIAN_POINT('',(165.,7.5,6.5));
#4574 = VERTEX_POINT('',#4575);
#4575 = CARTESIAN_POINT('',(167.19808438167,7.5,6.5));
#4576 = SURFACE_CURVE('',#4577,(#4581,#4588),.PCURVE_S1.);
#4577 = LINE('',#4578,#4579);
#4578 = CARTESIAN_POINT('',(162.5,7.5,6.5));
#4579 = VECTOR('',#4580,1.);
#4580 = DIRECTION('',(1.,0.,0.));
#4581 = PCURVE('',#4535,#4582);
#4582 = DEFINITIONAL_REPRESENTATION('',(#4583),#4587);
#4583 = LINE('',#4584,#4585);
#4584 = CARTESIAN_POINT('',(0.,0.));
#4585 = VECTOR('',#4586,1.);
#4586 = DIRECTION('',(0.,1.));
#4587 = ( GEOMETRIC_REPRESENTATION_CONTEXT(2) 
PARAMETRIC_REPRESENTATION_CONTEXT() REPRESENTATION_CONTEXT('2D SPACE',''
  ) );
#4588 = PCURVE('',#3900,#4589);
#4589 = DEFINITIONAL_REPRESENTATION('',(#4590),#4594);
#4590 = LINE('',#4591,#4592);
#4591 = CARTESIAN_POINT('',(152.5,2.5));
#4592 = VECTOR('',#4593,1.);
#4593 = DIRECTION('',(1.,0.));
#4594 = ( GEOMETRIC_REPRESENTATION_CONTEXT(2) 
PARAMETRIC_REPRESENTATION_CONTEXT() REPRESENTATION_CONTEXT('2D SPACE',''
  ) );
#4595 = ORIENTED_EDGE('',*,*,#4596,.T.);
#4596 = EDGE_CURVE('',#4572,#4597,#4599,.T.);
#4597 = VERTEX_POINT('',#4598);
#4598 = CARTESIAN_POINT('',(165.,7.5,34.5));
#4599 = SURFACE_CURVE('',#4600,(#4604,#4610),.PCURVE_S1.);
#4600 = LINE('',#4601,#4602);
#4601 = CARTESIAN_POINT('',(165.,7.5,6.5));
#4602 = VECTOR('',#4603,1.);
#4603 = DIRECTION('',(0.,0.,1.));
#4604 = PCURVE('',#4535,#4605);
#4605 = DEFINITIONAL_REPRESENTATION('',(#4606),#4609);
#4606 = B_SPLINE_CURVE_WITH_KNOTS('',1,(#4607,#4608),.UNSPECIFIED.,.F.,
  .F.,(2,2),(0.,28.),.PIECEWISE_BEZIER_KNOTS.);
#4607 = CARTESIAN_POINT('',(0.,2.5));
#4608 = CARTESIAN_POINT('',(28.,2.5));
#4609 = ( GEOMETRIC_REPRESENTATION_CONTEXT(2) 
PARAMETRIC_REPRESENTATION_CONTEXT() REPRESENTATION_CONTEXT('2D SPACE',''
  ) );
#4610 = PCURVE('',#3928,#4611);
#4611 = DEFINITIONAL_REPRESENTATION('',(#4612),#4615);
#4612 = B_SPLINE_CURVE_WITH_KNOTS('',1,(#4613,#4614),.UNSPECIFIED.,.F.,
  .F.,(2,2),(0.,28.),.PIECEWISE_BEZIER_KNOTS.);
#4613 = CARTESIAN_POINT('',(0.,-2.5));
#4614 = CARTESIAN_POINT('',(28.,-2.5));
#4615 = ( GEOMETRIC_REPRESENTATION_CONTEXT(2) 
PARAMETRIC_REPRESENTATION_CONTEXT() REPRESENTATION_CONTEXT('2D SPACE',''
  ) );
#4616 = ORIENTED_EDGE('',*,*,#4617,.T.);
#4617 = EDGE_CURVE('',#4597,#4498,#4618,.T.);
#4618 = SURFACE_CURVE('',#4619,(#4623,#4630),.PCURVE_S1.);
#4619 = LINE('',#4620,#4621);
#4620 = CARTESIAN_POINT('',(162.5,7.5,34.5));
#4621 = VECTOR('',#4622,1.);
#4622 = DIRECTION('',(1.,0.,0.));
#4623 = PCURVE('',#4535,#4624);
#4624 = DEFINITIONAL_REPRESENTATION('',(#4625),#4629);
#4625 = LINE('',#4626,#4627);
#4626 = CARTESIAN_POINT('',(28.,0.));
#4627 = VECTOR('',#4628,1.);
#4628 = DIRECTION('',(0.,1.));
#4629 = ( GEOMETRIC_REPRESENTATION_CONTEXT(2) 
PARAMETRIC_REPRESENTATION_CONTEXT() REPRESENTATION_CONTEXT('2D SPACE',''
  ) );
#4630 = PCURVE('',#3160,#4631);
#4631 = DEFINITIONAL_REPRESENTATION('',(#4632),#4636);
#4632 = LINE('',#4633,#4634);
#4633 = CARTESIAN_POINT('',(0.,2.5));
#4634 = VECTOR('',#4635,1.);
#4635 = DIRECTION('',(1.,0.));
#4636 = ( GEOMETRIC_REPRESENTATION_CONTEXT(2) 
PARAMETRIC_REPRESENTATION_CONTEXT() REPRESENTATION_CONTEXT('2D SPACE',''
  ) );
#4637 = ORIENTED_EDGE('',*,*,#4520,.F.);
#4638 = ORIENTED_EDGE('',*,*,#4639,.F.);
#4639 = EDGE_CURVE('',#4640,#4521,#4642,.T.);
#4640 = VERTEX_POINT('',#4641);
#4641 = CARTESIAN_POINT('',(194.20191561832,7.5,6.5));
#4642 = SURFACE_CURVE('',#4643,(#4647,#4654),.PCURVE_S1.);
#4643 = LINE('',#4644,#4645);
#4644 = CARTESIAN_POINT('',(162.5,7.5,6.5));
#4645 = VECTOR('',#4646,1.);
#4646 = DIRECTION('',(1.,0.,0.));
#4647 = PCURVE('',#4535,#4648);
#4648 = DEFINITIONAL_REPRESENTATION('',(#4649),#4653);
#4649 = LINE('',#4650,#4651);
#4650 = CARTESIAN_POINT('',(0.,0.));
#4651 = VECTOR('',#4652,1.);
#4652 = DIRECTION('',(0.,1.));
#4653 = ( GEOMETRIC_REPRESENTATION_CONTEXT(2) 
PARAMETRIC_REPRESENTATION_CONTEXT() REPRESENTATION_CONTEXT('2D SPACE',''
  ) );
#4654 = PCURVE('',#3900,#4655);
#4655 = DEFINITIONAL_REPRESENTATION('',(#4656),#4660);
#4656 = LINE('',#4657,#4658);
#4657 = CARTESIAN_POINT('',(152.5,2.5));
#4658 = VECTOR('',#4659,1.);
#4659 = DIRECTION('',(1.,0.));
#4660 = ( GEOMETRIC_REPRESENTATION_CONTEXT(2) 
PARAMETRIC_REPRESENTATION_CONTEXT() REPRESENTATION_CONTEXT('2D SPACE',''
  ) );
#4661 = ORIENTED_EDGE('',*,*,#4662,.F.);
#4662 = EDGE_CURVE('',#4663,#4640,#4665,.T.);
#4663 = VERTEX_POINT('',#4664);
#4664 = CARTESIAN_POINT('',(194.20191561832,7.5,16.98));
#4665 = SURFACE_CURVE('',#4666,(#4670,#4676),.PCURVE_S1.);
#4666 = LINE('',#4667,#4668);
#4667 = CARTESIAN_POINT('',(194.20191561832,7.5,6.5));
#4668 = VECTOR('',#4669,1.);
#4669 = DIRECTION('',(-0.,-0.,-1.));
#4670 = PCURVE('',#4535,#4671);
#4671 = DEFINITIONAL_REPRESENTATION('',(#4672),#4675);
#4672 = B_SPLINE_CURVE_WITH_KNOTS('',1,(#4673,#4674),.UNSPECIFIED.,.F.,
  .F.,(2,2),(-10.4800006,5.999999999062E-07),.PIECEWISE_BEZIER_KNOTS.);
#4673 = CARTESIAN_POINT('',(10.4800006,31.701915618324));
#4674 = CARTESIAN_POINT('',(-5.999999999062E-07,31.701915618324));
#4675 = ( GEOMETRIC_REPRESENTATION_CONTEXT(2) 
PARAMETRIC_REPRESENTATION_CONTEXT() REPRESENTATION_CONTEXT('2D SPACE',''
  ) );
#4676 = PCURVE('',#4677,#4682);
#4677 = CYLINDRICAL_SURFACE('',#4678,3.5);
#4678 = AXIS2_PLACEMENT_3D('',#4679,#4680,#4681);
#4679 = CARTESIAN_POINT('',(190.86,8.54,6.5));
#4680 = DIRECTION('',(-0.,-0.,-1.));
#4681 = DIRECTION('',(1.,0.,0.));
#4682 = DEFINITIONAL_REPRESENTATION('',(#4683),#4686);
#4683 = B_SPLINE_CURVE_WITH_KNOTS('',1,(#4684,#4685),.UNSPECIFIED.,.F.,
  .F.,(2,2),(-10.48,0.),.PIECEWISE_BEZIER_KNOTS.);
#4684 = CARTESIAN_POINT('',(-5.981486347928,-10.48));
#4685 = CARTESIAN_POINT('',(-5.981486347928,0.));
#4686 = ( GEOMETRIC_REPRESENTATION_CONTEXT(2) 
PARAMETRIC_REPRESENTATION_CONTEXT() REPRESENTATION_CONTEXT('2D SPACE',''
  ) );
#4687 = ORIENTED_EDGE('',*,*,#4688,.T.);
#4688 = EDGE_CURVE('',#4663,#4689,#4691,.T.);
#4689 = VERTEX_POINT('',#4690);
#4690 = CARTESIAN_POINT('',(192.05608737139,7.5,16.98));
#4691 = SURFACE_CURVE('',#4692,(#4696,#4702),.PCURVE_S1.);
#4692 = LINE('',#4693,#4694);
#4693 = CARTESIAN_POINT('',(176.68,7.5,16.98));
#4694 = VECTOR('',#4695,1.);
#4695 = DIRECTION('',(-1.,0.,0.));
#4696 = PCURVE('',#4535,#4697);
#4697 = DEFINITIONAL_REPRESENTATION('',(#4698),#4701);
#4698 = B_SPLINE_CURVE_WITH_KNOTS('',1,(#4699,#4700),.UNSPECIFIED.,.F.,
  .F.,(2,2),(-17.68,-10.68),.PIECEWISE_BEZIER_KNOTS.);
#4699 = CARTESIAN_POINT('',(10.48,31.86));
#4700 = CARTESIAN_POINT('',(10.48,24.86));
#4701 = ( GEOMETRIC_REPRESENTATION_CONTEXT(2) 
PARAMETRIC_REPRESENTATION_CONTEXT() REPRESENTATION_CONTEXT('2D SPACE',''
  ) );
#4702 = PCURVE('',#4703,#4708);
#4703 = PLANE('',#4704);
#4704 = AXIS2_PLACEMENT_3D('',#4705,#4706,#4707);
#4705 = CARTESIAN_POINT('',(190.86,8.54,16.98));
#4706 = DIRECTION('',(0.,0.,1.));
#4707 = DIRECTION('',(1.,0.,-0.));
#4708 = DEFINITIONAL_REPRESENTATION('',(#4709),#4712);
#4709 = B_SPLINE_CURVE_WITH_KNOTS('',1,(#4710,#4711),.UNSPECIFIED.,.F.,
  .F.,(2,2),(-17.68,-10.68),.PIECEWISE_BEZIER_KNOTS.);
#4710 = CARTESIAN_POINT('',(3.5,-1.04));
#4711 = CARTESIAN_POINT('',(-3.5,-1.04));
#4712 = ( GEOMETRIC_REPRESENTATION_CONTEXT(2) 
PARAMETRIC_REPRESENTATION_CONTEXT() REPRESENTATION_CONTEXT('2D SPACE',''
  ) );
#4713 = ORIENTED_EDGE('',*,*,#4714,.T.);
#4714 = EDGE_CURVE('',#4689,#4715,#4717,.T.);
#4715 = VERTEX_POINT('',#4716);
#4716 = CARTESIAN_POINT('',(192.05608737139,7.5,12.5));
#4717 = SURFACE_CURVE('',#4718,(#4722,#4728),.PCURVE_S1.);
#4718 = LINE('',#4719,#4720);
#4719 = CARTESIAN_POINT('',(192.05608737139,7.5,16.98));
#4720 = VECTOR('',#4721,1.);
#4721 = DIRECTION('',(0.,0.,-1.));
#4722 = PCURVE('',#4535,#4723);
#4723 = DEFINITIONAL_REPRESENTATION('',(#4724),#4727);
#4724 = B_SPLINE_CURVE_WITH_KNOTS('',1,(#4725,#4726),.UNSPECIFIED.,.F.,
  .F.,(2,2),(-5.999999999062E-07,4.4800006),.PIECEWISE_BEZIER_KNOTS.);
#4725 = CARTESIAN_POINT('',(10.4800006,29.556087371391));
#4726 = CARTESIAN_POINT('',(5.9999994,29.556087371391));
#4727 = ( GEOMETRIC_REPRESENTATION_CONTEXT(2) 
PARAMETRIC_REPRESENTATION_CONTEXT() REPRESENTATION_CONTEXT('2D SPACE',''
  ) );
#4728 = PCURVE('',#4729,#4734);
#4729 = CYLINDRICAL_SURFACE('',#4730,1.585);
#4730 = AXIS2_PLACEMENT_3D('',#4731,#4732,#4733);
#4731 = CARTESIAN_POINT('',(190.86,8.54,16.98));
#4732 = DIRECTION('',(0.,0.,-1.));
#4733 = DIRECTION('',(-1.,0.,0.));
#4734 = DEFINITIONAL_REPRESENTATION('',(#4735),#4738);
#4735 = B_SPLINE_CURVE_WITH_KNOTS('',1,(#4736,#4737),.UNSPECIFIED.,.F.,
  .F.,(2,2),(0.,4.48),.PIECEWISE_BEZIER_KNOTS.);
#4736 = CARTESIAN_POINT('',(10.140485379305,0.));
#4737 = CARTESIAN_POINT('',(10.140485379305,4.48));
#4738 = ( GEOMETRIC_REPRESENTATION_CONTEXT(2) 
PARAMETRIC_REPRESENTATION_CONTEXT() REPRESENTATION_CONTEXT('2D SPACE',''
  ) );
#4739 = ORIENTED_EDGE('',*,*,#4740,.F.);
#4740 = EDGE_CURVE('',#4741,#4715,#4743,.T.);
#4741 = VERTEX_POINT('',#4742);
#4742 = CARTESIAN_POINT('',(191.87039596198,7.5,12.5));
#4743 = SURFACE_CURVE('',#4744,(#4748,#4754),.PCURVE_S1.);
#4744 = LINE('',#4745,#4746);
#4745 = CARTESIAN_POINT('',(176.68,7.5,12.5));
#4746 = VECTOR('',#4747,1.);
#4747 = DIRECTION('',(1.,-0.,0.));
#4748 = PCURVE('',#4535,#4749);
#4749 = DEFINITIONAL_REPRESENTATION('',(#4750),#4753);
#4750 = B_SPLINE_CURVE_WITH_KNOTS('',1,(#4751,#4752),.UNSPECIFIED.,.F.,
  .F.,(2,2),(12.595,15.765),.PIECEWISE_BEZIER_KNOTS.);
#4751 = CARTESIAN_POINT('',(6.,26.775));
#4752 = CARTESIAN_POINT('',(6.,29.945));
#4753 = ( GEOMETRIC_REPRESENTATION_CONTEXT(2) 
PARAMETRIC_REPRESENTATION_CONTEXT() REPRESENTATION_CONTEXT('2D SPACE',''
  ) );
#4754 = PCURVE('',#4755,#4760);
#4755 = PLANE('',#4756);
#4756 = AXIS2_PLACEMENT_3D('',#4757,#4758,#4759);
#4757 = CARTESIAN_POINT('',(190.86,8.54,12.5));
#4758 = DIRECTION('',(0.,0.,-1.));
#4759 = DIRECTION('',(-1.,0.,0.));
#4760 = DEFINITIONAL_REPRESENTATION('',(#4761),#4764);
#4761 = B_SPLINE_CURVE_WITH_KNOTS('',1,(#4762,#4763),.UNSPECIFIED.,.F.,
  .F.,(2,2),(12.595,15.765),.PIECEWISE_BEZIER_KNOTS.);
#4762 = CARTESIAN_POINT('',(1.585,-1.04));
#4763 = CARTESIAN_POINT('',(-1.585,-1.04));
#4764 = ( GEOMETRIC_REPRESENTATION_CONTEXT(2) 
PARAMETRIC_REPRESENTATION_CONTEXT() REPRESENTATION_CONTEXT('2D SPACE',''
  ) );
#4765 = ORIENTED_EDGE('',*,*,#4766,.T.);
#4766 = EDGE_CURVE('',#4741,#4767,#4769,.T.);
#4767 = VERTEX_POINT('',#4768);
#4768 = CARTESIAN_POINT('',(191.87039596198,7.5,8.5));
#4769 = SURFACE_CURVE('',#4770,(#4774,#4780),.PCURVE_S1.);
#4770 = LINE('',#4771,#4772);
#4771 = CARTESIAN_POINT('',(191.87039596198,7.5,16.98));
#4772 = VECTOR('',#4773,1.);
#4773 = DIRECTION('',(0.,0.,-1.));
#4774 = PCURVE('',#4535,#4775);
#4775 = DEFINITIONAL_REPRESENTATION('',(#4776),#4779);
#4776 = B_SPLINE_CURVE_WITH_KNOTS('',1,(#4777,#4778),.UNSPECIFIED.,.F.,
  .F.,(2,2),(4.4799994,8.4800006),.PIECEWISE_BEZIER_KNOTS.);
#4777 = CARTESIAN_POINT('',(6.0000006,29.370395961987));
#4778 = CARTESIAN_POINT('',(1.9999994,29.370395961987));
#4779 = ( GEOMETRIC_REPRESENTATION_CONTEXT(2) 
PARAMETRIC_REPRESENTATION_CONTEXT() REPRESENTATION_CONTEXT('2D SPACE',''
  ) );
#4780 = PCURVE('',#4781,#4786);
#4781 = CYLINDRICAL_SURFACE('',#4782,1.45);
#4782 = AXIS2_PLACEMENT_3D('',#4783,#4784,#4785);
#4783 = CARTESIAN_POINT('',(190.86,8.54,16.98));
#4784 = DIRECTION('',(0.,0.,-1.));
#4785 = DIRECTION('',(-1.,0.,0.));
#4786 = DEFINITIONAL_REPRESENTATION('',(#4787),#4790);
#4787 = B_SPLINE_CURVE_WITH_KNOTS('',1,(#4788,#4789),.UNSPECIFIED.,.F.,
  .F.,(2,2),(4.48,8.48),.PIECEWISE_BEZIER_KNOTS.);
#4788 = CARTESIAN_POINT('',(10.224613326403,4.48));
#4789 = CARTESIAN_POINT('',(10.224613326403,8.48));
#4790 = ( GEOMETRIC_REPRESENTATION_CONTEXT(2) 
PARAMETRIC_REPRESENTATION_CONTEXT() REPRESENTATION_CONTEXT('2D SPACE',''
  ) );
#4791 = ORIENTED_EDGE('',*,*,#4792,.F.);
#4792 = EDGE_CURVE('',#4793,#4767,#4795,.T.);
#4793 = VERTEX_POINT('',#4794);
#4794 = CARTESIAN_POINT('',(189.84960403801,7.5,8.5));
#4795 = SURFACE_CURVE('',#4796,(#4800,#4806),.PCURVE_S1.);
#4796 = LINE('',#4797,#4798);
#4797 = CARTESIAN_POINT('',(176.68,7.5,8.5));
#4798 = VECTOR('',#4799,1.);
#4799 = DIRECTION('',(1.,-0.,0.));
#4800 = PCURVE('',#4535,#4801);
#4801 = DEFINITIONAL_REPRESENTATION('',(#4802),#4805);
#4802 = B_SPLINE_CURVE_WITH_KNOTS('',1,(#4803,#4804),.UNSPECIFIED.,.F.,
  .F.,(2,2),(12.73,15.63),.PIECEWISE_BEZIER_KNOTS.);
#4803 = CARTESIAN_POINT('',(2.,26.91));
#4804 = CARTESIAN_POINT('',(2.,29.81));
#4805 = ( GEOMETRIC_REPRESENTATION_CONTEXT(2) 
PARAMETRIC_REPRESENTATION_CONTEXT() REPRESENTATION_CONTEXT('2D SPACE',''
  ) );
#4806 = PCURVE('',#4807,#4812);
#4807 = PLANE('',#4808);
#4808 = AXIS2_PLACEMENT_3D('',#4809,#4810,#4811);
#4809 = CARTESIAN_POINT('',(190.86,8.54,8.5));
#4810 = DIRECTION('',(0.,0.,-1.));
#4811 = DIRECTION('',(-1.,0.,0.));
#4812 = DEFINITIONAL_REPRESENTATION('',(#4813),#4816);
#4813 = B_SPLINE_CURVE_WITH_KNOTS('',1,(#4814,#4815),.UNSPECIFIED.,.F.,
  .F.,(2,2),(12.73,15.63),.PIECEWISE_BEZIER_KNOTS.);
#4814 = CARTESIAN_POINT('',(1.45,-1.04));
#4815 = CARTESIAN_POINT('',(-1.45,-1.04));
#4816 = ( GEOMETRIC_REPRESENTATION_CONTEXT(2) 
PARAMETRIC_REPRESENTATION_CONTEXT() REPRESENTATION_CONTEXT('2D SPACE',''
  ) );
#4817 = ORIENTED_EDGE('',*,*,#4818,.F.);
#4818 = EDGE_CURVE('',#4819,#4793,#4821,.T.);
#4819 = VERTEX_POINT('',#4820);
#4820 = CARTESIAN_POINT('',(189.84960403801,7.5,12.5));
#4821 = SURFACE_CURVE('',#4822,(#4826,#4832),.PCURVE_S1.);
#4822 = LINE('',#4823,#4824);
#4823 = CARTESIAN_POINT('',(189.84960403801,7.5,16.98));
#4824 = VECTOR('',#4825,1.);
#4825 = DIRECTION('',(0.,0.,-1.));
#4826 = PCURVE('',#4535,#4827);
#4827 = DEFINITIONAL_REPRESENTATION('',(#4828),#4831);
#4828 = B_SPLINE_CURVE_WITH_KNOTS('',1,(#4829,#4830),.UNSPECIFIED.,.F.,
  .F.,(2,2),(4.4799994,8.4800006),.PIECEWISE_BEZIER_KNOTS.);
#4829 = CARTESIAN_POINT('',(6.0000006,27.349604038013));
#4830 = CARTESIAN_POINT('',(1.9999994,27.349604038013));
#4831 = ( GEOMETRIC_REPRESENTATION_CONTEXT(2) 
PARAMETRIC_REPRESENTATION_CONTEXT() REPRESENTATION_CONTEXT('2D SPACE',''
  ) );
#4832 = PCURVE('',#4781,#4833);
#4833 = DEFINITIONAL_REPRESENTATION('',(#4834),#4837);
#4834 = B_SPLINE_CURVE_WITH_KNOTS('',1,(#4835,#4836),.UNSPECIFIED.,.F.,
  .F.,(2,2),(4.48,8.48),.PIECEWISE_BEZIER_KNOTS.);
#4835 = CARTESIAN_POINT('',(5.483349941546,4.48));
#4836 = CARTESIAN_POINT('',(5.483349941546,8.48));
#4837 = ( GEOMETRIC_REPRESENTATION_CONTEXT(2) 
PARAMETRIC_REPRESENTATION_CONTEXT() REPRESENTATION_CONTEXT('2D SPACE',''
  ) );
#4838 = ORIENTED_EDGE('',*,*,#4839,.F.);
#4839 = EDGE_CURVE('',#4840,#4819,#4842,.T.);
#4840 = VERTEX_POINT('',#4841);
#4841 = CARTESIAN_POINT('',(189.6639126286,7.5,12.5));
#4842 = SURFACE_CURVE('',#4843,(#4847,#4853),.PCURVE_S1.);
#4843 = LINE('',#4844,#4845);
#4844 = CARTESIAN_POINT('',(176.68,7.5,12.5));
#4845 = VECTOR('',#4846,1.);
#4846 = DIRECTION('',(1.,-0.,0.));
#4847 = PCURVE('',#4535,#4848);
#4848 = DEFINITIONAL_REPRESENTATION('',(#4849),#4852);
#4849 = B_SPLINE_CURVE_WITH_KNOTS('',1,(#4850,#4851),.UNSPECIFIED.,.F.,
  .F.,(2,2),(12.595,15.765),.PIECEWISE_BEZIER_KNOTS.);
#4850 = CARTESIAN_POINT('',(6.,26.775));
#4851 = CARTESIAN_POINT('',(6.,29.945));
#4852 = ( GEOMETRIC_REPRESENTATION_CONTEXT(2) 
PARAMETRIC_REPRESENTATION_CONTEXT() REPRESENTATION_CONTEXT('2D SPACE',''
  ) );
#4853 = PCURVE('',#4755,#4854);
#4854 = DEFINITIONAL_REPRESENTATION('',(#4855),#4858);
#4855 = B_SPLINE_CURVE_WITH_KNOTS('',1,(#4856,#4857),.UNSPECIFIED.,.F.,
  .F.,(2,2),(12.595,15.765),.PIECEWISE_BEZIER_KNOTS.);
#4856 = CARTESIAN_POINT('',(1.585,-1.04));
#4857 = CARTESIAN_POINT('',(-1.585,-1.04));
#4858 = ( GEOMETRIC_REPRESENTATION_CONTEXT(2) 
PARAMETRIC_REPRESENTATION_CONTEXT() REPRESENTATION_CONTEXT('2D SPACE',''
  ) );
#4859 = ORIENTED_EDGE('',*,*,#4860,.F.);
#4860 = EDGE_CURVE('',#4861,#4840,#4863,.T.);
#4861 = VERTEX_POINT('',#4862);
#4862 = CARTESIAN_POINT('',(189.6639126286,7.5,16.98));
#4863 = SURFACE_CURVE('',#4864,(#4868,#4874),.PCURVE_S1.);
#4864 = LINE('',#4865,#4866);
#4865 = CARTESIAN_POINT('',(189.6639126286,7.5,16.98));
#4866 = VECTOR('',#4867,1.);
#4867 = DIRECTION('',(0.,0.,-1.));
#4868 = PCURVE('',#4535,#4869);
#4869 = DEFINITIONAL_REPRESENTATION('',(#4870),#4873);
#4870 = B_SPLINE_CURVE_WITH_KNOTS('',1,(#4871,#4872),.UNSPECIFIED.,.F.,
  .F.,(2,2),(-5.999999999062E-07,4.4800006),.PIECEWISE_BEZIER_KNOTS.);
#4871 = CARTESIAN_POINT('',(10.4800006,27.163912628609));
#4872 = CARTESIAN_POINT('',(5.9999994,27.163912628609));
#4873 = ( GEOMETRIC_REPRESENTATION_CONTEXT(2) 
PARAMETRIC_REPRESENTATION_CONTEXT() REPRESENTATION_CONTEXT('2D SPACE',''
  ) );
#4874 = PCURVE('',#4729,#4875);
#4875 = DEFINITIONAL_REPRESENTATION('',(#4876),#4879);
#4876 = B_SPLINE_CURVE_WITH_KNOTS('',1,(#4877,#4878),.UNSPECIFIED.,.F.,
  .F.,(2,2),(0.,4.48),.PIECEWISE_BEZIER_KNOTS.);
#4877 = CARTESIAN_POINT('',(5.567477888644,0.));
#4878 = CARTESIAN_POINT('',(5.567477888644,4.48));
#4879 = ( GEOMETRIC_REPRESENTATION_CONTEXT(2) 
PARAMETRIC_REPRESENTATION_CONTEXT() REPRESENTATION_CONTEXT('2D SPACE',''
  ) );
#4880 = ORIENTED_EDGE('',*,*,#4881,.T.);
#4881 = EDGE_CURVE('',#4861,#4882,#4884,.T.);
#4882 = VERTEX_POINT('',#4883);
#4883 = CARTESIAN_POINT('',(187.51808438167,7.5,16.98));
#4884 = SURFACE_CURVE('',#4885,(#4889,#4895),.PCURVE_S1.);
#4885 = LINE('',#4886,#4887);
#4886 = CARTESIAN_POINT('',(176.68,7.5,16.98));
#4887 = VECTOR('',#4888,1.);
#4888 = DIRECTION('',(-1.,0.,0.));
#4889 = PCURVE('',#4535,#4890);
#4890 = DEFINITIONAL_REPRESENTATION('',(#4891),#4894);
#4891 = B_SPLINE_CURVE_WITH_KNOTS('',1,(#4892,#4893),.UNSPECIFIED.,.F.,
  .F.,(2,2),(-17.68,-10.68),.PIECEWISE_BEZIER_KNOTS.);
#4892 = CARTESIAN_POINT('',(10.48,31.86));
#4893 = CARTESIAN_POINT('',(10.48,24.86));
#4894 = ( GEOMETRIC_REPRESENTATION_CONTEXT(2) 
PARAMETRIC_REPRESENTATION_CONTEXT() REPRESENTATION_CONTEXT('2D SPACE',''
  ) );
#4895 = PCURVE('',#4703,#4896);
#4896 = DEFINITIONAL_REPRESENTATION('',(#4897),#4900);
#4897 = B_SPLINE_CURVE_WITH_KNOTS('',1,(#4898,#4899),.UNSPECIFIED.,.F.,
  .F.,(2,2),(-17.68,-10.68),.PIECEWISE_BEZIER_KNOTS.);
#4898 = CARTESIAN_POINT('',(3.5,-1.04));
#4899 = CARTESIAN_POINT('',(-3.5,-1.04));
#4900 = ( GEOMETRIC_REPRESENTATION_CONTEXT(2) 
PARAMETRIC_REPRESENTATION_CONTEXT() REPRESENTATION_CONTEXT('2D SPACE',''
  ) );
#4901 = ORIENTED_EDGE('',*,*,#4902,.T.);
#4902 = EDGE_CURVE('',#4882,#4903,#4905,.T.);
#4903 = VERTEX_POINT('',#4904);
#4904 = CARTESIAN_POINT('',(187.51808438167,7.5,6.5));
#4905 = SURFACE_CURVE('',#4906,(#4910,#4916),.PCURVE_S1.);
#4906 = LINE('',#4907,#4908);
#4907 = CARTESIAN_POINT('',(187.51808438167,7.5,6.5));
#4908 = VECTOR('',#4909,1.);
#4909 = DIRECTION('',(-0.,-0.,-1.));
#4910 = PCURVE('',#4535,#4911);
#4911 = DEFINITIONAL_REPRESENTATION('',(#4912),#4915);
#4912 = B_SPLINE_CURVE_WITH_KNOTS('',1,(#4913,#4914),.UNSPECIFIED.,.F.,
  .F.,(2,2),(-10.4800006,5.999999999062E-07),.PIECEWISE_BEZIER_KNOTS.);
#4913 = CARTESIAN_POINT('',(10.4800006,25.018084381676));
#4914 = CARTESIAN_POINT('',(-5.999999999062E-07,25.018084381676));
#4915 = ( GEOMETRIC_REPRESENTATION_CONTEXT(2) 
PARAMETRIC_REPRESENTATION_CONTEXT() REPRESENTATION_CONTEXT('2D SPACE',''
  ) );
#4916 = PCURVE('',#4677,#4917);
#4917 = DEFINITIONAL_REPRESENTATION('',(#4918),#4921);
#4918 = B_SPLINE_CURVE_WITH_KNOTS('',1,(#4919,#4920),.UNSPECIFIED.,.F.,
  .F.,(2,2),(-10.48,0.),.PIECEWISE_BEZIER_KNOTS.);
#4919 = CARTESIAN_POINT('',(-9.726476920021,-10.48));
#4920 = CARTESIAN_POINT('',(-9.726476920021,0.));
#4921 = ( GEOMETRIC_REPRESENTATION_CONTEXT(2) 
PARAMETRIC_REPRESENTATION_CONTEXT() REPRESENTATION_CONTEXT('2D SPACE',''
  ) );
#4922 = ORIENTED_EDGE('',*,*,#4923,.F.);
#4923 = EDGE_CURVE('',#4924,#4903,#4926,.T.);
#4924 = VERTEX_POINT('',#4925);
#4925 = CARTESIAN_POINT('',(173.88191561832,7.5,6.5));
#4926 = SURFACE_CURVE('',#4927,(#4931,#4938),.PCURVE_S1.);
#4927 = LINE('',#4928,#4929);
#4928 = CARTESIAN_POINT('',(162.5,7.5,6.5));
#4929 = VECTOR('',#4930,1.);
#4930 = DIRECTION('',(1.,0.,0.));
#4931 = PCURVE('',#4535,#4932);
#4932 = DEFINITIONAL_REPRESENTATION('',(#4933),#4937);
#4933 = LINE('',#4934,#4935);
#4934 = CARTESIAN_POINT('',(0.,0.));
#4935 = VECTOR('',#4936,1.);
#4936 = DIRECTION('',(0.,1.));
#4937 = ( GEOMETRIC_REPRESENTATION_CONTEXT(2) 
PARAMETRIC_REPRESENTATION_CONTEXT() REPRESENTATION_CONTEXT('2D SPACE',''
  ) );
#4938 = PCURVE('',#3900,#4939);
#4939 = DEFINITIONAL_REPRESENTATION('',(#4940),#4944);
#4940 = LINE('',#4941,#4942);
#4941 = CARTESIAN_POINT('',(152.5,2.5));
#4942 = VECTOR('',#4943,1.);
#4943 = DIRECTION('',(1.,0.));
#4944 = ( GEOMETRIC_REPRESENTATION_CONTEXT(2) 
PARAMETRIC_REPRESENTATION_CONTEXT() REPRESENTATION_CONTEXT('2D SPACE',''
  ) );
#4945 = ORIENTED_EDGE('',*,*,#4946,.F.);
#4946 = EDGE_CURVE('',#4947,#4924,#4949,.T.);
#4947 = VERTEX_POINT('',#4948);
#4948 = CARTESIAN_POINT('',(173.88191561832,7.5,16.98));
#4949 = SURFACE_CURVE('',#4950,(#4954,#4960),.PCURVE_S1.);
#4950 = LINE('',#4951,#4952);
#4951 = CARTESIAN_POINT('',(173.88191561832,7.5,6.5));
#4952 = VECTOR('',#4953,1.);
#4953 = DIRECTION('',(-0.,-0.,-1.));
#4954 = PCURVE('',#4535,#4955);
#4955 = DEFINITIONAL_REPRESENTATION('',(#4956),#4959);
#4956 = B_SPLINE_CURVE_WITH_KNOTS('',1,(#4957,#4958),.UNSPECIFIED.,.F.,
  .F.,(2,2),(-10.4800006,5.999999999062E-07),.PIECEWISE_BEZIER_KNOTS.);
#4957 = CARTESIAN_POINT('',(10.4800006,11.381915618324));
#4958 = CARTESIAN_POINT('',(-5.999999999062E-07,11.381915618324));
#4959 = ( GEOMETRIC_REPRESENTATION_CONTEXT(2) 
PARAMETRIC_REPRESENTATION_CONTEXT() REPRESENTATION_CONTEXT('2D SPACE',''
  ) );
#4960 = PCURVE('',#4961,#4966);
#4961 = CYLINDRICAL_SURFACE('',#4962,3.5);
#4962 = AXIS2_PLACEMENT_3D('',#4963,#4964,#4965);
#4963 = CARTESIAN_POINT('',(170.54,8.54,6.5));
#4964 = DIRECTION('',(-0.,-0.,-1.));
#4965 = DIRECTION('',(1.,0.,0.));
#4966 = DEFINITIONAL_REPRESENTATION('',(#4967),#4970);
#4967 = B_SPLINE_CURVE_WITH_KNOTS('',1,(#4968,#4969),.UNSPECIFIED.,.F.,
  .F.,(2,2),(-10.48,0.),.PIECEWISE_BEZIER_KNOTS.);
#4968 = CARTESIAN_POINT('',(-5.981486347928,-10.48));
#4969 = CARTESIAN_POINT('',(-5.981486347928,0.));
#4970 = ( GEOMETRIC_REPRESENTATION_CONTEXT(2) 
PARAMETRIC_REPRESENTATION_CONTEXT() REPRESENTATION_CONTEXT('2D SPACE',''
  ) );
#4971 = ORIENTED_EDGE('',*,*,#4972,.T.);
#4972 = EDGE_CURVE('',#4947,#4973,#4975,.T.);
#4973 = VERTEX_POINT('',#4974);
#4974 = CARTESIAN_POINT('',(171.73608737139,7.5,16.98));
#4975 = SURFACE_CURVE('',#4976,(#4980,#4986),.PCURVE_S1.);
#4976 = LINE('',#4977,#4978);
#4977 = CARTESIAN_POINT('',(166.52,7.5,16.98));
#4978 = VECTOR('',#4979,1.);
#4979 = DIRECTION('',(-1.,0.,0.));
#4980 = PCURVE('',#4535,#4981);
#4981 = DEFINITIONAL_REPRESENTATION('',(#4982),#4985);
#4982 = B_SPLINE_CURVE_WITH_KNOTS('',1,(#4983,#4984),.UNSPECIFIED.,.F.,
  .F.,(2,2),(-7.52,-0.52),.PIECEWISE_BEZIER_KNOTS.);
#4983 = CARTESIAN_POINT('',(10.48,11.54));
#4984 = CARTESIAN_POINT('',(10.48,4.54));
#4985 = ( GEOMETRIC_REPRESENTATION_CONTEXT(2) 
PARAMETRIC_REPRESENTATION_CONTEXT() REPRESENTATION_CONTEXT('2D SPACE',''
  ) );
#4986 = PCURVE('',#4987,#4992);
#4987 = PLANE('',#4988);
#4988 = AXIS2_PLACEMENT_3D('',#4989,#4990,#4991);
#4989 = CARTESIAN_POINT('',(170.54,8.54,16.98));
#4990 = DIRECTION('',(0.,0.,1.));
#4991 = DIRECTION('',(1.,0.,-0.));
#4992 = DEFINITIONAL_REPRESENTATION('',(#4993),#4996);
#4993 = B_SPLINE_CURVE_WITH_KNOTS('',1,(#4994,#4995),.UNSPECIFIED.,.F.,
  .F.,(2,2),(-7.52,-0.52),.PIECEWISE_BEZIER_KNOTS.);
#4994 = CARTESIAN_POINT('',(3.5,-1.04));
#4995 = CARTESIAN_POINT('',(-3.5,-1.04));
#4996 = ( GEOMETRIC_REPRESENTATION_CONTEXT(2) 
PARAMETRIC_REPRESENTATION_CONTEXT() REPRESENTATION_CONTEXT('2D SPACE',''
  ) );
#4997 = ORIENTED_EDGE('',*,*,#4998,.T.);
#4998 = EDGE_CURVE('',#4973,#4999,#5001,.T.);
#4999 = VERTEX_POINT('',#5000);
#5000 = CARTESIAN_POINT('',(171.73608737139,7.5,12.5));
#5001 = SURFACE_CURVE('',#5002,(#5006,#5012),.PCURVE_S1.);
#5002 = LINE('',#5003,#5004);
#5003 = CARTESIAN_POINT('',(171.73608737139,7.5,16.98));
#5004 = VECTOR('',#5005,1.);
#5005 = DIRECTION('',(0.,0.,-1.));
#5006 = PCURVE('',#4535,#5007);
#5007 = DEFINITIONAL_REPRESENTATION('',(#5008),#5011);
#5008 = B_SPLINE_CURVE_WITH_KNOTS('',1,(#5009,#5010),.UNSPECIFIED.,.F.,
  .F.,(2,2),(-5.999999999062E-07,4.4800006),.PIECEWISE_BEZIER_KNOTS.);
#5009 = CARTESIAN_POINT('',(10.4800006,9.236087371391));
#5010 = CARTESIAN_POINT('',(5.9999994,9.236087371391));
#5011 = ( GEOMETRIC_REPRESENTATION_CONTEXT(2) 
PARAMETRIC_REPRESENTATION_CONTEXT() REPRESENTATION_CONTEXT('2D SPACE',''
  ) );
#5012 = PCURVE('',#5013,#5018);
#5013 = CYLINDRICAL_SURFACE('',#5014,1.585);
#5014 = AXIS2_PLACEMENT_3D('',#5015,#5016,#5017);
#5015 = CARTESIAN_POINT('',(170.54,8.54,16.98));
#5016 = DIRECTION('',(0.,0.,-1.));
#5017 = DIRECTION('',(-1.,0.,0.));
#5018 = DEFINITIONAL_REPRESENTATION('',(#5019),#5022);
#5019 = B_SPLINE_CURVE_WITH_KNOTS('',1,(#5020,#5021),.UNSPECIFIED.,.F.,
  .F.,(2,2),(0.,4.48),.PIECEWISE_BEZIER_KNOTS.);
#5020 = CARTESIAN_POINT('',(10.140485379305,0.));
#5021 = CARTESIAN_POINT('',(10.140485379305,4.48));
#5022 = ( GEOMETRIC_REPRESENTATION_CONTEXT(2) 
PARAMETRIC_REPRESENTATION_CONTEXT() REPRESENTATION_CONTEXT('2D SPACE',''
  ) );
#5023 = ORIENTED_EDGE('',*,*,#5024,.F.);
#5024 = EDGE_CURVE('',#5025,#4999,#5027,.T.);
#5025 = VERTEX_POINT('',#5026);
#5026 = CARTESIAN_POINT('',(171.55039596198,7.5,12.5));
#5027 = SURFACE_CURVE('',#5028,(#5032,#5038),.PCURVE_S1.);
#5028 = LINE('',#5029,#5030);
#5029 = CARTESIAN_POINT('',(166.52,7.5,12.5));
#5030 = VECTOR('',#5031,1.);
#5031 = DIRECTION('',(1.,-0.,0.));
#5032 = PCURVE('',#4535,#5033);
#5033 = DEFINITIONAL_REPRESENTATION('',(#5034),#5037);
#5034 = B_SPLINE_CURVE_WITH_KNOTS('',1,(#5035,#5036),.UNSPECIFIED.,.F.,
  .F.,(2,2),(2.435,5.605),.PIECEWISE_BEZIER_KNOTS.);
#5035 = CARTESIAN_POINT('',(6.,6.455));
#5036 = CARTESIAN_POINT('',(6.,9.625));
#5037 = ( GEOMETRIC_REPRESENTATION_CONTEXT(2) 
PARAMETRIC_REPRESENTATION_CONTEXT() REPRESENTATION_CONTEXT('2D SPACE',''
  ) );
#5038 = PCURVE('',#5039,#5044);
#5039 = PLANE('',#5040);
#5040 = AXIS2_PLACEMENT_3D('',#5041,#5042,#5043);
#5041 = CARTESIAN_POINT('',(170.54,8.54,12.5));
#5042 = DIRECTION('',(0.,0.,-1.));
#5043 = DIRECTION('',(-1.,0.,0.));
#5044 = DEFINITIONAL_REPRESENTATION('',(#5045),#5048);
#5045 = B_SPLINE_CURVE_WITH_KNOTS('',1,(#5046,#5047),.UNSPECIFIED.,.F.,
  .F.,(2,2),(2.435,5.605),.PIECEWISE_BEZIER_KNOTS.);
#5046 = CARTESIAN_POINT('',(1.585,-1.04));
#5047 = CARTESIAN_POINT('',(-1.585,-1.04));
#5048 = ( GEOMETRIC_REPRESENTATION_CONTEXT(2) 
PARAMETRIC_REPRESENTATION_CONTEXT() REPRESENTATION_CONTEXT('2D SPACE',''
  ) );
#5049 = ORIENTED_EDGE('',*,*,#5050,.T.);
#5050 = EDGE_CURVE('',#5025,#5051,#5053,.T.);
#5051 = VERTEX_POINT('',#5052);
#5052 = CARTESIAN_POINT('',(171.55039596198,7.5,8.5));
#5053 = SURFACE_CURVE('',#5054,(#5058,#5064),.PCURVE_S1.);
#5054 = LINE('',#5055,#5056);
#5055 = CARTESIAN_POINT('',(171.55039596198,7.5,16.98));
#5056 = VECTOR('',#5057,1.);
#5057 = DIRECTION('',(0.,0.,-1.));
#5058 = PCURVE('',#4535,#5059);
#5059 = DEFINITIONAL_REPRESENTATION('',(#5060),#5063);
#5060 = B_SPLINE_CURVE_WITH_KNOTS('',1,(#5061,#5062),.UNSPECIFIED.,.F.,
  .F.,(2,2),(4.4799994,8.4800006),.PIECEWISE_BEZIER_KNOTS.);
#5061 = CARTESIAN_POINT('',(6.0000006,9.050395961987));
#5062 = CARTESIAN_POINT('',(1.9999994,9.050395961987));
#5063 = ( GEOMETRIC_REPRESENTATION_CONTEXT(2) 
PARAMETRIC_REPRESENTATION_CONTEXT() REPRESENTATION_CONTEXT('2D SPACE',''
  ) );
#5064 = PCURVE('',#5065,#5070);
#5065 = CYLINDRICAL_SURFACE('',#5066,1.45);
#5066 = AXIS2_PLACEMENT_3D('',#5067,#5068,#5069);
#5067 = CARTESIAN_POINT('',(170.54,8.54,16.98));
#5068 = DIRECTION('',(0.,0.,-1.));
#5069 = DIRECTION('',(-1.,0.,0.));
#5070 = DEFINITIONAL_REPRESENTATION('',(#5071),#5074);
#5071 = B_SPLINE_CURVE_WITH_KNOTS('',1,(#5072,#5073),.UNSPECIFIED.,.F.,
  .F.,(2,2),(4.48,8.48),.PIECEWISE_BEZIER_KNOTS.);
#5072 = CARTESIAN_POINT('',(10.224613326403,4.48));
#5073 = CARTESIAN_POINT('',(10.224613326403,8.48));
#5074 = ( GEOMETRIC_REPRESENTATION_CONTEXT(2) 
PARAMETRIC_REPRESENTATION_CONTEXT() REPRESENTATION_CONTEXT('2D SPACE',''
  ) );
#5075 = ORIENTED_EDGE('',*,*,#5076,.F.);
#5076 = EDGE_CURVE('',#5077,#5051,#5079,.T.);
#5077 = VERTEX_POINT('',#5078);
#5078 = CARTESIAN_POINT('',(169.52960403801,7.5,8.5));
#5079 = SURFACE_CURVE('',#5080,(#5084,#5090),.PCURVE_S1.);
#5080 = LINE('',#5081,#5082);
#5081 = CARTESIAN_POINT('',(166.52,7.5,8.5));
#5082 = VECTOR('',#5083,1.);
#5083 = DIRECTION('',(1.,-0.,0.));
#5084 = PCURVE('',#4535,#5085);
#5085 = DEFINITIONAL_REPRESENTATION('',(#5086),#5089);
#5086 = B_SPLINE_CURVE_WITH_KNOTS('',1,(#5087,#5088),.UNSPECIFIED.,.F.,
  .F.,(2,2),(2.57,5.47),.PIECEWISE_BEZIER_KNOTS.);
#5087 = CARTESIAN_POINT('',(2.,6.59));
#5088 = CARTESIAN_POINT('',(2.,9.49));
#5089 = ( GEOMETRIC_REPRESENTATION_CONTEXT(2) 
PARAMETRIC_REPRESENTATION_CONTEXT() REPRESENTATION_CONTEXT('2D SPACE',''
  ) );
#5090 = PCURVE('',#5091,#5096);
#5091 = PLANE('',#5092);
#5092 = AXIS2_PLACEMENT_3D('',#5093,#5094,#5095);
#5093 = CARTESIAN_POINT('',(170.54,8.54,8.5));
#5094 = DIRECTION('',(0.,0.,-1.));
#5095 = DIRECTION('',(-1.,0.,0.));
#5096 = DEFINITIONAL_REPRESENTATION('',(#5097),#5100);
#5097 = B_SPLINE_CURVE_WITH_KNOTS('',1,(#5098,#5099),.UNSPECIFIED.,.F.,
  .F.,(2,2),(2.57,5.47),.PIECEWISE_BEZIER_KNOTS.);
#5098 = CARTESIAN_POINT('',(1.45,-1.04));
#5099 = CARTESIAN_POINT('',(-1.45,-1.04));
#5100 = ( GEOMETRIC_REPRESENTATION_CONTEXT(2) 
PARAMETRIC_REPRESENTATION_CONTEXT() REPRESENTATION_CONTEXT('2D SPACE',''
  ) );
#5101 = ORIENTED_EDGE('',*,*,#5102,.F.);
#5102 = EDGE_CURVE('',#5103,#5077,#5105,.T.);
#5103 = VERTEX_POINT('',#5104);
#5104 = CARTESIAN_POINT('',(169.52960403801,7.5,12.5));
#5105 = SURFACE_CURVE('',#5106,(#5110,#5116),.PCURVE_S1.);
#5106 = LINE('',#5107,#5108);
#5107 = CARTESIAN_POINT('',(169.52960403801,7.5,16.98));
#5108 = VECTOR('',#5109,1.);
#5109 = DIRECTION('',(0.,0.,-1.));
#5110 = PCURVE('',#4535,#5111);
#5111 = DEFINITIONAL_REPRESENTATION('',(#5112),#5115);
#5112 = B_SPLINE_CURVE_WITH_KNOTS('',1,(#5113,#5114),.UNSPECIFIED.,.F.,
  .F.,(2,2),(4.4799994,8.4800006),.PIECEWISE_BEZIER_KNOTS.);
#5113 = CARTESIAN_POINT('',(6.0000006,7.029604038013));
#5114 = CARTESIAN_POINT('',(1.9999994,7.029604038013));
#5115 = ( GEOMETRIC_REPRESENTATION_CONTEXT(2) 
PARAMETRIC_REPRESENTATION_CONTEXT() REPRESENTATION_CONTEXT('2D SPACE',''
  ) );
#5116 = PCURVE('',#5065,#5117);
#5117 = DEFINITIONAL_REPRESENTATION('',(#5118),#5121);
#5118 = B_SPLINE_CURVE_WITH_KNOTS('',1,(#5119,#5120),.UNSPECIFIED.,.F.,
  .F.,(2,2),(4.48,8.48),.PIECEWISE_BEZIER_KNOTS.);
#5119 = CARTESIAN_POINT('',(5.483349941546,4.48));
#5120 = CARTESIAN_POINT('',(5.483349941546,8.48));
#5121 = ( GEOMETRIC_REPRESENTATION_CONTEXT(2) 
PARAMETRIC_REPRESENTATION_CONTEXT() REPRESENTATION_CONTEXT('2D SPACE',''
  ) );
#5122 = ORIENTED_EDGE('',*,*,#5123,.F.);
#5123 = EDGE_CURVE('',#5124,#5103,#5126,.T.);
#5124 = VERTEX_POINT('',#5125);
#5125 = CARTESIAN_POINT('',(169.3439126286,7.5,12.5));
#5126 = SURFACE_CURVE('',#5127,(#5131,#5137),.PCURVE_S1.);
#5127 = LINE('',#5128,#5129);
#5128 = CARTESIAN_POINT('',(166.52,7.5,12.5));
#5129 = VECTOR('',#5130,1.);
#5130 = DIRECTION('',(1.,-0.,0.));
#5131 = PCURVE('',#4535,#5132);
#5132 = DEFINITIONAL_REPRESENTATION('',(#5133),#5136);
#5133 = B_SPLINE_CURVE_WITH_KNOTS('',1,(#5134,#5135),.UNSPECIFIED.,.F.,
  .F.,(2,2),(2.435,5.605),.PIECEWISE_BEZIER_KNOTS.);
#5134 = CARTESIAN_POINT('',(6.,6.455));
#5135 = CARTESIAN_POINT('',(6.,9.625));
#5136 = ( GEOMETRIC_REPRESENTATION_CONTEXT(2) 
PARAMETRIC_REPRESENTATION_CONTEXT() REPRESENTATION_CONTEXT('2D SPACE',''
  ) );
#5137 = PCURVE('',#5039,#5138);
#5138 = DEFINITIONAL_REPRESENTATION('',(#5139),#5142);
#5139 = B_SPLINE_CURVE_WITH_KNOTS('',1,(#5140,#5141),.UNSPECIFIED.,.F.,
  .F.,(2,2),(2.435,5.605),.PIECEWISE_BEZIER_KNOTS.);
#5140 = CARTESIAN_POINT('',(1.585,-1.04));
#5141 = CARTESIAN_POINT('',(-1.585,-1.04));
#5142 = ( GEOMETRIC_REPRESENTATION_CONTEXT(2) 
PARAMETRIC_REPRESENTATION_CONTEXT() REPRESENTATION_CONTEXT('2D SPACE',''
  ) );
#5143 = ORIENTED_EDGE('',*,*,#5144,.F.);
#5144 = EDGE_CURVE('',#5145,#5124,#5147,.T.);
#5145 = VERTEX_POINT('',#5146);
#5146 = CARTESIAN_POINT('',(169.3439126286,7.5,16.98));
#5147 = SURFACE_CURVE('',#5148,(#5152,#5158),.PCURVE_S1.);
#5148 = LINE('',#5149,#5150);
#5149 = CARTESIAN_POINT('',(169.3439126286,7.5,16.98));
#5150 = VECTOR('',#5151,1.);
#5151 = DIRECTION('',(0.,0.,-1.));
#5152 = PCURVE('',#4535,#5153);
#5153 = DEFINITIONAL_REPRESENTATION('',(#5154),#5157);
#5154 = B_SPLINE_CURVE_WITH_KNOTS('',1,(#5155,#5156),.UNSPECIFIED.,.F.,
  .F.,(2,2),(-5.999999999062E-07,4.4800006),.PIECEWISE_BEZIER_KNOTS.);
#5155 = CARTESIAN_POINT('',(10.4800006,6.843912628609));
#5156 = CARTESIAN_POINT('',(5.9999994,6.843912628609));
#5157 = ( GEOMETRIC_REPRESENTATION_CONTEXT(2) 
PARAMETRIC_REPRESENTATION_CONTEXT() REPRESENTATION_CONTEXT('2D SPACE',''
  ) );
#5158 = PCURVE('',#5013,#5159);
#5159 = DEFINITIONAL_REPRESENTATION('',(#5160),#5163);
#5160 = B_SPLINE_CURVE_WITH_KNOTS('',1,(#5161,#5162),.UNSPECIFIED.,.F.,
  .F.,(2,2),(0.,4.48),.PIECEWISE_BEZIER_KNOTS.);
#5161 = CARTESIAN_POINT('',(5.567477888644,0.));
#5162 = CARTESIAN_POINT('',(5.567477888644,4.48));
#5163 = ( GEOMETRIC_REPRESENTATION_CONTEXT(2) 
PARAMETRIC_REPRESENTATION_CONTEXT() REPRESENTATION_CONTEXT('2D SPACE',''
  ) );
#5164 = ORIENTED_EDGE('',*,*,#5165,.T.);
#5165 = EDGE_CURVE('',#5145,#5166,#5168,.T.);
#5166 = VERTEX_POINT('',#5167);
#5167 = CARTESIAN_POINT('',(167.19808438167,7.5,16.98));
#5168 = SURFACE_CURVE('',#5169,(#5173,#5179),.PCURVE_S1.);
#5169 = LINE('',#5170,#5171);
#5170 = CARTESIAN_POINT('',(166.52,7.5,16.98));
#5171 = VECTOR('',#5172,1.);
#5172 = DIRECTION('',(-1.,0.,0.));
#5173 = PCURVE('',#4535,#5174);
#5174 = DEFINITIONAL_REPRESENTATION('',(#5175),#5178);
#5175 = B_SPLINE_CURVE_WITH_KNOTS('',1,(#5176,#5177),.UNSPECIFIED.,.F.,
  .F.,(2,2),(-7.52,-0.52),.PIECEWISE_BEZIER_KNOTS.);
#5176 = CARTESIAN_POINT('',(10.48,11.54));
#5177 = CARTESIAN_POINT('',(10.48,4.54));
#5178 = ( GEOMETRIC_REPRESENTATION_CONTEXT(2) 
PARAMETRIC_REPRESENTATION_CONTEXT() REPRESENTATION_CONTEXT('2D SPACE',''
  ) );
#5179 = PCURVE('',#4987,#5180);
#5180 = DEFINITIONAL_REPRESENTATION('',(#5181),#5184);
#5181 = B_SPLINE_CURVE_WITH_KNOTS('',1,(#5182,#5183),.UNSPECIFIED.,.F.,
  .F.,(2,2),(-7.52,-0.52),.PIECEWISE_BEZIER_KNOTS.);
#5182 = CARTESIAN_POINT('',(3.5,-1.04));
#5183 = CARTESIAN_POINT('',(-3.5,-1.04));
#5184 = ( GEOMETRIC_REPRESENTATION_CONTEXT(2) 
PARAMETRIC_REPRESENTATION_CONTEXT() REPRESENTATION_CONTEXT('2D SPACE',''
  ) );
#5185 = ORIENTED_EDGE('',*,*,#5186,.T.);
#5186 = EDGE_CURVE('',#5166,#4574,#5187,.T.);
#5187 = SURFACE_CURVE('',#5188,(#5192,#5198),.PCURVE_S1.);
#5188 = LINE('',#5189,#5190);
#5189 = CARTESIAN_POINT('',(167.19808438167,7.5,6.5));
#5190 = VECTOR('',#5191,1.);
#5191 = DIRECTION('',(-0.,-0.,-1.));
#5192 = PCURVE('',#4535,#5193);
#5193 = DEFINITIONAL_REPRESENTATION('',(#5194),#5197);
#5194 = B_SPLINE_CURVE_WITH_KNOTS('',1,(#5195,#5196),.UNSPECIFIED.,.F.,
  .F.,(2,2),(-10.4800006,5.999999999062E-07),.PIECEWISE_BEZIER_KNOTS.);
#5195 = CARTESIAN_POINT('',(10.4800006,4.698084381676));
#5196 = CARTESIAN_POINT('',(-5.999999999062E-07,4.698084381676));
#5197 = ( GEOMETRIC_REPRESENTATION_CONTEXT(2) 
PARAMETRIC_REPRESENTATION_CONTEXT() REPRESENTATION_CONTEXT('2D SPACE',''
  ) );
#5198 = PCURVE('',#4961,#5199);
#5199 = DEFINITIONAL_REPRESENTATION('',(#5200),#5203);
#5200 = B_SPLINE_CURVE_WITH_KNOTS('',1,(#5201,#5202),.UNSPECIFIED.,.F.,
  .F.,(2,2),(-10.48,0.),.PIECEWISE_BEZIER_KNOTS.);
#5201 = CARTESIAN_POINT('',(-9.726476920021,-10.48));
#5202 = CARTESIAN_POINT('',(-9.726476920021,0.));
#5203 = ( GEOMETRIC_REPRESENTATION_CONTEXT(2) 
PARAMETRIC_REPRESENTATION_CONTEXT() REPRESENTATION_CONTEXT('2D SPACE',''
  ) );
#5204 = ADVANCED_FACE('',(#5205),#4807,.F.);
#5205 = FACE_BOUND('',#5206,.F.);
#5206 = EDGE_LOOP('',(#5207,#5229));
#5207 = ORIENTED_EDGE('',*,*,#5208,.T.);
#5208 = EDGE_CURVE('',#4793,#4767,#5209,.T.);
#5209 = SURFACE_CURVE('',#5210,(#5215,#5222),.PCURVE_S1.);
#5210 = CIRCLE('',#5211,1.45);
#5211 = AXIS2_PLACEMENT_3D('',#5212,#5213,#5214);
#5212 = CARTESIAN_POINT('',(190.86,8.54,8.5));
#5213 = DIRECTION('',(-0.,0.,-1.));
#5214 = DIRECTION('',(-0.69682480137,-0.71724137931,0.));
#5215 = PCURVE('',#4807,#5216);
#5216 = DEFINITIONAL_REPRESENTATION('',(#5217),#5221);
#5217 = CIRCLE('',#5218,1.45);
#5218 = AXIS2_PLACEMENT_2D('',#5219,#5220);
#5219 = CARTESIAN_POINT('',(0.,0.));
#5220 = DIRECTION('',(0.69682480137,-0.71724137931));
#5221 = ( GEOMETRIC_REPRESENTATION_CONTEXT(2) 
PARAMETRIC_REPRESENTATION_CONTEXT() REPRESENTATION_CONTEXT('2D SPACE',''
  ) );
#5222 = PCURVE('',#4781,#5223);
#5223 = DEFINITIONAL_REPRESENTATION('',(#5224),#5228);
#5224 = LINE('',#5225,#5226);
#5225 = CARTESIAN_POINT('',(5.483349941546,8.48));
#5226 = VECTOR('',#5227,1.);
#5227 = DIRECTION('',(1.,0.));
#5228 = ( GEOMETRIC_REPRESENTATION_CONTEXT(2) 
PARAMETRIC_REPRESENTATION_CONTEXT() REPRESENTATION_CONTEXT('2D SPACE',''
  ) );
#5229 = ORIENTED_EDGE('',*,*,#4792,.F.);
#5230 = ADVANCED_FACE('',(#5231),#4781,.F.);
#5231 = FACE_BOUND('',#5232,.F.);
#5232 = EDGE_LOOP('',(#5233,#5255,#5256,#5257));
#5233 = ORIENTED_EDGE('',*,*,#5234,.T.);
#5234 = EDGE_CURVE('',#4819,#4741,#5235,.T.);
#5235 = SURFACE_CURVE('',#5236,(#5241,#5248),.PCURVE_S1.);
#5236 = CIRCLE('',#5237,1.45);
#5237 = AXIS2_PLACEMENT_3D('',#5238,#5239,#5240);
#5238 = CARTESIAN_POINT('',(190.86,8.54,12.5));
#5239 = DIRECTION('',(-0.,0.,-1.));
#5240 = DIRECTION('',(-0.69682480137,-0.71724137931,0.));
#5241 = PCURVE('',#4781,#5242);
#5242 = DEFINITIONAL_REPRESENTATION('',(#5243),#5247);
#5243 = LINE('',#5244,#5245);
#5244 = CARTESIAN_POINT('',(5.483349941546,4.48));
#5245 = VECTOR('',#5246,1.);
#5246 = DIRECTION('',(1.,0.));
#5247 = ( GEOMETRIC_REPRESENTATION_CONTEXT(2) 
PARAMETRIC_REPRESENTATION_CONTEXT() REPRESENTATION_CONTEXT('2D SPACE',''
  ) );
#5248 = PCURVE('',#4755,#5249);
#5249 = DEFINITIONAL_REPRESENTATION('',(#5250),#5254);
#5250 = CIRCLE('',#5251,1.45);
#5251 = AXIS2_PLACEMENT_2D('',#5252,#5253);
#5252 = CARTESIAN_POINT('',(0.,0.));
#5253 = DIRECTION('',(0.69682480137,-0.71724137931));
#5254 = ( GEOMETRIC_REPRESENTATION_CONTEXT(2) 
PARAMETRIC_REPRESENTATION_CONTEXT() REPRESENTATION_CONTEXT('2D SPACE',''
  ) );
#5255 = ORIENTED_EDGE('',*,*,#4766,.T.);
#5256 = ORIENTED_EDGE('',*,*,#5208,.F.);
#5257 = ORIENTED_EDGE('',*,*,#4818,.F.);
#5258 = ADVANCED_FACE('',(#5259),#4755,.F.);
#5259 = FACE_BOUND('',#5260,.F.);
#5260 = EDGE_LOOP('',(#5261,#5283,#5284,#5285));
#5261 = ORIENTED_EDGE('',*,*,#5262,.T.);
#5262 = EDGE_CURVE('',#4840,#4715,#5263,.T.);
#5263 = SURFACE_CURVE('',#5264,(#5269,#5276),.PCURVE_S1.);
#5264 = CIRCLE('',#5265,1.585);
#5265 = AXIS2_PLACEMENT_3D('',#5266,#5267,#5268);
#5266 = CARTESIAN_POINT('',(190.86,8.54,12.5));
#5267 = DIRECTION('',(-0.,0.,-1.));
#5268 = DIRECTION('',(-0.754629256398,-0.656151419558,0.));
#5269 = PCURVE('',#4755,#5270);
#5270 = DEFINITIONAL_REPRESENTATION('',(#5271),#5275);
#5271 = CIRCLE('',#5272,1.585);
#5272 = AXIS2_PLACEMENT_2D('',#5273,#5274);
#5273 = CARTESIAN_POINT('',(0.,0.));
#5274 = DIRECTION('',(0.754629256398,-0.656151419558));
#5275 = ( GEOMETRIC_REPRESENTATION_CONTEXT(2) 
PARAMETRIC_REPRESENTATION_CONTEXT() REPRESENTATION_CONTEXT('2D SPACE',''
  ) );
#5276 = PCURVE('',#4729,#5277);
#5277 = DEFINITIONAL_REPRESENTATION('',(#5278),#5282);
#5278 = LINE('',#5279,#5280);
#5279 = CARTESIAN_POINT('',(5.567477888644,4.48));
#5280 = VECTOR('',#5281,1.);
#5281 = DIRECTION('',(1.,0.));
#5282 = ( GEOMETRIC_REPRESENTATION_CONTEXT(2) 
PARAMETRIC_REPRESENTATION_CONTEXT() REPRESENTATION_CONTEXT('2D SPACE',''
  ) );
#5283 = ORIENTED_EDGE('',*,*,#4740,.F.);
#5284 = ORIENTED_EDGE('',*,*,#5234,.F.);
#5285 = ORIENTED_EDGE('',*,*,#4839,.F.);
#5286 = ADVANCED_FACE('',(#5287),#4729,.F.);
#5287 = FACE_BOUND('',#5288,.F.);
#5288 = EDGE_LOOP('',(#5289,#5315,#5316,#5317));
#5289 = ORIENTED_EDGE('',*,*,#5290,.T.);
#5290 = EDGE_CURVE('',#4861,#4689,#5291,.T.);
#5291 = SURFACE_CURVE('',#5292,(#5297,#5304),.PCURVE_S1.);
#5292 = CIRCLE('',#5293,1.585);
#5293 = AXIS2_PLACEMENT_3D('',#5294,#5295,#5296);
#5294 = CARTESIAN_POINT('',(190.86,8.54,16.98));
#5295 = DIRECTION('',(-0.,0.,-1.));
#5296 = DIRECTION('',(-0.754629256398,-0.656151419558,0.));
#5297 = PCURVE('',#4729,#5298);
#5298 = DEFINITIONAL_REPRESENTATION('',(#5299),#5303);
#5299 = LINE('',#5300,#5301);
#5300 = CARTESIAN_POINT('',(5.567477888644,0.));
#5301 = VECTOR('',#5302,1.);
#5302 = DIRECTION('',(1.,0.));
#5303 = ( GEOMETRIC_REPRESENTATION_CONTEXT(2) 
PARAMETRIC_REPRESENTATION_CONTEXT() REPRESENTATION_CONTEXT('2D SPACE',''
  ) );
#5304 = PCURVE('',#4703,#5305);
#5305 = DEFINITIONAL_REPRESENTATION('',(#5306),#5314);
#5306 = ( BOUNDED_CURVE() B_SPLINE_CURVE(2,(#5307,#5308,#5309,#5310,
#5311,#5312,#5313),.UNSPECIFIED.,.T.,.F.) B_SPLINE_CURVE_WITH_KNOTS((1,2
    ,2,2,2,1),(-2.094395102393,0.,2.094395102393,4.188790204786,
6.28318530718,8.377580409573),.UNSPECIFIED.) CURVE() 
GEOMETRIC_REPRESENTATION_ITEM() RATIONAL_B_SPLINE_CURVE((1.,0.5,1.,0.5,
1.,0.5,1.)) REPRESENTATION_ITEM('') );
#5307 = CARTESIAN_POINT('',(-1.196087371391,-1.04));
#5308 = CARTESIAN_POINT('',(-2.997420211262,1.03168409754));
#5309 = CARTESIAN_POINT('',(-0.302622734241,1.55584204877));
#5310 = CARTESIAN_POINT('',(2.392174742781,2.08));
#5311 = CARTESIAN_POINT('',(1.498710105631,-0.51584204877));
#5312 = CARTESIAN_POINT('',(0.605245468481,-3.11168409754));
#5313 = CARTESIAN_POINT('',(-1.196087371391,-1.04));
#5314 = ( GEOMETRIC_REPRESENTATION_CONTEXT(2) 
PARAMETRIC_REPRESENTATION_CONTEXT() REPRESENTATION_CONTEXT('2D SPACE',''
  ) );
#5315 = ORIENTED_EDGE('',*,*,#4714,.T.);
#5316 = ORIENTED_EDGE('',*,*,#5262,.F.);
#5317 = ORIENTED_EDGE('',*,*,#4860,.F.);
#5318 = ADVANCED_FACE('',(#5319),#4703,.T.);
#5319 = FACE_BOUND('',#5320,.T.);
#5320 = EDGE_LOOP('',(#5321,#5322,#5348,#5349));
#5321 = ORIENTED_EDGE('',*,*,#4688,.F.);
#5322 = ORIENTED_EDGE('',*,*,#5323,.F.);
#5323 = EDGE_CURVE('',#4882,#4663,#5324,.T.);
#5324 = SURFACE_CURVE('',#5325,(#5330,#5341),.PCURVE_S1.);
#5325 = CIRCLE('',#5326,3.5);
#5326 = AXIS2_PLACEMENT_3D('',#5327,#5328,#5329);
#5327 = CARTESIAN_POINT('',(190.86,8.54,16.98));
#5328 = DIRECTION('',(-0.,0.,-1.));
#5329 = DIRECTION('',(-0.954833033807,-0.297142857143,0.));
#5330 = PCURVE('',#4703,#5331);
#5331 = DEFINITIONAL_REPRESENTATION('',(#5332),#5340);
#5332 = ( BOUNDED_CURVE() B_SPLINE_CURVE(2,(#5333,#5334,#5335,#5336,
#5337,#5338,#5339),.UNSPECIFIED.,.T.,.F.) B_SPLINE_CURVE_WITH_KNOTS((1,2
    ,2,2,2,1),(-2.094395102393,0.,2.094395102393,4.188790204786,
6.28318530718,8.377580409573),.UNSPECIFIED.) CURVE() 
GEOMETRIC_REPRESENTATION_ITEM() RATIONAL_B_SPLINE_CURVE((1.,0.5,1.,0.5,
1.,0.5,1.)) REPRESENTATION_ITEM('') );
#5333 = CARTESIAN_POINT('',(-3.341915618324,-1.04));
#5334 = CARTESIAN_POINT('',(-5.143248458196,4.748367645546));
#5335 = CARTESIAN_POINT('',(0.770291389226,3.414183822773));
#5336 = CARTESIAN_POINT('',(6.683831236649,2.08));
#5337 = CARTESIAN_POINT('',(2.571624229098,-2.374183822773));
#5338 = CARTESIAN_POINT('',(-1.540582778453,-6.828367645546));
#5339 = CARTESIAN_POINT('',(-3.341915618324,-1.04));
#5340 = ( GEOMETRIC_REPRESENTATION_CONTEXT(2) 
PARAMETRIC_REPRESENTATION_CONTEXT() REPRESENTATION_CONTEXT('2D SPACE',''
  ) );
#5341 = PCURVE('',#4677,#5342);
#5342 = DEFINITIONAL_REPRESENTATION('',(#5343),#5347);
#5343 = LINE('',#5344,#5345);
#5344 = CARTESIAN_POINT('',(-9.726476920021,-10.48));
#5345 = VECTOR('',#5346,1.);
#5346 = DIRECTION('',(1.,-0.));
#5347 = ( GEOMETRIC_REPRESENTATION_CONTEXT(2) 
PARAMETRIC_REPRESENTATION_CONTEXT() REPRESENTATION_CONTEXT('2D SPACE',''
  ) );
#5348 = ORIENTED_EDGE('',*,*,#4881,.F.);
#5349 = ORIENTED_EDGE('',*,*,#5290,.T.);
#5350 = ADVANCED_FACE('',(#5351),#4677,.T.);
#5351 = FACE_BOUND('',#5352,.F.);
#5352 = EDGE_LOOP('',(#5353,#5354,#5355,#5381));
#5353 = ORIENTED_EDGE('',*,*,#5323,.F.);
#5354 = ORIENTED_EDGE('',*,*,#4902,.T.);
#5355 = ORIENTED_EDGE('',*,*,#5356,.T.);
#5356 = EDGE_CURVE('',#4903,#4640,#5357,.T.);
#5357 = SURFACE_CURVE('',#5358,(#5363,#5370),.PCURVE_S1.);
#5358 = CIRCLE('',#5359,3.5);
#5359 = AXIS2_PLACEMENT_3D('',#5360,#5361,#5362);
#5360 = CARTESIAN_POINT('',(190.86,8.54,6.5));
#5361 = DIRECTION('',(-0.,0.,-1.));
#5362 = DIRECTION('',(-0.954833033807,-0.297142857143,0.));
#5363 = PCURVE('',#4677,#5364);
#5364 = DEFINITIONAL_REPRESENTATION('',(#5365),#5369);
#5365 = LINE('',#5366,#5367);
#5366 = CARTESIAN_POINT('',(-9.726476920021,0.));
#5367 = VECTOR('',#5368,1.);
#5368 = DIRECTION('',(1.,-0.));
#5369 = ( GEOMETRIC_REPRESENTATION_CONTEXT(2) 
PARAMETRIC_REPRESENTATION_CONTEXT() REPRESENTATION_CONTEXT('2D SPACE',''
  ) );
#5370 = PCURVE('',#3900,#5371);
#5371 = DEFINITIONAL_REPRESENTATION('',(#5372),#5380);
#5372 = ( BOUNDED_CURVE() B_SPLINE_CURVE(2,(#5373,#5374,#5375,#5376,
#5377,#5378,#5379),.UNSPECIFIED.,.T.,.F.) B_SPLINE_CURVE_WITH_KNOTS((1,2
    ,2,2,2,1),(-2.094395102393,0.,2.094395102393,4.188790204786,
6.28318530718,8.377580409573),.UNSPECIFIED.) CURVE() 
GEOMETRIC_REPRESENTATION_ITEM() RATIONAL_B_SPLINE_CURVE((1.,0.5,1.,0.5,
1.,0.5,1.)) REPRESENTATION_ITEM('') );
#5373 = CARTESIAN_POINT('',(177.51808438167,2.5));
#5374 = CARTESIAN_POINT('',(175.7167515418,8.288367645546));
#5375 = CARTESIAN_POINT('',(181.63029138922,6.954183822773));
#5376 = CARTESIAN_POINT('',(187.54383123664,5.62));
#5377 = CARTESIAN_POINT('',(183.43162422909,1.165816177227));
#5378 = CARTESIAN_POINT('',(179.31941722154,-3.288367645546));
#5379 = CARTESIAN_POINT('',(177.51808438167,2.5));
#5380 = ( GEOMETRIC_REPRESENTATION_CONTEXT(2) 
PARAMETRIC_REPRESENTATION_CONTEXT() REPRESENTATION_CONTEXT('2D SPACE',''
  ) );
#5381 = ORIENTED_EDGE('',*,*,#4662,.F.);
#5382 = ADVANCED_FACE('',(#5383),#5091,.F.);
#5383 = FACE_BOUND('',#5384,.F.);
#5384 = EDGE_LOOP('',(#5385,#5407));
#5385 = ORIENTED_EDGE('',*,*,#5386,.T.);
#5386 = EDGE_CURVE('',#5077,#5051,#5387,.T.);
#5387 = SURFACE_CURVE('',#5388,(#5393,#5400),.PCURVE_S1.);
#5388 = CIRCLE('',#5389,1.45);
#5389 = AXIS2_PLACEMENT_3D('',#5390,#5391,#5392);
#5390 = CARTESIAN_POINT('',(170.54,8.54,8.5));
#5391 = DIRECTION('',(-0.,0.,-1.));
#5392 = DIRECTION('',(-0.69682480137,-0.71724137931,0.));
#5393 = PCURVE('',#5091,#5394);
#5394 = DEFINITIONAL_REPRESENTATION('',(#5395),#5399);
#5395 = CIRCLE('',#5396,1.45);
#5396 = AXIS2_PLACEMENT_2D('',#5397,#5398);
#5397 = CARTESIAN_POINT('',(0.,0.));
#5398 = DIRECTION('',(0.69682480137,-0.71724137931));
#5399 = ( GEOMETRIC_REPRESENTATION_CONTEXT(2) 
PARAMETRIC_REPRESENTATION_CONTEXT() REPRESENTATION_CONTEXT('2D SPACE',''
  ) );
#5400 = PCURVE('',#5065,#5401);
#5401 = DEFINITIONAL_REPRESENTATION('',(#5402),#5406);
#5402 = LINE('',#5403,#5404);
#5403 = CARTESIAN_POINT('',(5.483349941546,8.48));
#5404 = VECTOR('',#5405,1.);
#5405 = DIRECTION('',(1.,0.));
#5406 = ( GEOMETRIC_REPRESENTATION_CONTEXT(2) 
PARAMETRIC_REPRESENTATION_CONTEXT() REPRESENTATION_CONTEXT('2D SPACE',''
  ) );
#5407 = ORIENTED_EDGE('',*,*,#5076,.F.);
#5408 = ADVANCED_FACE('',(#5409),#5065,.F.);
#5409 = FACE_BOUND('',#5410,.F.);
#5410 = EDGE_LOOP('',(#5411,#5433,#5434,#5435));
#5411 = ORIENTED_EDGE('',*,*,#5412,.T.);
#5412 = EDGE_CURVE('',#5103,#5025,#5413,.T.);
#5413 = SURFACE_CURVE('',#5414,(#5419,#5426),.PCURVE_S1.);
#5414 = CIRCLE('',#5415,1.45);
#5415 = AXIS2_PLACEMENT_3D('',#5416,#5417,#5418);
#5416 = CARTESIAN_POINT('',(170.54,8.54,12.5));
#5417 = DIRECTION('',(-0.,0.,-1.));
#5418 = DIRECTION('',(-0.69682480137,-0.71724137931,0.));
#5419 = PCURVE('',#5065,#5420);
#5420 = DEFINITIONAL_REPRESENTATION('',(#5421),#5425);
#5421 = LINE('',#5422,#5423);
#5422 = CARTESIAN_POINT('',(5.483349941546,4.48));
#5423 = VECTOR('',#5424,1.);
#5424 = DIRECTION('',(1.,0.));
#5425 = ( GEOMETRIC_REPRESENTATION_CONTEXT(2) 
PARAMETRIC_REPRESENTATION_CONTEXT() REPRESENTATION_CONTEXT('2D SPACE',''
  ) );
#5426 = PCURVE('',#5039,#5427);
#5427 = DEFINITIONAL_REPRESENTATION('',(#5428),#5432);
#5428 = CIRCLE('',#5429,1.45);
#5429 = AXIS2_PLACEMENT_2D('',#5430,#5431);
#5430 = CARTESIAN_POINT('',(0.,0.));
#5431 = DIRECTION('',(0.69682480137,-0.71724137931));
#5432 = ( GEOMETRIC_REPRESENTATION_CONTEXT(2) 
PARAMETRIC_REPRESENTATION_CONTEXT() REPRESENTATION_CONTEXT('2D SPACE',''
  ) );
#5433 = ORIENTED_EDGE('',*,*,#5050,.T.);
#5434 = ORIENTED_EDGE('',*,*,#5386,.F.);
#5435 = ORIENTED_EDGE('',*,*,#5102,.F.);
#5436 = ADVANCED_FACE('',(#5437),#5039,.F.);
#5437 = FACE_BOUND('',#5438,.F.);
#5438 = EDGE_LOOP('',(#5439,#5461,#5462,#5463));
#5439 = ORIENTED_EDGE('',*,*,#5440,.T.);
#5440 = EDGE_CURVE('',#5124,#4999,#5441,.T.);
#5441 = SURFACE_CURVE('',#5442,(#5447,#5454),.PCURVE_S1.);
#5442 = CIRCLE('',#5443,1.585);
#5443 = AXIS2_PLACEMENT_3D('',#5444,#5445,#5446);
#5444 = CARTESIAN_POINT('',(170.54,8.54,12.5));
#5445 = DIRECTION('',(-0.,0.,-1.));
#5446 = DIRECTION('',(-0.754629256398,-0.656151419558,0.));
#5447 = PCURVE('',#5039,#5448);
#5448 = DEFINITIONAL_REPRESENTATION('',(#5449),#5453);
#5449 = CIRCLE('',#5450,1.585);
#5450 = AXIS2_PLACEMENT_2D('',#5451,#5452);
#5451 = CARTESIAN_POINT('',(0.,0.));
#5452 = DIRECTION('',(0.754629256398,-0.656151419558));
#5453 = ( GEOMETRIC_REPRESENTATION_CONTEXT(2) 
PARAMETRIC_REPRESENTATION_CONTEXT() REPRESENTATION_CONTEXT('2D SPACE',''
  ) );
#5454 = PCURVE('',#5013,#5455);
#5455 = DEFINITIONAL_REPRESENTATION('',(#5456),#5460);
#5456 = LINE('',#5457,#5458);
#5457 = CARTESIAN_POINT('',(5.567477888644,4.48));
#5458 = VECTOR('',#5459,1.);
#5459 = DIRECTION('',(1.,0.));
#5460 = ( GEOMETRIC_REPRESENTATION_CONTEXT(2) 
PARAMETRIC_REPRESENTATION_CONTEXT() REPRESENTATION_CONTEXT('2D SPACE',''
  ) );
#5461 = ORIENTED_EDGE('',*,*,#5024,.F.);
#5462 = ORIENTED_EDGE('',*,*,#5412,.F.);
#5463 = ORIENTED_EDGE('',*,*,#5123,.F.);
#5464 = ADVANCED_FACE('',(#5465),#5013,.F.);
#5465 = FACE_BOUND('',#5466,.F.);
#5466 = EDGE_LOOP('',(#5467,#5493,#5494,#5495));
#5467 = ORIENTED_EDGE('',*,*,#5468,.T.);
#5468 = EDGE_CURVE('',#5145,#4973,#5469,.T.);
#5469 = SURFACE_CURVE('',#5470,(#5475,#5482),.PCURVE_S1.);
#5470 = CIRCLE('',#5471,1.585);
#5471 = AXIS2_PLACEMENT_3D('',#5472,#5473,#5474);
#5472 = CARTESIAN_POINT('',(170.54,8.54,16.98));
#5473 = DIRECTION('',(-0.,0.,-1.));
#5474 = DIRECTION('',(-0.754629256398,-0.656151419558,0.));
#5475 = PCURVE('',#5013,#5476);
#5476 = DEFINITIONAL_REPRESENTATION('',(#5477),#5481);
#5477 = LINE('',#5478,#5479);
#5478 = CARTESIAN_POINT('',(5.567477888644,0.));
#5479 = VECTOR('',#5480,1.);
#5480 = DIRECTION('',(1.,0.));
#5481 = ( GEOMETRIC_REPRESENTATION_CONTEXT(2) 
PARAMETRIC_REPRESENTATION_CONTEXT() REPRESENTATION_CONTEXT('2D SPACE',''
  ) );
#5482 = PCURVE('',#4987,#5483);
#5483 = DEFINITIONAL_REPRESENTATION('',(#5484),#5492);
#5484 = ( BOUNDED_CURVE() B_SPLINE_CURVE(2,(#5485,#5486,#5487,#5488,
#5489,#5490,#5491),.UNSPECIFIED.,.T.,.F.) B_SPLINE_CURVE_WITH_KNOTS((1,2
    ,2,2,2,1),(-2.094395102393,0.,2.094395102393,4.188790204786,
6.28318530718,8.377580409573),.UNSPECIFIED.) CURVE() 
GEOMETRIC_REPRESENTATION_ITEM() RATIONAL_B_SPLINE_CURVE((1.,0.5,1.,0.5,
1.,0.5,1.)) REPRESENTATION_ITEM('') );
#5485 = CARTESIAN_POINT('',(-1.196087371391,-1.04));
#5486 = CARTESIAN_POINT('',(-2.997420211262,1.03168409754));
#5487 = CARTESIAN_POINT('',(-0.302622734241,1.55584204877));
#5488 = CARTESIAN_POINT('',(2.392174742781,2.08));
#5489 = CARTESIAN_POINT('',(1.498710105631,-0.51584204877));
#5490 = CARTESIAN_POINT('',(0.605245468481,-3.11168409754));
#5491 = CARTESIAN_POINT('',(-1.196087371391,-1.04));
#5492 = ( GEOMETRIC_REPRESENTATION_CONTEXT(2) 
PARAMETRIC_REPRESENTATION_CONTEXT() REPRESENTATION_CONTEXT('2D SPACE',''
  ) );
#5493 = ORIENTED_EDGE('',*,*,#4998,.T.);
#5494 = ORIENTED_EDGE('',*,*,#5440,.F.);
#5495 = ORIENTED_EDGE('',*,*,#5144,.F.);
#5496 = ADVANCED_FACE('',(#5497),#4987,.T.);
#5497 = FACE_BOUND('',#5498,.T.);
#5498 = EDGE_LOOP('',(#5499,#5500,#5526,#5527));
#5499 = ORIENTED_EDGE('',*,*,#4972,.F.);
#5500 = ORIENTED_EDGE('',*,*,#5501,.F.);
#5501 = EDGE_CURVE('',#5166,#4947,#5502,.T.);
#5502 = SURFACE_CURVE('',#5503,(#5508,#5519),.PCURVE_S1.);
#5503 = CIRCLE('',#5504,3.5);
#5504 = AXIS2_PLACEMENT_3D('',#5505,#5506,#5507);
#5505 = CARTESIAN_POINT('',(170.54,8.54,16.98));
#5506 = DIRECTION('',(-0.,0.,-1.));
#5507 = DIRECTION('',(-0.954833033807,-0.297142857143,0.));
#5508 = PCURVE('',#4987,#5509);
#5509 = DEFINITIONAL_REPRESENTATION('',(#5510),#5518);
#5510 = ( BOUNDED_CURVE() B_SPLINE_CURVE(2,(#5511,#5512,#5513,#5514,
#5515,#5516,#5517),.UNSPECIFIED.,.T.,.F.) B_SPLINE_CURVE_WITH_KNOTS((1,2
    ,2,2,2,1),(-2.094395102393,0.,2.094395102393,4.188790204786,
6.28318530718,8.377580409573),.UNSPECIFIED.) CURVE() 
GEOMETRIC_REPRESENTATION_ITEM() RATIONAL_B_SPLINE_CURVE((1.,0.5,1.,0.5,
1.,0.5,1.)) REPRESENTATION_ITEM('') );
#5511 = CARTESIAN_POINT('',(-3.341915618324,-1.04));
#5512 = CARTESIAN_POINT('',(-5.143248458196,4.748367645546));
#5513 = CARTESIAN_POINT('',(0.770291389226,3.414183822773));
#5514 = CARTESIAN_POINT('',(6.683831236649,2.08));
#5515 = CARTESIAN_POINT('',(2.571624229098,-2.374183822773));
#5516 = CARTESIAN_POINT('',(-1.540582778453,-6.828367645546));
#5517 = CARTESIAN_POINT('',(-3.341915618324,-1.04));
#5518 = ( GEOMETRIC_REPRESENTATION_CONTEXT(2) 
PARAMETRIC_REPRESENTATION_CONTEXT() REPRESENTATION_CONTEXT('2D SPACE',''
  ) );
#5519 = PCURVE('',#4961,#5520);
#5520 = DEFINITIONAL_REPRESENTATION('',(#5521),#5525);
#5521 = LINE('',#5522,#5523);
#5522 = CARTESIAN_POINT('',(-9.726476920021,-10.48));
#5523 = VECTOR('',#5524,1.);
#5524 = DIRECTION('',(1.,-0.));
#5525 = ( GEOMETRIC_REPRESENTATION_CONTEXT(2) 
PARAMETRIC_REPRESENTATION_CONTEXT() REPRESENTATION_CONTEXT('2D SPACE',''
  ) );
#5526 = ORIENTED_EDGE('',*,*,#5165,.F.);
#5527 = ORIENTED_EDGE('',*,*,#5468,.T.);
#5528 = ADVANCED_FACE('',(#5529),#4961,.T.);
#5529 = FACE_BOUND('',#5530,.F.);
#5530 = EDGE_LOOP('',(#5531,#5532,#5533,#5559));
#5531 = ORIENTED_EDGE('',*,*,#5501,.F.);
#5532 = ORIENTED_EDGE('',*,*,#5186,.T.);
#5533 = ORIENTED_EDGE('',*,*,#5534,.T.);
#5534 = EDGE_CURVE('',#4574,#4924,#5535,.T.);
#5535 = SURFACE_CURVE('',#5536,(#5541,#5548),.PCURVE_S1.);
#5536 = CIRCLE('',#5537,3.5);
#5537 = AXIS2_PLACEMENT_3D('',#5538,#5539,#5540);
#5538 = CARTESIAN_POINT('',(170.54,8.54,6.5));
#5539 = DIRECTION('',(-0.,0.,-1.));
#5540 = DIRECTION('',(-0.954833033807,-0.297142857143,0.));
#5541 = PCURVE('',#4961,#5542);
#5542 = DEFINITIONAL_REPRESENTATION('',(#5543),#5547);
#5543 = LINE('',#5544,#5545);
#5544 = CARTESIAN_POINT('',(-9.726476920021,0.));
#5545 = VECTOR('',#5546,1.);
#5546 = DIRECTION('',(1.,-0.));
#5547 = ( GEOMETRIC_REPRESENTATION_CONTEXT(2) 
PARAMETRIC_REPRESENTATION_CONTEXT() REPRESENTATION_CONTEXT('2D SPACE',''
  ) );
#5548 = PCURVE('',#3900,#5549);
#5549 = DEFINITIONAL_REPRESENTATION('',(#5550),#5558);
#5550 = ( BOUNDED_CURVE() B_SPLINE_CURVE(2,(#5551,#5552,#5553,#5554,
#5555,#5556,#5557),.UNSPECIFIED.,.T.,.F.) B_SPLINE_CURVE_WITH_KNOTS((1,2
    ,2,2,2,1),(-2.094395102393,0.,2.094395102393,4.188790204786,
6.28318530718,8.377580409573),.UNSPECIFIED.) CURVE() 
GEOMETRIC_REPRESENTATION_ITEM() RATIONAL_B_SPLINE_CURVE((1.,0.5,1.,0.5,
1.,0.5,1.)) REPRESENTATION_ITEM('') );
#5551 = CARTESIAN_POINT('',(157.19808438167,2.5));
#5552 = CARTESIAN_POINT('',(155.3967515418,8.288367645546));
#5553 = CARTESIAN_POINT('',(161.31029138922,6.954183822773));
#5554 = CARTESIAN_POINT('',(167.22383123664,5.62));
#5555 = CARTESIAN_POINT('',(163.11162422909,1.165816177227));
#5556 = CARTESIAN_POINT('',(158.99941722154,-3.288367645546));
#5557 = CARTESIAN_POINT('',(157.19808438167,2.5));
#5558 = ( GEOMETRIC_REPRESENTATION_CONTEXT(2) 
PARAMETRIC_REPRESENTATION_CONTEXT() REPRESENTATION_CONTEXT('2D SPACE',''
  ) );
#5559 = ORIENTED_EDGE('',*,*,#4946,.F.);
#5560 = ADVANCED_FACE('',(#5561,#5591,#5622),#3900,.T.);
#5561 = FACE_BOUND('',#5562,.T.);
#5562 = EDGE_LOOP('',(#5563,#5584,#5585,#5586,#5587,#5588,#5589,#5590));
#5563 = ORIENTED_EDGE('',*,*,#5564,.F.);
#5564 = EDGE_CURVE('',#4572,#3885,#5565,.T.);
#5565 = SURFACE_CURVE('',#5566,(#5570,#5577),.PCURVE_S1.);
#5566 = LINE('',#5567,#5568);
#5567 = CARTESIAN_POINT('',(165.,5.,6.5));
#5568 = VECTOR('',#5569,1.);
#5569 = DIRECTION('',(0.,1.,0.));
#5570 = PCURVE('',#3900,#5571);
#5571 = DEFINITIONAL_REPRESENTATION('',(#5572),#5576);
#5572 = LINE('',#5573,#5574);
#5573 = CARTESIAN_POINT('',(155.,0.));
#5574 = VECTOR('',#5575,1.);
#5575 = DIRECTION('',(0.,1.));
#5576 = ( GEOMETRIC_REPRESENTATION_CONTEXT(2) 
PARAMETRIC_REPRESENTATION_CONTEXT() REPRESENTATION_CONTEXT('2D SPACE',''
  ) );
#5577 = PCURVE('',#3928,#5578);
#5578 = DEFINITIONAL_REPRESENTATION('',(#5579),#5583);
#5579 = LINE('',#5580,#5581);
#5580 = CARTESIAN_POINT('',(0.,0.));
#5581 = VECTOR('',#5582,1.);
#5582 = DIRECTION('',(0.,-1.));
#5583 = ( GEOMETRIC_REPRESENTATION_CONTEXT(2) 
PARAMETRIC_REPRESENTATION_CONTEXT() REPRESENTATION_CONTEXT('2D SPACE',''
  ) );
#5584 = ORIENTED_EDGE('',*,*,#4571,.T.);
#5585 = ORIENTED_EDGE('',*,*,#5534,.T.);
#5586 = ORIENTED_EDGE('',*,*,#4923,.T.);
#5587 = ORIENTED_EDGE('',*,*,#5356,.T.);
#5588 = ORIENTED_EDGE('',*,*,#4639,.T.);
#5589 = ORIENTED_EDGE('',*,*,#4546,.T.);
#5590 = ORIENTED_EDGE('',*,*,#3884,.F.);
#5591 = FACE_BOUND('',#5592,.T.);
#5592 = EDGE_LOOP('',(#5593));
#5593 = ORIENTED_EDGE('',*,*,#5594,.F.);
#5594 = EDGE_CURVE('',#5595,#5595,#5597,.T.);
#5595 = VERTEX_POINT('',#5596);
#5596 = CARTESIAN_POINT('',(168.3,32.4,6.5));
#5597 = SURFACE_CURVE('',#5598,(#5603,#5610),.PCURVE_S1.);
#5598 = CIRCLE('',#5599,1.3);
#5599 = AXIS2_PLACEMENT_3D('',#5600,#5601,#5602);
#5600 = CARTESIAN_POINT('',(167.,32.4,6.5));
#5601 = DIRECTION('',(0.,0.,1.));
#5602 = DIRECTION('',(1.,0.,0.));
#5603 = PCURVE('',#3900,#5604);
#5604 = DEFINITIONAL_REPRESENTATION('',(#5605),#5609);
#5605 = CIRCLE('',#5606,1.3);
#5606 = AXIS2_PLACEMENT_2D('',#5607,#5608);
#5607 = CARTESIAN_POINT('',(157.,27.4));
#5608 = DIRECTION('',(1.,0.));
#5609 = ( GEOMETRIC_REPRESENTATION_CONTEXT(2) 
PARAMETRIC_REPRESENTATION_CONTEXT() REPRESENTATION_CONTEXT('2D SPACE',''
  ) );
#5610 = PCURVE('',#5611,#5616);
#5611 = CYLINDRICAL_SURFACE('',#5612,1.3);
#5612 = AXIS2_PLACEMENT_3D('',#5613,#5614,#5615);
#5613 = CARTESIAN_POINT('',(167.,32.4,6.5));
#5614 = DIRECTION('',(-0.,-0.,-1.));
#5615 = DIRECTION('',(1.,0.,0.));
#5616 = DEFINITIONAL_REPRESENTATION('',(#5617),#5621);
#5617 = LINE('',#5618,#5619);
#5618 = CARTESIAN_POINT('',(-0.,0.));
#5619 = VECTOR('',#5620,1.);
#5620 = DIRECTION('',(-1.,0.));
#5621 = ( GEOMETRIC_REPRESENTATION_CONTEXT(2) 
PARAMETRIC_REPRESENTATION_CONTEXT() REPRESENTATION_CONTEXT('2D SPACE',''
  ) );
#5622 = FACE_BOUND('',#5623,.T.);
#5623 = EDGE_LOOP('',(#5624));
#5624 = ORIENTED_EDGE('',*,*,#5625,.F.);
#5625 = EDGE_CURVE('',#5626,#5626,#5628,.T.);
#5626 = VERTEX_POINT('',#5627);
#5627 = CARTESIAN_POINT('',(195.7,32.4,6.5));
#5628 = SURFACE_CURVE('',#5629,(#5634,#5641),.PCURVE_S1.);
#5629 = CIRCLE('',#5630,1.3);
#5630 = AXIS2_PLACEMENT_3D('',#5631,#5632,#5633);
#5631 = CARTESIAN_POINT('',(194.4,32.4,6.5));
#5632 = DIRECTION('',(0.,0.,1.));
#5633 = DIRECTION('',(1.,0.,0.));
#5634 = PCURVE('',#3900,#5635);
#5635 = DEFINITIONAL_REPRESENTATION('',(#5636),#5640);
#5636 = CIRCLE('',#5637,1.3);
#5637 = AXIS2_PLACEMENT_2D('',#5638,#5639);
#5638 = CARTESIAN_POINT('',(184.4,27.4));
#5639 = DIRECTION('',(1.,0.));
#5640 = ( GEOMETRIC_REPRESENTATION_CONTEXT(2) 
PARAMETRIC_REPRESENTATION_CONTEXT() REPRESENTATION_CONTEXT('2D SPACE',''
  ) );
#5641 = PCURVE('',#5642,#5647);
#5642 = CYLINDRICAL_SURFACE('',#5643,1.3);
#5643 = AXIS2_PLACEMENT_3D('',#5644,#5645,#5646);
#5644 = CARTESIAN_POINT('',(194.4,32.4,6.5));
#5645 = DIRECTION('',(-0.,-0.,-1.));
#5646 = DIRECTION('',(1.,0.,0.));
#5647 = DEFINITIONAL_REPRESENTATION('',(#5648),#5652);
#5648 = LINE('',#5649,#5650);
#5649 = CARTESIAN_POINT('',(-0.,0.));
#5650 = VECTOR('',#5651,1.);
#5651 = DIRECTION('',(-1.,0.));
#5652 = ( GEOMETRIC_REPRESENTATION_CONTEXT(2) 
PARAMETRIC_REPRESENTATION_CONTEXT() REPRESENTATION_CONTEXT('2D SPACE',''
  ) );
#5653 = ADVANCED_FACE('',(#5654),#5642,.T.);
#5654 = FACE_BOUND('',#5655,.F.);
#5655 = EDGE_LOOP('',(#5656,#5679,#5706,#5707));
#5656 = ORIENTED_EDGE('',*,*,#5657,.T.);
#5657 = EDGE_CURVE('',#5626,#5658,#5660,.T.);
#5658 = VERTEX_POINT('',#5659);
#5659 = CARTESIAN_POINT('',(195.7,32.4,18.98));
#5660 = SEAM_CURVE('',#5661,(#5665,#5672),.PCURVE_S1.);
#5661 = LINE('',#5662,#5663);
#5662 = CARTESIAN_POINT('',(195.7,32.4,6.5));
#5663 = VECTOR('',#5664,1.);
#5664 = DIRECTION('',(0.,0.,1.));
#5665 = PCURVE('',#5642,#5666);
#5666 = DEFINITIONAL_REPRESENTATION('',(#5667),#5671);
#5667 = LINE('',#5668,#5669);
#5668 = CARTESIAN_POINT('',(-0.,0.));
#5669 = VECTOR('',#5670,1.);
#5670 = DIRECTION('',(-0.,-1.));
#5671 = ( GEOMETRIC_REPRESENTATION_CONTEXT(2) 
PARAMETRIC_REPRESENTATION_CONTEXT() REPRESENTATION_CONTEXT('2D SPACE',''
  ) );
#5672 = PCURVE('',#5642,#5673);
#5673 = DEFINITIONAL_REPRESENTATION('',(#5674),#5678);
#5674 = LINE('',#5675,#5676);
#5675 = CARTESIAN_POINT('',(-6.28318530718,0.));
#5676 = VECTOR('',#5677,1.);
#5677 = DIRECTION('',(-0.,-1.));
#5678 = ( GEOMETRIC_REPRESENTATION_CONTEXT(2) 
PARAMETRIC_REPRESENTATION_CONTEXT() REPRESENTATION_CONTEXT('2D SPACE',''
  ) );
#5679 = ORIENTED_EDGE('',*,*,#5680,.T.);
#5680 = EDGE_CURVE('',#5658,#5658,#5681,.T.);
#5681 = SURFACE_CURVE('',#5682,(#5687,#5694),.PCURVE_S1.);
#5682 = CIRCLE('',#5683,1.3);
#5683 = AXIS2_PLACEMENT_3D('',#5684,#5685,#5686);
#5684 = CARTESIAN_POINT('',(194.4,32.4,18.98));
#5685 = DIRECTION('',(0.,0.,1.));
#5686 = DIRECTION('',(1.,0.,0.));
#5687 = PCURVE('',#5642,#5688);
#5688 = DEFINITIONAL_REPRESENTATION('',(#5689),#5693);
#5689 = LINE('',#5690,#5691);
#5690 = CARTESIAN_POINT('',(-0.,-12.48));
#5691 = VECTOR('',#5692,1.);
#5692 = DIRECTION('',(-1.,0.));
#5693 = ( GEOMETRIC_REPRESENTATION_CONTEXT(2) 
PARAMETRIC_REPRESENTATION_CONTEXT() REPRESENTATION_CONTEXT('2D SPACE',''
  ) );
#5694 = PCURVE('',#5695,#5700);
#5695 = PLANE('',#5696);
#5696 = AXIS2_PLACEMENT_3D('',#5697,#5698,#5699);
#5697 = CARTESIAN_POINT('',(194.4,32.4,18.98));
#5698 = DIRECTION('',(0.,0.,1.));
#5699 = DIRECTION('',(1.,0.,-0.));
#5700 = DEFINITIONAL_REPRESENTATION('',(#5701),#5705);
#5701 = CIRCLE('',#5702,1.3);
#5702 = AXIS2_PLACEMENT_2D('',#5703,#5704);
#5703 = CARTESIAN_POINT('',(-2.84217094304E-14,0.));
#5704 = DIRECTION('',(1.,0.));
#5705 = ( GEOMETRIC_REPRESENTATION_CONTEXT(2) 
PARAMETRIC_REPRESENTATION_CONTEXT() REPRESENTATION_CONTEXT('2D SPACE',''
  ) );
#5706 = ORIENTED_EDGE('',*,*,#5657,.F.);
#5707 = ORIENTED_EDGE('',*,*,#5625,.F.);
#5708 = ADVANCED_FACE('',(#5709),#5695,.T.);
#5709 = FACE_BOUND('',#5710,.T.);
#5710 = EDGE_LOOP('',(#5711));
#5711 = ORIENTED_EDGE('',*,*,#5680,.T.);
#5712 = ADVANCED_FACE('',(#5713),#5611,.T.);
#5713 = FACE_BOUND('',#5714,.F.);
#5714 = EDGE_LOOP('',(#5715,#5738,#5765,#5766));
#5715 = ORIENTED_EDGE('',*,*,#5716,.T.);
#5716 = EDGE_CURVE('',#5595,#5717,#5719,.T.);
#5717 = VERTEX_POINT('',#5718);
#5718 = CARTESIAN_POINT('',(168.3,32.4,18.98));
#5719 = SEAM_CURVE('',#5720,(#5724,#5731),.PCURVE_S1.);
#5720 = LINE('',#5721,#5722);
#5721 = CARTESIAN_POINT('',(168.3,32.4,6.5));
#5722 = VECTOR('',#5723,1.);
#5723 = DIRECTION('',(0.,0.,1.));
#5724 = PCURVE('',#5611,#5725);
#5725 = DEFINITIONAL_REPRESENTATION('',(#5726),#5730);
#5726 = LINE('',#5727,#5728);
#5727 = CARTESIAN_POINT('',(-0.,0.));
#5728 = VECTOR('',#5729,1.);
#5729 = DIRECTION('',(-0.,-1.));
#5730 = ( GEOMETRIC_REPRESENTATION_CONTEXT(2) 
PARAMETRIC_REPRESENTATION_CONTEXT() REPRESENTATION_CONTEXT('2D SPACE',''
  ) );
#5731 = PCURVE('',#5611,#5732);
#5732 = DEFINITIONAL_REPRESENTATION('',(#5733),#5737);
#5733 = LINE('',#5734,#5735);
#5734 = CARTESIAN_POINT('',(-6.28318530718,0.));
#5735 = VECTOR('',#5736,1.);
#5736 = DIRECTION('',(-0.,-1.));
#5737 = ( GEOMETRIC_REPRESENTATION_CONTEXT(2) 
PARAMETRIC_REPRESENTATION_CONTEXT() REPRESENTATION_CONTEXT('2D SPACE',''
  ) );
#5738 = ORIENTED_EDGE('',*,*,#5739,.T.);
#5739 = EDGE_CURVE('',#5717,#5717,#5740,.T.);
#5740 = SURFACE_CURVE('',#5741,(#5746,#5753),.PCURVE_S1.);
#5741 = CIRCLE('',#5742,1.3);
#5742 = AXIS2_PLACEMENT_3D('',#5743,#5744,#5745);
#5743 = CARTESIAN_POINT('',(167.,32.4,18.98));
#5744 = DIRECTION('',(0.,0.,1.));
#5745 = DIRECTION('',(1.,0.,0.));
#5746 = PCURVE('',#5611,#5747);
#5747 = DEFINITIONAL_REPRESENTATION('',(#5748),#5752);
#5748 = LINE('',#5749,#5750);
#5749 = CARTESIAN_POINT('',(-0.,-12.48));
#5750 = VECTOR('',#5751,1.);
#5751 = DIRECTION('',(-1.,0.));
#5752 = ( GEOMETRIC_REPRESENTATION_CONTEXT(2) 
PARAMETRIC_REPRESENTATION_CONTEXT() REPRESENTATION_CONTEXT('2D SPACE',''
  ) );
#5753 = PCURVE('',#5754,#5759);
#5754 = PLANE('',#5755);
#5755 = AXIS2_PLACEMENT_3D('',#5756,#5757,#5758);
#5756 = CARTESIAN_POINT('',(167.,32.4,18.98));
#5757 = DIRECTION('',(0.,0.,1.));
#5758 = DIRECTION('',(1.,0.,-0.));
#5759 = DEFINITIONAL_REPRESENTATION('',(#5760),#5764);
#5760 = CIRCLE('',#5761,1.3);
#5761 = AXIS2_PLACEMENT_2D('',#5762,#5763);
#5762 = CARTESIAN_POINT('',(0.,0.));
#5763 = DIRECTION('',(1.,0.));
#5764 = ( GEOMETRIC_REPRESENTATION_CONTEXT(2) 
PARAMETRIC_REPRESENTATION_CONTEXT() REPRESENTATION_CONTEXT('2D SPACE',''
  ) );
#5765 = ORIENTED_EDGE('',*,*,#5716,.F.);
#5766 = ORIENTED_EDGE('',*,*,#5594,.F.);
#5767 = ADVANCED_FACE('',(#5768),#5754,.T.);
#5768 = FACE_BOUND('',#5769,.T.);
#5769 = EDGE_LOOP('',(#5770));
#5770 = ORIENTED_EDGE('',*,*,#5739,.T.);
#5771 = ADVANCED_FACE('',(#5772),#3928,.T.);
#5772 = FACE_BOUND('',#5773,.T.);
#5773 = EDGE_LOOP('',(#5774,#5797,#5798,#5799,#5800,#5823,#5849,#5875));
#5774 = ORIENTED_EDGE('',*,*,#5775,.F.);
#5775 = EDGE_CURVE('',#4597,#5776,#5778,.T.);
#5776 = VERTEX_POINT('',#5777);
#5777 = CARTESIAN_POINT('',(165.,20.25,34.5));
#5778 = SURFACE_CURVE('',#5779,(#5783,#5790),.PCURVE_S1.);
#5779 = LINE('',#5780,#5781);
#5780 = CARTESIAN_POINT('',(165.,5.,34.5));
#5781 = VECTOR('',#5782,1.);
#5782 = DIRECTION('',(0.,1.,0.));
#5783 = PCURVE('',#3928,#5784);
#5784 = DEFINITIONAL_REPRESENTATION('',(#5785),#5789);
#5785 = LINE('',#5786,#5787);
#5786 = CARTESIAN_POINT('',(28.,0.));
#5787 = VECTOR('',#5788,1.);
#5788 = DIRECTION('',(0.,-1.));
#5789 = ( GEOMETRIC_REPRESENTATION_CONTEXT(2) 
PARAMETRIC_REPRESENTATION_CONTEXT() REPRESENTATION_CONTEXT('2D SPACE',''
  ) );
#5790 = PCURVE('',#3160,#5791);
#5791 = DEFINITIONAL_REPRESENTATION('',(#5792),#5796);
#5792 = LINE('',#5793,#5794);
#5793 = CARTESIAN_POINT('',(2.5,0.));
#5794 = VECTOR('',#5795,1.);
#5795 = DIRECTION('',(0.,1.));
#5796 = ( GEOMETRIC_REPRESENTATION_CONTEXT(2) 
PARAMETRIC_REPRESENTATION_CONTEXT() REPRESENTATION_CONTEXT('2D SPACE',''
  ) );
#5797 = ORIENTED_EDGE('',*,*,#4596,.F.);
#5798 = ORIENTED_EDGE('',*,*,#5564,.T.);
#5799 = ORIENTED_EDGE('',*,*,#3912,.T.);
#5800 = ORIENTED_EDGE('',*,*,#5801,.F.);
#5801 = EDGE_CURVE('',#5802,#3913,#5804,.T.);
#5802 = VERTEX_POINT('',#5803);
#5803 = CARTESIAN_POINT('',(165.,25.25,34.5));
#5804 = SURFACE_CURVE('',#5805,(#5809,#5816),.PCURVE_S1.);
#5805 = LINE('',#5806,#5807);
#5806 = CARTESIAN_POINT('',(165.,5.,34.5));
#5807 = VECTOR('',#5808,1.);
#5808 = DIRECTION('',(0.,1.,0.));
#5809 = PCURVE('',#3928,#5810);
#5810 = DEFINITIONAL_REPRESENTATION('',(#5811),#5815);
#5811 = LINE('',#5812,#5813);
#5812 = CARTESIAN_POINT('',(28.,0.));
#5813 = VECTOR('',#5814,1.);
#5814 = DIRECTION('',(0.,-1.));
#5815 = ( GEOMETRIC_REPRESENTATION_CONTEXT(2) 
PARAMETRIC_REPRESENTATION_CONTEXT() REPRESENTATION_CONTEXT('2D SPACE',''
  ) );
#5816 = PCURVE('',#3956,#5817);
#5817 = DEFINITIONAL_REPRESENTATION('',(#5818),#5822);
#5818 = LINE('',#5819,#5820);
#5819 = CARTESIAN_POINT('',(2.5,0.));
#5820 = VECTOR('',#5821,1.);
#5821 = DIRECTION('',(0.,1.));
#5822 = ( GEOMETRIC_REPRESENTATION_CONTEXT(2) 
PARAMETRIC_REPRESENTATION_CONTEXT() REPRESENTATION_CONTEXT('2D SPACE',''
  ) );
#5823 = ORIENTED_EDGE('',*,*,#5824,.F.);
#5824 = EDGE_CURVE('',#5825,#5802,#5827,.T.);
#5825 = VERTEX_POINT('',#5826);
#5826 = CARTESIAN_POINT('',(165.,25.25,30.5));
#5827 = SURFACE_CURVE('',#5828,(#5832,#5838),.PCURVE_S1.);
#5828 = LINE('',#5829,#5830);
#5829 = CARTESIAN_POINT('',(165.,25.25,18.5));
#5830 = VECTOR('',#5831,1.);
#5831 = DIRECTION('',(0.,0.,1.));
#5832 = PCURVE('',#3928,#5833);
#5833 = DEFINITIONAL_REPRESENTATION('',(#5834),#5837);
#5834 = B_SPLINE_CURVE_WITH_KNOTS('',1,(#5835,#5836),.UNSPECIFIED.,.F.,
  .F.,(2,2),(12.,16.),.PIECEWISE_BEZIER_KNOTS.);
#5835 = CARTESIAN_POINT('',(24.,-20.25));
#5836 = CARTESIAN_POINT('',(28.,-20.25));
#5837 = ( GEOMETRIC_REPRESENTATION_CONTEXT(2) 
PARAMETRIC_REPRESENTATION_CONTEXT() REPRESENTATION_CONTEXT('2D SPACE',''
  ) );
#5838 = PCURVE('',#5839,#5844);
#5839 = PLANE('',#5840);
#5840 = AXIS2_PLACEMENT_3D('',#5841,#5842,#5843);
#5841 = CARTESIAN_POINT('',(162.4,25.25,30.5));
#5842 = DIRECTION('',(0.,1.,0.));
#5843 = DIRECTION('',(0.,0.,1.));
#5844 = DEFINITIONAL_REPRESENTATION('',(#5845),#5848);
#5845 = B_SPLINE_CURVE_WITH_KNOTS('',1,(#5846,#5847),.UNSPECIFIED.,.F.,
  .F.,(2,2),(12.,16.),.PIECEWISE_BEZIER_KNOTS.);
#5846 = CARTESIAN_POINT('',(0.,2.6));
#5847 = CARTESIAN_POINT('',(4.,2.6));
#5848 = ( GEOMETRIC_REPRESENTATION_CONTEXT(2) 
PARAMETRIC_REPRESENTATION_CONTEXT() REPRESENTATION_CONTEXT('2D SPACE',''
  ) );
#5849 = ORIENTED_EDGE('',*,*,#5850,.T.);
#5850 = EDGE_CURVE('',#5825,#5851,#5853,.T.);
#5851 = VERTEX_POINT('',#5852);
#5852 = CARTESIAN_POINT('',(165.,20.25,30.5));
#5853 = SURFACE_CURVE('',#5854,(#5858,#5864),.PCURVE_S1.);
#5854 = LINE('',#5855,#5856);
#5855 = CARTESIAN_POINT('',(165.,12.625,30.5));
#5856 = VECTOR('',#5857,1.);
#5857 = DIRECTION('',(0.,-1.,0.));
#5858 = PCURVE('',#3928,#5859);
#5859 = DEFINITIONAL_REPRESENTATION('',(#5860),#5863);
#5860 = B_SPLINE_CURVE_WITH_KNOTS('',1,(#5861,#5862),.UNSPECIFIED.,.F.,
  .F.,(2,2),(-12.625,-7.625),.PIECEWISE_BEZIER_KNOTS.);
#5861 = CARTESIAN_POINT('',(24.,-20.25));
#5862 = CARTESIAN_POINT('',(24.,-15.25));
#5863 = ( GEOMETRIC_REPRESENTATION_CONTEXT(2) 
PARAMETRIC_REPRESENTATION_CONTEXT() REPRESENTATION_CONTEXT('2D SPACE',''
  ) );
#5864 = PCURVE('',#5865,#5870);
#5865 = PLANE('',#5866);
#5866 = AXIS2_PLACEMENT_3D('',#5867,#5868,#5869);
#5867 = CARTESIAN_POINT('',(162.4,20.25,30.5));
#5868 = DIRECTION('',(0.,0.,1.));
#5869 = DIRECTION('',(1.,0.,0.));
#5870 = DEFINITIONAL_REPRESENTATION('',(#5871),#5874);
#5871 = B_SPLINE_CURVE_WITH_KNOTS('',1,(#5872,#5873),.UNSPECIFIED.,.F.,
  .F.,(2,2),(-12.625,-7.625),.PIECEWISE_BEZIER_KNOTS.);
#5872 = CARTESIAN_POINT('',(2.6,5.));
#5873 = CARTESIAN_POINT('',(2.6,0.));
#5874 = ( GEOMETRIC_REPRESENTATION_CONTEXT(2) 
PARAMETRIC_REPRESENTATION_CONTEXT() REPRESENTATION_CONTEXT('2D SPACE',''
  ) );
#5875 = ORIENTED_EDGE('',*,*,#5876,.T.);
#5876 = EDGE_CURVE('',#5851,#5776,#5877,.T.);
#5877 = SURFACE_CURVE('',#5878,(#5882,#5888),.PCURVE_S1.);
#5878 = LINE('',#5879,#5880);
#5879 = CARTESIAN_POINT('',(165.,20.25,18.5));
#5880 = VECTOR('',#5881,1.);
#5881 = DIRECTION('',(0.,0.,1.));
#5882 = PCURVE('',#3928,#5883);
#5883 = DEFINITIONAL_REPRESENTATION('',(#5884),#5887);
#5884 = B_SPLINE_CURVE_WITH_KNOTS('',1,(#5885,#5886),.UNSPECIFIED.,.F.,
  .F.,(2,2),(12.,16.),.PIECEWISE_BEZIER_KNOTS.);
#5885 = CARTESIAN_POINT('',(24.,-15.25));
#5886 = CARTESIAN_POINT('',(28.,-15.25));
#5887 = ( GEOMETRIC_REPRESENTATION_CONTEXT(2) 
PARAMETRIC_REPRESENTATION_CONTEXT() REPRESENTATION_CONTEXT('2D SPACE',''
  ) );
#5888 = PCURVE('',#5889,#5894);
#5889 = PLANE('',#5890);
#5890 = AXIS2_PLACEMENT_3D('',#5891,#5892,#5893);
#5891 = CARTESIAN_POINT('',(162.4,20.25,30.5));
#5892 = DIRECTION('',(0.,1.,0.));
#5893 = DIRECTION('',(0.,0.,1.));
#5894 = DEFINITIONAL_REPRESENTATION('',(#5895),#5898);
#5895 = B_SPLINE_CURVE_WITH_KNOTS('',1,(#5896,#5897),.UNSPECIFIED.,.F.,
  .F.,(2,2),(12.,16.),.PIECEWISE_BEZIER_KNOTS.);
#5896 = CARTESIAN_POINT('',(0.,2.6));
#5897 = CARTESIAN_POINT('',(4.,2.6));
#5898 = ( GEOMETRIC_REPRESENTATION_CONTEXT(2) 
PARAMETRIC_REPRESENTATION_CONTEXT() REPRESENTATION_CONTEXT('2D SPACE',''
  ) );
#5899 = ADVANCED_FACE('',(#5900),#5839,.F.);
#5900 = FACE_BOUND('',#5901,.F.);
#5901 = EDGE_LOOP('',(#5902,#5925,#5946,#5967));
#5902 = ORIENTED_EDGE('',*,*,#5903,.F.);
#5903 = EDGE_CURVE('',#5904,#5825,#5906,.T.);
#5904 = VERTEX_POINT('',#5905);
#5905 = CARTESIAN_POINT('',(162.5,25.25,30.5));
#5906 = SURFACE_CURVE('',#5907,(#5911,#5918),.PCURVE_S1.);
#5907 = LINE('',#5908,#5909);
#5908 = CARTESIAN_POINT('',(162.4,25.25,30.5));
#5909 = VECTOR('',#5910,1.);
#5910 = DIRECTION('',(1.,0.,0.));
#5911 = PCURVE('',#5839,#5912);
#5912 = DEFINITIONAL_REPRESENTATION('',(#5913),#5917);
#5913 = LINE('',#5914,#5915);
#5914 = CARTESIAN_POINT('',(0.,0.));
#5915 = VECTOR('',#5916,1.);
#5916 = DIRECTION('',(0.,1.));
#5917 = ( GEOMETRIC_REPRESENTATION_CONTEXT(2) 
PARAMETRIC_REPRESENTATION_CONTEXT() REPRESENTATION_CONTEXT('2D SPACE',''
  ) );
#5918 = PCURVE('',#5865,#5919);
#5919 = DEFINITIONAL_REPRESENTATION('',(#5920),#5924);
#5920 = LINE('',#5921,#5922);
#5921 = CARTESIAN_POINT('',(0.,5.));
#5922 = VECTOR('',#5923,1.);
#5923 = DIRECTION('',(1.,0.));
#5924 = ( GEOMETRIC_REPRESENTATION_CONTEXT(2) 
PARAMETRIC_REPRESENTATION_CONTEXT() REPRESENTATION_CONTEXT('2D SPACE',''
  ) );
#5925 = ORIENTED_EDGE('',*,*,#5926,.T.);
#5926 = EDGE_CURVE('',#5904,#5927,#5929,.T.);
#5927 = VERTEX_POINT('',#5928);
#5928 = CARTESIAN_POINT('',(162.5,25.25,34.5));
#5929 = SURFACE_CURVE('',#5930,(#5934,#5940),.PCURVE_S1.);
#5930 = LINE('',#5931,#5932);
#5931 = CARTESIAN_POINT('',(162.5,25.25,18.5));
#5932 = VECTOR('',#5933,1.);
#5933 = DIRECTION('',(0.,0.,1.));
#5934 = PCURVE('',#5839,#5935);
#5935 = DEFINITIONAL_REPRESENTATION('',(#5936),#5939);
#5936 = B_SPLINE_CURVE_WITH_KNOTS('',1,(#5937,#5938),.UNSPECIFIED.,.F.,
  .F.,(2,2),(12.,16.),.PIECEWISE_BEZIER_KNOTS.);
#5937 = CARTESIAN_POINT('',(0.,9.999999999999E-02));
#5938 = CARTESIAN_POINT('',(4.,9.999999999999E-02));
#5939 = ( GEOMETRIC_REPRESENTATION_CONTEXT(2) 
PARAMETRIC_REPRESENTATION_CONTEXT() REPRESENTATION_CONTEXT('2D SPACE',''
  ) );
#5940 = PCURVE('',#3132,#5941);
#5941 = DEFINITIONAL_REPRESENTATION('',(#5942),#5945);
#5942 = B_SPLINE_CURVE_WITH_KNOTS('',1,(#5943,#5944),.UNSPECIFIED.,.F.,
  .F.,(2,2),(12.,16.),.PIECEWISE_BEZIER_KNOTS.);
#5943 = CARTESIAN_POINT('',(24.,-20.25));
#5944 = CARTESIAN_POINT('',(28.,-20.25));
#5945 = ( GEOMETRIC_REPRESENTATION_CONTEXT(2) 
PARAMETRIC_REPRESENTATION_CONTEXT() REPRESENTATION_CONTEXT('2D SPACE',''
  ) );
#5946 = ORIENTED_EDGE('',*,*,#5947,.T.);
#5947 = EDGE_CURVE('',#5927,#5802,#5948,.T.);
#5948 = SURFACE_CURVE('',#5949,(#5953,#5960),.PCURVE_S1.);
#5949 = LINE('',#5950,#5951);
#5950 = CARTESIAN_POINT('',(162.4,25.25,34.5));
#5951 = VECTOR('',#5952,1.);
#5952 = DIRECTION('',(1.,0.,0.));
#5953 = PCURVE('',#5839,#5954);
#5954 = DEFINITIONAL_REPRESENTATION('',(#5955),#5959);
#5955 = LINE('',#5956,#5957);
#5956 = CARTESIAN_POINT('',(4.,0.));
#5957 = VECTOR('',#5958,1.);
#5958 = DIRECTION('',(0.,1.));
#5959 = ( GEOMETRIC_REPRESENTATION_CONTEXT(2) 
PARAMETRIC_REPRESENTATION_CONTEXT() REPRESENTATION_CONTEXT('2D SPACE',''
  ) );
#5960 = PCURVE('',#3956,#5961);
#5961 = DEFINITIONAL_REPRESENTATION('',(#5962),#5966);
#5962 = LINE('',#5963,#5964);
#5963 = CARTESIAN_POINT('',(-9.999999999999E-02,20.25));
#5964 = VECTOR('',#5965,1.);
#5965 = DIRECTION('',(1.,0.));
#5966 = ( GEOMETRIC_REPRESENTATION_CONTEXT(2) 
PARAMETRIC_REPRESENTATION_CONTEXT() REPRESENTATION_CONTEXT('2D SPACE',''
  ) );
#5967 = ORIENTED_EDGE('',*,*,#5824,.F.);
#5968 = ADVANCED_FACE('',(#5969),#5865,.T.);
#5969 = FACE_BOUND('',#5970,.T.);
#5970 = EDGE_LOOP('',(#5971,#5972,#5993,#6014));
#5971 = ORIENTED_EDGE('',*,*,#5903,.F.);
#5972 = ORIENTED_EDGE('',*,*,#5973,.T.);
#5973 = EDGE_CURVE('',#5904,#5974,#5976,.T.);
#5974 = VERTEX_POINT('',#5975);
#5975 = CARTESIAN_POINT('',(162.5,20.25,30.5));
#5976 = SURFACE_CURVE('',#5977,(#5981,#5987),.PCURVE_S1.);
#5977 = LINE('',#5978,#5979);
#5978 = CARTESIAN_POINT('',(162.5,12.625,30.5));
#5979 = VECTOR('',#5980,1.);
#5980 = DIRECTION('',(0.,-1.,0.));
#5981 = PCURVE('',#5865,#5982);
#5982 = DEFINITIONAL_REPRESENTATION('',(#5983),#5986);
#5983 = B_SPLINE_CURVE_WITH_KNOTS('',1,(#5984,#5985),.UNSPECIFIED.,.F.,
  .F.,(2,2),(-12.625,-7.625),.PIECEWISE_BEZIER_KNOTS.);
#5984 = CARTESIAN_POINT('',(9.999999999999E-02,5.));
#5985 = CARTESIAN_POINT('',(9.999999999999E-02,0.));
#5986 = ( GEOMETRIC_REPRESENTATION_CONTEXT(2) 
PARAMETRIC_REPRESENTATION_CONTEXT() REPRESENTATION_CONTEXT('2D SPACE',''
  ) );
#5987 = PCURVE('',#3132,#5988);
#5988 = DEFINITIONAL_REPRESENTATION('',(#5989),#5992);
#5989 = B_SPLINE_CURVE_WITH_KNOTS('',1,(#5990,#5991),.UNSPECIFIED.,.F.,
  .F.,(2,2),(-12.625,-7.625),.PIECEWISE_BEZIER_KNOTS.);
#5990 = CARTESIAN_POINT('',(24.,-20.25));
#5991 = CARTESIAN_POINT('',(24.,-15.25));
#5992 = ( GEOMETRIC_REPRESENTATION_CONTEXT(2) 
PARAMETRIC_REPRESENTATION_CONTEXT() REPRESENTATION_CONTEXT('2D SPACE',''
  ) );
#5993 = ORIENTED_EDGE('',*,*,#5994,.T.);
#5994 = EDGE_CURVE('',#5974,#5851,#5995,.T.);
#5995 = SURFACE_CURVE('',#5996,(#6000,#6007),.PCURVE_S1.);
#5996 = LINE('',#5997,#5998);
#5997 = CARTESIAN_POINT('',(162.4,20.25,30.5));
#5998 = VECTOR('',#5999,1.);
#5999 = DIRECTION('',(1.,0.,0.));
#6000 = PCURVE('',#5865,#6001);
#6001 = DEFINITIONAL_REPRESENTATION('',(#6002),#6006);
#6002 = LINE('',#6003,#6004);
#6003 = CARTESIAN_POINT('',(0.,0.));
#6004 = VECTOR('',#6005,1.);
#6005 = DIRECTION('',(1.,0.));
#6006 = ( GEOMETRIC_REPRESENTATION_CONTEXT(2) 
PARAMETRIC_REPRESENTATION_CONTEXT() REPRESENTATION_CONTEXT('2D SPACE',''
  ) );
#6007 = PCURVE('',#5889,#6008);
#6008 = DEFINITIONAL_REPRESENTATION('',(#6009),#6013);
#6009 = LINE('',#6010,#6011);
#6010 = CARTESIAN_POINT('',(0.,0.));
#6011 = VECTOR('',#6012,1.);
#6012 = DIRECTION('',(0.,1.));
#6013 = ( GEOMETRIC_REPRESENTATION_CONTEXT(2) 
PARAMETRIC_REPRESENTATION_CONTEXT() REPRESENTATION_CONTEXT('2D SPACE',''
  ) );
#6014 = ORIENTED_EDGE('',*,*,#5850,.F.);
#6015 = ADVANCED_FACE('',(#6016),#5889,.T.);
#6016 = FACE_BOUND('',#6017,.T.);
#6017 = EDGE_LOOP('',(#6018,#6019,#6040,#6061));
#6018 = ORIENTED_EDGE('',*,*,#5994,.F.);
#6019 = ORIENTED_EDGE('',*,*,#6020,.T.);
#6020 = EDGE_CURVE('',#5974,#6021,#6023,.T.);
#6021 = VERTEX_POINT('',#6022);
#6022 = CARTESIAN_POINT('',(162.5,20.25,34.5));
#6023 = SURFACE_CURVE('',#6024,(#6028,#6034),.PCURVE_S1.);
#6024 = LINE('',#6025,#6026);
#6025 = CARTESIAN_POINT('',(162.5,20.25,18.5));
#6026 = VECTOR('',#6027,1.);
#6027 = DIRECTION('',(0.,0.,1.));
#6028 = PCURVE('',#5889,#6029);
#6029 = DEFINITIONAL_REPRESENTATION('',(#6030),#6033);
#6030 = B_SPLINE_CURVE_WITH_KNOTS('',1,(#6031,#6032),.UNSPECIFIED.,.F.,
  .F.,(2,2),(12.,16.),.PIECEWISE_BEZIER_KNOTS.);
#6031 = CARTESIAN_POINT('',(0.,9.999999999999E-02));
#6032 = CARTESIAN_POINT('',(4.,9.999999999999E-02));
#6033 = ( GEOMETRIC_REPRESENTATION_CONTEXT(2) 
PARAMETRIC_REPRESENTATION_CONTEXT() REPRESENTATION_CONTEXT('2D SPACE',''
  ) );
#6034 = PCURVE('',#3132,#6035);
#6035 = DEFINITIONAL_REPRESENTATION('',(#6036),#6039);
#6036 = B_SPLINE_CURVE_WITH_KNOTS('',1,(#6037,#6038),.UNSPECIFIED.,.F.,
  .F.,(2,2),(12.,16.),.PIECEWISE_BEZIER_KNOTS.);
#6037 = CARTESIAN_POINT('',(24.,-15.25));
#6038 = CARTESIAN_POINT('',(28.,-15.25));
#6039 = ( GEOMETRIC_REPRESENTATION_CONTEXT(2) 
PARAMETRIC_REPRESENTATION_CONTEXT() REPRESENTATION_CONTEXT('2D SPACE',''
  ) );
#6040 = ORIENTED_EDGE('',*,*,#6041,.T.);
#6041 = EDGE_CURVE('',#6021,#5776,#6042,.T.);
#6042 = SURFACE_CURVE('',#6043,(#6047,#6054),.PCURVE_S1.);
#6043 = LINE('',#6044,#6045);
#6044 = CARTESIAN_POINT('',(162.4,20.25,34.5));
#6045 = VECTOR('',#6046,1.);
#6046 = DIRECTION('',(1.,0.,0.));
#6047 = PCURVE('',#5889,#6048);
#6048 = DEFINITIONAL_REPRESENTATION('',(#6049),#6053);
#6049 = LINE('',#6050,#6051);
#6050 = CARTESIAN_POINT('',(4.,0.));
#6051 = VECTOR('',#6052,1.);
#6052 = DIRECTION('',(0.,1.));
#6053 = ( GEOMETRIC_REPRESENTATION_CONTEXT(2) 
PARAMETRIC_REPRESENTATION_CONTEXT() REPRESENTATION_CONTEXT('2D SPACE',''
  ) );
#6054 = PCURVE('',#3160,#6055);
#6055 = DEFINITIONAL_REPRESENTATION('',(#6056),#6060);
#6056 = LINE('',#6057,#6058);
#6057 = CARTESIAN_POINT('',(-9.999999999999E-02,15.25));
#6058 = VECTOR('',#6059,1.);
#6059 = DIRECTION('',(1.,0.));
#6060 = ( GEOMETRIC_REPRESENTATION_CONTEXT(2) 
PARAMETRIC_REPRESENTATION_CONTEXT() REPRESENTATION_CONTEXT('2D SPACE',''
  ) );
#6061 = ORIENTED_EDGE('',*,*,#5876,.F.);
#6062 = ADVANCED_FACE('',(#6063),#3956,.T.);
#6063 = FACE_BOUND('',#6064,.T.);
#6064 = EDGE_LOOP('',(#6065,#6086,#6087,#6088));
#6065 = ORIENTED_EDGE('',*,*,#6066,.F.);
#6066 = EDGE_CURVE('',#5927,#3941,#6067,.T.);
#6067 = SURFACE_CURVE('',#6068,(#6072,#6079),.PCURVE_S1.);
#6068 = LINE('',#6069,#6070);
#6069 = CARTESIAN_POINT('',(162.5,5.,34.5));
#6070 = VECTOR('',#6071,1.);
#6071 = DIRECTION('',(0.,1.,0.));
#6072 = PCURVE('',#3956,#6073);
#6073 = DEFINITIONAL_REPRESENTATION('',(#6074),#6078);
#6074 = LINE('',#6075,#6076);
#6075 = CARTESIAN_POINT('',(0.,0.));
#6076 = VECTOR('',#6077,1.);
#6077 = DIRECTION('',(0.,1.));
#6078 = ( GEOMETRIC_REPRESENTATION_CONTEXT(2) 
PARAMETRIC_REPRESENTATION_CONTEXT() REPRESENTATION_CONTEXT('2D SPACE',''
  ) );
#6079 = PCURVE('',#3132,#6080);
#6080 = DEFINITIONAL_REPRESENTATION('',(#6081),#6085);
#6081 = LINE('',#6082,#6083);
#6082 = CARTESIAN_POINT('',(28.,0.));
#6083 = VECTOR('',#6084,1.);
#6084 = DIRECTION('',(0.,-1.));
#6085 = ( GEOMETRIC_REPRESENTATION_CONTEXT(2) 
PARAMETRIC_REPRESENTATION_CONTEXT() REPRESENTATION_CONTEXT('2D SPACE',''
  ) );
#6086 = ORIENTED_EDGE('',*,*,#5947,.T.);
#6087 = ORIENTED_EDGE('',*,*,#5801,.T.);
#6088 = ORIENTED_EDGE('',*,*,#3940,.F.);
#6089 = ADVANCED_FACE('',(#6090),#4055,.T.);
#6090 = FACE_BOUND('',#6091,.T.);
#6091 = EDGE_LOOP('',(#6092,#6093));
#6092 = ORIENTED_EDGE('',*,*,#4040,.F.);
#6093 = ORIENTED_EDGE('',*,*,#6094,.F.);
#6094 = EDGE_CURVE('',#4015,#4041,#6095,.T.);
#6095 = SURFACE_CURVE('',#6096,(#6101,#6112),.PCURVE_S1.);
#6096 = CIRCLE('',#6097,1.3);
#6097 = AXIS2_PLACEMENT_3D('',#6098,#6099,#6100);
#6098 = CARTESIAN_POINT('',(160.8,39.5,18.98));
#6099 = DIRECTION('',(0.,0.,-1.));
#6100 = DIRECTION('',(0.638971066378,0.769230769231,0.));
#6101 = PCURVE('',#4055,#6102);
#6102 = DEFINITIONAL_REPRESENTATION('',(#6103),#6111);
#6103 = ( BOUNDED_CURVE() B_SPLINE_CURVE(2,(#6104,#6105,#6106,#6107,
#6108,#6109,#6110),.UNSPECIFIED.,.T.,.F.) B_SPLINE_CURVE_WITH_KNOTS((1,2
    ,2,2,2,1),(-2.094395102393,0.,2.094395102393,4.188790204786,
6.28318530718,8.377580409573),.UNSPECIFIED.) CURVE() 
GEOMETRIC_REPRESENTATION_ITEM() RATIONAL_B_SPLINE_CURVE((1.,0.5,1.,0.5,
1.,0.5,1.)) REPRESENTATION_ITEM('') );
#6104 = CARTESIAN_POINT('',(0.830662386292,1.));
#6105 = CARTESIAN_POINT('',(2.562713193861,-0.438749456994));
#6106 = CARTESIAN_POINT('',(0.450694210639,-1.219374728497));
#6107 = CARTESIAN_POINT('',(-1.661324772584,-2.));
#6108 = CARTESIAN_POINT('',(-1.28135659693,0.219374728497));
#6109 = CARTESIAN_POINT('',(-0.901388421277,2.438749456994));
#6110 = CARTESIAN_POINT('',(0.830662386292,1.));
#6111 = ( GEOMETRIC_REPRESENTATION_CONTEXT(2) 
PARAMETRIC_REPRESENTATION_CONTEXT() REPRESENTATION_CONTEXT('2D SPACE',''
  ) );
#6112 = PCURVE('',#4029,#6113);
#6113 = DEFINITIONAL_REPRESENTATION('',(#6114),#6118);
#6114 = LINE('',#6115,#6116);
#6115 = CARTESIAN_POINT('',(-7.160821726398,-12.48));
#6116 = VECTOR('',#6117,1.);
#6117 = DIRECTION('',(1.,-0.));
#6118 = ( GEOMETRIC_REPRESENTATION_CONTEXT(2) 
PARAMETRIC_REPRESENTATION_CONTEXT() REPRESENTATION_CONTEXT('2D SPACE',''
  ) );
#6119 = ADVANCED_FACE('',(#6120),#4029,.T.);
#6120 = FACE_BOUND('',#6121,.F.);
#6121 = EDGE_LOOP('',(#6122,#6123,#6124,#6150));
#6122 = ORIENTED_EDGE('',*,*,#6094,.F.);
#6123 = ORIENTED_EDGE('',*,*,#4014,.T.);
#6124 = ORIENTED_EDGE('',*,*,#6125,.T.);
#6125 = EDGE_CURVE('',#3992,#4067,#6126,.T.);
#6126 = SURFACE_CURVE('',#6127,(#6132,#6139),.PCURVE_S1.);
#6127 = CIRCLE('',#6128,1.3);
#6128 = AXIS2_PLACEMENT_3D('',#6129,#6130,#6131);
#6129 = CARTESIAN_POINT('',(160.8,39.5,6.5));
#6130 = DIRECTION('',(0.,0.,-1.));
#6131 = DIRECTION('',(0.638971066378,0.769230769231,0.));
#6132 = PCURVE('',#4029,#6133);
#6133 = DEFINITIONAL_REPRESENTATION('',(#6134),#6138);
#6134 = LINE('',#6135,#6136);
#6135 = CARTESIAN_POINT('',(-7.160821726398,0.));
#6136 = VECTOR('',#6137,1.);
#6137 = DIRECTION('',(1.,-0.));
#6138 = ( GEOMETRIC_REPRESENTATION_CONTEXT(2) 
PARAMETRIC_REPRESENTATION_CONTEXT() REPRESENTATION_CONTEXT('2D SPACE',''
  ) );
#6139 = PCURVE('',#3002,#6140);
#6140 = DEFINITIONAL_REPRESENTATION('',(#6141),#6149);
#6141 = ( BOUNDED_CURVE() B_SPLINE_CURVE(2,(#6142,#6143,#6144,#6145,
#6146,#6147,#6148),.UNSPECIFIED.,.T.,.F.) B_SPLINE_CURVE_WITH_KNOTS((1,2
    ,2,2,2,1),(-2.094395102393,0.,2.094395102393,4.188790204786,
6.28318530718,8.377580409573),.UNSPECIFIED.) CURVE() 
GEOMETRIC_REPRESENTATION_ITEM() RATIONAL_B_SPLINE_CURVE((1.,0.5,1.,0.5,
1.,0.5,1.)) REPRESENTATION_ITEM('') );
#6142 = CARTESIAN_POINT('',(151.63066238629,35.5));
#6143 = CARTESIAN_POINT('',(153.36271319386,34.061250543006));
#6144 = CARTESIAN_POINT('',(151.25069421063,33.280625271503));
#6145 = CARTESIAN_POINT('',(149.13867522741,32.5));
#6146 = CARTESIAN_POINT('',(149.51864340307,34.719374728497));
#6147 = CARTESIAN_POINT('',(149.89861157872,36.938749456994));
#6148 = CARTESIAN_POINT('',(151.63066238629,35.5));
#6149 = ( GEOMETRIC_REPRESENTATION_CONTEXT(2) 
PARAMETRIC_REPRESENTATION_CONTEXT() REPRESENTATION_CONTEXT('2D SPACE',''
  ) );
#6150 = ORIENTED_EDGE('',*,*,#4066,.F.);
#6151 = ADVANCED_FACE('',(#6152),#4125,.T.);
#6152 = FACE_BOUND('',#6153,.F.);
#6153 = EDGE_LOOP('',(#6154,#6182,#6183,#6211));
#6154 = ORIENTED_EDGE('',*,*,#6155,.F.);
#6155 = EDGE_CURVE('',#4111,#6156,#6158,.T.);
#6156 = VERTEX_POINT('',#6157);
#6157 = CARTESIAN_POINT('',(141.75,38.43816197092,18.98));
#6158 = SURFACE_CURVE('',#6159,(#6164,#6171),.PCURVE_S1.);
#6159 = CIRCLE('',#6160,1.3);
#6160 = AXIS2_PLACEMENT_3D('',#6161,#6162,#6163);
#6161 = CARTESIAN_POINT('',(142.5,39.5,18.98));
#6162 = DIRECTION('',(0.,0.,-1.));
#6163 = DIRECTION('',(0.638971066378,0.769230769231,0.));
#6164 = PCURVE('',#4125,#6165);
#6165 = DEFINITIONAL_REPRESENTATION('',(#6166),#6170);
#6166 = LINE('',#6167,#6168);
#6167 = CARTESIAN_POINT('',(-7.160821726398,-12.48));
#6168 = VECTOR('',#6169,1.);
#6169 = DIRECTION('',(1.,-0.));
#6170 = ( GEOMETRIC_REPRESENTATION_CONTEXT(2) 
PARAMETRIC_REPRESENTATION_CONTEXT() REPRESENTATION_CONTEXT('2D SPACE',''
  ) );
#6171 = PCURVE('',#4152,#6172);
#6172 = DEFINITIONAL_REPRESENTATION('',(#6173),#6181);
#6173 = ( BOUNDED_CURVE() B_SPLINE_CURVE(2,(#6174,#6175,#6176,#6177,
#6178,#6179,#6180),.UNSPECIFIED.,.T.,.F.) B_SPLINE_CURVE_WITH_KNOTS((1,2
    ,2,2,2,1),(-2.094395102393,0.,2.094395102393,4.188790204786,
6.28318530718,8.377580409573),.UNSPECIFIED.) CURVE() 
GEOMETRIC_REPRESENTATION_ITEM() RATIONAL_B_SPLINE_CURVE((1.,0.5,1.,0.5,
1.,0.5,1.)) REPRESENTATION_ITEM('') );
#6174 = CARTESIAN_POINT('',(2.330662386292,1.));
#6175 = CARTESIAN_POINT('',(4.062713193861,-0.438749456994));
#6176 = CARTESIAN_POINT('',(1.950694210639,-1.219374728497));
#6177 = CARTESIAN_POINT('',(-0.161324772584,-2.));
#6178 = CARTESIAN_POINT('',(0.21864340307,0.219374728497));
#6179 = CARTESIAN_POINT('',(0.598611578723,2.438749456994));
#6180 = CARTESIAN_POINT('',(2.330662386292,1.));
#6181 = ( GEOMETRIC_REPRESENTATION_CONTEXT(2) 
PARAMETRIC_REPRESENTATION_CONTEXT() REPRESENTATION_CONTEXT('2D SPACE',''
  ) );
#6182 = ORIENTED_EDGE('',*,*,#4110,.T.);
#6183 = ORIENTED_EDGE('',*,*,#6184,.T.);
#6184 = EDGE_CURVE('',#4088,#6185,#6187,.T.);
#6185 = VERTEX_POINT('',#6186);
#6186 = CARTESIAN_POINT('',(141.75,38.43816197092,6.5));
#6187 = SURFACE_CURVE('',#6188,(#6193,#6200),.PCURVE_S1.);
#6188 = CIRCLE('',#6189,1.3);
#6189 = AXIS2_PLACEMENT_3D('',#6190,#6191,#6192);
#6190 = CARTESIAN_POINT('',(142.5,39.5,6.5));
#6191 = DIRECTION('',(0.,0.,-1.));
#6192 = DIRECTION('',(0.638971066378,0.769230769231,0.));
#6193 = PCURVE('',#4125,#6194);
#6194 = DEFINITIONAL_REPRESENTATION('',(#6195),#6199);
#6195 = LINE('',#6196,#6197);
#6196 = CARTESIAN_POINT('',(-7.160821726398,0.));
#6197 = VECTOR('',#6198,1.);
#6198 = DIRECTION('',(1.,-0.));
#6199 = ( GEOMETRIC_REPRESENTATION_CONTEXT(2) 
PARAMETRIC_REPRESENTATION_CONTEXT() REPRESENTATION_CONTEXT('2D SPACE',''
  ) );
#6200 = PCURVE('',#3002,#6201);
#6201 = DEFINITIONAL_REPRESENTATION('',(#6202),#6210);
#6202 = ( BOUNDED_CURVE() B_SPLINE_CURVE(2,(#6203,#6204,#6205,#6206,
#6207,#6208,#6209),.UNSPECIFIED.,.T.,.F.) B_SPLINE_CURVE_WITH_KNOTS((1,2
    ,2,2,2,1),(-2.094395102393,0.,2.094395102393,4.188790204786,
6.28318530718,8.377580409573),.UNSPECIFIED.) CURVE() 
GEOMETRIC_REPRESENTATION_ITEM() RATIONAL_B_SPLINE_CURVE((1.,0.5,1.,0.5,
1.,0.5,1.)) REPRESENTATION_ITEM('') );
#6203 = CARTESIAN_POINT('',(133.33066238629,35.5));
#6204 = CARTESIAN_POINT('',(135.06271319386,34.061250543006));
#6205 = CARTESIAN_POINT('',(132.95069421063,33.280625271503));
#6206 = CARTESIAN_POINT('',(130.83867522741,32.5));
#6207 = CARTESIAN_POINT('',(131.21864340307,34.719374728497));
#6208 = CARTESIAN_POINT('',(131.59861157872,36.938749456994));
#6209 = CARTESIAN_POINT('',(133.33066238629,35.5));
#6210 = ( GEOMETRIC_REPRESENTATION_CONTEXT(2) 
PARAMETRIC_REPRESENTATION_CONTEXT() REPRESENTATION_CONTEXT('2D SPACE',''
  ) );
#6211 = ORIENTED_EDGE('',*,*,#6212,.F.);
#6212 = EDGE_CURVE('',#6156,#6185,#6213,.T.);
#6213 = SURFACE_CURVE('',#6214,(#6218,#6224),.PCURVE_S1.);
#6214 = LINE('',#6215,#6216);
#6215 = CARTESIAN_POINT('',(141.75,38.43816197092,6.5));
#6216 = VECTOR('',#6217,1.);
#6217 = DIRECTION('',(-0.,-0.,-1.));
#6218 = PCURVE('',#4125,#6219);
#6219 = DEFINITIONAL_REPRESENTATION('',(#6220),#6223);
#6220 = B_SPLINE_CURVE_WITH_KNOTS('',1,(#6221,#6222),.UNSPECIFIED.,.F.,
  .F.,(2,2),(-12.4800006,5.999999999062E-07),.PIECEWISE_BEZIER_KNOTS.);
#6221 = CARTESIAN_POINT('',(-4.09743237653,-12.4800006));
#6222 = CARTESIAN_POINT('',(-4.09743237653,5.999999999062E-07));
#6223 = ( GEOMETRIC_REPRESENTATION_CONTEXT(2) 
PARAMETRIC_REPRESENTATION_CONTEXT() REPRESENTATION_CONTEXT('2D SPACE',''
  ) );
#6224 = PCURVE('',#4179,#6225);
#6225 = DEFINITIONAL_REPRESENTATION('',(#6226),#6229);
#6226 = B_SPLINE_CURVE_WITH_KNOTS('',1,(#6227,#6228),.UNSPECIFIED.,.F.,
  .F.,(2,2),(-12.4800006,5.999999999062E-07),.PIECEWISE_BEZIER_KNOTS.);
#6227 = CARTESIAN_POINT('',(-5.32734558424,-12.4800006));
#6228 = CARTESIAN_POINT('',(-5.32734558424,5.999999999062E-07));
#6229 = ( GEOMETRIC_REPRESENTATION_CONTEXT(2) 
PARAMETRIC_REPRESENTATION_CONTEXT() REPRESENTATION_CONTEXT('2D SPACE',''
  ) );
#6230 = ADVANCED_FACE('',(#6231),#4152,.T.);
#6231 = FACE_BOUND('',#6232,.T.);
#6232 = EDGE_LOOP('',(#6233,#6255,#6256));
#6233 = ORIENTED_EDGE('',*,*,#6234,.T.);
#6234 = EDGE_CURVE('',#4137,#6156,#6235,.T.);
#6235 = SURFACE_CURVE('',#6236,(#6241,#6248),.PCURVE_S1.);
#6236 = CIRCLE('',#6237,1.3);
#6237 = AXIS2_PLACEMENT_3D('',#6238,#6239,#6240);
#6238 = CARTESIAN_POINT('',(141.,39.5,18.98));
#6239 = DIRECTION('',(0.,0.,1.));
#6240 = DIRECTION('',(1.,0.,0.));
#6241 = PCURVE('',#4152,#6242);
#6242 = DEFINITIONAL_REPRESENTATION('',(#6243),#6247);
#6243 = CIRCLE('',#6244,1.3);
#6244 = AXIS2_PLACEMENT_2D('',#6245,#6246);
#6245 = CARTESIAN_POINT('',(-2.84217094304E-14,0.));
#6246 = DIRECTION('',(1.,0.));
#6247 = ( GEOMETRIC_REPRESENTATION_CONTEXT(2) 
PARAMETRIC_REPRESENTATION_CONTEXT() REPRESENTATION_CONTEXT('2D SPACE',''
  ) );
#6248 = PCURVE('',#4179,#6249);
#6249 = DEFINITIONAL_REPRESENTATION('',(#6250),#6254);
#6250 = LINE('',#6251,#6252);
#6251 = CARTESIAN_POINT('',(-0.,-12.48));
#6252 = VECTOR('',#6253,1.);
#6253 = DIRECTION('',(-1.,0.));
#6254 = ( GEOMETRIC_REPRESENTATION_CONTEXT(2) 
PARAMETRIC_REPRESENTATION_CONTEXT() REPRESENTATION_CONTEXT('2D SPACE',''
  ) );
#6255 = ORIENTED_EDGE('',*,*,#6155,.F.);
#6256 = ORIENTED_EDGE('',*,*,#4136,.F.);
#6257 = ADVANCED_FACE('',(#6258),#4179,.T.);
#6258 = FACE_BOUND('',#6259,.F.);
#6259 = EDGE_LOOP('',(#6260,#6284,#6285,#6286,#6287,#6311,#6337,#6370));
#6260 = ORIENTED_EDGE('',*,*,#6261,.F.);
#6261 = EDGE_CURVE('',#4165,#6262,#6264,.T.);
#6262 = VERTEX_POINT('',#6263);
#6263 = CARTESIAN_POINT('',(139.70194643878,39.428887749269,6.5));
#6264 = SURFACE_CURVE('',#6265,(#6270,#6277),.PCURVE_S1.);
#6265 = CIRCLE('',#6266,1.3);
#6266 = AXIS2_PLACEMENT_3D('',#6267,#6268,#6269);
#6267 = CARTESIAN_POINT('',(141.,39.5,6.5));
#6268 = DIRECTION('',(0.,0.,1.));
#6269 = DIRECTION('',(1.,0.,0.));
#6270 = PCURVE('',#4179,#6271);
#6271 = DEFINITIONAL_REPRESENTATION('',(#6272),#6276);
#6272 = LINE('',#6273,#6274);
#6273 = CARTESIAN_POINT('',(-0.,0.));
#6274 = VECTOR('',#6275,1.);
#6275 = DIRECTION('',(-1.,0.));
#6276 = ( GEOMETRIC_REPRESENTATION_CONTEXT(2) 
PARAMETRIC_REPRESENTATION_CONTEXT() REPRESENTATION_CONTEXT('2D SPACE',''
  ) );
#6277 = PCURVE('',#3002,#6278);
#6278 = DEFINITIONAL_REPRESENTATION('',(#6279),#6283);
#6279 = CIRCLE('',#6280,1.3);
#6280 = AXIS2_PLACEMENT_2D('',#6281,#6282);
#6281 = CARTESIAN_POINT('',(131.,34.5));
#6282 = DIRECTION('',(1.,0.));
#6283 = ( GEOMETRIC_REPRESENTATION_CONTEXT(2) 
PARAMETRIC_REPRESENTATION_CONTEXT() REPRESENTATION_CONTEXT('2D SPACE',''
  ) );
#6284 = ORIENTED_EDGE('',*,*,#4164,.F.);
#6285 = ORIENTED_EDGE('',*,*,#6234,.T.);
#6286 = ORIENTED_EDGE('',*,*,#6212,.T.);
#6287 = ORIENTED_EDGE('',*,*,#6288,.F.);
#6288 = EDGE_CURVE('',#6289,#6185,#6291,.T.);
#6289 = VERTEX_POINT('',#6290);
#6290 = CARTESIAN_POINT('',(141.59774586891,38.345573789193,6.5));
#6291 = SURFACE_CURVE('',#6292,(#6297,#6304),.PCURVE_S1.);
#6292 = CIRCLE('',#6293,1.3);
#6293 = AXIS2_PLACEMENT_3D('',#6294,#6295,#6296);
#6294 = CARTESIAN_POINT('',(141.,39.5,6.5));
#6295 = DIRECTION('',(0.,0.,1.));
#6296 = DIRECTION('',(1.,0.,0.));
#6297 = PCURVE('',#4179,#6298);
#6298 = DEFINITIONAL_REPRESENTATION('',(#6299),#6303);
#6299 = LINE('',#6300,#6301);
#6300 = CARTESIAN_POINT('',(-0.,0.));
#6301 = VECTOR('',#6302,1.);
#6302 = DIRECTION('',(-1.,0.));
#6303 = ( GEOMETRIC_REPRESENTATION_CONTEXT(2) 
PARAMETRIC_REPRESENTATION_CONTEXT() REPRESENTATION_CONTEXT('2D SPACE',''
  ) );
#6304 = PCURVE('',#3002,#6305);
#6305 = DEFINITIONAL_REPRESENTATION('',(#6306),#6310);
#6306 = CIRCLE('',#6307,1.3);
#6307 = AXIS2_PLACEMENT_2D('',#6308,#6309);
#6308 = CARTESIAN_POINT('',(131.,34.5));
#6309 = DIRECTION('',(1.,0.));
#6310 = ( GEOMETRIC_REPRESENTATION_CONTEXT(2) 
PARAMETRIC_REPRESENTATION_CONTEXT() REPRESENTATION_CONTEXT('2D SPACE',''
  ) );
#6311 = ORIENTED_EDGE('',*,*,#6312,.F.);
#6312 = EDGE_CURVE('',#6313,#6289,#6315,.T.);
#6313 = VERTEX_POINT('',#6314);
#6314 = CARTESIAN_POINT('',(141.59774586891,38.345573789192,16.98));
#6315 = SURFACE_CURVE('',#6316,(#6320,#6326),.PCURVE_S1.);
#6316 = LINE('',#6317,#6318);
#6317 = CARTESIAN_POINT('',(141.59774586891,38.345573789193,6.5));
#6318 = VECTOR('',#6319,1.);
#6319 = DIRECTION('',(-0.,-0.,-1.));
#6320 = PCURVE('',#4179,#6321);
#6321 = DEFINITIONAL_REPRESENTATION('',(#6322),#6325);
#6322 = B_SPLINE_CURVE_WITH_KNOTS('',1,(#6323,#6324),.UNSPECIFIED.,.F.,
  .F.,(2,2),(-10.4800006,5.999999999062E-07),.PIECEWISE_BEZIER_KNOTS.);
#6323 = CARTESIAN_POINT('',(-5.190164030078,-10.4800006));
#6324 = CARTESIAN_POINT('',(-5.190164030078,5.999999999062E-07));
#6325 = ( GEOMETRIC_REPRESENTATION_CONTEXT(2) 
PARAMETRIC_REPRESENTATION_CONTEXT() REPRESENTATION_CONTEXT('2D SPACE',''
  ) );
#6326 = PCURVE('',#6327,#6332);
#6327 = CYLINDRICAL_SURFACE('',#6328,3.5);
#6328 = AXIS2_PLACEMENT_3D('',#6329,#6330,#6331);
#6329 = CARTESIAN_POINT('',(139.,36.,6.5));
#6330 = DIRECTION('',(-0.,-0.,-1.));
#6331 = DIRECTION('',(1.,0.,0.));
#6332 = DEFINITIONAL_REPRESENTATION('',(#6333),#6336);
#6333 = B_SPLINE_CURVE_WITH_KNOTS('',1,(#6334,#6335),.UNSPECIFIED.,.F.,
  .F.,(2,2),(-10.48,0.),.PIECEWISE_BEZIER_KNOTS.);
#6334 = CARTESIAN_POINT('',(-7.017614952261,-10.48));
#6335 = CARTESIAN_POINT('',(-7.017614952261,0.));
#6336 = ( GEOMETRIC_REPRESENTATION_CONTEXT(2) 
PARAMETRIC_REPRESENTATION_CONTEXT() REPRESENTATION_CONTEXT('2D SPACE',''
  ) );
#6337 = ORIENTED_EDGE('',*,*,#6338,.T.);
#6338 = EDGE_CURVE('',#6313,#6339,#6341,.T.);
#6339 = VERTEX_POINT('',#6340);
#6340 = CARTESIAN_POINT('',(139.70194643877,39.428887749269,16.98));
#6341 = SURFACE_CURVE('',#6342,(#6347,#6354),.PCURVE_S1.);
#6342 = CIRCLE('',#6343,1.3);
#6343 = AXIS2_PLACEMENT_3D('',#6344,#6345,#6346);
#6344 = CARTESIAN_POINT('',(141.,39.5,16.98));
#6345 = DIRECTION('',(0.,0.,-1.));
#6346 = DIRECTION('',(1.,0.,0.));
#6347 = PCURVE('',#4179,#6348);
#6348 = DEFINITIONAL_REPRESENTATION('',(#6349),#6353);
#6349 = LINE('',#6350,#6351);
#6350 = CARTESIAN_POINT('',(-6.28318530718,-10.48));
#6351 = VECTOR('',#6352,1.);
#6352 = DIRECTION('',(1.,-0.));
#6353 = ( GEOMETRIC_REPRESENTATION_CONTEXT(2) 
PARAMETRIC_REPRESENTATION_CONTEXT() REPRESENTATION_CONTEXT('2D SPACE',''
  ) );
#6354 = PCURVE('',#6355,#6360);
#6355 = PLANE('',#6356);
#6356 = AXIS2_PLACEMENT_3D('',#6357,#6358,#6359);
#6357 = CARTESIAN_POINT('',(139.,36.,16.98));
#6358 = DIRECTION('',(0.,0.,1.));
#6359 = DIRECTION('',(1.,0.,-0.));
#6360 = DEFINITIONAL_REPRESENTATION('',(#6361),#6369);
#6361 = ( BOUNDED_CURVE() B_SPLINE_CURVE(2,(#6362,#6363,#6364,#6365,
#6366,#6367,#6368),.UNSPECIFIED.,.T.,.F.) B_SPLINE_CURVE_WITH_KNOTS((1,2
    ,2,2,2,1),(-2.094395102393,0.,2.094395102393,4.188790204786,
6.28318530718,8.377580409573),.UNSPECIFIED.) CURVE() 
GEOMETRIC_REPRESENTATION_ITEM() RATIONAL_B_SPLINE_CURVE((1.,0.5,1.,0.5,
1.,0.5,1.)) REPRESENTATION_ITEM('') );
#6362 = CARTESIAN_POINT('',(3.3,3.5));
#6363 = CARTESIAN_POINT('',(3.3,1.24833395016));
#6364 = CARTESIAN_POINT('',(1.35,2.37416697508));
#6365 = CARTESIAN_POINT('',(-0.6,3.5));
#6366 = CARTESIAN_POINT('',(1.35,4.62583302492));
#6367 = CARTESIAN_POINT('',(3.3,5.75166604984));
#6368 = CARTESIAN_POINT('',(3.3,3.5));
#6369 = ( GEOMETRIC_REPRESENTATION_CONTEXT(2) 
PARAMETRIC_REPRESENTATION_CONTEXT() REPRESENTATION_CONTEXT('2D SPACE',''
  ) );
#6370 = ORIENTED_EDGE('',*,*,#6371,.T.);
#6371 = EDGE_CURVE('',#6339,#6262,#6372,.T.);
#6372 = SURFACE_CURVE('',#6373,(#6377,#6383),.PCURVE_S1.);
#6373 = LINE('',#6374,#6375);
#6374 = CARTESIAN_POINT('',(139.70194643878,39.428887749269,6.5));
#6375 = VECTOR('',#6376,1.);
#6376 = DIRECTION('',(-0.,-0.,-1.));
#6377 = PCURVE('',#4179,#6378);
#6378 = DEFINITIONAL_REPRESENTATION('',(#6379),#6382);
#6379 = B_SPLINE_CURVE_WITH_KNOTS('',1,(#6380,#6381),.UNSPECIFIED.,.F.,
  .F.,(2,2),(-10.4800006,5.999999999062E-07),.PIECEWISE_BEZIER_KNOTS.);
#6380 = CARTESIAN_POINT('',(-3.196321702198,-10.4800006));
#6381 = CARTESIAN_POINT('',(-3.196321702198,5.999999999062E-07));
#6382 = ( GEOMETRIC_REPRESENTATION_CONTEXT(2) 
PARAMETRIC_REPRESENTATION_CONTEXT() REPRESENTATION_CONTEXT('2D SPACE',''
  ) );
#6383 = PCURVE('',#6327,#6384);
#6384 = DEFINITIONAL_REPRESENTATION('',(#6385),#6388);
#6385 = B_SPLINE_CURVE_WITH_KNOTS('',1,(#6386,#6387),.UNSPECIFIED.,.F.,
  .F.,(2,2),(-10.48,0.),.PIECEWISE_BEZIER_KNOTS.);
#6386 = CARTESIAN_POINT('',(-1.368870780015,-10.48));
#6387 = CARTESIAN_POINT('',(-1.368870780015,0.));
#6388 = ( GEOMETRIC_REPRESENTATION_CONTEXT(2) 
PARAMETRIC_REPRESENTATION_CONTEXT() REPRESENTATION_CONTEXT('2D SPACE',''
  ) );
#6389 = ADVANCED_FACE('',(#6390,#6419),#6355,.T.);
#6390 = FACE_BOUND('',#6391,.T.);
#6391 = EDGE_LOOP('',(#6392,#6393));
#6392 = ORIENTED_EDGE('',*,*,#6338,.T.);
#6393 = ORIENTED_EDGE('',*,*,#6394,.F.);
#6394 = EDGE_CURVE('',#6313,#6339,#6395,.T.);
#6395 = SURFACE_CURVE('',#6396,(#6401,#6412),.PCURVE_S1.);
#6396 = CIRCLE('',#6397,3.5);
#6397 = AXIS2_PLACEMENT_3D('',#6398,#6399,#6400);
#6398 = CARTESIAN_POINT('',(139.,36.,16.98));
#6399 = DIRECTION('',(0.,0.,-1.));
#6400 = DIRECTION('',(0.742213105404,0.670163939769,0.));
#6401 = PCURVE('',#6355,#6402);
#6402 = DEFINITIONAL_REPRESENTATION('',(#6403),#6411);
#6403 = ( BOUNDED_CURVE() B_SPLINE_CURVE(2,(#6404,#6405,#6406,#6407,
#6408,#6409,#6410),.UNSPECIFIED.,.T.,.F.) B_SPLINE_CURVE_WITH_KNOTS((1,2
    ,2,2,2,1),(-2.094395102393,0.,2.094395102393,4.188790204786,
6.28318530718,8.377580409573),.UNSPECIFIED.) CURVE() 
GEOMETRIC_REPRESENTATION_ITEM() RATIONAL_B_SPLINE_CURVE((1.,0.5,1.,0.5,
1.,0.5,1.)) REPRESENTATION_ITEM('') );
#6404 = CARTESIAN_POINT('',(2.597745868913,2.345573789192));
#6405 = CARTESIAN_POINT('',(6.660398844696,-2.153854040917));
#6406 = CARTESIAN_POINT('',(0.732453553435,-3.422500809651));
#6407 = CARTESIAN_POINT('',(-5.195491737826,-4.691147578385));
#6408 = CARTESIAN_POINT('',(-3.330199422348,1.076927020459));
#6409 = CARTESIAN_POINT('',(-1.46490710687,6.845001619302));
#6410 = CARTESIAN_POINT('',(2.597745868913,2.345573789192));
#6411 = ( GEOMETRIC_REPRESENTATION_CONTEXT(2) 
PARAMETRIC_REPRESENTATION_CONTEXT() REPRESENTATION_CONTEXT('2D SPACE',''
  ) );
#6412 = PCURVE('',#6327,#6413);
#6413 = DEFINITIONAL_REPRESENTATION('',(#6414),#6418);
#6414 = LINE('',#6415,#6416);
#6415 = CARTESIAN_POINT('',(-7.017614952261,-10.48));
#6416 = VECTOR('',#6417,1.);
#6417 = DIRECTION('',(1.,-0.));
#6418 = ( GEOMETRIC_REPRESENTATION_CONTEXT(2) 
PARAMETRIC_REPRESENTATION_CONTEXT() REPRESENTATION_CONTEXT('2D SPACE',''
  ) );
#6419 = FACE_BOUND('',#6420,.T.);
#6420 = EDGE_LOOP('',(#6421));
#6421 = ORIENTED_EDGE('',*,*,#6422,.T.);
#6422 = EDGE_CURVE('',#6423,#6423,#6425,.T.);
#6423 = VERTEX_POINT('',#6424);
#6424 = CARTESIAN_POINT('',(137.415,36.,16.98));
#6425 = SURFACE_CURVE('',#6426,(#6431,#6442),.PCURVE_S1.);
#6426 = CIRCLE('',#6427,1.585);
#6427 = AXIS2_PLACEMENT_3D('',#6428,#6429,#6430);
#6428 = CARTESIAN_POINT('',(139.,36.,16.98));
#6429 = DIRECTION('',(0.,0.,-1.));
#6430 = DIRECTION('',(-1.,0.,0.));
#6431 = PCURVE('',#6355,#6432);
#6432 = DEFINITIONAL_REPRESENTATION('',(#6433),#6441);
#6433 = ( BOUNDED_CURVE() B_SPLINE_CURVE(2,(#6434,#6435,#6436,#6437,
#6438,#6439,#6440),.UNSPECIFIED.,.T.,.F.) B_SPLINE_CURVE_WITH_KNOTS((1,2
    ,2,2,2,1),(-2.094395102393,0.,2.094395102393,4.188790204786,
6.28318530718,8.377580409573),.UNSPECIFIED.) CURVE() 
GEOMETRIC_REPRESENTATION_ITEM() RATIONAL_B_SPLINE_CURVE((1.,0.5,1.,0.5,
1.,0.5,1.)) REPRESENTATION_ITEM('') );
#6434 = CARTESIAN_POINT('',(-1.585,0.));
#6435 = CARTESIAN_POINT('',(-1.585,2.745300529997));
#6436 = CARTESIAN_POINT('',(0.7925,1.372650264998));
#6437 = CARTESIAN_POINT('',(3.17,3.882130353297E-16));
#6438 = CARTESIAN_POINT('',(0.7925,-1.372650264998));
#6439 = CARTESIAN_POINT('',(-1.585,-2.745300529997));
#6440 = CARTESIAN_POINT('',(-1.585,0.));
#6441 = ( GEOMETRIC_REPRESENTATION_CONTEXT(2) 
PARAMETRIC_REPRESENTATION_CONTEXT() REPRESENTATION_CONTEXT('2D SPACE',''
  ) );
#6442 = PCURVE('',#6443,#6448);
#6443 = CYLINDRICAL_SURFACE('',#6444,1.585);
#6444 = AXIS2_PLACEMENT_3D('',#6445,#6446,#6447);
#6445 = CARTESIAN_POINT('',(139.,36.,16.98));
#6446 = DIRECTION('',(0.,0.,-1.));
#6447 = DIRECTION('',(-1.,0.,0.));
#6448 = DEFINITIONAL_REPRESENTATION('',(#6449),#6453);
#6449 = LINE('',#6450,#6451);
#6450 = CARTESIAN_POINT('',(0.,0.));
#6451 = VECTOR('',#6452,1.);
#6452 = DIRECTION('',(1.,0.));
#6453 = ( GEOMETRIC_REPRESENTATION_CONTEXT(2) 
PARAMETRIC_REPRESENTATION_CONTEXT() REPRESENTATION_CONTEXT('2D SPACE',''
  ) );
#6454 = ADVANCED_FACE('',(#6455),#6443,.F.);
#6455 = FACE_BOUND('',#6456,.F.);
#6456 = EDGE_LOOP('',(#6457,#6486,#6507,#6508));
#6457 = ORIENTED_EDGE('',*,*,#6458,.F.);
#6458 = EDGE_CURVE('',#6459,#6459,#6461,.T.);
#6459 = VERTEX_POINT('',#6460);
#6460 = CARTESIAN_POINT('',(137.415,36.,12.5));
#6461 = SURFACE_CURVE('',#6462,(#6467,#6474),.PCURVE_S1.);
#6462 = CIRCLE('',#6463,1.585);
#6463 = AXIS2_PLACEMENT_3D('',#6464,#6465,#6466);
#6464 = CARTESIAN_POINT('',(139.,36.,12.5));
#6465 = DIRECTION('',(0.,0.,-1.));
#6466 = DIRECTION('',(-1.,0.,0.));
#6467 = PCURVE('',#6443,#6468);
#6468 = DEFINITIONAL_REPRESENTATION('',(#6469),#6473);
#6469 = LINE('',#6470,#6471);
#6470 = CARTESIAN_POINT('',(0.,4.48));
#6471 = VECTOR('',#6472,1.);
#6472 = DIRECTION('',(1.,0.));
#6473 = ( GEOMETRIC_REPRESENTATION_CONTEXT(2) 
PARAMETRIC_REPRESENTATION_CONTEXT() REPRESENTATION_CONTEXT('2D SPACE',''
  ) );
#6474 = PCURVE('',#6475,#6480);
#6475 = PLANE('',#6476);
#6476 = AXIS2_PLACEMENT_3D('',#6477,#6478,#6479);
#6477 = CARTESIAN_POINT('',(139.,36.,12.5));
#6478 = DIRECTION('',(0.,0.,-1.));
#6479 = DIRECTION('',(-1.,0.,0.));
#6480 = DEFINITIONAL_REPRESENTATION('',(#6481),#6485);
#6481 = CIRCLE('',#6482,1.585);
#6482 = AXIS2_PLACEMENT_2D('',#6483,#6484);
#6483 = CARTESIAN_POINT('',(0.,0.));
#6484 = DIRECTION('',(1.,0.));
#6485 = ( GEOMETRIC_REPRESENTATION_CONTEXT(2) 
PARAMETRIC_REPRESENTATION_CONTEXT() REPRESENTATION_CONTEXT('2D SPACE',''
  ) );
#6486 = ORIENTED_EDGE('',*,*,#6487,.F.);
#6487 = EDGE_CURVE('',#6423,#6459,#6488,.T.);
#6488 = SEAM_CURVE('',#6489,(#6493,#6500),.PCURVE_S1.);
#6489 = LINE('',#6490,#6491);
#6490 = CARTESIAN_POINT('',(137.415,36.,16.98));
#6491 = VECTOR('',#6492,1.);
#6492 = DIRECTION('',(0.,0.,-1.));
#6493 = PCURVE('',#6443,#6494);
#6494 = DEFINITIONAL_REPRESENTATION('',(#6495),#6499);
#6495 = LINE('',#6496,#6497);
#6496 = CARTESIAN_POINT('',(6.28318530718,-0.));
#6497 = VECTOR('',#6498,1.);
#6498 = DIRECTION('',(0.,1.));
#6499 = ( GEOMETRIC_REPRESENTATION_CONTEXT(2) 
PARAMETRIC_REPRESENTATION_CONTEXT() REPRESENTATION_CONTEXT('2D SPACE',''
  ) );
#6500 = PCURVE('',#6443,#6501);
#6501 = DEFINITIONAL_REPRESENTATION('',(#6502),#6506);
#6502 = LINE('',#6503,#6504);
#6503 = CARTESIAN_POINT('',(0.,-0.));
#6504 = VECTOR('',#6505,1.);
#6505 = DIRECTION('',(0.,1.));
#6506 = ( GEOMETRIC_REPRESENTATION_CONTEXT(2) 
PARAMETRIC_REPRESENTATION_CONTEXT() REPRESENTATION_CONTEXT('2D SPACE',''
  ) );
#6507 = ORIENTED_EDGE('',*,*,#6422,.T.);
#6508 = ORIENTED_EDGE('',*,*,#6487,.T.);
#6509 = ADVANCED_FACE('',(#6510,#6513),#6475,.F.);
#6510 = FACE_BOUND('',#6511,.F.);
#6511 = EDGE_LOOP('',(#6512));
#6512 = ORIENTED_EDGE('',*,*,#6458,.T.);
#6513 = FACE_BOUND('',#6514,.F.);
#6514 = EDGE_LOOP('',(#6515));
#6515 = ORIENTED_EDGE('',*,*,#6516,.F.);
#6516 = EDGE_CURVE('',#6517,#6517,#6519,.T.);
#6517 = VERTEX_POINT('',#6518);
#6518 = CARTESIAN_POINT('',(137.55,36.,12.5));
#6519 = SURFACE_CURVE('',#6520,(#6525,#6532),.PCURVE_S1.);
#6520 = CIRCLE('',#6521,1.45);
#6521 = AXIS2_PLACEMENT_3D('',#6522,#6523,#6524);
#6522 = CARTESIAN_POINT('',(139.,36.,12.5));
#6523 = DIRECTION('',(0.,0.,-1.));
#6524 = DIRECTION('',(-1.,0.,0.));
#6525 = PCURVE('',#6475,#6526);
#6526 = DEFINITIONAL_REPRESENTATION('',(#6527),#6531);
#6527 = CIRCLE('',#6528,1.45);
#6528 = AXIS2_PLACEMENT_2D('',#6529,#6530);
#6529 = CARTESIAN_POINT('',(0.,0.));
#6530 = DIRECTION('',(1.,0.));
#6531 = ( GEOMETRIC_REPRESENTATION_CONTEXT(2) 
PARAMETRIC_REPRESENTATION_CONTEXT() REPRESENTATION_CONTEXT('2D SPACE',''
  ) );
#6532 = PCURVE('',#6533,#6538);
#6533 = CYLINDRICAL_SURFACE('',#6534,1.45);
#6534 = AXIS2_PLACEMENT_3D('',#6535,#6536,#6537);
#6535 = CARTESIAN_POINT('',(139.,36.,16.98));
#6536 = DIRECTION('',(0.,0.,-1.));
#6537 = DIRECTION('',(-1.,0.,0.));
#6538 = DEFINITIONAL_REPRESENTATION('',(#6539),#6543);
#6539 = LINE('',#6540,#6541);
#6540 = CARTESIAN_POINT('',(0.,4.48));
#6541 = VECTOR('',#6542,1.);
#6542 = DIRECTION('',(1.,0.));
#6543 = ( GEOMETRIC_REPRESENTATION_CONTEXT(2) 
PARAMETRIC_REPRESENTATION_CONTEXT() REPRESENTATION_CONTEXT('2D SPACE',''
  ) );
#6544 = ADVANCED_FACE('',(#6545),#6533,.F.);
#6545 = FACE_BOUND('',#6546,.F.);
#6546 = EDGE_LOOP('',(#6547,#6570,#6597,#6598));
#6547 = ORIENTED_EDGE('',*,*,#6548,.T.);
#6548 = EDGE_CURVE('',#6517,#6549,#6551,.T.);
#6549 = VERTEX_POINT('',#6550);
#6550 = CARTESIAN_POINT('',(137.55,36.,8.5));
#6551 = SEAM_CURVE('',#6552,(#6556,#6563),.PCURVE_S1.);
#6552 = LINE('',#6553,#6554);
#6553 = CARTESIAN_POINT('',(137.55,36.,16.98));
#6554 = VECTOR('',#6555,1.);
#6555 = DIRECTION('',(0.,0.,-1.));
#6556 = PCURVE('',#6533,#6557);
#6557 = DEFINITIONAL_REPRESENTATION('',(#6558),#6562);
#6558 = LINE('',#6559,#6560);
#6559 = CARTESIAN_POINT('',(6.28318530718,-0.));
#6560 = VECTOR('',#6561,1.);
#6561 = DIRECTION('',(0.,1.));
#6562 = ( GEOMETRIC_REPRESENTATION_CONTEXT(2) 
PARAMETRIC_REPRESENTATION_CONTEXT() REPRESENTATION_CONTEXT('2D SPACE',''
  ) );
#6563 = PCURVE('',#6533,#6564);
#6564 = DEFINITIONAL_REPRESENTATION('',(#6565),#6569);
#6565 = LINE('',#6566,#6567);
#6566 = CARTESIAN_POINT('',(0.,-0.));
#6567 = VECTOR('',#6568,1.);
#6568 = DIRECTION('',(0.,1.));
#6569 = ( GEOMETRIC_REPRESENTATION_CONTEXT(2) 
PARAMETRIC_REPRESENTATION_CONTEXT() REPRESENTATION_CONTEXT('2D SPACE',''
  ) );
#6570 = ORIENTED_EDGE('',*,*,#6571,.F.);
#6571 = EDGE_CURVE('',#6549,#6549,#6572,.T.);
#6572 = SURFACE_CURVE('',#6573,(#6578,#6585),.PCURVE_S1.);
#6573 = CIRCLE('',#6574,1.45);
#6574 = AXIS2_PLACEMENT_3D('',#6575,#6576,#6577);
#6575 = CARTESIAN_POINT('',(139.,36.,8.5));
#6576 = DIRECTION('',(0.,0.,-1.));
#6577 = DIRECTION('',(-1.,0.,0.));
#6578 = PCURVE('',#6533,#6579);
#6579 = DEFINITIONAL_REPRESENTATION('',(#6580),#6584);
#6580 = LINE('',#6581,#6582);
#6581 = CARTESIAN_POINT('',(0.,8.48));
#6582 = VECTOR('',#6583,1.);
#6583 = DIRECTION('',(1.,0.));
#6584 = ( GEOMETRIC_REPRESENTATION_CONTEXT(2) 
PARAMETRIC_REPRESENTATION_CONTEXT() REPRESENTATION_CONTEXT('2D SPACE',''
  ) );
#6585 = PCURVE('',#6586,#6591);
#6586 = PLANE('',#6587);
#6587 = AXIS2_PLACEMENT_3D('',#6588,#6589,#6590);
#6588 = CARTESIAN_POINT('',(139.,36.,8.5));
#6589 = DIRECTION('',(0.,0.,-1.));
#6590 = DIRECTION('',(-1.,0.,0.));
#6591 = DEFINITIONAL_REPRESENTATION('',(#6592),#6596);
#6592 = CIRCLE('',#6593,1.45);
#6593 = AXIS2_PLACEMENT_2D('',#6594,#6595);
#6594 = CARTESIAN_POINT('',(0.,0.));
#6595 = DIRECTION('',(1.,0.));
#6596 = ( GEOMETRIC_REPRESENTATION_CONTEXT(2) 
PARAMETRIC_REPRESENTATION_CONTEXT() REPRESENTATION_CONTEXT('2D SPACE',''
  ) );
#6597 = ORIENTED_EDGE('',*,*,#6548,.F.);
#6598 = ORIENTED_EDGE('',*,*,#6516,.T.);
#6599 = ADVANCED_FACE('',(#6600),#6586,.F.);
#6600 = FACE_BOUND('',#6601,.F.);
#6601 = EDGE_LOOP('',(#6602));
#6602 = ORIENTED_EDGE('',*,*,#6571,.T.);
#6603 = ADVANCED_FACE('',(#6604),#6327,.T.);
#6604 = FACE_BOUND('',#6605,.F.);
#6605 = EDGE_LOOP('',(#6606,#6607,#6608,#6634));
#6606 = ORIENTED_EDGE('',*,*,#6394,.F.);
#6607 = ORIENTED_EDGE('',*,*,#6312,.T.);
#6608 = ORIENTED_EDGE('',*,*,#6609,.T.);
#6609 = EDGE_CURVE('',#6289,#6262,#6610,.T.);
#6610 = SURFACE_CURVE('',#6611,(#6616,#6623),.PCURVE_S1.);
#6611 = CIRCLE('',#6612,3.5);
#6612 = AXIS2_PLACEMENT_3D('',#6613,#6614,#6615);
#6613 = CARTESIAN_POINT('',(139.,36.,6.5));
#6614 = DIRECTION('',(0.,0.,-1.));
#6615 = DIRECTION('',(0.742213105404,0.670163939769,0.));
#6616 = PCURVE('',#6327,#6617);
#6617 = DEFINITIONAL_REPRESENTATION('',(#6618),#6622);
#6618 = LINE('',#6619,#6620);
#6619 = CARTESIAN_POINT('',(-7.017614952261,0.));
#6620 = VECTOR('',#6621,1.);
#6621 = DIRECTION('',(1.,-0.));
#6622 = ( GEOMETRIC_REPRESENTATION_CONTEXT(2) 
PARAMETRIC_REPRESENTATION_CONTEXT() REPRESENTATION_CONTEXT('2D SPACE',''
  ) );
#6623 = PCURVE('',#3002,#6624);
#6624 = DEFINITIONAL_REPRESENTATION('',(#6625),#6633);
#6625 = ( BOUNDED_CURVE() B_SPLINE_CURVE(2,(#6626,#6627,#6628,#6629,
#6630,#6631,#6632),.UNSPECIFIED.,.T.,.F.) B_SPLINE_CURVE_WITH_KNOTS((1,2
    ,2,2,2,1),(-2.094395102393,0.,2.094395102393,4.188790204786,
6.28318530718,8.377580409573),.UNSPECIFIED.) CURVE() 
GEOMETRIC_REPRESENTATION_ITEM() RATIONAL_B_SPLINE_CURVE((1.,0.5,1.,0.5,
1.,0.5,1.)) REPRESENTATION_ITEM('') );
#6626 = CARTESIAN_POINT('',(131.59774586891,33.345573789193));
#6627 = CARTESIAN_POINT('',(135.66039884469,28.846145959085));
#6628 = CARTESIAN_POINT('',(129.73245355343,27.577499190349));
#6629 = CARTESIAN_POINT('',(123.80450826217,26.308852421614));
#6630 = CARTESIAN_POINT('',(125.66980057765,32.076927020458));
#6631 = CARTESIAN_POINT('',(127.53509289312,37.845001619301));
#6632 = CARTESIAN_POINT('',(131.59774586891,33.345573789193));
#6633 = ( GEOMETRIC_REPRESENTATION_CONTEXT(2) 
PARAMETRIC_REPRESENTATION_CONTEXT() REPRESENTATION_CONTEXT('2D SPACE',''
  ) );
#6634 = ORIENTED_EDGE('',*,*,#6371,.F.);
#6635 = ADVANCED_FACE('',(#6636),#4254,.T.);
#6636 = FACE_BOUND('',#6637,.T.);
#6637 = EDGE_LOOP('',(#6638,#6639));
#6638 = ORIENTED_EDGE('',*,*,#4239,.F.);
#6639 = ORIENTED_EDGE('',*,*,#6640,.F.);
#6640 = EDGE_CURVE('',#4214,#4240,#6641,.T.);
#6641 = SURFACE_CURVE('',#6642,(#6647,#6658),.PCURVE_S1.);
#6642 = CIRCLE('',#6643,1.3);
#6643 = AXIS2_PLACEMENT_3D('',#6644,#6645,#6646);
#6644 = CARTESIAN_POINT('',(107.5,39.5,18.98));
#6645 = DIRECTION('',(0.,0.,-1.));
#6646 = DIRECTION('',(0.638971066378,0.769230769231,0.));
#6647 = PCURVE('',#4254,#6648);
#6648 = DEFINITIONAL_REPRESENTATION('',(#6649),#6657);
#6649 = ( BOUNDED_CURVE() B_SPLINE_CURVE(2,(#6650,#6651,#6652,#6653,
#6654,#6655,#6656),.UNSPECIFIED.,.T.,.F.) B_SPLINE_CURVE_WITH_KNOTS((1,2
    ,2,2,2,1),(-2.094395102393,0.,2.094395102393,4.188790204786,
6.28318530718,8.377580409573),.UNSPECIFIED.) CURVE() 
GEOMETRIC_REPRESENTATION_ITEM() RATIONAL_B_SPLINE_CURVE((1.,0.5,1.,0.5,
1.,0.5,1.)) REPRESENTATION_ITEM('') );
#6650 = CARTESIAN_POINT('',(0.830662386292,1.));
#6651 = CARTESIAN_POINT('',(2.562713193861,-0.438749456994));
#6652 = CARTESIAN_POINT('',(0.450694210639,-1.219374728497));
#6653 = CARTESIAN_POINT('',(-1.661324772584,-2.));
#6654 = CARTESIAN_POINT('',(-1.28135659693,0.219374728497));
#6655 = CARTESIAN_POINT('',(-0.901388421277,2.438749456994));
#6656 = CARTESIAN_POINT('',(0.830662386292,1.));
#6657 = ( GEOMETRIC_REPRESENTATION_CONTEXT(2) 
PARAMETRIC_REPRESENTATION_CONTEXT() REPRESENTATION_CONTEXT('2D SPACE',''
  ) );
#6658 = PCURVE('',#4228,#6659);
#6659 = DEFINITIONAL_REPRESENTATION('',(#6660),#6664);
#6660 = LINE('',#6661,#6662);
#6661 = CARTESIAN_POINT('',(-7.160821726398,-12.48));
#6662 = VECTOR('',#6663,1.);
#6663 = DIRECTION('',(1.,-0.));
#6664 = ( GEOMETRIC_REPRESENTATION_CONTEXT(2) 
PARAMETRIC_REPRESENTATION_CONTEXT() REPRESENTATION_CONTEXT('2D SPACE',''
  ) );
#6665 = ADVANCED_FACE('',(#6666),#4228,.T.);
#6666 = FACE_BOUND('',#6667,.F.);
#6667 = EDGE_LOOP('',(#6668,#6669,#6670,#6696));
#6668 = ORIENTED_EDGE('',*,*,#6640,.F.);
#6669 = ORIENTED_EDGE('',*,*,#4213,.T.);
#6670 = ORIENTED_EDGE('',*,*,#6671,.T.);
#6671 = EDGE_CURVE('',#4191,#4266,#6672,.T.);
#6672 = SURFACE_CURVE('',#6673,(#6678,#6685),.PCURVE_S1.);
#6673 = CIRCLE('',#6674,1.3);
#6674 = AXIS2_PLACEMENT_3D('',#6675,#6676,#6677);
#6675 = CARTESIAN_POINT('',(107.5,39.5,6.5));
#6676 = DIRECTION('',(0.,0.,-1.));
#6677 = DIRECTION('',(0.638971066378,0.769230769231,0.));
#6678 = PCURVE('',#4228,#6679);
#6679 = DEFINITIONAL_REPRESENTATION('',(#6680),#6684);
#6680 = LINE('',#6681,#6682);
#6681 = CARTESIAN_POINT('',(-7.160821726398,0.));
#6682 = VECTOR('',#6683,1.);
#6683 = DIRECTION('',(1.,-0.));
#6684 = ( GEOMETRIC_REPRESENTATION_CONTEXT(2) 
PARAMETRIC_REPRESENTATION_CONTEXT() REPRESENTATION_CONTEXT('2D SPACE',''
  ) );
#6685 = PCURVE('',#3002,#6686);
#6686 = DEFINITIONAL_REPRESENTATION('',(#6687),#6695);
#6687 = ( BOUNDED_CURVE() B_SPLINE_CURVE(2,(#6688,#6689,#6690,#6691,
#6692,#6693,#6694),.UNSPECIFIED.,.T.,.F.) B_SPLINE_CURVE_WITH_KNOTS((1,2
    ,2,2,2,1),(-2.094395102393,0.,2.094395102393,4.188790204786,
6.28318530718,8.377580409573),.UNSPECIFIED.) CURVE() 
GEOMETRIC_REPRESENTATION_ITEM() RATIONAL_B_SPLINE_CURVE((1.,0.5,1.,0.5,
1.,0.5,1.)) REPRESENTATION_ITEM('') );
#6688 = CARTESIAN_POINT('',(98.330662386292,35.5));
#6689 = CARTESIAN_POINT('',(100.06271319386,34.061250543006));
#6690 = CARTESIAN_POINT('',(97.950694210639,33.280625271503));
#6691 = CARTESIAN_POINT('',(95.838675227416,32.5));
#6692 = CARTESIAN_POINT('',(96.21864340307,34.719374728497));
#6693 = CARTESIAN_POINT('',(96.598611578723,36.938749456994));
#6694 = CARTESIAN_POINT('',(98.330662386292,35.5));
#6695 = ( GEOMETRIC_REPRESENTATION_CONTEXT(2) 
PARAMETRIC_REPRESENTATION_CONTEXT() REPRESENTATION_CONTEXT('2D SPACE',''
  ) );
#6696 = ORIENTED_EDGE('',*,*,#4265,.F.);
#6697 = ADVANCED_FACE('',(#6698),#4347,.T.);
#6698 = FACE_BOUND('',#6699,.F.);
#6699 = EDGE_LOOP('',(#6700,#6730,#6769,#6770,#6797));
#6700 = ORIENTED_EDGE('',*,*,#6701,.F.);
#6701 = EDGE_CURVE('',#6702,#6704,#6706,.T.);
#6702 = VERTEX_POINT('',#6703);
#6703 = CARTESIAN_POINT('',(1.2,43.,14.));
#6704 = VERTEX_POINT('',#6705);
#6705 = CARTESIAN_POINT('',(223.7,43.,14.));
#6706 = SURFACE_CURVE('',#6707,(#6711,#6718),.PCURVE_S1.);
#6707 = LINE('',#6708,#6709);
#6708 = CARTESIAN_POINT('',(0.,43.,14.));
#6709 = VECTOR('',#6710,1.);
#6710 = DIRECTION('',(1.,0.,0.));
#6711 = PCURVE('',#4347,#6712);
#6712 = DEFINITIONAL_REPRESENTATION('',(#6713),#6717);
#6713 = LINE('',#6714,#6715);
#6714 = CARTESIAN_POINT('',(-0.,0.));
#6715 = VECTOR('',#6716,1.);
#6716 = DIRECTION('',(-0.,1.));
#6717 = ( GEOMETRIC_REPRESENTATION_CONTEXT(2) 
PARAMETRIC_REPRESENTATION_CONTEXT() REPRESENTATION_CONTEXT('2D SPACE',''
  ) );
#6718 = PCURVE('',#6719,#6724);
#6719 = PLANE('',#6720);
#6720 = AXIS2_PLACEMENT_3D('',#6721,#6722,#6723);
#6721 = CARTESIAN_POINT('',(0.,43.,0.));
#6722 = DIRECTION('',(0.,1.,0.));
#6723 = DIRECTION('',(0.,0.,1.));
#6724 = DEFINITIONAL_REPRESENTATION('',(#6725),#6729);
#6725 = LINE('',#6726,#6727);
#6726 = CARTESIAN_POINT('',(14.,0.));
#6727 = VECTOR('',#6728,1.);
#6728 = DIRECTION('',(0.,1.));
#6729 = ( GEOMETRIC_REPRESENTATION_CONTEXT(2) 
PARAMETRIC_REPRESENTATION_CONTEXT() REPRESENTATION_CONTEXT('2D SPACE',''
  ) );
#6730 = ORIENTED_EDGE('',*,*,#6731,.F.);
#6731 = EDGE_CURVE('',#4333,#6702,#6732,.T.);
#6732 = SURFACE_CURVE('',#6733,(#6746,#6762),.PCURVE_S1.);
#6733 = ( BOUNDED_CURVE() B_SPLINE_CURVE(11,(#6734,#6735,#6736,#6737,
    #6738,#6739,#6740,#6741,#6742,#6743,#6744,#6745),.UNSPECIFIED.,.F.,
.F.) B_SPLINE_CURVE_WITH_KNOTS((12,12),(1.722338221771E-15,
26.741384523261),.PIECEWISE_BEZIER_KNOTS.) CURVE() 
GEOMETRIC_REPRESENTATION_ITEM() RATIONAL_B_SPLINE_CURVE((1.,1.,
    0.999999999999,1.000000000001,0.999999999998,1.000000000003,
    0.999999999997,1.000000000002,0.999999999999,1.,1.,1.)) 
REPRESENTATION_ITEM('') );
#6734 = CARTESIAN_POINT('',(14.,29.,-1.7763568394E-15));
#6735 = CARTESIAN_POINT('',(12.090329625826,31.088701971753,
    4.654054919229E-13));
#6736 = CARTESIAN_POINT('',(10.180601386445,33.177460484581,
    0.342562968629));
#6737 = CARTESIAN_POINT('',(8.330703789289,35.200851393096,1.02975115575
    ));
#6738 = CARTESIAN_POINT('',(6.599132826993,37.094627847868,
    2.037225780128));
#6739 = CARTESIAN_POINT('',(5.044636265928,38.795364690568,
    3.362462045002));
#6740 = CARTESIAN_POINT('',(3.720363286991,40.243291488118,
    4.902442406028));
#6741 = CARTESIAN_POINT('',(2.657569990443,41.406654438877,
    6.680407520634));
#6742 = CARTESIAN_POINT('',(1.921875942982,42.211123452897,
    8.516157987478));
#6743 = CARTESIAN_POINT('',(1.440027255558,42.737681029585,
    10.344132136937));
#6744 = CARTESIAN_POINT('',(1.2,43.,12.172172641863));
#6745 = CARTESIAN_POINT('',(1.2,43.,14.));
#6746 = PCURVE('',#4347,#6747);
#6747 = DEFINITIONAL_REPRESENTATION('',(#6748),#6761);
#6748 = B_SPLINE_CURVE_WITH_KNOTS('',11,(#6749,#6750,#6751,#6752,#6753,
    #6754,#6755,#6756,#6757,#6758,#6759,#6760),.UNSPECIFIED.,.F.,.F.,(12
    ,12),(1.722338221771E-15,26.741384523261),.PIECEWISE_BEZIER_KNOTS.);
#6749 = CARTESIAN_POINT('',(-1.570796326795,14.));
#6750 = CARTESIAN_POINT('',(-1.421603328813,12.090329625825));
#6751 = CARTESIAN_POINT('',(-1.272417492603,10.180572334495));
#6752 = CARTESIAN_POINT('',(-1.123343627587,8.330849015604));
#6753 = CARTESIAN_POINT('',(-0.974965760562,6.598781338716));
#6754 = CARTESIAN_POINT('',(-0.826379210832,5.045153598673));
#6755 = CARTESIAN_POINT('',(-0.68068809815,3.719869674468));
#6756 = CARTESIAN_POINT('',(-0.534794545415,2.657874965708));
#6757 = CARTESIAN_POINT('',(-0.394699261822,1.92176174165));
#6758 = CARTESIAN_POINT('',(-0.261132779188,1.440047846984));
#6759 = CARTESIAN_POINT('',(-0.13055909701,1.199999999999));
#6760 = CARTESIAN_POINT('',(4.842238466934E-17,1.2));
#6761 = ( GEOMETRIC_REPRESENTATION_CONTEXT(2) 
PARAMETRIC_REPRESENTATION_CONTEXT() REPRESENTATION_CONTEXT('2D SPACE',''
  ) );
#6762 = PCURVE('',#4392,#6763);
#6763 = DEFINITIONAL_REPRESENTATION('',(#6764),#6768);
#6764 = LINE('',#6765,#6766);
#6765 = CARTESIAN_POINT('',(26.741384523261,0.));
#6766 = VECTOR('',#6767,1.);
#6767 = DIRECTION('',(0.,1.));
#6768 = ( GEOMETRIC_REPRESENTATION_CONTEXT(2) 
PARAMETRIC_REPRESENTATION_CONTEXT() REPRESENTATION_CONTEXT('2D SPACE',''
  ) );
#6769 = ORIENTED_EDGE('',*,*,#4332,.T.);
#6770 = ORIENTED_EDGE('',*,*,#6771,.T.);
#6771 = EDGE_CURVE('',#4310,#6772,#6774,.T.);
#6772 = VERTEX_POINT('',#6773);
#6773 = CARTESIAN_POINT('',(221.4139327498,40.5,6.015642855597));
#6774 = SURFACE_CURVE('',#6775,(#6779,#6785),.PCURVE_S1.);
#6775 = LINE('',#6776,#6777);
#6776 = CARTESIAN_POINT('',(0.,40.5,6.015640288664));
#6777 = VECTOR('',#6778,1.);
#6778 = DIRECTION('',(1.,0.,0.));
#6779 = PCURVE('',#4347,#6780);
#6780 = DEFINITIONAL_REPRESENTATION('',(#6781),#6784);
#6781 = B_SPLINE_CURVE_WITH_KNOTS('',1,(#6782,#6783),.UNSPECIFIED.,.F.,
  .F.,(2,2),(1.199999399999,223.70000060002),.PIECEWISE_BEZIER_KNOTS.);
#6782 = CARTESIAN_POINT('',(-0.606884910677,1.199999399999));
#6783 = CARTESIAN_POINT('',(-0.606884910677,223.70000060002));
#6784 = ( GEOMETRIC_REPRESENTATION_CONTEXT(2) 
PARAMETRIC_REPRESENTATION_CONTEXT() REPRESENTATION_CONTEXT('2D SPACE',''
  ) );
#6785 = PCURVE('',#6786,#6791);
#6786 = PLANE('',#6787);
#6787 = AXIS2_PLACEMENT_3D('',#6788,#6789,#6790);
#6788 = CARTESIAN_POINT('',(10.,40.5,2.5));
#6789 = DIRECTION('',(0.,1.,0.));
#6790 = DIRECTION('',(0.,0.,1.));
#6791 = DEFINITIONAL_REPRESENTATION('',(#6792),#6796);
#6792 = LINE('',#6793,#6794);
#6793 = CARTESIAN_POINT('',(3.515640288664,-10.));
#6794 = VECTOR('',#6795,1.);
#6795 = DIRECTION('',(0.,1.));
#6796 = ( GEOMETRIC_REPRESENTATION_CONTEXT(2) 
PARAMETRIC_REPRESENTATION_CONTEXT() REPRESENTATION_CONTEXT('2D SPACE',''
  ) );
#6797 = ORIENTED_EDGE('',*,*,#6798,.T.);
#6798 = EDGE_CURVE('',#6772,#6704,#6799,.T.);
#6799 = SURFACE_CURVE('',#6800,(#6813,#6829),.PCURVE_S1.);
#6800 = ( BOUNDED_CURVE() B_SPLINE_CURVE(11,(#6801,#6802,#6803,#6804,
    #6805,#6806,#6807,#6808,#6809,#6810,#6811,#6812),.UNSPECIFIED.,.F.,
.F.) B_SPLINE_CURVE_WITH_KNOTS((12,12),(4.219182543723E-15,
26.741384523261),.PIECEWISE_BEZIER_KNOTS.) CURVE() 
GEOMETRIC_REPRESENTATION_ITEM() RATIONAL_B_SPLINE_CURVE((1.,1.,1.,
    0.999999999999,1.000000000001,0.999999999999,1.000000000001,
0.999999999999,1.,1.,1.,1.)) REPRESENTATION_ITEM('') );
#6801 = CARTESIAN_POINT('',(210.9,29.,-1.7763568394E-15));
#6802 = CARTESIAN_POINT('',(212.80967037417,31.088701971752,
    -6.306066779871E-14));
#6803 = CARTESIAN_POINT('',(214.71939861355,33.177460484583,
    0.342562968631));
#6804 = CARTESIAN_POINT('',(216.5692962107,35.200851393095,
    1.029751155747));
#6805 = CARTESIAN_POINT('',(218.300867173,37.094627847864,2.037225780129
    ));
#6806 = CARTESIAN_POINT('',(219.85536373408,38.79536469058,
    3.362462045007));
#6807 = CARTESIAN_POINT('',(221.17963671299,40.243291488101,
    4.902442406017));
#6808 = CARTESIAN_POINT('',(222.24243000957,41.406654438893,
    6.680407520647));
#6809 = CARTESIAN_POINT('',(222.97812405701,42.211123452888,
    8.516157987469));
#6810 = CARTESIAN_POINT('',(223.45997274444,42.737681029588,
    10.344132136942));
#6811 = CARTESIAN_POINT('',(223.7,43.,12.172172641862));
#6812 = CARTESIAN_POINT('',(223.7,43.,14.));
#6813 = PCURVE('',#4347,#6814);
#6814 = DEFINITIONAL_REPRESENTATION('',(#6815),#6828);
#6815 = B_SPLINE_CURVE_WITH_KNOTS('',11,(#6816,#6817,#6818,#6819,#6820,
    #6821,#6822,#6823,#6824,#6825,#6826,#6827),.UNSPECIFIED.,.F.,.F.,(12
    ,12),(4.219182543723E-15,26.741384523261),.PIECEWISE_BEZIER_KNOTS.);
#6816 = CARTESIAN_POINT('',(-1.570796326795,210.9));
#6817 = CARTESIAN_POINT('',(-1.421603328812,212.80967037414));
#6818 = CARTESIAN_POINT('',(-1.272417492605,214.71942766562));
#6819 = CARTESIAN_POINT('',(-1.123343627582,216.56915098413));
#6820 = CARTESIAN_POINT('',(-0.97496576057,218.3012186617));
#6821 = CARTESIAN_POINT('',(-0.826379210823,219.8548464008));
#6822 = CARTESIAN_POINT('',(-0.680688098158,221.18013032603));
#6823 = CARTESIAN_POINT('',(-0.53479454541,222.24212503391));
#6824 = CARTESIAN_POINT('',(-0.394699261824,222.97823825857));
#6825 = CARTESIAN_POINT('',(-0.261132779187,223.45995215292));
#6826 = CARTESIAN_POINT('',(-0.13055909701,223.70000000002));
#6827 = CARTESIAN_POINT('',(-5.551115123126E-16,223.7));
#6828 = ( GEOMETRIC_REPRESENTATION_CONTEXT(2) 
PARAMETRIC_REPRESENTATION_CONTEXT() REPRESENTATION_CONTEXT('2D SPACE',''
  ) );
#6829 = PCURVE('',#6830,#6867);
#6830 = ( BOUNDED_SURFACE() B_SPLINE_SURFACE(2,11,(
    (#6831,#6832,#6833,#6834,#6835,#6836,#6837,#6838,#6839,#6840,#6841
      ,#6842)
    ,(#6843,#6844,#6845,#6846,#6847,#6848,#6849,#6850,#6851,#6852,#6853
      ,#6854)
    ,(#6855,#6856,#6857,#6858,#6859,#6860,#6861,#6862,#6863,#6864,#6865
,#6866
    )),.UNSPECIFIED.,.F.,.F.,.F.) B_SPLINE_SURFACE_WITH_KNOTS((3,3),(12,
    12),(0.,26.741384523261),(4.219182543723E-15,26.741384523261),
.PIECEWISE_BEZIER_KNOTS.) GEOMETRIC_REPRESENTATION_ITEM() 
RATIONAL_B_SPLINE_SURFACE((
    (1.,1.,1.,0.999999999999,1.000000000001,0.999999999999
      ,1.000000000001,0.999999999999,1.,1.,1.,1.)
    ,(1.,1.,0.987769718649,0.963191288276,0.928052598255,0.882973021542
      ,0.835909293031,0.784725521152,0.746601038547,0.720242962469
      ,0.707106781187,0.707106781187)
    ,(1.,1.,1.,0.999999999999,1.000000000001,0.999999999999
,1.000000000001,0.999999999999,1.,1.,1.,1.
))) REPRESENTATION_ITEM('') SURFACE() );
#6831 = CARTESIAN_POINT('',(210.9,29.,-1.7763568394E-15));
#6832 = CARTESIAN_POINT('',(212.80967037417,31.088701971752,
    -6.306066779871E-14));
#6833 = CARTESIAN_POINT('',(214.71939861355,33.177460484583,
    0.342562968631));
#6834 = CARTESIAN_POINT('',(216.5692962107,35.200851393095,
    1.029751155747));
#6835 = CARTESIAN_POINT('',(218.300867173,37.094627847864,2.037225780129
    ));
#6836 = CARTESIAN_POINT('',(219.85536373408,38.79536469058,
    3.362462045007));
#6837 = CARTESIAN_POINT('',(221.17963671299,40.243291488101,
    4.902442406017));
#6838 = CARTESIAN_POINT('',(222.24243000957,41.406654438893,
    6.680407520647));
#6839 = CARTESIAN_POINT('',(222.97812405701,42.211123452888,
    8.516157987469));
#6840 = CARTESIAN_POINT('',(223.45997274444,42.737681029588,
    10.344132136942));
#6841 = CARTESIAN_POINT('',(223.7,43.,12.172172641862));
#6842 = CARTESIAN_POINT('',(223.7,43.,14.));
#6843 = CARTESIAN_POINT('',(210.9,29.,8.881784197001E-16));
#6844 = CARTESIAN_POINT('',(212.89918617296,30.999186172963,
    -7.549516567451E-14));
#6845 = CARTESIAN_POINT('',(214.94813898708,33.04813898708,
    0.317650453713));
#6846 = CARTESIAN_POINT('',(216.97521603271,35.075216032718,
    0.973730896259));
#6847 = CARTESIAN_POINT('',(218.9005208357,37.000520835705,
    1.984869332191));
#6848 = CARTESIAN_POINT('',(220.60984215241,38.709842152418,
    3.272202935084));
#6849 = CARTESIAN_POINT('',(222.07115671812,40.171156718119,
    4.852676248766));
#6850 = CARTESIAN_POINT('',(223.171623651,41.271623651011,6.502767666306
    ));
#6851 = CARTESIAN_POINT('',(224.01435613499,42.114356134997,
    8.236868775526));
#6852 = CARTESIAN_POINT('',(224.59397624779,42.693976247799,
    10.075059599849));
#6853 = CARTESIAN_POINT('',(224.9,43.,12.000813827037));
#6854 = CARTESIAN_POINT('',(224.9,43.,14.));
#6855 = CARTESIAN_POINT('',(210.9,29.,-1.7763568394E-15));
#6856 = CARTESIAN_POINT('',(212.98870197175,30.909670374173,
    -8.970602038971E-14));
#6857 = CARTESIAN_POINT('',(215.07746048458,32.819398613557,
    0.342562968631));
#6858 = CARTESIAN_POINT('',(217.10085139309,34.66929621071,
    1.029751155747));
#6859 = CARTESIAN_POINT('',(218.99462784786,36.400867173002,
    2.03722578013));
#6860 = CARTESIAN_POINT('',(220.69536469058,37.955363734084,
    3.362462045006));
#6861 = CARTESIAN_POINT('',(222.1432914881,39.279636712992,
    4.902442406018));
#6862 = CARTESIAN_POINT('',(223.30665443889,40.342430009572,
    6.680407520646));
#6863 = CARTESIAN_POINT('',(224.11112345288,41.078124057009,
    8.51615798747));
#6864 = CARTESIAN_POINT('',(224.63768102958,41.559972744446,
    10.344132136942));
#6865 = CARTESIAN_POINT('',(224.9,41.8,12.172172641862));
#6866 = CARTESIAN_POINT('',(224.9,41.8,14.));
#6867 = DEFINITIONAL_REPRESENTATION('',(#6868),#6872);
#6868 = LINE('',#6869,#6870);
#6869 = CARTESIAN_POINT('',(0.,0.));
#6870 = VECTOR('',#6871,1.);
#6871 = DIRECTION('',(0.,1.));
#6872 = ( GEOMETRIC_REPRESENTATION_CONTEXT(2) 
PARAMETRIC_REPRESENTATION_CONTEXT() REPRESENTATION_CONTEXT('2D SPACE',''
  ) );
#6873 = ADVANCED_FACE('',(#6874),#6786,.T.);
#6874 = FACE_BOUND('',#6875,.T.);
#6875 = EDGE_LOOP('',(#6876,#6906,#6934,#6955,#6956));
#6876 = ORIENTED_EDGE('',*,*,#6877,.F.);
#6877 = EDGE_CURVE('',#6878,#6880,#6882,.T.);
#6878 = VERTEX_POINT('',#6879);
#6879 = CARTESIAN_POINT('',(222.4,40.5,2.5));
#6880 = VERTEX_POINT('',#6881);
#6881 = CARTESIAN_POINT('',(222.4,40.5,6.43727865164));
#6882 = SURFACE_CURVE('',#6883,(#6887,#6894),.PCURVE_S1.);
#6883 = LINE('',#6884,#6885);
#6884 = CARTESIAN_POINT('',(222.4,40.5,2.5));
#6885 = VECTOR('',#6886,1.);
#6886 = DIRECTION('',(0.,0.,1.));
#6887 = PCURVE('',#6786,#6888);
#6888 = DEFINITIONAL_REPRESENTATION('',(#6889),#6893);
#6889 = LINE('',#6890,#6891);
#6890 = CARTESIAN_POINT('',(0.,212.4));
#6891 = VECTOR('',#6892,1.);
#6892 = DIRECTION('',(1.,0.));
#6893 = ( GEOMETRIC_REPRESENTATION_CONTEXT(2) 
PARAMETRIC_REPRESENTATION_CONTEXT() REPRESENTATION_CONTEXT('2D SPACE',''
  ) );
#6894 = PCURVE('',#6895,#6900);
#6895 = PLANE('',#6896);
#6896 = AXIS2_PLACEMENT_3D('',#6897,#6898,#6899);
#6897 = CARTESIAN_POINT('',(222.4,-6.,2.5));
#6898 = DIRECTION('',(1.,0.,0.));
#6899 = DIRECTION('',(0.,0.,1.));
#6900 = DEFINITIONAL_REPRESENTATION('',(#6901),#6905);
#6901 = LINE('',#6902,#6903);
#6902 = CARTESIAN_POINT('',(0.,-46.5));
#6903 = VECTOR('',#6904,1.);
#6904 = DIRECTION('',(1.,0.));
#6905 = ( GEOMETRIC_REPRESENTATION_CONTEXT(2) 
PARAMETRIC_REPRESENTATION_CONTEXT() REPRESENTATION_CONTEXT('2D SPACE',''
  ) );
#6906 = ORIENTED_EDGE('',*,*,#6907,.F.);
#6907 = EDGE_CURVE('',#6908,#6878,#6910,.T.);
#6908 = VERTEX_POINT('',#6909);
#6909 = CARTESIAN_POINT('',(10.,40.5,2.5));
#6910 = SURFACE_CURVE('',#6911,(#6915,#6922),.PCURVE_S1.);
#6911 = LINE('',#6912,#6913);
#6912 = CARTESIAN_POINT('',(10.,40.5,2.5));
#6913 = VECTOR('',#6914,1.);
#6914 = DIRECTION('',(1.,0.,0.));
#6915 = PCURVE('',#6786,#6916);
#6916 = DEFINITIONAL_REPRESENTATION('',(#6917),#6921);
#6917 = LINE('',#6918,#6919);
#6918 = CARTESIAN_POINT('',(0.,0.));
#6919 = VECTOR('',#6920,1.);
#6920 = DIRECTION('',(0.,1.));
#6921 = ( GEOMETRIC_REPRESENTATION_CONTEXT(2) 
PARAMETRIC_REPRESENTATION_CONTEXT() REPRESENTATION_CONTEXT('2D SPACE',''
  ) );
#6922 = PCURVE('',#6923,#6928);
#6923 = PLANE('',#6924);
#6924 = AXIS2_PLACEMENT_3D('',#6925,#6926,#6927);
#6925 = CARTESIAN_POINT('',(2.5,-6.,2.5));
#6926 = DIRECTION('',(0.,0.,1.));
#6927 = DIRECTION('',(1.,0.,0.));
#6928 = DEFINITIONAL_REPRESENTATION('',(#6929),#6933);
#6929 = LINE('',#6930,#6931);
#6930 = CARTESIAN_POINT('',(7.5,46.5));
#6931 = VECTOR('',#6932,1.);
#6932 = DIRECTION('',(1.,0.));
#6933 = ( GEOMETRIC_REPRESENTATION_CONTEXT(2) 
PARAMETRIC_REPRESENTATION_CONTEXT() REPRESENTATION_CONTEXT('2D SPACE',''
  ) );
#6934 = ORIENTED_EDGE('',*,*,#6935,.T.);
#6935 = EDGE_CURVE('',#6908,#4310,#6936,.T.);
#6936 = SURFACE_CURVE('',#6937,(#6941,#6948),.PCURVE_S1.);
#6937 = LINE('',#6938,#6939);
#6938 = CARTESIAN_POINT('',(10.,40.5,2.5));
#6939 = VECTOR('',#6940,1.);
#6940 = DIRECTION('',(0.,0.,1.));
#6941 = PCURVE('',#6786,#6942);
#6942 = DEFINITIONAL_REPRESENTATION('',(#6943),#6947);
#6943 = LINE('',#6944,#6945);
#6944 = CARTESIAN_POINT('',(0.,0.));
#6945 = VECTOR('',#6946,1.);
#6946 = DIRECTION('',(1.,0.));
#6947 = ( GEOMETRIC_REPRESENTATION_CONTEXT(2) 
PARAMETRIC_REPRESENTATION_CONTEXT() REPRESENTATION_CONTEXT('2D SPACE',''
  ) );
#6948 = PCURVE('',#1031,#6949);
#6949 = DEFINITIONAL_REPRESENTATION('',(#6950),#6954);
#6950 = LINE('',#6951,#6952);
#6951 = CARTESIAN_POINT('',(0.,-35.5));
#6952 = VECTOR('',#6953,1.);
#6953 = DIRECTION('',(1.,0.));
#6954 = ( GEOMETRIC_REPRESENTATION_CONTEXT(2) 
PARAMETRIC_REPRESENTATION_CONTEXT() REPRESENTATION_CONTEXT('2D SPACE',''
  ) );
#6955 = ORIENTED_EDGE('',*,*,#6771,.T.);
#6956 = ORIENTED_EDGE('',*,*,#6957,.F.);
#6957 = EDGE_CURVE('',#6880,#6772,#6958,.T.);
#6958 = SURFACE_CURVE('',#6959,(#6972,#6988),.PCURVE_S1.);
#6959 = B_SPLINE_CURVE_WITH_KNOTS('',6,(#6960,#6961,#6962,#6963,#6964,
    #6965,#6966,#6967,#6968,#6969,#6970,#6971),.UNSPECIFIED.,.F.,.F.,(7,
    5,7),(0.,0.501051831374,1.),.UNSPECIFIED.);
#6960 = CARTESIAN_POINT('',(222.4,40.5,6.437278651641));
#6961 = CARTESIAN_POINT('',(222.30588256574,40.5,6.361756363739));
#6962 = CARTESIAN_POINT('',(222.2127631819,40.5,6.295016200728));
#6963 = CARTESIAN_POINT('',(222.1213054941,40.5,6.236974734031));
#6964 = CARTESIAN_POINT('',(222.03207823871,40.5,6.187381032817));
#6965 = CARTESIAN_POINT('',(221.94553603241,40.5,6.145882857343));
#6966 = CARTESIAN_POINT('',(221.77888299153,40.5,6.078400371025));
#6967 = CARTESIAN_POINT('',(221.6987462239,40.5,6.052351887313));
#6968 = CARTESIAN_POINT('',(221.62197455784,40.5,6.033518623826));
#6969 = CARTESIAN_POINT('',(221.54881766734,40.5,6.021442625271));
#6970 = CARTESIAN_POINT('',(221.47943937227,40.5,6.015642745946));
#6971 = CARTESIAN_POINT('',(221.4139327498,40.5,6.015642855597));
#6972 = PCURVE('',#6786,#6973);
#6973 = DEFINITIONAL_REPRESENTATION('',(#6974),#6987);
#6974 = B_SPLINE_CURVE_WITH_KNOTS('',6,(#6975,#6976,#6977,#6978,#6979,
    #6980,#6981,#6982,#6983,#6984,#6985,#6986),.UNSPECIFIED.,.F.,.F.,(7,
    5,7),(0.,0.501051831374,1.),.UNSPECIFIED.);
#6975 = CARTESIAN_POINT('',(3.937278651641,212.4));
#6976 = CARTESIAN_POINT('',(3.861756363739,212.30588256574));
#6977 = CARTESIAN_POINT('',(3.795016200728,212.2127631819));
#6978 = CARTESIAN_POINT('',(3.736974734031,212.1213054941));
#6979 = CARTESIAN_POINT('',(3.687381032817,212.03207823871));
#6980 = CARTESIAN_POINT('',(3.645882857343,211.94553603241));
#6981 = CARTESIAN_POINT('',(3.578400371025,211.77888299153));
#6982 = CARTESIAN_POINT('',(3.552351887313,211.6987462239));
#6983 = CARTESIAN_POINT('',(3.533518623826,211.62197455784));
#6984 = CARTESIAN_POINT('',(3.521442625271,211.54881766734));
#6985 = CARTESIAN_POINT('',(3.515642745946,211.47943937227));
#6986 = CARTESIAN_POINT('',(3.515642855597,211.4139327498));
#6987 = ( GEOMETRIC_REPRESENTATION_CONTEXT(2) 
PARAMETRIC_REPRESENTATION_CONTEXT() REPRESENTATION_CONTEXT('2D SPACE',''
  ) );
#6988 = PCURVE('',#6830,#6989);
#6989 = DEFINITIONAL_REPRESENTATION('',(#6990),#7003);
#6990 = B_SPLINE_CURVE_WITH_KNOTS('',6,(#6991,#6992,#6993,#6994,#6995,
    #6996,#6997,#6998,#6999,#7000,#7001,#7002),.UNSPECIFIED.,.F.,.F.,(7,
    5,7),(0.,0.501051831374,1.),.UNSPECIFIED.);
#6991 = CARTESIAN_POINT('',(13.370692249154,16.734971208291));
#6992 = CARTESIAN_POINT('',(12.259664166291,16.625826906729));
#6993 = CARTESIAN_POINT('',(11.147181951593,16.524516420281));
#6994 = CARTESIAN_POINT('',(10.033360070313,16.431063275095));
#6995 = CARTESIAN_POINT('',(8.918328565226,16.345376447226));
#6996 = CARTESIAN_POINT('',(7.802227881394,16.267293875074));
#6997 = CARTESIAN_POINT('',(5.572868952376,16.126216090299));
#6998 = CARTESIAN_POINT('',(4.459613794274,16.063158868687));
#6999 = CARTESIAN_POINT('',(3.345575904007,16.007227111278));
#7000 = CARTESIAN_POINT('',(2.230884439952,15.958169956357));
#7001 = CARTESIAN_POINT('',(1.115657537703,15.915709128016));
#7002 = CARTESIAN_POINT('',(0.,15.879554567148));
#7003 = ( GEOMETRIC_REPRESENTATION_CONTEXT(2) 
PARAMETRIC_REPRESENTATION_CONTEXT() REPRESENTATION_CONTEXT('2D SPACE',''
  ) );
#7004 = ADVANCED_FACE('',(#7005),#6923,.F.);
#7005 = FACE_BOUND('',#7006,.F.);
#7006 = EDGE_LOOP('',(#7007,#7030,#7031,#7054,#7081,#7186,#7214,#7236));
#7007 = ORIENTED_EDGE('',*,*,#7008,.F.);
#7008 = EDGE_CURVE('',#6878,#7009,#7011,.T.);
#7009 = VERTEX_POINT('',#7010);
#7010 = CARTESIAN_POINT('',(222.4,-6.,2.5));
#7011 = SURFACE_CURVE('',#7012,(#7016,#7023),.PCURVE_S1.);
#7012 = LINE('',#7013,#7014);
#7013 = CARTESIAN_POINT('',(222.4,40.5,2.5));
#7014 = VECTOR('',#7015,1.);
#7015 = DIRECTION('',(0.,-1.,0.));
#7016 = PCURVE('',#6923,#7017);
#7017 = DEFINITIONAL_REPRESENTATION('',(#7018),#7022);
#7018 = LINE('',#7019,#7020);
#7019 = CARTESIAN_POINT('',(219.9,46.5));
#7020 = VECTOR('',#7021,1.);
#7021 = DIRECTION('',(0.,-1.));
#7022 = ( GEOMETRIC_REPRESENTATION_CONTEXT(2) 
PARAMETRIC_REPRESENTATION_CONTEXT() REPRESENTATION_CONTEXT('2D SPACE',''
  ) );
#7023 = PCURVE('',#6895,#7024);
#7024 = DEFINITIONAL_REPRESENTATION('',(#7025),#7029);
#7025 = LINE('',#7026,#7027);
#7026 = CARTESIAN_POINT('',(0.,-46.5));
#7027 = VECTOR('',#7028,1.);
#7028 = DIRECTION('',(0.,1.));
#7029 = ( GEOMETRIC_REPRESENTATION_CONTEXT(2) 
PARAMETRIC_REPRESENTATION_CONTEXT() REPRESENTATION_CONTEXT('2D SPACE',''
  ) );
#7030 = ORIENTED_EDGE('',*,*,#6907,.F.);
#7031 = ORIENTED_EDGE('',*,*,#7032,.F.);
#7032 = EDGE_CURVE('',#7033,#6908,#7035,.T.);
#7033 = VERTEX_POINT('',#7034);
#7034 = CARTESIAN_POINT('',(10.,36.984359711336,2.5));
#7035 = SURFACE_CURVE('',#7036,(#7040,#7047),.PCURVE_S1.);
#7036 = LINE('',#7037,#7038);
#7037 = CARTESIAN_POINT('',(10.,5.,2.5));
#7038 = VECTOR('',#7039,1.);
#7039 = DIRECTION('',(0.,1.,0.));
#7040 = PCURVE('',#6923,#7041);
#7041 = DEFINITIONAL_REPRESENTATION('',(#7042),#7046);
#7042 = LINE('',#7043,#7044);
#7043 = CARTESIAN_POINT('',(7.5,11.));
#7044 = VECTOR('',#7045,1.);
#7045 = DIRECTION('',(0.,1.));
#7046 = ( GEOMETRIC_REPRESENTATION_CONTEXT(2) 
PARAMETRIC_REPRESENTATION_CONTEXT() REPRESENTATION_CONTEXT('2D SPACE',''
  ) );
#7047 = PCURVE('',#1031,#7048);
#7048 = DEFINITIONAL_REPRESENTATION('',(#7049),#7053);
#7049 = LINE('',#7050,#7051);
#7050 = CARTESIAN_POINT('',(0.,0.));
#7051 = VECTOR('',#7052,1.);
#7052 = DIRECTION('',(0.,-1.));
#7053 = ( GEOMETRIC_REPRESENTATION_CONTEXT(2) 
PARAMETRIC_REPRESENTATION_CONTEXT() REPRESENTATION_CONTEXT('2D SPACE',''
  ) );
#7054 = ORIENTED_EDGE('',*,*,#7055,.T.);
#7055 = EDGE_CURVE('',#7033,#7056,#7058,.T.);
#7056 = VERTEX_POINT('',#7057);
#7057 = CARTESIAN_POINT('',(218.19986277099,36.984353485855,2.5));
#7058 = SURFACE_CURVE('',#7059,(#7063,#7070),.PCURVE_S1.);
#7059 = LINE('',#7060,#7061);
#7060 = CARTESIAN_POINT('',(0.,36.984359711336,2.5));
#7061 = VECTOR('',#7062,1.);
#7062 = DIRECTION('',(1.,0.,0.));
#7063 = PCURVE('',#6923,#7064);
#7064 = DEFINITIONAL_REPRESENTATION('',(#7065),#7069);
#7065 = LINE('',#7066,#7067);
#7066 = CARTESIAN_POINT('',(-2.5,42.984359711336));
#7067 = VECTOR('',#7068,1.);
#7068 = DIRECTION('',(1.,0.));
#7069 = ( GEOMETRIC_REPRESENTATION_CONTEXT(2) 
PARAMETRIC_REPRESENTATION_CONTEXT() REPRESENTATION_CONTEXT('2D SPACE',''
  ) );
#7070 = PCURVE('',#7071,#7076);
#7071 = CYLINDRICAL_SURFACE('',#7072,14.);
#7072 = AXIS2_PLACEMENT_3D('',#7073,#7074,#7075);
#7073 = CARTESIAN_POINT('',(0.,29.,14.));
#7074 = DIRECTION('',(1.,0.,0.));
#7075 = DIRECTION('',(-0.,1.,0.));
#7076 = DEFINITIONAL_REPRESENTATION('',(#7077),#7080);
#7077 = B_SPLINE_CURVE_WITH_KNOTS('',1,(#7078,#7079),.UNSPECIFIED.,.F.,
  .F.,(2,2),(1.199999399999,223.70000060002),.PIECEWISE_BEZIER_KNOTS.);
#7078 = CARTESIAN_POINT('',(-0.963911416118,1.199999399999));
#7079 = CARTESIAN_POINT('',(-0.963911416118,223.70000060002));
#7080 = ( GEOMETRIC_REPRESENTATION_CONTEXT(2) 
PARAMETRIC_REPRESENTATION_CONTEXT() REPRESENTATION_CONTEXT('2D SPACE',''
  ) );
#7081 = ORIENTED_EDGE('',*,*,#7082,.F.);
#7082 = EDGE_CURVE('',#7083,#7056,#7085,.T.);
#7083 = VERTEX_POINT('',#7084);
#7084 = CARTESIAN_POINT('',(218.88435348585,36.299862770992,2.5));
#7085 = SURFACE_CURVE('',#7086,(#7105,#7127),.PCURVE_S1.);
#7086 = B_SPLINE_CURVE_WITH_KNOTS('',5,(#7087,#7088,#7089,#7090,#7091,
    #7092,#7093,#7094,#7095,#7096,#7097,#7098,#7099,#7100,#7101,#7102,
    #7103,#7104),.UNSPECIFIED.,.F.,.F.,(6,4,4,4,6),(0.,0.251043766366,
    0.500000186157,0.74959069835,1.),.UNSPECIFIED.);
#7087 = CARTESIAN_POINT('',(218.88435348585,36.299862770992,2.5));
#7088 = CARTESIAN_POINT('',(218.88435465984,36.360540037731,2.5));
#7089 = CARTESIAN_POINT('',(218.88019737372,36.419755135672,2.5));
#7090 = CARTESIAN_POINT('',(218.87156628688,36.476993976599,2.5));
#7091 = CARTESIAN_POINT('',(218.85823114892,36.531679024558,2.5));
#7092 = CARTESIAN_POINT('',(218.82219944109,36.6344502674,2.5));
#7093 = CARTESIAN_POINT('',(218.79958189523,36.682588030979,2.5));
#7094 = CARTESIAN_POINT('',(218.77223253847,36.727174579034,2.5));
#7095 = CARTESIAN_POINT('',(218.74027597598,36.767747296287,2.5));
#7096 = CARTESIAN_POINT('',(218.66765463402,36.840368586696,2.5));
#7097 = CARTESIAN_POINT('',(218.62696755412,36.872395520475,2.5));
#7098 = CARTESIAN_POINT('',(218.58224691917,36.899790963199,2.5));
#7099 = CARTESIAN_POINT('',(218.53395933899,36.922429851337,2.5));
#7100 = CARTESIAN_POINT('',(218.43112610515,36.958365774734,2.5));
#7101 = CARTESIAN_POINT('',(218.37655995397,36.971631644863,2.5));
#7102 = CARTESIAN_POINT('',(218.31945581897,36.980218358742,2.5));
#7103 = CARTESIAN_POINT('',(218.26038668766,36.984354656874,2.5));
#7104 = CARTESIAN_POINT('',(218.19986277099,36.984353485855,2.5));
#7105 = PCURVE('',#6923,#7106);
#7106 = DEFINITIONAL_REPRESENTATION('',(#7107),#7126);
#7107 = B_SPLINE_CURVE_WITH_KNOTS('',5,(#7108,#7109,#7110,#7111,#7112,
    #7113,#7114,#7115,#7116,#7117,#7118,#7119,#7120,#7121,#7122,#7123,
    #7124,#7125),.UNSPECIFIED.,.F.,.F.,(6,4,4,4,6),(0.,0.251043766366,
    0.500000186157,0.74959069835,1.),.UNSPECIFIED.);
#7108 = CARTESIAN_POINT('',(216.38435348585,42.299862770992));
#7109 = CARTESIAN_POINT('',(216.38435465984,42.360540037731));
#7110 = CARTESIAN_POINT('',(216.38019737372,42.419755135672));
#7111 = CARTESIAN_POINT('',(216.37156628688,42.476993976599));
#7112 = CARTESIAN_POINT('',(216.35823114892,42.531679024558));
#7113 = CARTESIAN_POINT('',(216.32219944109,42.6344502674));
#7114 = CARTESIAN_POINT('',(216.29958189523,42.682588030979));
#7115 = CARTESIAN_POINT('',(216.27223253847,42.727174579034));
#7116 = CARTESIAN_POINT('',(216.24027597598,42.767747296287));
#7117 = CARTESIAN_POINT('',(216.16765463402,42.840368586696));
#7118 = CARTESIAN_POINT('',(216.12696755412,42.872395520475));
#7119 = CARTESIAN_POINT('',(216.08224691917,42.899790963199));
#7120 = CARTESIAN_POINT('',(216.03395933899,42.922429851337));
#7121 = CARTESIAN_POINT('',(215.93112610515,42.958365774734));
#7122 = CARTESIAN_POINT('',(215.87655995397,42.971631644863));
#7123 = CARTESIAN_POINT('',(215.81945581897,42.980218358742));
#7124 = CARTESIAN_POINT('',(215.76038668766,42.984354656874));
#7125 = CARTESIAN_POINT('',(215.69986277099,42.984353485855));
#7126 = ( GEOMETRIC_REPRESENTATION_CONTEXT(2) 
PARAMETRIC_REPRESENTATION_CONTEXT() REPRESENTATION_CONTEXT('2D SPACE',''
  ) );
#7127 = PCURVE('',#7128,#7165);
#7128 = ( BOUNDED_SURFACE() B_SPLINE_SURFACE(2,11,(
    (#7129,#7130,#7131,#7132,#7133,#7134,#7135,#7136,#7137,#7138,#7139
      ,#7140)
    ,(#7141,#7142,#7143,#7144,#7145,#7146,#7147,#7148,#7149,#7150,#7151
      ,#7152)
    ,(#7153,#7154,#7155,#7156,#7157,#7158,#7159,#7160,#7161,#7162,#7163
,#7164
    )),.UNSPECIFIED.,.F.,.F.,.F.) B_SPLINE_SURFACE_WITH_KNOTS((3,3),(12,
    12),(0.,26.741384523261),(4.219182543723E-15,26.741384523261),
.PIECEWISE_BEZIER_KNOTS.) GEOMETRIC_REPRESENTATION_ITEM() 
RATIONAL_B_SPLINE_SURFACE((
    (1.,1.,1.,0.999999999999,1.000000000001,0.999999999999
      ,1.000000000001,0.999999999999,1.,1.,1.,1.)
    ,(1.,1.,0.987769718649,0.963191288276,0.928052598255,0.882973021542
      ,0.835909293031,0.784725521152,0.746601038547,0.720242962469
      ,0.707106781187,0.707106781187)
    ,(1.,1.,1.,0.999999999999,1.000000000001,0.999999999999
,1.000000000001,0.999999999999,1.,1.,1.,1.
))) REPRESENTATION_ITEM('') SURFACE() );
#7129 = CARTESIAN_POINT('',(210.9,29.,-1.7763568394E-15));
#7130 = CARTESIAN_POINT('',(212.80967037417,31.088701971752,
    -6.306066779871E-14));
#7131 = CARTESIAN_POINT('',(214.71939861355,33.177460484583,
    0.342562968631));
#7132 = CARTESIAN_POINT('',(216.5692962107,35.200851393095,
    1.029751155747));
#7133 = CARTESIAN_POINT('',(218.300867173,37.094627847864,2.037225780129
    ));
#7134 = CARTESIAN_POINT('',(219.85536373408,38.79536469058,
    3.362462045007));
#7135 = CARTESIAN_POINT('',(221.17963671299,40.243291488101,
    4.902442406017));
#7136 = CARTESIAN_POINT('',(222.24243000957,41.406654438893,
    6.680407520647));
#7137 = CARTESIAN_POINT('',(222.97812405701,42.211123452888,
    8.516157987469));
#7138 = CARTESIAN_POINT('',(223.45997274444,42.737681029588,
    10.344132136942));
#7139 = CARTESIAN_POINT('',(223.7,43.,12.172172641862));
#7140 = CARTESIAN_POINT('',(223.7,43.,14.));
#7141 = CARTESIAN_POINT('',(210.9,29.,8.881784197001E-16));
#7142 = CARTESIAN_POINT('',(212.89918617296,30.999186172963,
    -7.549516567451E-14));
#7143 = CARTESIAN_POINT('',(214.94813898708,33.04813898708,
    0.317650453713));
#7144 = CARTESIAN_POINT('',(216.97521603271,35.075216032718,
    0.973730896259));
#7145 = CARTESIAN_POINT('',(218.9005208357,37.000520835705,
    1.984869332191));
#7146 = CARTESIAN_POINT('',(220.60984215241,38.709842152418,
    3.272202935084));
#7147 = CARTESIAN_POINT('',(222.07115671812,40.171156718119,
    4.852676248766));
#7148 = CARTESIAN_POINT('',(223.171623651,41.271623651011,6.502767666306
    ));
#7149 = CARTESIAN_POINT('',(224.01435613499,42.114356134997,
    8.236868775526));
#7150 = CARTESIAN_POINT('',(224.59397624779,42.693976247799,
    10.075059599849));
#7151 = CARTESIAN_POINT('',(224.9,43.,12.000813827037));
#7152 = CARTESIAN_POINT('',(224.9,43.,14.));
#7153 = CARTESIAN_POINT('',(210.9,29.,-1.7763568394E-15));
#7154 = CARTESIAN_POINT('',(212.98870197175,30.909670374173,
    -8.970602038971E-14));
#7155 = CARTESIAN_POINT('',(215.07746048458,32.819398613557,
    0.342562968631));
#7156 = CARTESIAN_POINT('',(217.10085139309,34.66929621071,
    1.029751155747));
#7157 = CARTESIAN_POINT('',(218.99462784786,36.400867173002,
    2.03722578013));
#7158 = CARTESIAN_POINT('',(220.69536469058,37.955363734084,
    3.362462045006));
#7159 = CARTESIAN_POINT('',(222.1432914881,39.279636712992,
    4.902442406018));
#7160 = CARTESIAN_POINT('',(223.30665443889,40.342430009572,
    6.680407520646));
#7161 = CARTESIAN_POINT('',(224.11112345288,41.078124057009,
    8.51615798747));
#7162 = CARTESIAN_POINT('',(224.63768102958,41.559972744446,
    10.344132136942));
#7163 = CARTESIAN_POINT('',(224.9,41.8,12.172172641862));
#7164 = CARTESIAN_POINT('',(224.9,41.8,14.));
#7165 = DEFINITIONAL_REPRESENTATION('',(#7166),#7185);
#7166 = B_SPLINE_CURVE_WITH_KNOTS('',5,(#7167,#7168,#7169,#7170,#7171,
    #7172,#7173,#7174,#7175,#7176,#7177,#7178,#7179,#7180,#7181,#7182,
    #7183,#7184),.UNSPECIFIED.,.F.,.F.,(6,4,4,4,6),(0.,0.251043766366,
    0.500000186157,0.74959069835,1.),.UNSPECIFIED.);
#7167 = CARTESIAN_POINT('',(26.741384523261,9.920783249789));
#7168 = CARTESIAN_POINT('',(25.399281288721,9.957434074871));
#7169 = CARTESIAN_POINT('',(24.057017501934,9.990640808959));
#7170 = CARTESIAN_POINT('',(22.714588442378,10.019920037714));
#7171 = CARTESIAN_POINT('',(21.372003656132,10.044804456421));
#7172 = CARTESIAN_POINT('',(18.697747607875,10.084943562435));
#7173 = CARTESIAN_POINT('',(17.366076567533,10.100277011131));
#7174 = CARTESIAN_POINT('',(16.034313734591,10.110627768014));
#7175 = CARTESIAN_POINT('',(14.702499712929,10.115801779258));
#7176 = CARTESIAN_POINT('',(12.035482736398,10.115801748306));
#7177 = CARTESIAN_POINT('',(10.700276567735,10.110601319921));
#7178 = CARTESIAN_POINT('',(9.365121995736,10.100197720626));
#7179 = CARTESIAN_POINT('',(8.030059898326,10.084787033383));
#7180 = CARTESIAN_POINT('',(5.355808372467,10.044552725782));
#7181 = CARTESIAN_POINT('',(4.016617886594,10.019697969279));
#7182 = CARTESIAN_POINT('',(2.677582392457,9.990472939773));
#7183 = CARTESIAN_POINT('',(1.338711327932,9.957341446992));
#7184 = CARTESIAN_POINT('',(0.,9.920783249789));
#7185 = ( GEOMETRIC_REPRESENTATION_CONTEXT(2) 
PARAMETRIC_REPRESENTATION_CONTEXT() REPRESENTATION_CONTEXT('2D SPACE',''
  ) );
#7186 = ORIENTED_EDGE('',*,*,#7187,.F.);
#7187 = EDGE_CURVE('',#7188,#7083,#7190,.T.);
#7188 = VERTEX_POINT('',#7189);
#7189 = CARTESIAN_POINT('',(218.88435971133,0.,2.5));
#7190 = SURFACE_CURVE('',#7191,(#7195,#7202),.PCURVE_S1.);
#7191 = LINE('',#7192,#7193);
#7192 = CARTESIAN_POINT('',(218.88435971133,0.,2.5));
#7193 = VECTOR('',#7194,1.);
#7194 = DIRECTION('',(-1.715015008253E-07,1.,7.340345267723E-17));
#7195 = PCURVE('',#6923,#7196);
#7196 = DEFINITIONAL_REPRESENTATION('',(#7197),#7201);
#7197 = LINE('',#7198,#7199);
#7198 = CARTESIAN_POINT('',(216.38435971133,6.));
#7199 = VECTOR('',#7200,1.);
#7200 = DIRECTION('',(-1.715015008253E-07,1.));
#7201 = ( GEOMETRIC_REPRESENTATION_CONTEXT(2) 
PARAMETRIC_REPRESENTATION_CONTEXT() REPRESENTATION_CONTEXT('2D SPACE',''
  ) );
#7202 = PCURVE('',#7203,#7208);
#7203 = CYLINDRICAL_SURFACE('',#7204,14.);
#7204 = AXIS2_PLACEMENT_3D('',#7205,#7206,#7207);
#7205 = CARTESIAN_POINT('',(210.9,-43.,14.));
#7206 = DIRECTION('',(0.,1.,0.));
#7207 = DIRECTION('',(1.,0.,-0.));
#7208 = DEFINITIONAL_REPRESENTATION('',(#7209),#7213);
#7209 = LINE('',#7210,#7211);
#7210 = CARTESIAN_POINT('',(0.963911416118,43.));
#7211 = VECTOR('',#7212,1.);
#7212 = DIRECTION('',(0.,1.));
#7213 = ( GEOMETRIC_REPRESENTATION_CONTEXT(2) 
PARAMETRIC_REPRESENTATION_CONTEXT() REPRESENTATION_CONTEXT('2D SPACE',''
  ) );
#7214 = ORIENTED_EDGE('',*,*,#7215,.F.);
#7215 = EDGE_CURVE('',#7216,#7188,#7218,.T.);
#7216 = VERTEX_POINT('',#7217);
#7217 = CARTESIAN_POINT('',(218.88435971133,-6.,2.5));
#7218 = SURFACE_CURVE('',#7219,(#7223,#7230),.PCURVE_S1.);
#7219 = LINE('',#7220,#7221);
#7220 = CARTESIAN_POINT('',(218.88435971133,-43.,2.5));
#7221 = VECTOR('',#7222,1.);
#7222 = DIRECTION('',(0.,1.,0.));
#7223 = PCURVE('',#6923,#7224);
#7224 = DEFINITIONAL_REPRESENTATION('',(#7225),#7229);
#7225 = LINE('',#7226,#7227);
#7226 = CARTESIAN_POINT('',(216.38435971133,-37.));
#7227 = VECTOR('',#7228,1.);
#7228 = DIRECTION('',(0.,1.));
#7229 = ( GEOMETRIC_REPRESENTATION_CONTEXT(2) 
PARAMETRIC_REPRESENTATION_CONTEXT() REPRESENTATION_CONTEXT('2D SPACE',''
  ) );
#7230 = PCURVE('',#7203,#7231);
#7231 = DEFINITIONAL_REPRESENTATION('',(#7232),#7235);
#7232 = B_SPLINE_CURVE_WITH_KNOTS('',1,(#7233,#7234),.UNSPECIFIED.,.F.,
  .F.,(2,2),(1.199999399999,43.0000006),.PIECEWISE_BEZIER_KNOTS.);
#7233 = CARTESIAN_POINT('',(0.963911416118,1.199999399999));
#7234 = CARTESIAN_POINT('',(0.963911416118,43.0000006));
#7235 = ( GEOMETRIC_REPRESENTATION_CONTEXT(2) 
PARAMETRIC_REPRESENTATION_CONTEXT() REPRESENTATION_CONTEXT('2D SPACE',''
  ) );
#7236 = ORIENTED_EDGE('',*,*,#7237,.T.);
#7237 = EDGE_CURVE('',#7216,#7009,#7238,.T.);
#7238 = SURFACE_CURVE('',#7239,(#7243,#7250),.PCURVE_S1.);
#7239 = LINE('',#7240,#7241);
#7240 = CARTESIAN_POINT('',(2.5,-6.,2.5));
#7241 = VECTOR('',#7242,1.);
#7242 = DIRECTION('',(1.,0.,0.));
#7243 = PCURVE('',#6923,#7244);
#7244 = DEFINITIONAL_REPRESENTATION('',(#7245),#7249);
#7245 = LINE('',#7246,#7247);
#7246 = CARTESIAN_POINT('',(0.,0.));
#7247 = VECTOR('',#7248,1.);
#7248 = DIRECTION('',(1.,0.));
#7249 = ( GEOMETRIC_REPRESENTATION_CONTEXT(2) 
PARAMETRIC_REPRESENTATION_CONTEXT() REPRESENTATION_CONTEXT('2D SPACE',''
  ) );
#7250 = PCURVE('',#765,#7251);
#7251 = DEFINITIONAL_REPRESENTATION('',(#7252),#7256);
#7252 = LINE('',#7253,#7254);
#7253 = CARTESIAN_POINT('',(0.,0.));
#7254 = VECTOR('',#7255,1.);
#7255 = DIRECTION('',(0.,1.));
#7256 = ( GEOMETRIC_REPRESENTATION_CONTEXT(2) 
PARAMETRIC_REPRESENTATION_CONTEXT() REPRESENTATION_CONTEXT('2D SPACE',''
  ) );
#7257 = ADVANCED_FACE('',(#7258),#7203,.T.);
#7258 = FACE_BOUND('',#7259,.T.);
#7259 = EDGE_LOOP('',(#7260,#7286,#7364,#7392,#7431,#7432));
#7260 = ORIENTED_EDGE('',*,*,#7261,.F.);
#7261 = EDGE_CURVE('',#7262,#7216,#7264,.T.);
#7262 = VERTEX_POINT('',#7263);
#7263 = CARTESIAN_POINT('',(218.88435348585,-36.29986277099,2.5));
#7264 = SURFACE_CURVE('',#7265,(#7269,#7275),.PCURVE_S1.);
#7265 = LINE('',#7266,#7267);
#7266 = CARTESIAN_POINT('',(218.88435971133,-43.,2.5));
#7267 = VECTOR('',#7268,1.);
#7268 = DIRECTION('',(0.,1.,0.));
#7269 = PCURVE('',#7203,#7270);
#7270 = DEFINITIONAL_REPRESENTATION('',(#7271),#7274);
#7271 = B_SPLINE_CURVE_WITH_KNOTS('',1,(#7272,#7273),.UNSPECIFIED.,.F.,
  .F.,(2,2),(1.199999399999,43.0000006),.PIECEWISE_BEZIER_KNOTS.);
#7272 = CARTESIAN_POINT('',(0.963911416118,1.199999399999));
#7273 = CARTESIAN_POINT('',(0.963911416118,43.0000006));
#7274 = ( GEOMETRIC_REPRESENTATION_CONTEXT(2) 
PARAMETRIC_REPRESENTATION_CONTEXT() REPRESENTATION_CONTEXT('2D SPACE',''
  ) );
#7275 = PCURVE('',#7276,#7281);
#7276 = PLANE('',#7277);
#7277 = AXIS2_PLACEMENT_3D('',#7278,#7279,#7280);
#7278 = CARTESIAN_POINT('',(2.5,-40.5,2.5));
#7279 = DIRECTION('',(0.,0.,1.));
#7280 = DIRECTION('',(1.,0.,0.));
#7281 = DEFINITIONAL_REPRESENTATION('',(#7282),#7285);
#7282 = B_SPLINE_CURVE_WITH_KNOTS('',1,(#7283,#7284),.UNSPECIFIED.,.F.,
  .F.,(2,2),(1.199999399999,43.0000006),.PIECEWISE_BEZIER_KNOTS.);
#7283 = CARTESIAN_POINT('',(216.38435971133,-1.300000600001));
#7284 = CARTESIAN_POINT('',(216.38435971133,40.5000006));
#7285 = ( GEOMETRIC_REPRESENTATION_CONTEXT(2) 
PARAMETRIC_REPRESENTATION_CONTEXT() REPRESENTATION_CONTEXT('2D SPACE',''
  ) );
#7286 = ORIENTED_EDGE('',*,*,#7287,.F.);
#7287 = EDGE_CURVE('',#7288,#7262,#7290,.T.);
#7288 = VERTEX_POINT('',#7289);
#7289 = CARTESIAN_POINT('',(210.9,-29.,-1.7763568394E-15));
#7290 = SURFACE_CURVE('',#7291,(#7304,#7320),.PCURVE_S1.);
#7291 = ( BOUNDED_CURVE() B_SPLINE_CURVE(11,(#7292,#7293,#7294,#7295,
    #7296,#7297,#7298,#7299,#7300,#7301,#7302,#7303),.UNSPECIFIED.,.F.,
.F.) B_SPLINE_CURVE_WITH_KNOTS((12,12),(1.283542552148E-15,
26.741384523261),.PIECEWISE_BEZIER_KNOTS.) CURVE() 
GEOMETRIC_REPRESENTATION_ITEM() RATIONAL_B_SPLINE_CURVE((1.,1.,
    0.999999999999,1.000000000001,0.999999999998,1.000000000003,
    0.999999999998,1.000000000002,0.999999999999,1.,1.,1.)) 
REPRESENTATION_ITEM('') );
#7292 = CARTESIAN_POINT('',(210.9,-29.,-1.7763568394E-15));
#7293 = CARTESIAN_POINT('',(212.98870197175,-30.90967037417,
    4.671818487623E-13));
#7294 = CARTESIAN_POINT('',(215.07746048458,-32.81939861355,
    0.342562968629));
#7295 = CARTESIAN_POINT('',(217.10085139309,-34.66929621071,
    1.02975115575));
#7296 = CARTESIAN_POINT('',(218.99462784786,-36.400867173,2.037225780126
    ));
#7297 = CARTESIAN_POINT('',(220.69536469057,-37.95536373407,
    3.362462045006));
#7298 = CARTESIAN_POINT('',(222.14329148811,-39.279636713,4.902442406024
    ));
#7299 = CARTESIAN_POINT('',(223.30665443888,-40.34243000955,
    6.680407520637));
#7300 = CARTESIAN_POINT('',(224.11112345289,-41.07812405701,
    8.516157987477));
#7301 = CARTESIAN_POINT('',(224.63768102958,-41.55997274444,
    10.344132136938));
#7302 = CARTESIAN_POINT('',(224.9,-41.8,12.172172641863));
#7303 = CARTESIAN_POINT('',(224.9,-41.8,14.));
#7304 = PCURVE('',#7203,#7305);
#7305 = DEFINITIONAL_REPRESENTATION('',(#7306),#7319);
#7306 = B_SPLINE_CURVE_WITH_KNOTS('',11,(#7307,#7308,#7309,#7310,#7311,
    #7312,#7313,#7314,#7315,#7316,#7317,#7318),.UNSPECIFIED.,.F.,.F.,(12
    ,12),(1.283542552148E-15,26.741384523261),.PIECEWISE_BEZIER_KNOTS.);
#7307 = CARTESIAN_POINT('',(1.570796326795,14.));
#7308 = CARTESIAN_POINT('',(1.421603328813,12.090329625826));
#7309 = CARTESIAN_POINT('',(1.272417492603,10.180572334493));
#7310 = CARTESIAN_POINT('',(1.123343627587,8.330849015607));
#7311 = CARTESIAN_POINT('',(0.974965760562,6.598781338711));
#7312 = CARTESIAN_POINT('',(0.826379210831,5.045153598679));
#7313 = CARTESIAN_POINT('',(0.68068809815,3.719869674463));
#7314 = CARTESIAN_POINT('',(0.534794545415,2.65787496571));
#7315 = CARTESIAN_POINT('',(0.394699261822,1.921761741648));
#7316 = CARTESIAN_POINT('',(0.261132779188,1.440047846984));
#7317 = CARTESIAN_POINT('',(0.13055909701,1.199999999999));
#7318 = CARTESIAN_POINT('',(1.736222202557E-16,1.2));
#7319 = ( GEOMETRIC_REPRESENTATION_CONTEXT(2) 
PARAMETRIC_REPRESENTATION_CONTEXT() REPRESENTATION_CONTEXT('2D SPACE',''
  ) );
#7320 = PCURVE('',#7321,#7358);
#7321 = ( BOUNDED_SURFACE() B_SPLINE_SURFACE(2,11,(
    (#7322,#7323,#7324,#7325,#7326,#7327,#7328,#7329,#7330,#7331,#7332
      ,#7333)
    ,(#7334,#7335,#7336,#7337,#7338,#7339,#7340,#7341,#7342,#7343,#7344
      ,#7345)
    ,(#7346,#7347,#7348,#7349,#7350,#7351,#7352,#7353,#7354,#7355,#7356
,#7357
    )),.UNSPECIFIED.,.F.,.F.,.F.) B_SPLINE_SURFACE_WITH_KNOTS((3,3),(12,
    12),(0.,26.741384523261),(1.283542552148E-15,26.741384523261),
.PIECEWISE_BEZIER_KNOTS.) GEOMETRIC_REPRESENTATION_ITEM() 
RATIONAL_B_SPLINE_SURFACE((
    (1.,1.,0.999999999999,1.000000000001,0.999999999998,1.000000000003
      ,0.999999999998,1.000000000002,0.999999999999,1.,1.,1.)
    ,(1.,1.,0.987769718649,0.963191288277,0.928052598252,0.882973021545
      ,0.835909293028,0.784725521154,0.746601038546,0.720242962469
      ,0.707106781186,0.707106781187)
    ,(1.,1.,0.999999999999,1.000000000001,0.999999999998,1.000000000003
      ,0.999999999998,1.000000000002,0.999999999999,1.,1.,1.
))) REPRESENTATION_ITEM('') SURFACE() );
#7322 = CARTESIAN_POINT('',(210.9,-29.,-1.7763568394E-15));
#7323 = CARTESIAN_POINT('',(212.80967037417,-31.08870197175,
    4.458655666895E-13));
#7324 = CARTESIAN_POINT('',(214.71939861355,-33.17746048458,
    0.342562968629));
#7325 = CARTESIAN_POINT('',(216.56929621071,-35.20085139309,
    1.02975115575));
#7326 = CARTESIAN_POINT('',(218.300867173,-37.09462784786,2.037225780126
    ));
#7327 = CARTESIAN_POINT('',(219.85536373407,-38.79536469057,
    3.362462045005));
#7328 = CARTESIAN_POINT('',(221.17963671301,-40.24329148811,
    4.902442406024));
#7329 = CARTESIAN_POINT('',(222.24243000955,-41.40665443888,
    6.680407520637));
#7330 = CARTESIAN_POINT('',(222.97812405701,-42.21112345289,
    8.516157987477));
#7331 = CARTESIAN_POINT('',(223.45997274444,-42.73768102958,
    10.344132136938));
#7332 = CARTESIAN_POINT('',(223.7,-43.,12.172172641863));
#7333 = CARTESIAN_POINT('',(223.7,-43.,14.));
#7334 = CARTESIAN_POINT('',(210.9,-29.,-4.440892098501E-15));
#7335 = CARTESIAN_POINT('',(212.89918617296,-30.99918617296,
    3.268496584496E-13));
#7336 = CARTESIAN_POINT('',(214.94813898707,-33.04813898707,
    0.317650453711));
#7337 = CARTESIAN_POINT('',(216.97521603271,-35.07521603271,
    0.973730896261));
#7338 = CARTESIAN_POINT('',(218.9005208357,-37.0005208357,1.984869332189
    ));
#7339 = CARTESIAN_POINT('',(220.60984215241,-38.7098421524,
    3.272202935081));
#7340 = CARTESIAN_POINT('',(222.07115671813,-40.17115671813,
    4.852676248775));
#7341 = CARTESIAN_POINT('',(223.17162365099,-41.27162365099,
    6.502767666296));
#7342 = CARTESIAN_POINT('',(224.014356135,-42.114356135,8.236868775534)
  );
#7343 = CARTESIAN_POINT('',(224.59397624779,-42.69397624779,
    10.075059599845));
#7344 = CARTESIAN_POINT('',(224.9,-43.,12.000813827038));
#7345 = CARTESIAN_POINT('',(224.9,-43.,14.));
#7346 = CARTESIAN_POINT('',(210.9,-29.,-1.7763568394E-15));
#7347 = CARTESIAN_POINT('',(212.98870197175,-30.90967037417,
    4.671818487623E-13));
#7348 = CARTESIAN_POINT('',(215.07746048458,-32.81939861355,
    0.342562968629));
#7349 = CARTESIAN_POINT('',(217.10085139309,-34.66929621071,
    1.02975115575));
#7350 = CARTESIAN_POINT('',(218.99462784786,-36.400867173,2.037225780126
    ));
#7351 = CARTESIAN_POINT('',(220.69536469057,-37.95536373407,
    3.362462045006));
#7352 = CARTESIAN_POINT('',(222.14329148811,-39.279636713,4.902442406024
    ));
#7353 = CARTESIAN_POINT('',(223.30665443888,-40.34243000955,
    6.680407520637));
#7354 = CARTESIAN_POINT('',(224.11112345289,-41.07812405701,
    8.516157987477));
#7355 = CARTESIAN_POINT('',(224.63768102958,-41.55997274444,
    10.344132136938));
#7356 = CARTESIAN_POINT('',(224.9,-41.8,12.172172641863));
#7357 = CARTESIAN_POINT('',(224.9,-41.8,14.));
#7358 = DEFINITIONAL_REPRESENTATION('',(#7359),#7363);
#7359 = LINE('',#7360,#7361);
#7360 = CARTESIAN_POINT('',(26.741384523261,0.));
#7361 = VECTOR('',#7362,1.);
#7362 = DIRECTION('',(0.,1.));
#7363 = ( GEOMETRIC_REPRESENTATION_CONTEXT(2) 
PARAMETRIC_REPRESENTATION_CONTEXT() REPRESENTATION_CONTEXT('2D SPACE',''
  ) );
#7364 = ORIENTED_EDGE('',*,*,#7365,.T.);
#7365 = EDGE_CURVE('',#7288,#7366,#7368,.T.);
#7366 = VERTEX_POINT('',#7367);
#7367 = CARTESIAN_POINT('',(210.9,29.,-1.7763568394E-15));
#7368 = SURFACE_CURVE('',#7369,(#7373,#7380),.PCURVE_S1.);
#7369 = LINE('',#7370,#7371);
#7370 = CARTESIAN_POINT('',(210.9,-29.,-1.7763568394E-15));
#7371 = VECTOR('',#7372,1.);
#7372 = DIRECTION('',(0.,1.,0.));
#7373 = PCURVE('',#7203,#7374);
#7374 = DEFINITIONAL_REPRESENTATION('',(#7375),#7379);
#7375 = LINE('',#7376,#7377);
#7376 = CARTESIAN_POINT('',(1.570796326795,14.));
#7377 = VECTOR('',#7378,1.);
#7378 = DIRECTION('',(0.,1.));
#7379 = ( GEOMETRIC_REPRESENTATION_CONTEXT(2) 
PARAMETRIC_REPRESENTATION_CONTEXT() REPRESENTATION_CONTEXT('2D SPACE',''
  ) );
#7380 = PCURVE('',#7381,#7386);
#7381 = PLANE('',#7382);
#7382 = AXIS2_PLACEMENT_3D('',#7383,#7384,#7385);
#7383 = CARTESIAN_POINT('',(0.,-43.,0.));
#7384 = DIRECTION('',(0.,0.,1.));
#7385 = DIRECTION('',(1.,0.,0.));
#7386 = DEFINITIONAL_REPRESENTATION('',(#7387),#7391);
#7387 = LINE('',#7388,#7389);
#7388 = CARTESIAN_POINT('',(210.9,14.));
#7389 = VECTOR('',#7390,1.);
#7390 = DIRECTION('',(0.,1.));
#7391 = ( GEOMETRIC_REPRESENTATION_CONTEXT(2) 
PARAMETRIC_REPRESENTATION_CONTEXT() REPRESENTATION_CONTEXT('2D SPACE',''
  ) );
#7392 = ORIENTED_EDGE('',*,*,#7393,.T.);
#7393 = EDGE_CURVE('',#7366,#7083,#7394,.T.);
#7394 = SURFACE_CURVE('',#7395,(#7408,#7424),.PCURVE_S1.);
#7395 = ( BOUNDED_CURVE() B_SPLINE_CURVE(11,(#7396,#7397,#7398,#7399,
    #7400,#7401,#7402,#7403,#7404,#7405,#7406,#7407),.UNSPECIFIED.,.F.,
.F.) B_SPLINE_CURVE_WITH_KNOTS((12,12),(4.219182543723E-15,
26.741384523261),.PIECEWISE_BEZIER_KNOTS.) CURVE() 
GEOMETRIC_REPRESENTATION_ITEM() RATIONAL_B_SPLINE_CURVE((1.,1.,1.,
    0.999999999999,1.000000000001,0.999999999999,1.000000000001,
0.999999999999,1.,1.,1.,1.)) REPRESENTATION_ITEM('') );
#7396 = CARTESIAN_POINT('',(210.9,29.,-1.7763568394E-15));
#7397 = CARTESIAN_POINT('',(212.98870197175,30.909670374173,
    -8.970602038971E-14));
#7398 = CARTESIAN_POINT('',(215.07746048458,32.819398613557,
    0.342562968631));
#7399 = CARTESIAN_POINT('',(217.10085139309,34.66929621071,
    1.029751155747));
#7400 = CARTESIAN_POINT('',(218.99462784786,36.400867173002,
    2.03722578013));
#7401 = CARTESIAN_POINT('',(220.69536469058,37.955363734084,
    3.362462045006));
#7402 = CARTESIAN_POINT('',(222.1432914881,39.279636712992,
    4.902442406018));
#7403 = CARTESIAN_POINT('',(223.30665443889,40.342430009572,
    6.680407520646));
#7404 = CARTESIAN_POINT('',(224.11112345288,41.078124057009,
    8.51615798747));
#7405 = CARTESIAN_POINT('',(224.63768102958,41.559972744446,
    10.344132136942));
#7406 = CARTESIAN_POINT('',(224.9,41.8,12.172172641862));
#7407 = CARTESIAN_POINT('',(224.9,41.8,14.));
#7408 = PCURVE('',#7203,#7409);
#7409 = DEFINITIONAL_REPRESENTATION('',(#7410),#7423);
#7410 = B_SPLINE_CURVE_WITH_KNOTS('',11,(#7411,#7412,#7413,#7414,#7415,
    #7416,#7417,#7418,#7419,#7420,#7421,#7422),.UNSPECIFIED.,.F.,.F.,(12
    ,12),(4.219182543723E-15,26.741384523261),.PIECEWISE_BEZIER_KNOTS.);
#7411 = CARTESIAN_POINT('',(1.570796326795,72.));
#7412 = CARTESIAN_POINT('',(1.421603328812,73.90967037417));
#7413 = CARTESIAN_POINT('',(1.272417492604,75.819427665524));
#7414 = CARTESIAN_POINT('',(1.123343627585,77.66915098436));
#7415 = CARTESIAN_POINT('',(0.974965760567,79.40121866133));
#7416 = CARTESIAN_POINT('',(0.826379210826,80.954846401287));
#7417 = CARTESIAN_POINT('',(0.680688098156,82.280130325557));
#7418 = CARTESIAN_POINT('',(0.534794545411,83.342125034281));
#7419 = CARTESIAN_POINT('',(0.394699261824,84.078238258354));
#7420 = CARTESIAN_POINT('',(0.261132779187,84.559952153015));
#7421 = CARTESIAN_POINT('',(0.13055909701,84.800000000001));
#7422 = CARTESIAN_POINT('',(4.440892098501E-16,84.8));
#7423 = ( GEOMETRIC_REPRESENTATION_CONTEXT(2) 
PARAMETRIC_REPRESENTATION_CONTEXT() REPRESENTATION_CONTEXT('2D SPACE',''
  ) );
#7424 = PCURVE('',#7128,#7425);
#7425 = DEFINITIONAL_REPRESENTATION('',(#7426),#7430);
#7426 = LINE('',#7427,#7428);
#7427 = CARTESIAN_POINT('',(26.741384523261,0.));
#7428 = VECTOR('',#7429,1.);
#7429 = DIRECTION('',(0.,1.));
#7430 = ( GEOMETRIC_REPRESENTATION_CONTEXT(2) 
PARAMETRIC_REPRESENTATION_CONTEXT() REPRESENTATION_CONTEXT('2D SPACE',''
  ) );
#7431 = ORIENTED_EDGE('',*,*,#7187,.F.);
#7432 = ORIENTED_EDGE('',*,*,#7215,.F.);
#7433 = ADVANCED_FACE('',(#7434),#7381,.F.);
#7434 = FACE_BOUND('',#7435,.F.);
#7435 = EDGE_LOOP('',(#7436,#7466,#7492,#7493));
#7436 = ORIENTED_EDGE('',*,*,#7437,.T.);
#7437 = EDGE_CURVE('',#7438,#7440,#7442,.T.);
#7438 = VERTEX_POINT('',#7439);
#7439 = CARTESIAN_POINT('',(14.,29.,-1.7763568394E-15));
#7440 = VERTEX_POINT('',#7441);
#7441 = CARTESIAN_POINT('',(14.,-29.,-1.7763568394E-15));
#7442 = SURFACE_CURVE('',#7443,(#7447,#7454),.PCURVE_S1.);
#7443 = LINE('',#7444,#7445);
#7444 = CARTESIAN_POINT('',(14.,29.,-1.7763568394E-15));
#7445 = VECTOR('',#7446,1.);
#7446 = DIRECTION('',(0.,-1.,0.));
#7447 = PCURVE('',#7381,#7448);
#7448 = DEFINITIONAL_REPRESENTATION('',(#7449),#7453);
#7449 = LINE('',#7450,#7451);
#7450 = CARTESIAN_POINT('',(14.,72.));
#7451 = VECTOR('',#7452,1.);
#7452 = DIRECTION('',(0.,-1.));
#7453 = ( GEOMETRIC_REPRESENTATION_CONTEXT(2) 
PARAMETRIC_REPRESENTATION_CONTEXT() REPRESENTATION_CONTEXT('2D SPACE',''
  ) );
#7454 = PCURVE('',#7455,#7460);
#7455 = CYLINDRICAL_SURFACE('',#7456,14.);
#7456 = AXIS2_PLACEMENT_3D('',#7457,#7458,#7459);
#7457 = CARTESIAN_POINT('',(14.,-43.,14.));
#7458 = DIRECTION('',(0.,1.,0.));
#7459 = DIRECTION('',(-1.,0.,0.));
#7460 = DEFINITIONAL_REPRESENTATION('',(#7461),#7465);
#7461 = LINE('',#7462,#7463);
#7462 = CARTESIAN_POINT('',(-1.570796326795,72.));
#7463 = VECTOR('',#7464,1.);
#7464 = DIRECTION('',(-0.,-1.));
#7465 = ( GEOMETRIC_REPRESENTATION_CONTEXT(2) 
PARAMETRIC_REPRESENTATION_CONTEXT() REPRESENTATION_CONTEXT('2D SPACE',''
  ) );
#7466 = ORIENTED_EDGE('',*,*,#7467,.T.);
#7467 = EDGE_CURVE('',#7440,#7288,#7468,.T.);
#7468 = SURFACE_CURVE('',#7469,(#7473,#7480),.PCURVE_S1.);
#7469 = LINE('',#7470,#7471);
#7470 = CARTESIAN_POINT('',(0.,-29.,-1.7763568394E-15));
#7471 = VECTOR('',#7472,1.);
#7472 = DIRECTION('',(1.,0.,0.));
#7473 = PCURVE('',#7381,#7474);
#7474 = DEFINITIONAL_REPRESENTATION('',(#7475),#7479);
#7475 = LINE('',#7476,#7477);
#7476 = CARTESIAN_POINT('',(0.,14.));
#7477 = VECTOR('',#7478,1.);
#7478 = DIRECTION('',(1.,0.));
#7479 = ( GEOMETRIC_REPRESENTATION_CONTEXT(2) 
PARAMETRIC_REPRESENTATION_CONTEXT() REPRESENTATION_CONTEXT('2D SPACE',''
  ) );
#7480 = PCURVE('',#7481,#7486);
#7481 = CYLINDRICAL_SURFACE('',#7482,14.);
#7482 = AXIS2_PLACEMENT_3D('',#7483,#7484,#7485);
#7483 = CARTESIAN_POINT('',(0.,-29.,14.));
#7484 = DIRECTION('',(1.,0.,0.));
#7485 = DIRECTION('',(0.,-1.,0.));
#7486 = DEFINITIONAL_REPRESENTATION('',(#7487),#7491);
#7487 = LINE('',#7488,#7489);
#7488 = CARTESIAN_POINT('',(1.570796326795,0.));
#7489 = VECTOR('',#7490,1.);
#7490 = DIRECTION('',(0.,1.));
#7491 = ( GEOMETRIC_REPRESENTATION_CONTEXT(2) 
PARAMETRIC_REPRESENTATION_CONTEXT() REPRESENTATION_CONTEXT('2D SPACE',''
  ) );
#7492 = ORIENTED_EDGE('',*,*,#7365,.T.);
#7493 = ORIENTED_EDGE('',*,*,#7494,.F.);
#7494 = EDGE_CURVE('',#7438,#7366,#7495,.T.);
#7495 = SURFACE_CURVE('',#7496,(#7500,#7507),.PCURVE_S1.);
#7496 = LINE('',#7497,#7498);
#7497 = CARTESIAN_POINT('',(0.,29.,-1.7763568394E-15));
#7498 = VECTOR('',#7499,1.);
#7499 = DIRECTION('',(1.,0.,0.));
#7500 = PCURVE('',#7381,#7501);
#7501 = DEFINITIONAL_REPRESENTATION('',(#7502),#7506);
#7502 = LINE('',#7503,#7504);
#7503 = CARTESIAN_POINT('',(0.,72.));
#7504 = VECTOR('',#7505,1.);
#7505 = DIRECTION('',(1.,0.));
#7506 = ( GEOMETRIC_REPRESENTATION_CONTEXT(2) 
PARAMETRIC_REPRESENTATION_CONTEXT() REPRESENTATION_CONTEXT('2D SPACE',''
  ) );
#7507 = PCURVE('',#7071,#7508);
#7508 = DEFINITIONAL_REPRESENTATION('',(#7509),#7513);
#7509 = LINE('',#7510,#7511);
#7510 = CARTESIAN_POINT('',(-1.570796326795,0.));
#7511 = VECTOR('',#7512,1.);
#7512 = DIRECTION('',(-0.,1.));
#7513 = ( GEOMETRIC_REPRESENTATION_CONTEXT(2) 
PARAMETRIC_REPRESENTATION_CONTEXT() REPRESENTATION_CONTEXT('2D SPACE',''
  ) );
#7514 = ADVANCED_FACE('',(#7515),#7481,.T.);
#7515 = FACE_BOUND('',#7516,.T.);
#7516 = EDGE_LOOP('',(#7517,#7540,#7616,#7617));
#7517 = ORIENTED_EDGE('',*,*,#7518,.F.);
#7518 = EDGE_CURVE('',#7519,#7521,#7523,.T.);
#7519 = VERTEX_POINT('',#7520);
#7520 = CARTESIAN_POINT('',(6.700137229008,-36.98435348585,2.5));
#7521 = VERTEX_POINT('',#7522);
#7522 = CARTESIAN_POINT('',(218.19986277099,-36.98435348585,2.5));
#7523 = SURFACE_CURVE('',#7524,(#7528,#7534),.PCURVE_S1.);
#7524 = LINE('',#7525,#7526);
#7525 = CARTESIAN_POINT('',(0.,-36.98435971133,2.5));
#7526 = VECTOR('',#7527,1.);
#7527 = DIRECTION('',(1.,0.,0.));
#7528 = PCURVE('',#7481,#7529);
#7529 = DEFINITIONAL_REPRESENTATION('',(#7530),#7533);
#7530 = B_SPLINE_CURVE_WITH_KNOTS('',1,(#7531,#7532),.UNSPECIFIED.,.F.,
  .F.,(2,2),(1.1999994,223.7000006),.PIECEWISE_BEZIER_KNOTS.);
#7531 = CARTESIAN_POINT('',(0.963911416118,1.1999994));
#7532 = CARTESIAN_POINT('',(0.963911416118,223.7000006));
#7533 = ( GEOMETRIC_REPRESENTATION_CONTEXT(2) 
PARAMETRIC_REPRESENTATION_CONTEXT() REPRESENTATION_CONTEXT('2D SPACE',''
  ) );
#7534 = PCURVE('',#7276,#7535);
#7535 = DEFINITIONAL_REPRESENTATION('',(#7536),#7539);
#7536 = B_SPLINE_CURVE_WITH_KNOTS('',1,(#7537,#7538),.UNSPECIFIED.,.F.,
  .F.,(2,2),(1.1999994,223.7000006),.PIECEWISE_BEZIER_KNOTS.);
#7537 = CARTESIAN_POINT('',(-1.3000006,3.515640288664));
#7538 = CARTESIAN_POINT('',(221.2000006,3.515640288664));
#7539 = ( GEOMETRIC_REPRESENTATION_CONTEXT(2) 
PARAMETRIC_REPRESENTATION_CONTEXT() REPRESENTATION_CONTEXT('2D SPACE',''
  ) );
#7540 = ORIENTED_EDGE('',*,*,#7541,.F.);
#7541 = EDGE_CURVE('',#7440,#7519,#7542,.T.);
#7542 = SURFACE_CURVE('',#7543,(#7556,#7572),.PCURVE_S1.);
#7543 = ( BOUNDED_CURVE() B_SPLINE_CURVE(11,(#7544,#7545,#7546,#7547,
    #7548,#7549,#7550,#7551,#7552,#7553,#7554,#7555),.UNSPECIFIED.,.F.,
.F.) B_SPLINE_CURVE_WITH_KNOTS((12,12),(0.,26.741384523261),
.PIECEWISE_BEZIER_KNOTS.) CURVE() GEOMETRIC_REPRESENTATION_ITEM() 
RATIONAL_B_SPLINE_CURVE((1.,1.,1.,1.,1.,1.,1.,1.,1.,1.,1.,1.)) 
REPRESENTATION_ITEM('') );
#7544 = CARTESIAN_POINT('',(14.,-29.,-1.7763568394E-15));
#7545 = CARTESIAN_POINT('',(12.090329625826,-31.08870197175,
    7.638334409421E-14));
#7546 = CARTESIAN_POINT('',(10.180601386442,-33.17746048458,
    0.34256296863));
#7547 = CARTESIAN_POINT('',(8.330703789292,-35.20085139309,
    1.029751155748));
#7548 = CARTESIAN_POINT('',(6.599132826992,-37.09462784787,
    2.037225780129));
#7549 = CARTESIAN_POINT('',(5.044636265925,-38.79536469057,
    3.362462045005));
#7550 = CARTESIAN_POINT('',(3.720363286997,-40.24329148811,
    4.902442406021));
#7551 = CARTESIAN_POINT('',(2.657569990437,-41.40665443888,
    6.680407520643));
#7552 = CARTESIAN_POINT('',(1.921875942986,-42.21112345289,
    8.516157987472));
#7553 = CARTESIAN_POINT('',(1.440027255556,-42.73768102958,
    10.344132136941));
#7554 = CARTESIAN_POINT('',(1.2,-43.,12.172172641862));
#7555 = CARTESIAN_POINT('',(1.2,-43.,14.));
#7556 = PCURVE('',#7481,#7557);
#7557 = DEFINITIONAL_REPRESENTATION('',(#7558),#7571);
#7558 = B_SPLINE_CURVE_WITH_KNOTS('',11,(#7559,#7560,#7561,#7562,#7563,
    #7564,#7565,#7566,#7567,#7568,#7569,#7570),.UNSPECIFIED.,.F.,.F.,(12
    ,12),(0.,26.741384523261),.PIECEWISE_BEZIER_KNOTS.);
#7559 = CARTESIAN_POINT('',(1.570796326795,14.));
#7560 = CARTESIAN_POINT('',(1.421603328813,12.090329625826));
#7561 = CARTESIAN_POINT('',(1.272417492603,10.180572334492));
#7562 = CARTESIAN_POINT('',(1.123343627587,8.330849015609));
#7563 = CARTESIAN_POINT('',(0.974965760564,6.59878133871));
#7564 = CARTESIAN_POINT('',(0.826379210829,5.045153598675));
#7565 = CARTESIAN_POINT('',(0.680688098153,3.719869674472));
#7566 = CARTESIAN_POINT('',(0.534794545413,2.6578749657));
#7567 = CARTESIAN_POINT('',(0.394699261823,1.921761741657));
#7568 = CARTESIAN_POINT('',(0.261132779187,1.44004784698));
#7569 = CARTESIAN_POINT('',(0.13055909701,1.2));
#7570 = CARTESIAN_POINT('',(2.84644522718E-16,1.2));
#7571 = ( GEOMETRIC_REPRESENTATION_CONTEXT(2) 
PARAMETRIC_REPRESENTATION_CONTEXT() REPRESENTATION_CONTEXT('2D SPACE',''
  ) );
#7572 = PCURVE('',#7573,#7610);
#7573 = ( BOUNDED_SURFACE() B_SPLINE_SURFACE(2,11,(
    (#7574,#7575,#7576,#7577,#7578,#7579,#7580,#7581,#7582,#7583,#7584
      ,#7585)
    ,(#7586,#7587,#7588,#7589,#7590,#7591,#7592,#7593,#7594,#7595,#7596
      ,#7597)
    ,(#7598,#7599,#7600,#7601,#7602,#7603,#7604,#7605,#7606,#7607,#7608
,#7609
    )),.UNSPECIFIED.,.F.,.F.,.F.) B_SPLINE_SURFACE_WITH_KNOTS((3,3),(12,
    12),(0.,26.741384523261),(0.,26.741384523261),
.PIECEWISE_BEZIER_KNOTS.) GEOMETRIC_REPRESENTATION_ITEM() 
RATIONAL_B_SPLINE_SURFACE((
    (1.,1.,1.,1.,1.,1.,1.,1.,1.,1.,1.,1.)
    ,(1.,1.,0.987769718649,0.963191288276,0.928052598254,0.882973021543
      ,0.83590929303,0.784725521152,0.746601038547,0.720242962469
      ,0.707106781187,0.707106781187)
,(1.,1.,1.,1.,1.,1.,1.,1.,1.,1.,1.,1.
))) REPRESENTATION_ITEM('') SURFACE() );
#7574 = CARTESIAN_POINT('',(14.,-29.,-1.7763568394E-15));
#7575 = CARTESIAN_POINT('',(11.911298028248,-30.90967037417,
    4.707345624411E-14));
#7576 = CARTESIAN_POINT('',(9.822539515416,-32.81939861355,0.34256296863
    ));
#7577 = CARTESIAN_POINT('',(7.799148606908,-34.6692962107,1.029751155747
    ));
#7578 = CARTESIAN_POINT('',(5.905372152131,-36.400867173,2.03722578013)
  );
#7579 = CARTESIAN_POINT('',(4.204635309428,-37.95536373407,
    3.362462045004));
#7580 = CARTESIAN_POINT('',(2.75670851189,-39.279636713,4.902442406022)
  );
#7581 = CARTESIAN_POINT('',(1.593345561115,-40.34243000956,
    6.680407520642));
#7582 = CARTESIAN_POINT('',(0.788876547108,-41.07812405701,
    8.516157987472));
#7583 = CARTESIAN_POINT('',(0.262318970413,-41.55997274444,
    10.344132136941));
#7584 = CARTESIAN_POINT('',(8.881784197001E-14,-41.8,12.172172641862));
#7585 = CARTESIAN_POINT('',(-1.7763568394E-15,-41.8,14.));
#7586 = CARTESIAN_POINT('',(14.,-29.,-1.7763568394E-15));
#7587 = CARTESIAN_POINT('',(12.000813827037,-30.99918617296,
    -1.95399252334E-14));
#7588 = CARTESIAN_POINT('',(9.95186101292,-33.04813898708,0.317650453713
    ));
#7589 = CARTESIAN_POINT('',(7.924783967285,-35.07521603271,
    0.973730896259));
#7590 = CARTESIAN_POINT('',(5.999479164288,-37.00052083571,
    1.984869332192));
#7591 = CARTESIAN_POINT('',(4.290157847593,-38.7098421524,3.27220293508)
  );
#7592 = CARTESIAN_POINT('',(2.828843281867,-40.17115671813,
    4.852676248773));
#7593 = CARTESIAN_POINT('',(1.728376349,-41.27162365099,6.5027676663));
#7594 = CARTESIAN_POINT('',(0.885643864997,-42.114356135,8.23686877553)
  );
#7595 = CARTESIAN_POINT('',(0.306023752203,-42.69397624779,
    10.075059599848));
#7596 = CARTESIAN_POINT('',(4.174438572591E-14,-43.,12.000813827037));
#7597 = CARTESIAN_POINT('',(-1.7763568394E-15,-43.,14.));
#7598 = CARTESIAN_POINT('',(14.,-29.,-1.7763568394E-15));
#7599 = CARTESIAN_POINT('',(12.090329625826,-31.08870197175,
    7.638334409421E-14));
#7600 = CARTESIAN_POINT('',(10.180601386442,-33.17746048458,
    0.34256296863));
#7601 = CARTESIAN_POINT('',(8.330703789292,-35.20085139309,
    1.029751155748));
#7602 = CARTESIAN_POINT('',(6.599132826992,-37.09462784787,
    2.037225780129));
#7603 = CARTESIAN_POINT('',(5.044636265925,-38.79536469057,
    3.362462045005));
#7604 = CARTESIAN_POINT('',(3.720363286997,-40.24329148811,
    4.902442406021));
#7605 = CARTESIAN_POINT('',(2.657569990437,-41.40665443888,
    6.680407520643));
#7606 = CARTESIAN_POINT('',(1.921875942986,-42.21112345289,
    8.516157987472));
#7607 = CARTESIAN_POINT('',(1.440027255556,-42.73768102958,
    10.344132136941));
#7608 = CARTESIAN_POINT('',(1.2,-43.,12.172172641862));
#7609 = CARTESIAN_POINT('',(1.2,-43.,14.));
#7610 = DEFINITIONAL_REPRESENTATION('',(#7611),#7615);
#7611 = LINE('',#7612,#7613);
#7612 = CARTESIAN_POINT('',(26.741384523261,0.));
#7613 = VECTOR('',#7614,1.);
#7614 = DIRECTION('',(0.,1.));
#7615 = ( GEOMETRIC_REPRESENTATION_CONTEXT(2) 
PARAMETRIC_REPRESENTATION_CONTEXT() REPRESENTATION_CONTEXT('2D SPACE',''
  ) );
#7616 = ORIENTED_EDGE('',*,*,#7467,.T.);
#7617 = ORIENTED_EDGE('',*,*,#7618,.T.);
#7618 = EDGE_CURVE('',#7288,#7521,#7619,.T.);
#7619 = SURFACE_CURVE('',#7620,(#7633,#7649),.PCURVE_S1.);
#7620 = ( BOUNDED_CURVE() B_SPLINE_CURVE(11,(#7621,#7622,#7623,#7624,
    #7625,#7626,#7627,#7628,#7629,#7630,#7631,#7632),.UNSPECIFIED.,.F.,
.F.) B_SPLINE_CURVE_WITH_KNOTS((12,12),(1.283542552148E-15,
26.741384523261),.PIECEWISE_BEZIER_KNOTS.) CURVE() 
GEOMETRIC_REPRESENTATION_ITEM() RATIONAL_B_SPLINE_CURVE((1.,1.,
    0.999999999999,1.000000000001,0.999999999998,1.000000000003,
    0.999999999998,1.000000000002,0.999999999999,1.,1.,1.)) 
REPRESENTATION_ITEM('') );
#7621 = CARTESIAN_POINT('',(210.9,-29.,-1.7763568394E-15));
#7622 = CARTESIAN_POINT('',(212.80967037417,-31.08870197175,
    4.458655666895E-13));
#7623 = CARTESIAN_POINT('',(214.71939861355,-33.17746048458,
    0.342562968629));
#7624 = CARTESIAN_POINT('',(216.56929621071,-35.20085139309,
    1.02975115575));
#7625 = CARTESIAN_POINT('',(218.300867173,-37.09462784786,2.037225780126
    ));
#7626 = CARTESIAN_POINT('',(219.85536373407,-38.79536469057,
    3.362462045005));
#7627 = CARTESIAN_POINT('',(221.17963671301,-40.24329148811,
    4.902442406024));
#7628 = CARTESIAN_POINT('',(222.24243000955,-41.40665443888,
    6.680407520637));
#7629 = CARTESIAN_POINT('',(222.97812405701,-42.21112345289,
    8.516157987477));
#7630 = CARTESIAN_POINT('',(223.45997274444,-42.73768102958,
    10.344132136938));
#7631 = CARTESIAN_POINT('',(223.7,-43.,12.172172641863));
#7632 = CARTESIAN_POINT('',(223.7,-43.,14.));
#7633 = PCURVE('',#7481,#7634);
#7634 = DEFINITIONAL_REPRESENTATION('',(#7635),#7648);
#7635 = B_SPLINE_CURVE_WITH_KNOTS('',11,(#7636,#7637,#7638,#7639,#7640,
    #7641,#7642,#7643,#7644,#7645,#7646,#7647),.UNSPECIFIED.,.F.,.F.,(12
    ,12),(1.283542552148E-15,26.741384523261),.PIECEWISE_BEZIER_KNOTS.);
#7636 = CARTESIAN_POINT('',(1.570796326795,210.9));
#7637 = CARTESIAN_POINT('',(1.421603328814,212.80967037422));
#7638 = CARTESIAN_POINT('',(1.272417492599,214.71942766531));
#7639 = CARTESIAN_POINT('',(1.123343627596,216.56915098486));
#7640 = CARTESIAN_POINT('',(0.97496576055,218.30121866048));
#7641 = CARTESIAN_POINT('',(0.826379210845,219.85484640234));
#7642 = CARTESIAN_POINT('',(0.680688098141,221.18013032454));
#7643 = CARTESIAN_POINT('',(0.53479454542,222.24212503502));
#7644 = CARTESIAN_POINT('',(0.39469926182,222.97823825794));
#7645 = CARTESIAN_POINT('',(0.261132779188,223.45995215317));
#7646 = CARTESIAN_POINT('',(0.13055909701,223.69999999996));
#7647 = CARTESIAN_POINT('',(-4.842238466934E-17,223.7));
#7648 = ( GEOMETRIC_REPRESENTATION_CONTEXT(2) 
PARAMETRIC_REPRESENTATION_CONTEXT() REPRESENTATION_CONTEXT('2D SPACE',''
  ) );
#7649 = PCURVE('',#7321,#7650);
#7650 = DEFINITIONAL_REPRESENTATION('',(#7651),#7655);
#7651 = LINE('',#7652,#7653);
#7652 = CARTESIAN_POINT('',(0.,0.));
#7653 = VECTOR('',#7654,1.);
#7654 = DIRECTION('',(0.,1.));
#7655 = ( GEOMETRIC_REPRESENTATION_CONTEXT(2) 
PARAMETRIC_REPRESENTATION_CONTEXT() REPRESENTATION_CONTEXT('2D SPACE',''
  ) );
#7656 = ADVANCED_FACE('',(#7657),#7573,.T.);
#7657 = FACE_BOUND('',#7658,.T.);
#7658 = EDGE_LOOP('',(#7659,#7700,#7701));
#7659 = ORIENTED_EDGE('',*,*,#7660,.F.);
#7660 = EDGE_CURVE('',#7440,#7661,#7663,.T.);
#7661 = VERTEX_POINT('',#7662);
#7662 = CARTESIAN_POINT('',(6.015646514145,-36.29986277099,2.5));
#7663 = SURFACE_CURVE('',#7664,(#7677,#7684),.PCURVE_S1.);
#7664 = ( BOUNDED_CURVE() B_SPLINE_CURVE(11,(#7665,#7666,#7667,#7668,
    #7669,#7670,#7671,#7672,#7673,#7674,#7675,#7676),.UNSPECIFIED.,.F.,
.F.) B_SPLINE_CURVE_WITH_KNOTS((12,12),(0.,26.741384523261),
.PIECEWISE_BEZIER_KNOTS.) CURVE() GEOMETRIC_REPRESENTATION_ITEM() 
RATIONAL_B_SPLINE_CURVE((1.,1.,1.,1.,1.,1.,1.,1.,1.,1.,1.,1.)) 
REPRESENTATION_ITEM('') );
#7665 = CARTESIAN_POINT('',(14.,-29.,-1.7763568394E-15));
#7666 = CARTESIAN_POINT('',(11.911298028248,-30.90967037417,
    4.707345624411E-14));
#7667 = CARTESIAN_POINT('',(9.822539515416,-32.81939861355,0.34256296863
    ));
#7668 = CARTESIAN_POINT('',(7.799148606908,-34.6692962107,1.029751155747
    ));
#7669 = CARTESIAN_POINT('',(5.905372152131,-36.400867173,2.03722578013)
  );
#7670 = CARTESIAN_POINT('',(4.204635309428,-37.95536373407,
    3.362462045004));
#7671 = CARTESIAN_POINT('',(2.75670851189,-39.279636713,4.902442406022)
  );
#7672 = CARTESIAN_POINT('',(1.593345561115,-40.34243000956,
    6.680407520642));
#7673 = CARTESIAN_POINT('',(0.788876547108,-41.07812405701,
    8.516157987472));
#7674 = CARTESIAN_POINT('',(0.262318970413,-41.55997274444,
    10.344132136941));
#7675 = CARTESIAN_POINT('',(8.881784197001E-14,-41.8,12.172172641862));
#7676 = CARTESIAN_POINT('',(-1.7763568394E-15,-41.8,14.));
#7677 = PCURVE('',#7573,#7678);
#7678 = DEFINITIONAL_REPRESENTATION('',(#7679),#7683);
#7679 = LINE('',#7680,#7681);
#7680 = CARTESIAN_POINT('',(0.,0.));
#7681 = VECTOR('',#7682,1.);
#7682 = DIRECTION('',(0.,1.));
#7683 = ( GEOMETRIC_REPRESENTATION_CONTEXT(2) 
PARAMETRIC_REPRESENTATION_CONTEXT() REPRESENTATION_CONTEXT('2D SPACE',''
  ) );
#7684 = PCURVE('',#7455,#7685);
#7685 = DEFINITIONAL_REPRESENTATION('',(#7686),#7699);
#7686 = B_SPLINE_CURVE_WITH_KNOTS('',11,(#7687,#7688,#7689,#7690,#7691,
    #7692,#7693,#7694,#7695,#7696,#7697,#7698),.UNSPECIFIED.,.F.,.F.,(12
    ,12),(0.,26.741384523261),.PIECEWISE_BEZIER_KNOTS.);
#7687 = CARTESIAN_POINT('',(-1.570796326795,14.));
#7688 = CARTESIAN_POINT('',(-1.421603328813,12.090329625826));
#7689 = CARTESIAN_POINT('',(-1.272417492603,10.180572334492));
#7690 = CARTESIAN_POINT('',(-1.123343627587,8.330849015609));
#7691 = CARTESIAN_POINT('',(-0.974965760564,6.598781338712));
#7692 = CARTESIAN_POINT('',(-0.826379210829,5.045153598672));
#7693 = CARTESIAN_POINT('',(-0.680688098153,3.719869674476));
#7694 = CARTESIAN_POINT('',(-0.534794545413,2.657874965697));
#7695 = CARTESIAN_POINT('',(-0.394699261823,1.921761741658));
#7696 = CARTESIAN_POINT('',(-0.261132779187,1.44004784698));
#7697 = CARTESIAN_POINT('',(-0.13055909701,1.2));
#7698 = CARTESIAN_POINT('',(-3.956668251805E-16,1.2));
#7699 = ( GEOMETRIC_REPRESENTATION_CONTEXT(2) 
PARAMETRIC_REPRESENTATION_CONTEXT() REPRESENTATION_CONTEXT('2D SPACE',''
  ) );
#7700 = ORIENTED_EDGE('',*,*,#7541,.T.);
#7701 = ORIENTED_EDGE('',*,*,#7702,.T.);
#7702 = EDGE_CURVE('',#7519,#7661,#7703,.T.);
#7703 = SURFACE_CURVE('',#7704,(#7723,#7745),.PCURVE_S1.);
#7704 = B_SPLINE_CURVE_WITH_KNOTS('',5,(#7705,#7706,#7707,#7708,#7709,
    #7710,#7711,#7712,#7713,#7714,#7715,#7716,#7717,#7718,#7719,#7720,
    #7721,#7722),.UNSPECIFIED.,.F.,.F.,(6,4,4,4,6),(0.,0.251043766366,
    0.500000186157,0.74959069835,1.),.UNSPECIFIED.);
#7705 = CARTESIAN_POINT('',(6.700137229008,-36.98435348585,2.5));
#7706 = CARTESIAN_POINT('',(6.639459962269,-36.98435465984,2.5));
#7707 = CARTESIAN_POINT('',(6.580244864328,-36.98019737372,2.5));
#7708 = CARTESIAN_POINT('',(6.523006023401,-36.97156628688,2.5));
#7709 = CARTESIAN_POINT('',(6.468320975442,-36.95823114892,2.5));
#7710 = CARTESIAN_POINT('',(6.3655497326,-36.92219944109,2.5));
#7711 = CARTESIAN_POINT('',(6.317411969021,-36.89958189523,2.5));
#7712 = CARTESIAN_POINT('',(6.272825420966,-36.87223253847,2.5));
#7713 = CARTESIAN_POINT('',(6.232252703713,-36.84027597598,2.5));
#7714 = CARTESIAN_POINT('',(6.159631413303,-36.76765463402,2.5));
#7715 = CARTESIAN_POINT('',(6.127604479525,-36.72696755412,2.5));
#7716 = CARTESIAN_POINT('',(6.1002090368,-36.68224691917,2.5));
#7717 = CARTESIAN_POINT('',(6.077570148662,-36.63395933899,2.5));
#7718 = CARTESIAN_POINT('',(6.041634225266,-36.53112610515,2.5));
#7719 = CARTESIAN_POINT('',(6.028368355137,-36.47655995397,2.5));
#7720 = CARTESIAN_POINT('',(6.019781641258,-36.41945581897,2.5));
#7721 = CARTESIAN_POINT('',(6.015645343126,-36.36038668766,2.5));
#7722 = CARTESIAN_POINT('',(6.015646514145,-36.29986277099,2.5));
#7723 = PCURVE('',#7573,#7724);
#7724 = DEFINITIONAL_REPRESENTATION('',(#7725),#7744);
#7725 = B_SPLINE_CURVE_WITH_KNOTS('',5,(#7726,#7727,#7728,#7729,#7730,
    #7731,#7732,#7733,#7734,#7735,#7736,#7737,#7738,#7739,#7740,#7741,
    #7742,#7743),.UNSPECIFIED.,.F.,.F.,(6,4,4,4,6),(0.,0.251043766366,
    0.500000186157,0.74959069835,1.),.UNSPECIFIED.);
#7726 = CARTESIAN_POINT('',(26.741384523261,9.920783249789));
#7727 = CARTESIAN_POINT('',(25.399281288721,9.957434074871));
#7728 = CARTESIAN_POINT('',(24.057017501933,9.990640808959));
#7729 = CARTESIAN_POINT('',(22.714588442379,10.019920037714));
#7730 = CARTESIAN_POINT('',(21.372003656132,10.044804456421));
#7731 = CARTESIAN_POINT('',(18.697747607875,10.084943562435));
#7732 = CARTESIAN_POINT('',(17.366076567533,10.100277011131));
#7733 = CARTESIAN_POINT('',(16.034313734592,10.110627768014));
#7734 = CARTESIAN_POINT('',(14.702499712929,10.115801779258));
#7735 = CARTESIAN_POINT('',(12.035482736393,10.115801748306));
#7736 = CARTESIAN_POINT('',(10.700276567725,10.110601319921));
#7737 = CARTESIAN_POINT('',(9.365121995722,10.100197720625));
#7738 = CARTESIAN_POINT('',(8.030059898307,10.084787033383));
#7739 = CARTESIAN_POINT('',(5.355808372447,10.044552725782));
#7740 = CARTESIAN_POINT('',(4.016617886579,10.019697969279));
#7741 = CARTESIAN_POINT('',(2.677582392447,9.990472939773));
#7742 = CARTESIAN_POINT('',(1.338711327928,9.957341446992));
#7743 = CARTESIAN_POINT('',(0.,9.920783249789));
#7744 = ( GEOMETRIC_REPRESENTATION_CONTEXT(2) 
PARAMETRIC_REPRESENTATION_CONTEXT() REPRESENTATION_CONTEXT('2D SPACE',''
  ) );
#7745 = PCURVE('',#7276,#7746);
#7746 = DEFINITIONAL_REPRESENTATION('',(#7747),#7766);
#7747 = B_SPLINE_CURVE_WITH_KNOTS('',5,(#7748,#7749,#7750,#7751,#7752,
    #7753,#7754,#7755,#7756,#7757,#7758,#7759,#7760,#7761,#7762,#7763,
    #7764,#7765),.UNSPECIFIED.,.F.,.F.,(6,4,4,4,6),(0.,0.251043766366,
    0.500000186157,0.74959069835,1.),.UNSPECIFIED.);
#7748 = CARTESIAN_POINT('',(4.200137229008,3.515646514145));
#7749 = CARTESIAN_POINT('',(4.139459962269,3.515645340159));
#7750 = CARTESIAN_POINT('',(4.080244864328,3.51980262628));
#7751 = CARTESIAN_POINT('',(4.023006023401,3.528433713118));
#7752 = CARTESIAN_POINT('',(3.968320975442,3.541768851079));
#7753 = CARTESIAN_POINT('',(3.8655497326,3.577800558908));
#7754 = CARTESIAN_POINT('',(3.817411969021,3.600418104766));
#7755 = CARTESIAN_POINT('',(3.772825420966,3.627767461525));
#7756 = CARTESIAN_POINT('',(3.732252703713,3.65972402402));
#7757 = CARTESIAN_POINT('',(3.659631413303,3.732345365973));
#7758 = CARTESIAN_POINT('',(3.627604479525,3.773032445875));
#7759 = CARTESIAN_POINT('',(3.6002090368,3.817753080825));
#7760 = CARTESIAN_POINT('',(3.577570148662,3.866040661001));
#7761 = CARTESIAN_POINT('',(3.541634225266,3.968873894843));
#7762 = CARTESIAN_POINT('',(3.528368355137,4.023440046026));
#7763 = CARTESIAN_POINT('',(3.519781641258,4.080544181025));
#7764 = CARTESIAN_POINT('',(3.515645343126,4.139613312337));
#7765 = CARTESIAN_POINT('',(3.515646514145,4.200137229008));
#7766 = ( GEOMETRIC_REPRESENTATION_CONTEXT(2) 
PARAMETRIC_REPRESENTATION_CONTEXT() REPRESENTATION_CONTEXT('2D SPACE',''
  ) );
#7767 = ADVANCED_FACE('',(#7768),#7455,.T.);
#7768 = FACE_BOUND('',#7769,.F.);
#7769 = EDGE_LOOP('',(#7770,#7793,#7812,#7813,#7814,#7892));
#7770 = ORIENTED_EDGE('',*,*,#7771,.T.);
#7771 = EDGE_CURVE('',#889,#7772,#7774,.T.);
#7772 = VERTEX_POINT('',#7773);
#7773 = CARTESIAN_POINT('',(6.015640288664,-6.,2.5));
#7774 = SURFACE_CURVE('',#7775,(#7779,#7786),.PCURVE_S1.);
#7775 = LINE('',#7776,#7777);
#7776 = CARTESIAN_POINT('',(6.015640288664,6.,2.5));
#7777 = VECTOR('',#7778,1.);
#7778 = DIRECTION('',(0.,-1.,0.));
#7779 = PCURVE('',#7455,#7780);
#7780 = DEFINITIONAL_REPRESENTATION('',(#7781),#7785);
#7781 = LINE('',#7782,#7783);
#7782 = CARTESIAN_POINT('',(-0.963911416118,49.));
#7783 = VECTOR('',#7784,1.);
#7784 = DIRECTION('',(-0.,-1.));
#7785 = ( GEOMETRIC_REPRESENTATION_CONTEXT(2) 
PARAMETRIC_REPRESENTATION_CONTEXT() REPRESENTATION_CONTEXT('2D SPACE',''
  ) );
#7786 = PCURVE('',#904,#7787);
#7787 = DEFINITIONAL_REPRESENTATION('',(#7788),#7792);
#7788 = LINE('',#7789,#7790);
#7789 = CARTESIAN_POINT('',(3.515640288664,6.));
#7790 = VECTOR('',#7791,1.);
#7791 = DIRECTION('',(0.,-1.));
#7792 = ( GEOMETRIC_REPRESENTATION_CONTEXT(2) 
PARAMETRIC_REPRESENTATION_CONTEXT() REPRESENTATION_CONTEXT('2D SPACE',''
  ) );
#7793 = ORIENTED_EDGE('',*,*,#7794,.F.);
#7794 = EDGE_CURVE('',#7661,#7772,#7795,.T.);
#7795 = SURFACE_CURVE('',#7796,(#7800,#7806),.PCURVE_S1.);
#7796 = LINE('',#7797,#7798);
#7797 = CARTESIAN_POINT('',(6.015640288664,-43.,2.5));
#7798 = VECTOR('',#7799,1.);
#7799 = DIRECTION('',(0.,1.,0.));
#7800 = PCURVE('',#7455,#7801);
#7801 = DEFINITIONAL_REPRESENTATION('',(#7802),#7805);
#7802 = B_SPLINE_CURVE_WITH_KNOTS('',1,(#7803,#7804),.UNSPECIFIED.,.F.,
  .F.,(2,2),(1.1999994,43.0000006),.PIECEWISE_BEZIER_KNOTS.);
#7803 = CARTESIAN_POINT('',(-0.963911416118,1.1999994));
#7804 = CARTESIAN_POINT('',(-0.963911416118,43.0000006));
#7805 = ( GEOMETRIC_REPRESENTATION_CONTEXT(2) 
PARAMETRIC_REPRESENTATION_CONTEXT() REPRESENTATION_CONTEXT('2D SPACE',''
  ) );
#7806 = PCURVE('',#7276,#7807);
#7807 = DEFINITIONAL_REPRESENTATION('',(#7808),#7811);
#7808 = B_SPLINE_CURVE_WITH_KNOTS('',1,(#7809,#7810),.UNSPECIFIED.,.F.,
  .F.,(2,2),(1.1999994,43.0000006),.PIECEWISE_BEZIER_KNOTS.);
#7809 = CARTESIAN_POINT('',(3.515640288664,-1.3000006));
#7810 = CARTESIAN_POINT('',(3.515640288664,40.5000006));
#7811 = ( GEOMETRIC_REPRESENTATION_CONTEXT(2) 
PARAMETRIC_REPRESENTATION_CONTEXT() REPRESENTATION_CONTEXT('2D SPACE',''
  ) );
#7812 = ORIENTED_EDGE('',*,*,#7660,.F.);
#7813 = ORIENTED_EDGE('',*,*,#7437,.F.);
#7814 = ORIENTED_EDGE('',*,*,#7815,.T.);
#7815 = EDGE_CURVE('',#7438,#7816,#7818,.T.);
#7816 = VERTEX_POINT('',#7817);
#7817 = CARTESIAN_POINT('',(6.015646514145,36.299862770992,2.5));
#7818 = SURFACE_CURVE('',#7819,(#7832,#7848),.PCURVE_S1.);
#7819 = ( BOUNDED_CURVE() B_SPLINE_CURVE(11,(#7820,#7821,#7822,#7823,
    #7824,#7825,#7826,#7827,#7828,#7829,#7830,#7831),.UNSPECIFIED.,.F.,
.F.) B_SPLINE_CURVE_WITH_KNOTS((12,12),(1.722338221771E-15,
26.741384523261),.PIECEWISE_BEZIER_KNOTS.) CURVE() 
GEOMETRIC_REPRESENTATION_ITEM() RATIONAL_B_SPLINE_CURVE((1.,1.,
    0.999999999999,1.000000000001,0.999999999998,1.000000000003,
    0.999999999997,1.000000000002,0.999999999999,1.,1.,1.)) 
REPRESENTATION_ITEM('') );
#7820 = CARTESIAN_POINT('',(14.,29.,-1.7763568394E-15));
#7821 = CARTESIAN_POINT('',(11.911298028247,30.909670374174,
    3.828048988908E-13));
#7822 = CARTESIAN_POINT('',(9.822539515419,32.819398613555,
    0.342562968629));
#7823 = CARTESIAN_POINT('',(7.799148606905,34.669296210711,
    1.029751155749));
#7824 = CARTESIAN_POINT('',(5.905372152131,36.400867173006,
    2.037225780129));
#7825 = CARTESIAN_POINT('',(4.204635309433,37.955363734074,
    3.362462045001));
#7826 = CARTESIAN_POINT('',(2.756708511881,39.279636713007,
    4.902442406029));
#7827 = CARTESIAN_POINT('',(1.593345561124,40.342430009559,
    6.680407520633));
#7828 = CARTESIAN_POINT('',(0.788876547102,41.078124057017,
    8.516157987479));
#7829 = CARTESIAN_POINT('',(0.262318970415,41.559972744442,
    10.344132136937));
#7830 = CARTESIAN_POINT('',(-5.21360732364E-13,41.8,12.172172641863));
#7831 = CARTESIAN_POINT('',(-1.7763568394E-15,41.8,14.));
#7832 = PCURVE('',#7455,#7833);
#7833 = DEFINITIONAL_REPRESENTATION('',(#7834),#7847);
#7834 = B_SPLINE_CURVE_WITH_KNOTS('',11,(#7835,#7836,#7837,#7838,#7839,
    #7840,#7841,#7842,#7843,#7844,#7845,#7846),.UNSPECIFIED.,.F.,.F.,(12
    ,12),(1.722338221771E-15,26.741384523261),.PIECEWISE_BEZIER_KNOTS.);
#7835 = CARTESIAN_POINT('',(-1.570796326795,72.));
#7836 = CARTESIAN_POINT('',(-1.421603328813,73.909670374192));
#7837 = CARTESIAN_POINT('',(-1.272417492601,75.819427665434));
#7838 = CARTESIAN_POINT('',(-1.123343627591,77.669150984569));
#7839 = CARTESIAN_POINT('',(-0.974965760558,79.401218660991));
#7840 = CARTESIAN_POINT('',(-0.826379210836,80.954846401701));
#7841 = CARTESIAN_POINT('',(-0.680688098147,82.280130325167));
#7842 = CARTESIAN_POINT('',(-0.534794545417,83.342125034564));
#7843 = CARTESIAN_POINT('',(-0.394699261821,84.078238258199));
#7844 = CARTESIAN_POINT('',(-0.261132779188,84.559952153076));
#7845 = CARTESIAN_POINT('',(-0.13055909701,84.799999999987));
#7846 = CARTESIAN_POINT('',(-1.736222202557E-16,84.8));
#7847 = ( GEOMETRIC_REPRESENTATION_CONTEXT(2) 
PARAMETRIC_REPRESENTATION_CONTEXT() REPRESENTATION_CONTEXT('2D SPACE',''
  ) );
#7848 = PCURVE('',#7849,#7886);
#7849 = ( BOUNDED_SURFACE() B_SPLINE_SURFACE(2,11,(
    (#7850,#7851,#7852,#7853,#7854,#7855,#7856,#7857,#7858,#7859,#7860
      ,#7861)
    ,(#7862,#7863,#7864,#7865,#7866,#7867,#7868,#7869,#7870,#7871,#7872
      ,#7873)
    ,(#7874,#7875,#7876,#7877,#7878,#7879,#7880,#7881,#7882,#7883,#7884
,#7885
    )),.UNSPECIFIED.,.F.,.F.,.F.) B_SPLINE_SURFACE_WITH_KNOTS((3,3),(12,
    12),(0.,26.741384523261),(1.722338221771E-15,26.741384523261),
.PIECEWISE_BEZIER_KNOTS.) GEOMETRIC_REPRESENTATION_ITEM() 
RATIONAL_B_SPLINE_SURFACE((
    (1.,1.,0.999999999999,1.000000000001,0.999999999998,1.000000000003
      ,0.999999999997,1.000000000002,0.999999999999,1.,1.,1.)
    ,(1.,1.,0.987769718649,0.963191288277,0.928052598252,0.882973021545
      ,0.835909293028,0.784725521154,0.746601038546,0.720242962469
      ,0.707106781186,0.707106781187)
    ,(1.,1.,0.999999999999,1.000000000001,0.999999999998,1.000000000003
      ,0.999999999997,1.000000000002,0.999999999999,1.,1.,1.
))) REPRESENTATION_ITEM('') SURFACE() );
#7850 = CARTESIAN_POINT('',(14.,29.,-1.7763568394E-15));
#7851 = CARTESIAN_POINT('',(11.911298028247,30.909670374174,
    3.828048988908E-13));
#7852 = CARTESIAN_POINT('',(9.822539515419,32.819398613555,
    0.342562968629));
#7853 = CARTESIAN_POINT('',(7.799148606905,34.669296210711,
    1.029751155749));
#7854 = CARTESIAN_POINT('',(5.905372152131,36.400867173006,
    2.037225780129));
#7855 = CARTESIAN_POINT('',(4.204635309433,37.955363734074,
    3.362462045001));
#7856 = CARTESIAN_POINT('',(2.756708511881,39.279636713007,
    4.902442406029));
#7857 = CARTESIAN_POINT('',(1.593345561124,40.342430009559,
    6.680407520633));
#7858 = CARTESIAN_POINT('',(0.788876547102,41.078124057017,
    8.516157987479));
#7859 = CARTESIAN_POINT('',(0.262318970415,41.559972744442,
    10.344132136937));
#7860 = CARTESIAN_POINT('',(-5.21360732364E-13,41.8,12.172172641863));
#7861 = CARTESIAN_POINT('',(-1.7763568394E-15,41.8,14.));
#7862 = CARTESIAN_POINT('',(14.,29.,-8.881784197001E-16));
#7863 = CARTESIAN_POINT('',(12.000813827036,30.999186172964,
    3.144151605738E-13));
#7864 = CARTESIAN_POINT('',(9.951861012922,33.048138987078,
    0.317650453711));
#7865 = CARTESIAN_POINT('',(7.924783967282,35.075216032719,
    0.973730896261));
#7866 = CARTESIAN_POINT('',(5.99947916429,37.00052083571,1.984869332191)
  );
#7867 = CARTESIAN_POINT('',(4.290157847595,38.709842152405,
    3.272202935078));
#7868 = CARTESIAN_POINT('',(2.828843281862,40.171156718137,
    4.852676248779));
#7869 = CARTESIAN_POINT('',(1.728376349006,41.271623650995,
    6.502767666292));
#7870 = CARTESIAN_POINT('',(0.885643864993,42.114356135007,
    8.236868775536));
#7871 = CARTESIAN_POINT('',(0.306023752205,42.693976247795,
    10.075059599845));
#7872 = CARTESIAN_POINT('',(-4.494182803683E-13,43.,12.000813827038));
#7873 = CARTESIAN_POINT('',(-1.7763568394E-15,43.,14.));
#7874 = CARTESIAN_POINT('',(14.,29.,-1.7763568394E-15));
#7875 = CARTESIAN_POINT('',(12.090329625826,31.088701971753,
    4.654054919229E-13));
#7876 = CARTESIAN_POINT('',(10.180601386445,33.177460484581,
    0.342562968629));
#7877 = CARTESIAN_POINT('',(8.330703789289,35.200851393096,1.02975115575
    ));
#7878 = CARTESIAN_POINT('',(6.599132826993,37.094627847868,
    2.037225780128));
#7879 = CARTESIAN_POINT('',(5.044636265928,38.795364690568,
    3.362462045002));
#7880 = CARTESIAN_POINT('',(3.720363286991,40.243291488118,
    4.902442406028));
#7881 = CARTESIAN_POINT('',(2.657569990443,41.406654438877,
    6.680407520634));
#7882 = CARTESIAN_POINT('',(1.921875942982,42.211123452897,
    8.516157987478));
#7883 = CARTESIAN_POINT('',(1.440027255558,42.737681029585,
    10.344132136937));
#7884 = CARTESIAN_POINT('',(1.2,43.,12.172172641863));
#7885 = CARTESIAN_POINT('',(1.2,43.,14.));
#7886 = DEFINITIONAL_REPRESENTATION('',(#7887),#7891);
#7887 = LINE('',#7888,#7889);
#7888 = CARTESIAN_POINT('',(0.,0.));
#7889 = VECTOR('',#7890,1.);
#7890 = DIRECTION('',(0.,1.));
#7891 = ( GEOMETRIC_REPRESENTATION_CONTEXT(2) 
PARAMETRIC_REPRESENTATION_CONTEXT() REPRESENTATION_CONTEXT('2D SPACE',''
  ) );
#7892 = ORIENTED_EDGE('',*,*,#7893,.F.);
#7893 = EDGE_CURVE('',#889,#7816,#7894,.T.);
#7894 = SURFACE_CURVE('',#7895,(#7899,#7905),.PCURVE_S1.);
#7895 = LINE('',#7896,#7897);
#7896 = CARTESIAN_POINT('',(6.015640288664,-43.,2.5));
#7897 = VECTOR('',#7898,1.);
#7898 = DIRECTION('',(0.,1.,0.));
#7899 = PCURVE('',#7455,#7900);
#7900 = DEFINITIONAL_REPRESENTATION('',(#7901),#7904);
#7901 = B_SPLINE_CURVE_WITH_KNOTS('',1,(#7902,#7903),.UNSPECIFIED.,.F.,
  .F.,(2,2),(42.9999994,84.8000006),.PIECEWISE_BEZIER_KNOTS.);
#7902 = CARTESIAN_POINT('',(-0.963911416118,42.9999994));
#7903 = CARTESIAN_POINT('',(-0.963911416118,84.8000006));
#7904 = ( GEOMETRIC_REPRESENTATION_CONTEXT(2) 
PARAMETRIC_REPRESENTATION_CONTEXT() REPRESENTATION_CONTEXT('2D SPACE',''
  ) );
#7905 = PCURVE('',#1056,#7906);
#7906 = DEFINITIONAL_REPRESENTATION('',(#7907),#7910);
#7907 = B_SPLINE_CURVE_WITH_KNOTS('',1,(#7908,#7909),.UNSPECIFIED.,.F.,
  .F.,(2,2),(42.9999994,84.8000006),.PIECEWISE_BEZIER_KNOTS.);
#7908 = CARTESIAN_POINT('',(3.515640288664,0.9999994));
#7909 = CARTESIAN_POINT('',(3.515640288664,42.8000006));
#7910 = ( GEOMETRIC_REPRESENTATION_CONTEXT(2) 
PARAMETRIC_REPRESENTATION_CONTEXT() REPRESENTATION_CONTEXT('2D SPACE',''
  ) );
#7911 = ADVANCED_FACE('',(#7912),#7849,.F.);
#7912 = FACE_BOUND('',#7913,.F.);
#7913 = EDGE_LOOP('',(#7914,#7915,#7956));
#7914 = ORIENTED_EDGE('',*,*,#7815,.F.);
#7915 = ORIENTED_EDGE('',*,*,#7916,.T.);
#7916 = EDGE_CURVE('',#7438,#7917,#7919,.T.);
#7917 = VERTEX_POINT('',#7918);
#7918 = CARTESIAN_POINT('',(6.700137229008,36.984353485855,2.5));
#7919 = SURFACE_CURVE('',#7920,(#7933,#7940),.PCURVE_S1.);
#7920 = ( BOUNDED_CURVE() B_SPLINE_CURVE(11,(#7921,#7922,#7923,#7924,
    #7925,#7926,#7927,#7928,#7929,#7930,#7931,#7932),.UNSPECIFIED.,.F.,
.F.) B_SPLINE_CURVE_WITH_KNOTS((12,12),(1.722338221771E-15,
26.741384523261),.PIECEWISE_BEZIER_KNOTS.) CURVE() 
GEOMETRIC_REPRESENTATION_ITEM() RATIONAL_B_SPLINE_CURVE((1.,1.,
    0.999999999999,1.000000000001,0.999999999998,1.000000000003,
    0.999999999997,1.000000000002,0.999999999999,1.,1.,1.)) 
REPRESENTATION_ITEM('') );
#7921 = CARTESIAN_POINT('',(14.,29.,-1.7763568394E-15));
#7922 = CARTESIAN_POINT('',(12.090329625826,31.088701971753,
    4.654054919229E-13));
#7923 = CARTESIAN_POINT('',(10.180601386445,33.177460484581,
    0.342562968629));
#7924 = CARTESIAN_POINT('',(8.330703789289,35.200851393096,1.02975115575
    ));
#7925 = CARTESIAN_POINT('',(6.599132826993,37.094627847868,
    2.037225780128));
#7926 = CARTESIAN_POINT('',(5.044636265928,38.795364690568,
    3.362462045002));
#7927 = CARTESIAN_POINT('',(3.720363286991,40.243291488118,
    4.902442406028));
#7928 = CARTESIAN_POINT('',(2.657569990443,41.406654438877,
    6.680407520634));
#7929 = CARTESIAN_POINT('',(1.921875942982,42.211123452897,
    8.516157987478));
#7930 = CARTESIAN_POINT('',(1.440027255558,42.737681029585,
    10.344132136937));
#7931 = CARTESIAN_POINT('',(1.2,43.,12.172172641863));
#7932 = CARTESIAN_POINT('',(1.2,43.,14.));
#7933 = PCURVE('',#7849,#7934);
#7934 = DEFINITIONAL_REPRESENTATION('',(#7935),#7939);
#7935 = LINE('',#7936,#7937);
#7936 = CARTESIAN_POINT('',(26.741384523261,0.));
#7937 = VECTOR('',#7938,1.);
#7938 = DIRECTION('',(0.,1.));
#7939 = ( GEOMETRIC_REPRESENTATION_CONTEXT(2) 
PARAMETRIC_REPRESENTATION_CONTEXT() REPRESENTATION_CONTEXT('2D SPACE',''
  ) );
#7940 = PCURVE('',#7071,#7941);
#7941 = DEFINITIONAL_REPRESENTATION('',(#7942),#7955);
#7942 = B_SPLINE_CURVE_WITH_KNOTS('',11,(#7943,#7944,#7945,#7946,#7947,
    #7948,#7949,#7950,#7951,#7952,#7953,#7954),.UNSPECIFIED.,.F.,.F.,(12
    ,12),(1.722338221771E-15,26.741384523261),.PIECEWISE_BEZIER_KNOTS.);
#7943 = CARTESIAN_POINT('',(-1.570796326795,14.));
#7944 = CARTESIAN_POINT('',(-1.421603328813,12.090329625825));
#7945 = CARTESIAN_POINT('',(-1.272417492603,10.180572334495));
#7946 = CARTESIAN_POINT('',(-1.123343627587,8.330849015604));
#7947 = CARTESIAN_POINT('',(-0.974965760562,6.598781338716));
#7948 = CARTESIAN_POINT('',(-0.826379210832,5.045153598673));
#7949 = CARTESIAN_POINT('',(-0.68068809815,3.719869674468));
#7950 = CARTESIAN_POINT('',(-0.534794545415,2.657874965708));
#7951 = CARTESIAN_POINT('',(-0.394699261822,1.92176174165));
#7952 = CARTESIAN_POINT('',(-0.261132779188,1.440047846984));
#7953 = CARTESIAN_POINT('',(-0.13055909701,1.199999999999));
#7954 = CARTESIAN_POINT('',(4.842238466934E-17,1.2));
#7955 = ( GEOMETRIC_REPRESENTATION_CONTEXT(2) 
PARAMETRIC_REPRESENTATION_CONTEXT() REPRESENTATION_CONTEXT('2D SPACE',''
  ) );
#7956 = ORIENTED_EDGE('',*,*,#7957,.T.);
#7957 = EDGE_CURVE('',#7917,#7816,#7958,.T.);
#7958 = SURFACE_CURVE('',#7959,(#7978,#8000),.PCURVE_S1.);
#7959 = B_SPLINE_CURVE_WITH_KNOTS('',5,(#7960,#7961,#7962,#7963,#7964,
    #7965,#7966,#7967,#7968,#7969,#7970,#7971,#7972,#7973,#7974,#7975,
    #7976,#7977),.UNSPECIFIED.,.F.,.F.,(6,4,4,4,6),(0.,0.251043766366,
    0.500000186157,0.749590698348,1.),.UNSPECIFIED.);
#7960 = CARTESIAN_POINT('',(6.700137229008,36.984353485855,2.5));
#7961 = CARTESIAN_POINT('',(6.639459962269,36.984354659841,2.5));
#7962 = CARTESIAN_POINT('',(6.580244864328,36.98019737372,2.5));
#7963 = CARTESIAN_POINT('',(6.523006023401,36.971566286882,2.5));
#7964 = CARTESIAN_POINT('',(6.468320975442,36.958231148921,2.5));
#7965 = CARTESIAN_POINT('',(6.3655497326,36.922199441092,2.5));
#7966 = CARTESIAN_POINT('',(6.317411969021,36.899581895234,2.5));
#7967 = CARTESIAN_POINT('',(6.272825420966,36.872232538475,2.5));
#7968 = CARTESIAN_POINT('',(6.232252703713,36.84027597598,2.5));
#7969 = CARTESIAN_POINT('',(6.159631413304,36.767654634027,2.5));
#7970 = CARTESIAN_POINT('',(6.127604479526,36.726967554126,2.5));
#7971 = CARTESIAN_POINT('',(6.100209036801,36.682246919176,2.5));
#7972 = CARTESIAN_POINT('',(6.077570148663,36.633959339001,2.5));
#7973 = CARTESIAN_POINT('',(6.041634225267,36.53112610516,2.5));
#7974 = CARTESIAN_POINT('',(6.028368355137,36.476559953976,2.5));
#7975 = CARTESIAN_POINT('',(6.019781641258,36.419455818976,2.5));
#7976 = CARTESIAN_POINT('',(6.015645343126,36.360386687663,2.5));
#7977 = CARTESIAN_POINT('',(6.015646514145,36.299862770992,2.5));
#7978 = PCURVE('',#7849,#7979);
#7979 = DEFINITIONAL_REPRESENTATION('',(#7980),#7999);
#7980 = B_SPLINE_CURVE_WITH_KNOTS('',5,(#7981,#7982,#7983,#7984,#7985,
    #7986,#7987,#7988,#7989,#7990,#7991,#7992,#7993,#7994,#7995,#7996,
    #7997,#7998),.UNSPECIFIED.,.F.,.F.,(6,4,4,4,6),(0.,0.251043766366,
    0.500000186157,0.749590698348,1.),.UNSPECIFIED.);
#7981 = CARTESIAN_POINT('',(26.741384523261,9.920783249789));
#7982 = CARTESIAN_POINT('',(25.399281288721,9.957434074871));
#7983 = CARTESIAN_POINT('',(24.057017501934,9.990640808959));
#7984 = CARTESIAN_POINT('',(22.714588442378,10.019920037714));
#7985 = CARTESIAN_POINT('',(21.372003656133,10.044804456421));
#7986 = CARTESIAN_POINT('',(18.697747607875,10.084943562435));
#7987 = CARTESIAN_POINT('',(17.366076567532,10.100277011131));
#7988 = CARTESIAN_POINT('',(16.034313734592,10.110627768014));
#7989 = CARTESIAN_POINT('',(14.702499712929,10.115801779258));
#7990 = CARTESIAN_POINT('',(12.035482736407,10.115801748306));
#7991 = CARTESIAN_POINT('',(10.700276567753,10.110601319921));
#7992 = CARTESIAN_POINT('',(9.365121995763,10.100197720626));
#7993 = CARTESIAN_POINT('',(8.030059898363,10.084787033383));
#7994 = CARTESIAN_POINT('',(5.355808372503,10.044552725783));
#7995 = CARTESIAN_POINT('',(4.016617886621,10.01969796928));
#7996 = CARTESIAN_POINT('',(2.677582392475,9.990472939774));
#7997 = CARTESIAN_POINT('',(1.338711327942,9.957341446993));
#7998 = CARTESIAN_POINT('',(0.,9.920783249789));
#7999 = ( GEOMETRIC_REPRESENTATION_CONTEXT(2) 
PARAMETRIC_REPRESENTATION_CONTEXT() REPRESENTATION_CONTEXT('2D SPACE',''
  ) );
#8000 = PCURVE('',#1056,#8001);
#8001 = DEFINITIONAL_REPRESENTATION('',(#8002),#8021);
#8002 = B_SPLINE_CURVE_WITH_KNOTS('',5,(#8003,#8004,#8005,#8006,#8007,
    #8008,#8009,#8010,#8011,#8012,#8013,#8014,#8015,#8016,#8017,#8018,
    #8019,#8020),.UNSPECIFIED.,.F.,.F.,(6,4,4,4,6),(0.,0.251043766366,
    0.500000186157,0.749590698348,1.),.UNSPECIFIED.);
#8003 = CARTESIAN_POINT('',(4.200137229008,37.984353485855));
#8004 = CARTESIAN_POINT('',(4.139459962269,37.984354659841));
#8005 = CARTESIAN_POINT('',(4.080244864328,37.98019737372));
#8006 = CARTESIAN_POINT('',(4.023006023401,37.971566286882));
#8007 = CARTESIAN_POINT('',(3.968320975442,37.958231148921));
#8008 = CARTESIAN_POINT('',(3.8655497326,37.922199441092));
#8009 = CARTESIAN_POINT('',(3.817411969021,37.899581895234));
#8010 = CARTESIAN_POINT('',(3.772825420966,37.872232538475));
#8011 = CARTESIAN_POINT('',(3.732252703713,37.84027597598));
#8012 = CARTESIAN_POINT('',(3.659631413304,37.767654634027));
#8013 = CARTESIAN_POINT('',(3.627604479526,37.726967554126));
#8014 = CARTESIAN_POINT('',(3.600209036801,37.682246919176));
#8015 = CARTESIAN_POINT('',(3.577570148663,37.633959339001));
#8016 = CARTESIAN_POINT('',(3.541634225267,37.53112610516));
#8017 = CARTESIAN_POINT('',(3.528368355137,37.476559953976));
#8018 = CARTESIAN_POINT('',(3.519781641258,37.419455818976));
#8019 = CARTESIAN_POINT('',(3.515645343126,37.360386687663));
#8020 = CARTESIAN_POINT('',(3.515646514145,37.299862770992));
#8021 = ( GEOMETRIC_REPRESENTATION_CONTEXT(2) 
PARAMETRIC_REPRESENTATION_CONTEXT() REPRESENTATION_CONTEXT('2D SPACE',''
  ) );
#8022 = ADVANCED_FACE('',(#8023),#7321,.T.);
#8023 = FACE_BOUND('',#8024,.T.);
#8024 = EDGE_LOOP('',(#8025,#8026,#8027));
#8025 = ORIENTED_EDGE('',*,*,#7618,.F.);
#8026 = ORIENTED_EDGE('',*,*,#7287,.T.);
#8027 = ORIENTED_EDGE('',*,*,#8028,.T.);
#8028 = EDGE_CURVE('',#7262,#7521,#8029,.T.);
#8029 = SURFACE_CURVE('',#8030,(#8049,#8071),.PCURVE_S1.);
#8030 = B_SPLINE_CURVE_WITH_KNOTS('',5,(#8031,#8032,#8033,#8034,#8035,
    #8036,#8037,#8038,#8039,#8040,#8041,#8042,#8043,#8044,#8045,#8046,
    #8047,#8048),.UNSPECIFIED.,.F.,.F.,(6,4,4,4,6),(0.,0.251043766366,
    0.500000186157,0.749590698347,1.),.UNSPECIFIED.);
#8031 = CARTESIAN_POINT('',(218.88435348585,-36.29986277099,2.5));
#8032 = CARTESIAN_POINT('',(218.88435465984,-36.36054003773,2.5));
#8033 = CARTESIAN_POINT('',(218.88019737372,-36.41975513567,2.5));
#8034 = CARTESIAN_POINT('',(218.87156628688,-36.47699397659,2.5));
#8035 = CARTESIAN_POINT('',(218.85823114892,-36.53167902455,2.5));
#8036 = CARTESIAN_POINT('',(218.82219944109,-36.6344502674,2.5));
#8037 = CARTESIAN_POINT('',(218.79958189523,-36.68258803097,2.5));
#8038 = CARTESIAN_POINT('',(218.77223253847,-36.72717457903,2.5));
#8039 = CARTESIAN_POINT('',(218.74027597598,-36.76774729628,2.5));
#8040 = CARTESIAN_POINT('',(218.66765463402,-36.84036858669,2.5));
#8041 = CARTESIAN_POINT('',(218.62696755412,-36.87239552047,2.5));
#8042 = CARTESIAN_POINT('',(218.58224691917,-36.89979096319,2.5));
#8043 = CARTESIAN_POINT('',(218.533959339,-36.92242985133,2.5));
#8044 = CARTESIAN_POINT('',(218.43112610516,-36.95836577473,2.5));
#8045 = CARTESIAN_POINT('',(218.37655995397,-36.97163164486,2.5));
#8046 = CARTESIAN_POINT('',(218.31945581897,-36.98021835874,2.5));
#8047 = CARTESIAN_POINT('',(218.26038668766,-36.98435465687,2.5));
#8048 = CARTESIAN_POINT('',(218.19986277099,-36.98435348585,2.5));
#8049 = PCURVE('',#7321,#8050);
#8050 = DEFINITIONAL_REPRESENTATION('',(#8051),#8070);
#8051 = B_SPLINE_CURVE_WITH_KNOTS('',5,(#8052,#8053,#8054,#8055,#8056,
    #8057,#8058,#8059,#8060,#8061,#8062,#8063,#8064,#8065,#8066,#8067,
    #8068,#8069),.UNSPECIFIED.,.F.,.F.,(6,4,4,4,6),(0.,0.251043766366,
    0.500000186157,0.749590698347,1.),.UNSPECIFIED.);
#8052 = CARTESIAN_POINT('',(26.741384523261,9.920783249789));
#8053 = CARTESIAN_POINT('',(25.399281288721,9.957434074871));
#8054 = CARTESIAN_POINT('',(24.057017501934,9.990640808959));
#8055 = CARTESIAN_POINT('',(22.714588442378,10.019920037714));
#8056 = CARTESIAN_POINT('',(21.372003656133,10.044804456421));
#8057 = CARTESIAN_POINT('',(18.697747607875,10.084943562435));
#8058 = CARTESIAN_POINT('',(17.366076567533,10.100277011131));
#8059 = CARTESIAN_POINT('',(16.034313734591,10.110627768014));
#8060 = CARTESIAN_POINT('',(14.702499712929,10.115801779258));
#8061 = CARTESIAN_POINT('',(12.035482736411,10.115801748306));
#8062 = CARTESIAN_POINT('',(10.700276567764,10.110601319921));
#8063 = CARTESIAN_POINT('',(9.365121995777,10.100197720626));
#8064 = CARTESIAN_POINT('',(8.030059898383,10.084787033384));
#8065 = CARTESIAN_POINT('',(5.355808372523,10.044552725783));
#8066 = CARTESIAN_POINT('',(4.016617886636,10.01969796928));
#8067 = CARTESIAN_POINT('',(2.677582392485,9.990472939774));
#8068 = CARTESIAN_POINT('',(1.338711327946,9.957341446993));
#8069 = CARTESIAN_POINT('',(0.,9.920783249789));
#8070 = ( GEOMETRIC_REPRESENTATION_CONTEXT(2) 
PARAMETRIC_REPRESENTATION_CONTEXT() REPRESENTATION_CONTEXT('2D SPACE',''
  ) );
#8071 = PCURVE('',#7276,#8072);
#8072 = DEFINITIONAL_REPRESENTATION('',(#8073),#8092);
#8073 = B_SPLINE_CURVE_WITH_KNOTS('',5,(#8074,#8075,#8076,#8077,#8078,
    #8079,#8080,#8081,#8082,#8083,#8084,#8085,#8086,#8087,#8088,#8089,
    #8090,#8091),.UNSPECIFIED.,.F.,.F.,(6,4,4,4,6),(0.,0.251043766366,
    0.500000186157,0.749590698347,1.),.UNSPECIFIED.);
#8074 = CARTESIAN_POINT('',(216.38435348585,4.200137229008));
#8075 = CARTESIAN_POINT('',(216.38435465984,4.139459962269));
#8076 = CARTESIAN_POINT('',(216.38019737372,4.080244864328));
#8077 = CARTESIAN_POINT('',(216.37156628688,4.023006023401));
#8078 = CARTESIAN_POINT('',(216.35823114892,3.968320975442));
#8079 = CARTESIAN_POINT('',(216.32219944109,3.8655497326));
#8080 = CARTESIAN_POINT('',(216.29958189523,3.817411969021));
#8081 = CARTESIAN_POINT('',(216.27223253847,3.772825420966));
#8082 = CARTESIAN_POINT('',(216.24027597598,3.732252703713));
#8083 = CARTESIAN_POINT('',(216.16765463402,3.659631413304));
#8084 = CARTESIAN_POINT('',(216.12696755412,3.627604479526));
#8085 = CARTESIAN_POINT('',(216.08224691917,3.600209036801));
#8086 = CARTESIAN_POINT('',(216.033959339,3.577570148664));
#8087 = CARTESIAN_POINT('',(215.93112610516,3.541634225267));
#8088 = CARTESIAN_POINT('',(215.87655995397,3.528368355137));
#8089 = CARTESIAN_POINT('',(215.81945581897,3.519781641258));
#8090 = CARTESIAN_POINT('',(215.76038668766,3.515645343126));
#8091 = CARTESIAN_POINT('',(215.69986277099,3.515646514145));
#8092 = ( GEOMETRIC_REPRESENTATION_CONTEXT(2) 
PARAMETRIC_REPRESENTATION_CONTEXT() REPRESENTATION_CONTEXT('2D SPACE',''
  ) );
#8093 = ADVANCED_FACE('',(#8094),#7276,.T.);
#8094 = FACE_BOUND('',#8095,.T.);
#8095 = EDGE_LOOP('',(#8096,#8117,#8118,#8119,#8120,#8121));
#8096 = ORIENTED_EDGE('',*,*,#8097,.F.);
#8097 = EDGE_CURVE('',#7772,#7216,#8098,.T.);
#8098 = SURFACE_CURVE('',#8099,(#8103,#8110),.PCURVE_S1.);
#8099 = LINE('',#8100,#8101);
#8100 = CARTESIAN_POINT('',(2.5,-6.,2.5));
#8101 = VECTOR('',#8102,1.);
#8102 = DIRECTION('',(1.,0.,0.));
#8103 = PCURVE('',#7276,#8104);
#8104 = DEFINITIONAL_REPRESENTATION('',(#8105),#8109);
#8105 = LINE('',#8106,#8107);
#8106 = CARTESIAN_POINT('',(0.,34.5));
#8107 = VECTOR('',#8108,1.);
#8108 = DIRECTION('',(1.,0.));
#8109 = ( GEOMETRIC_REPRESENTATION_CONTEXT(2) 
PARAMETRIC_REPRESENTATION_CONTEXT() REPRESENTATION_CONTEXT('2D SPACE',''
  ) );
#8110 = PCURVE('',#765,#8111);
#8111 = DEFINITIONAL_REPRESENTATION('',(#8112),#8116);
#8112 = LINE('',#8113,#8114);
#8113 = CARTESIAN_POINT('',(0.,0.));
#8114 = VECTOR('',#8115,1.);
#8115 = DIRECTION('',(0.,1.));
#8116 = ( GEOMETRIC_REPRESENTATION_CONTEXT(2) 
PARAMETRIC_REPRESENTATION_CONTEXT() REPRESENTATION_CONTEXT('2D SPACE',''
  ) );
#8117 = ORIENTED_EDGE('',*,*,#7794,.F.);
#8118 = ORIENTED_EDGE('',*,*,#7702,.F.);
#8119 = ORIENTED_EDGE('',*,*,#7518,.T.);
#8120 = ORIENTED_EDGE('',*,*,#8028,.F.);
#8121 = ORIENTED_EDGE('',*,*,#7261,.T.);
#8122 = ADVANCED_FACE('',(#8123),#7128,.F.);
#8123 = FACE_BOUND('',#8124,.F.);
#8124 = EDGE_LOOP('',(#8125,#8164,#8165));
#8125 = ORIENTED_EDGE('',*,*,#8126,.F.);
#8126 = EDGE_CURVE('',#7366,#7056,#8127,.T.);
#8127 = SURFACE_CURVE('',#8128,(#8141,#8148),.PCURVE_S1.);
#8128 = ( BOUNDED_CURVE() B_SPLINE_CURVE(11,(#8129,#8130,#8131,#8132,
    #8133,#8134,#8135,#8136,#8137,#8138,#8139,#8140),.UNSPECIFIED.,.F.,
.F.) B_SPLINE_CURVE_WITH_KNOTS((12,12),(4.219182543723E-15,
26.741384523261),.PIECEWISE_BEZIER_KNOTS.) CURVE() 
GEOMETRIC_REPRESENTATION_ITEM() RATIONAL_B_SPLINE_CURVE((1.,1.,1.,
    0.999999999999,1.000000000001,0.999999999999,1.000000000001,
0.999999999999,1.,1.,1.,1.)) REPRESENTATION_ITEM('') );
#8129 = CARTESIAN_POINT('',(210.9,29.,-1.7763568394E-15));
#8130 = CARTESIAN_POINT('',(212.80967037417,31.088701971752,
    -6.306066779871E-14));
#8131 = CARTESIAN_POINT('',(214.71939861355,33.177460484583,
    0.342562968631));
#8132 = CARTESIAN_POINT('',(216.5692962107,35.200851393095,
    1.029751155747));
#8133 = CARTESIAN_POINT('',(218.300867173,37.094627847864,2.037225780129
    ));
#8134 = CARTESIAN_POINT('',(219.85536373408,38.79536469058,
    3.362462045007));
#8135 = CARTESIAN_POINT('',(221.17963671299,40.243291488101,
    4.902442406017));
#8136 = CARTESIAN_POINT('',(222.24243000957,41.406654438893,
    6.680407520647));
#8137 = CARTESIAN_POINT('',(222.97812405701,42.211123452888,
    8.516157987469));
#8138 = CARTESIAN_POINT('',(223.45997274444,42.737681029588,
    10.344132136942));
#8139 = CARTESIAN_POINT('',(223.7,43.,12.172172641862));
#8140 = CARTESIAN_POINT('',(223.7,43.,14.));
#8141 = PCURVE('',#7128,#8142);
#8142 = DEFINITIONAL_REPRESENTATION('',(#8143),#8147);
#8143 = LINE('',#8144,#8145);
#8144 = CARTESIAN_POINT('',(0.,0.));
#8145 = VECTOR('',#8146,1.);
#8146 = DIRECTION('',(0.,1.));
#8147 = ( GEOMETRIC_REPRESENTATION_CONTEXT(2) 
PARAMETRIC_REPRESENTATION_CONTEXT() REPRESENTATION_CONTEXT('2D SPACE',''
  ) );
#8148 = PCURVE('',#7071,#8149);
#8149 = DEFINITIONAL_REPRESENTATION('',(#8150),#8163);
#8150 = B_SPLINE_CURVE_WITH_KNOTS('',11,(#8151,#8152,#8153,#8154,#8155,
    #8156,#8157,#8158,#8159,#8160,#8161,#8162),.UNSPECIFIED.,.F.,.F.,(12
    ,12),(4.219182543723E-15,26.741384523261),.PIECEWISE_BEZIER_KNOTS.);
#8151 = CARTESIAN_POINT('',(-1.570796326795,210.9));
#8152 = CARTESIAN_POINT('',(-1.421603328812,212.80967037414));
#8153 = CARTESIAN_POINT('',(-1.272417492605,214.71942766562));
#8154 = CARTESIAN_POINT('',(-1.123343627582,216.56915098413));
#8155 = CARTESIAN_POINT('',(-0.97496576057,218.3012186617));
#8156 = CARTESIAN_POINT('',(-0.826379210823,219.8548464008));
#8157 = CARTESIAN_POINT('',(-0.680688098158,221.18013032603));
#8158 = CARTESIAN_POINT('',(-0.53479454541,222.24212503391));
#8159 = CARTESIAN_POINT('',(-0.394699261824,222.97823825857));
#8160 = CARTESIAN_POINT('',(-0.261132779187,223.45995215292));
#8161 = CARTESIAN_POINT('',(-0.13055909701,223.70000000002));
#8162 = CARTESIAN_POINT('',(-5.551115123126E-16,223.7));
#8163 = ( GEOMETRIC_REPRESENTATION_CONTEXT(2) 
PARAMETRIC_REPRESENTATION_CONTEXT() REPRESENTATION_CONTEXT('2D SPACE',''
  ) );
#8164 = ORIENTED_EDGE('',*,*,#7393,.T.);
#8165 = ORIENTED_EDGE('',*,*,#7082,.T.);
#8166 = ADVANCED_FACE('',(#8167),#7071,.T.);
#8167 = FACE_BOUND('',#8168,.F.);
#8168 = EDGE_LOOP('',(#8169,#8188,#8189,#8190,#8191));
#8169 = ORIENTED_EDGE('',*,*,#8170,.F.);
#8170 = EDGE_CURVE('',#7917,#7033,#8171,.T.);
#8171 = SURFACE_CURVE('',#8172,(#8176,#8182),.PCURVE_S1.);
#8172 = LINE('',#8173,#8174);
#8173 = CARTESIAN_POINT('',(0.,36.984359711336,2.5));
#8174 = VECTOR('',#8175,1.);
#8175 = DIRECTION('',(1.,0.,0.));
#8176 = PCURVE('',#7071,#8177);
#8177 = DEFINITIONAL_REPRESENTATION('',(#8178),#8181);
#8178 = B_SPLINE_CURVE_WITH_KNOTS('',1,(#8179,#8180),.UNSPECIFIED.,.F.,
  .F.,(2,2),(1.199999399999,223.70000060002),.PIECEWISE_BEZIER_KNOTS.);
#8179 = CARTESIAN_POINT('',(-0.963911416118,1.199999399999));
#8180 = CARTESIAN_POINT('',(-0.963911416118,223.70000060002));
#8181 = ( GEOMETRIC_REPRESENTATION_CONTEXT(2) 
PARAMETRIC_REPRESENTATION_CONTEXT() REPRESENTATION_CONTEXT('2D SPACE',''
  ) );
#8182 = PCURVE('',#1056,#8183);
#8183 = DEFINITIONAL_REPRESENTATION('',(#8184),#8187);
#8184 = B_SPLINE_CURVE_WITH_KNOTS('',1,(#8185,#8186),.UNSPECIFIED.,.F.,
  .F.,(2,2),(1.199999399999,223.70000060002),.PIECEWISE_BEZIER_KNOTS.);
#8185 = CARTESIAN_POINT('',(-1.300000600001,37.984359711336));
#8186 = CARTESIAN_POINT('',(221.20000060002,37.984359711336));
#8187 = ( GEOMETRIC_REPRESENTATION_CONTEXT(2) 
PARAMETRIC_REPRESENTATION_CONTEXT() REPRESENTATION_CONTEXT('2D SPACE',''
  ) );
#8188 = ORIENTED_EDGE('',*,*,#7916,.F.);
#8189 = ORIENTED_EDGE('',*,*,#7494,.T.);
#8190 = ORIENTED_EDGE('',*,*,#8126,.T.);
#8191 = ORIENTED_EDGE('',*,*,#7055,.F.);
#8192 = ADVANCED_FACE('',(#8193),#6895,.T.);
#8193 = FACE_BOUND('',#8194,.T.);
#8194 = EDGE_LOOP('',(#8195,#8218,#8219,#8220,#8270,#8298));
#8195 = ORIENTED_EDGE('',*,*,#8196,.F.);
#8196 = EDGE_CURVE('',#7009,#8197,#8199,.T.);
#8197 = VERTEX_POINT('',#8198);
#8198 = CARTESIAN_POINT('',(222.4,-6.,6.015640288664));
#8199 = SURFACE_CURVE('',#8200,(#8204,#8211),.PCURVE_S1.);
#8200 = LINE('',#8201,#8202);
#8201 = CARTESIAN_POINT('',(222.4,-6.,2.5));
#8202 = VECTOR('',#8203,1.);
#8203 = DIRECTION('',(0.,0.,1.));
#8204 = PCURVE('',#6895,#8205);
#8205 = DEFINITIONAL_REPRESENTATION('',(#8206),#8210);
#8206 = LINE('',#8207,#8208);
#8207 = CARTESIAN_POINT('',(0.,0.));
#8208 = VECTOR('',#8209,1.);
#8209 = DIRECTION('',(1.,0.));
#8210 = ( GEOMETRIC_REPRESENTATION_CONTEXT(2) 
PARAMETRIC_REPRESENTATION_CONTEXT() REPRESENTATION_CONTEXT('2D SPACE',''
  ) );
#8211 = PCURVE('',#765,#8212);
#8212 = DEFINITIONAL_REPRESENTATION('',(#8213),#8217);
#8213 = LINE('',#8214,#8215);
#8214 = CARTESIAN_POINT('',(0.,219.9));
#8215 = VECTOR('',#8216,1.);
#8216 = DIRECTION('',(1.,0.));
#8217 = ( GEOMETRIC_REPRESENTATION_CONTEXT(2) 
PARAMETRIC_REPRESENTATION_CONTEXT() REPRESENTATION_CONTEXT('2D SPACE',''
  ) );
#8218 = ORIENTED_EDGE('',*,*,#7008,.F.);
#8219 = ORIENTED_EDGE('',*,*,#6877,.T.);
#8220 = ORIENTED_EDGE('',*,*,#8221,.F.);
#8221 = EDGE_CURVE('',#8222,#6880,#8224,.T.);
#8222 = VERTEX_POINT('',#8223);
#8223 = CARTESIAN_POINT('',(222.4,39.513932749804,6.015642855597));
#8224 = SURFACE_CURVE('',#8225,(#8238,#8254),.PCURVE_S1.);
#8225 = B_SPLINE_CURVE_WITH_KNOTS('',6,(#8226,#8227,#8228,#8229,#8230,
    #8231,#8232,#8233,#8234,#8235,#8236,#8237),.UNSPECIFIED.,.F.,.F.,(7,
    5,7),(0.,0.4989573562,1.),.UNSPECIFIED.);
#8226 = CARTESIAN_POINT('',(222.4,39.513932749804,6.015642855597));
#8227 = CARTESIAN_POINT('',(222.4,39.579440578539,6.015642745943));
#8228 = CARTESIAN_POINT('',(222.4,39.648820222466,6.021442838905));
#8229 = CARTESIAN_POINT('',(222.4,39.721978599286,6.033519290935));
#8230 = CARTESIAN_POINT('',(222.4,39.798751878763,6.052353274509));
#8231 = CARTESIAN_POINT('',(222.4,39.878890369917,6.078402769429));
#8232 = CARTESIAN_POINT('',(222.4,40.045543967184,6.14588666219));
#8233 = CARTESIAN_POINT('',(222.4,40.132084784223,6.187384671058));
#8234 = CARTESIAN_POINT('',(222.4,40.221310523776,6.23697792574));
#8235 = CARTESIAN_POINT('',(222.4,40.312766598958,6.295018649848));
#8236 = CARTESIAN_POINT('',(222.4,40.405884291563,6.361757748576));
#8237 = CARTESIAN_POINT('',(222.4,40.5,6.43727865164));
#8238 = PCURVE('',#6895,#8239);
#8239 = DEFINITIONAL_REPRESENTATION('',(#8240),#8253);
#8240 = B_SPLINE_CURVE_WITH_KNOTS('',6,(#8241,#8242,#8243,#8244,#8245,
    #8246,#8247,#8248,#8249,#8250,#8251,#8252),.UNSPECIFIED.,.F.,.F.,(7,
    5,7),(0.,0.4989573562,1.),.UNSPECIFIED.);
#8241 = CARTESIAN_POINT('',(3.515642855597,-45.5139327498));
#8242 = CARTESIAN_POINT('',(3.515642745943,-45.57944057853));
#8243 = CARTESIAN_POINT('',(3.521442838905,-45.64882022246));
#8244 = CARTESIAN_POINT('',(3.533519290935,-45.72197859928));
#8245 = CARTESIAN_POINT('',(3.552353274509,-45.79875187876));
#8246 = CARTESIAN_POINT('',(3.578402769429,-45.87889036991));
#8247 = CARTESIAN_POINT('',(3.64588666219,-46.04554396718));
#8248 = CARTESIAN_POINT('',(3.687384671058,-46.13208478422));
#8249 = CARTESIAN_POINT('',(3.73697792574,-46.22131052377));
#8250 = CARTESIAN_POINT('',(3.795018649848,-46.31276659895));
#8251 = CARTESIAN_POINT('',(3.861757748576,-46.40588429156));
#8252 = CARTESIAN_POINT('',(3.93727865164,-46.5));
#8253 = ( GEOMETRIC_REPRESENTATION_CONTEXT(2) 
PARAMETRIC_REPRESENTATION_CONTEXT() REPRESENTATION_CONTEXT('2D SPACE',''
  ) );
#8254 = PCURVE('',#6830,#8255);
#8255 = DEFINITIONAL_REPRESENTATION('',(#8256),#8269);
#8256 = B_SPLINE_CURVE_WITH_KNOTS('',6,(#8257,#8258,#8259,#8260,#8261,
    #8262,#8263,#8264,#8265,#8266,#8267,#8268),.UNSPECIFIED.,.F.,.F.,(7,
    5,7),(0.,0.4989573562,1.),.UNSPECIFIED.);
#8257 = CARTESIAN_POINT('',(26.741384523261,15.879554567148));
#8258 = CARTESIAN_POINT('',(25.62570644135,15.915709793782));
#8259 = CARTESIAN_POINT('',(24.510459010673,15.958171520164));
#8260 = CARTESIAN_POINT('',(23.39574703985,16.007229821361));
#8261 = CARTESIAN_POINT('',(22.281688671295,16.063162988494));
#8262 = CARTESIAN_POINT('',(21.168413070897,16.126221896171));
#8263 = CARTESIAN_POINT('',(18.939054310361,16.267301034221));
#8264 = CARTESIAN_POINT('',(17.822974171662,16.345382737812));
#8265 = CARTESIAN_POINT('',(16.707963174875,16.431068402478));
#8266 = CARTESIAN_POINT('',(15.594161771002,16.524520149329));
#8267 = CARTESIAN_POINT('',(14.481699978705,16.625828905223));
#8268 = CARTESIAN_POINT('',(13.370692268433,16.734971205419));
#8269 = ( GEOMETRIC_REPRESENTATION_CONTEXT(2) 
PARAMETRIC_REPRESENTATION_CONTEXT() REPRESENTATION_CONTEXT('2D SPACE',''
  ) );
#8270 = ORIENTED_EDGE('',*,*,#8271,.F.);
#8271 = EDGE_CURVE('',#8272,#8222,#8274,.T.);
#8272 = VERTEX_POINT('',#8273);
#8273 = CARTESIAN_POINT('',(222.4,0.,6.015640288664));
#8274 = SURFACE_CURVE('',#8275,(#8279,#8286),.PCURVE_S1.);
#8275 = LINE('',#8276,#8277);
#8276 = CARTESIAN_POINT('',(222.4,0.,6.015640288664));
#8277 = VECTOR('',#8278,1.);
#8278 = DIRECTION('',(0.,1.,6.496271938961E-08));
#8279 = PCURVE('',#6895,#8280);
#8280 = DEFINITIONAL_REPRESENTATION('',(#8281),#8285);
#8281 = LINE('',#8282,#8283);
#8282 = CARTESIAN_POINT('',(3.515640288664,-6.));
#8283 = VECTOR('',#8284,1.);
#8284 = DIRECTION('',(6.496271938961E-08,-1.));
#8285 = ( GEOMETRIC_REPRESENTATION_CONTEXT(2) 
PARAMETRIC_REPRESENTATION_CONTEXT() REPRESENTATION_CONTEXT('2D SPACE',''
  ) );
#8286 = PCURVE('',#8287,#8292);
#8287 = CYLINDRICAL_SURFACE('',#8288,14.);
#8288 = AXIS2_PLACEMENT_3D('',#8289,#8290,#8291);
#8289 = CARTESIAN_POINT('',(210.9,-43.,14.));
#8290 = DIRECTION('',(0.,1.,0.));
#8291 = DIRECTION('',(1.,0.,-0.));
#8292 = DEFINITIONAL_REPRESENTATION('',(#8293),#8297);
#8293 = LINE('',#8294,#8295);
#8294 = CARTESIAN_POINT('',(0.606884910677,43.));
#8295 = VECTOR('',#8296,1.);
#8296 = DIRECTION('',(0.,1.));
#8297 = ( GEOMETRIC_REPRESENTATION_CONTEXT(2) 
PARAMETRIC_REPRESENTATION_CONTEXT() REPRESENTATION_CONTEXT('2D SPACE',''
  ) );
#8298 = ORIENTED_EDGE('',*,*,#8299,.F.);
#8299 = EDGE_CURVE('',#8197,#8272,#8300,.T.);
#8300 = SURFACE_CURVE('',#8301,(#8305,#8312),.PCURVE_S1.);
#8301 = LINE('',#8302,#8303);
#8302 = CARTESIAN_POINT('',(222.4,-43.,6.015640288664));
#8303 = VECTOR('',#8304,1.);
#8304 = DIRECTION('',(0.,1.,0.));
#8305 = PCURVE('',#6895,#8306);
#8306 = DEFINITIONAL_REPRESENTATION('',(#8307),#8311);
#8307 = LINE('',#8308,#8309);
#8308 = CARTESIAN_POINT('',(3.515640288664,37.));
#8309 = VECTOR('',#8310,1.);
#8310 = DIRECTION('',(0.,-1.));
#8311 = ( GEOMETRIC_REPRESENTATION_CONTEXT(2) 
PARAMETRIC_REPRESENTATION_CONTEXT() REPRESENTATION_CONTEXT('2D SPACE',''
  ) );
#8312 = PCURVE('',#8287,#8313);
#8313 = DEFINITIONAL_REPRESENTATION('',(#8314),#8317);
#8314 = B_SPLINE_CURVE_WITH_KNOTS('',1,(#8315,#8316),.UNSPECIFIED.,.F.,
  .F.,(2,2),(1.199999399999,43.0000006),.PIECEWISE_BEZIER_KNOTS.);
#8315 = CARTESIAN_POINT('',(0.606884910677,1.199999399999));
#8316 = CARTESIAN_POINT('',(0.606884910677,43.0000006));
#8317 = ( GEOMETRIC_REPRESENTATION_CONTEXT(2) 
PARAMETRIC_REPRESENTATION_CONTEXT() REPRESENTATION_CONTEXT('2D SPACE',''
  ) );
#8318 = ADVANCED_FACE('',(#8319),#8287,.T.);
#8319 = FACE_BOUND('',#8320,.T.);
#8320 = EDGE_LOOP('',(#8321,#8351,#8429,#8453,#8454,#8455));
#8321 = ORIENTED_EDGE('',*,*,#8322,.F.);
#8322 = EDGE_CURVE('',#8323,#8325,#8327,.T.);
#8323 = VERTEX_POINT('',#8324);
#8324 = CARTESIAN_POINT('',(224.9,-41.8,14.));
#8325 = VERTEX_POINT('',#8326);
#8326 = CARTESIAN_POINT('',(224.9,41.8,14.));
#8327 = SURFACE_CURVE('',#8328,(#8332,#8339),.PCURVE_S1.);
#8328 = LINE('',#8329,#8330);
#8329 = CARTESIAN_POINT('',(224.9,-41.8,14.));
#8330 = VECTOR('',#8331,1.);
#8331 = DIRECTION('',(0.,1.,0.));
#8332 = PCURVE('',#8287,#8333);
#8333 = DEFINITIONAL_REPRESENTATION('',(#8334),#8338);
#8334 = LINE('',#8335,#8336);
#8335 = CARTESIAN_POINT('',(0.,1.2));
#8336 = VECTOR('',#8337,1.);
#8337 = DIRECTION('',(0.,1.));
#8338 = ( GEOMETRIC_REPRESENTATION_CONTEXT(2) 
PARAMETRIC_REPRESENTATION_CONTEXT() REPRESENTATION_CONTEXT('2D SPACE',''
  ) );
#8339 = PCURVE('',#8340,#8345);
#8340 = PLANE('',#8341);
#8341 = AXIS2_PLACEMENT_3D('',#8342,#8343,#8344);
#8342 = CARTESIAN_POINT('',(224.9,-43.,0.));
#8343 = DIRECTION('',(1.,0.,0.));
#8344 = DIRECTION('',(0.,0.,1.));
#8345 = DEFINITIONAL_REPRESENTATION('',(#8346),#8350);
#8346 = LINE('',#8347,#8348);
#8347 = CARTESIAN_POINT('',(14.,-1.2));
#8348 = VECTOR('',#8349,1.);
#8349 = DIRECTION('',(0.,-1.));
#8350 = ( GEOMETRIC_REPRESENTATION_CONTEXT(2) 
PARAMETRIC_REPRESENTATION_CONTEXT() REPRESENTATION_CONTEXT('2D SPACE',''
  ) );
#8351 = ORIENTED_EDGE('',*,*,#8352,.F.);
#8352 = EDGE_CURVE('',#8353,#8323,#8355,.T.);
#8353 = VERTEX_POINT('',#8354);
#8354 = CARTESIAN_POINT('',(222.4,-39.5139327498,6.015642855597));
#8355 = SURFACE_CURVE('',#8356,(#8369,#8385),.PCURVE_S1.);
#8356 = ( BOUNDED_CURVE() B_SPLINE_CURVE(11,(#8357,#8358,#8359,#8360,
    #8361,#8362,#8363,#8364,#8365,#8366,#8367,#8368),.UNSPECIFIED.,.F.,
.F.) B_SPLINE_CURVE_WITH_KNOTS((12,12),(1.283542552148E-15,
26.741384523261),.PIECEWISE_BEZIER_KNOTS.) CURVE() 
GEOMETRIC_REPRESENTATION_ITEM() RATIONAL_B_SPLINE_CURVE((1.,1.,
    0.999999999999,1.000000000001,0.999999999998,1.000000000003,
    0.999999999998,1.000000000002,0.999999999999,1.,1.,1.)) 
REPRESENTATION_ITEM('') );
#8357 = CARTESIAN_POINT('',(210.9,-29.,-1.7763568394E-15));
#8358 = CARTESIAN_POINT('',(212.98870197175,-30.90967037417,
    4.671818487623E-13));
#8359 = CARTESIAN_POINT('',(215.07746048458,-32.81939861355,
    0.342562968629));
#8360 = CARTESIAN_POINT('',(217.10085139309,-34.66929621071,
    1.02975115575));
#8361 = CARTESIAN_POINT('',(218.99462784786,-36.400867173,2.037225780126
    ));
#8362 = CARTESIAN_POINT('',(220.69536469057,-37.95536373407,
    3.362462045006));
#8363 = CARTESIAN_POINT('',(222.14329148811,-39.279636713,4.902442406024
    ));
#8364 = CARTESIAN_POINT('',(223.30665443888,-40.34243000955,
    6.680407520637));
#8365 = CARTESIAN_POINT('',(224.11112345289,-41.07812405701,
    8.516157987477));
#8366 = CARTESIAN_POINT('',(224.63768102958,-41.55997274444,
    10.344132136938));
#8367 = CARTESIAN_POINT('',(224.9,-41.8,12.172172641863));
#8368 = CARTESIAN_POINT('',(224.9,-41.8,14.));
#8369 = PCURVE('',#8287,#8370);
#8370 = DEFINITIONAL_REPRESENTATION('',(#8371),#8384);
#8371 = B_SPLINE_CURVE_WITH_KNOTS('',11,(#8372,#8373,#8374,#8375,#8376,
    #8377,#8378,#8379,#8380,#8381,#8382,#8383),.UNSPECIFIED.,.F.,.F.,(12
    ,12),(1.283542552148E-15,26.741384523261),.PIECEWISE_BEZIER_KNOTS.);
#8372 = CARTESIAN_POINT('',(1.570796326795,14.));
#8373 = CARTESIAN_POINT('',(1.421603328813,12.090329625826));
#8374 = CARTESIAN_POINT('',(1.272417492603,10.180572334493));
#8375 = CARTESIAN_POINT('',(1.123343627587,8.330849015607));
#8376 = CARTESIAN_POINT('',(0.974965760562,6.598781338711));
#8377 = CARTESIAN_POINT('',(0.826379210831,5.045153598679));
#8378 = CARTESIAN_POINT('',(0.68068809815,3.719869674463));
#8379 = CARTESIAN_POINT('',(0.534794545415,2.65787496571));
#8380 = CARTESIAN_POINT('',(0.394699261822,1.921761741648));
#8381 = CARTESIAN_POINT('',(0.261132779188,1.440047846984));
#8382 = CARTESIAN_POINT('',(0.13055909701,1.199999999999));
#8383 = CARTESIAN_POINT('',(1.736222202557E-16,1.2));
#8384 = ( GEOMETRIC_REPRESENTATION_CONTEXT(2) 
PARAMETRIC_REPRESENTATION_CONTEXT() REPRESENTATION_CONTEXT('2D SPACE',''
  ) );
#8385 = PCURVE('',#8386,#8423);
#8386 = ( BOUNDED_SURFACE() B_SPLINE_SURFACE(2,11,(
    (#8387,#8388,#8389,#8390,#8391,#8392,#8393,#8394,#8395,#8396,#8397
      ,#8398)
    ,(#8399,#8400,#8401,#8402,#8403,#8404,#8405,#8406,#8407,#8408,#8409
      ,#8410)
    ,(#8411,#8412,#8413,#8414,#8415,#8416,#8417,#8418,#8419,#8420,#8421
,#8422
    )),.UNSPECIFIED.,.F.,.F.,.F.) B_SPLINE_SURFACE_WITH_KNOTS((3,3),(12,
    12),(0.,26.741384523261),(1.283542552148E-15,26.741384523261),
.PIECEWISE_BEZIER_KNOTS.) GEOMETRIC_REPRESENTATION_ITEM() 
RATIONAL_B_SPLINE_SURFACE((
    (1.,1.,0.999999999999,1.000000000001,0.999999999998,1.000000000003
      ,0.999999999998,1.000000000002,0.999999999999,1.,1.,1.)
    ,(1.,1.,0.987769718649,0.963191288277,0.928052598252,0.882973021545
      ,0.835909293028,0.784725521154,0.746601038546,0.720242962469
      ,0.707106781186,0.707106781187)
    ,(1.,1.,0.999999999999,1.000000000001,0.999999999998,1.000000000003
      ,0.999999999998,1.000000000002,0.999999999999,1.,1.,1.
))) REPRESENTATION_ITEM('') SURFACE() );
#8387 = CARTESIAN_POINT('',(210.9,-29.,-1.7763568394E-15));
#8388 = CARTESIAN_POINT('',(212.80967037417,-31.08870197175,
    4.458655666895E-13));
#8389 = CARTESIAN_POINT('',(214.71939861355,-33.17746048458,
    0.342562968629));
#8390 = CARTESIAN_POINT('',(216.56929621071,-35.20085139309,
    1.02975115575));
#8391 = CARTESIAN_POINT('',(218.300867173,-37.09462784786,2.037225780126
    ));
#8392 = CARTESIAN_POINT('',(219.85536373407,-38.79536469057,
    3.362462045005));
#8393 = CARTESIAN_POINT('',(221.17963671301,-40.24329148811,
    4.902442406024));
#8394 = CARTESIAN_POINT('',(222.24243000955,-41.40665443888,
    6.680407520637));
#8395 = CARTESIAN_POINT('',(222.97812405701,-42.21112345289,
    8.516157987477));
#8396 = CARTESIAN_POINT('',(223.45997274444,-42.73768102958,
    10.344132136938));
#8397 = CARTESIAN_POINT('',(223.7,-43.,12.172172641863));
#8398 = CARTESIAN_POINT('',(223.7,-43.,14.));
#8399 = CARTESIAN_POINT('',(210.9,-29.,-4.440892098501E-15));
#8400 = CARTESIAN_POINT('',(212.89918617296,-30.99918617296,
    3.268496584496E-13));
#8401 = CARTESIAN_POINT('',(214.94813898707,-33.04813898707,
    0.317650453711));
#8402 = CARTESIAN_POINT('',(216.97521603271,-35.07521603271,
    0.973730896261));
#8403 = CARTESIAN_POINT('',(218.9005208357,-37.0005208357,1.984869332189
    ));
#8404 = CARTESIAN_POINT('',(220.60984215241,-38.7098421524,
    3.272202935081));
#8405 = CARTESIAN_POINT('',(222.07115671813,-40.17115671813,
    4.852676248775));
#8406 = CARTESIAN_POINT('',(223.17162365099,-41.27162365099,
    6.502767666296));
#8407 = CARTESIAN_POINT('',(224.014356135,-42.114356135,8.236868775534)
  );
#8408 = CARTESIAN_POINT('',(224.59397624779,-42.69397624779,
    10.075059599845));
#8409 = CARTESIAN_POINT('',(224.9,-43.,12.000813827038));
#8410 = CARTESIAN_POINT('',(224.9,-43.,14.));
#8411 = CARTESIAN_POINT('',(210.9,-29.,-1.7763568394E-15));
#8412 = CARTESIAN_POINT('',(212.98870197175,-30.90967037417,
    4.671818487623E-13));
#8413 = CARTESIAN_POINT('',(215.07746048458,-32.81939861355,
    0.342562968629));
#8414 = CARTESIAN_POINT('',(217.10085139309,-34.66929621071,
    1.02975115575));
#8415 = CARTESIAN_POINT('',(218.99462784786,-36.400867173,2.037225780126
    ));
#8416 = CARTESIAN_POINT('',(220.69536469057,-37.95536373407,
    3.362462045006));
#8417 = CARTESIAN_POINT('',(222.14329148811,-39.279636713,4.902442406024
    ));
#8418 = CARTESIAN_POINT('',(223.30665443888,-40.34243000955,
    6.680407520637));
#8419 = CARTESIAN_POINT('',(224.11112345289,-41.07812405701,
    8.516157987477));
#8420 = CARTESIAN_POINT('',(224.63768102958,-41.55997274444,
    10.344132136938));
#8421 = CARTESIAN_POINT('',(224.9,-41.8,12.172172641863));
#8422 = CARTESIAN_POINT('',(224.9,-41.8,14.));
#8423 = DEFINITIONAL_REPRESENTATION('',(#8424),#8428);
#8424 = LINE('',#8425,#8426);
#8425 = CARTESIAN_POINT('',(26.741384523261,0.));
#8426 = VECTOR('',#8427,1.);
#8427 = DIRECTION('',(0.,1.));
#8428 = ( GEOMETRIC_REPRESENTATION_CONTEXT(2) 
PARAMETRIC_REPRESENTATION_CONTEXT() REPRESENTATION_CONTEXT('2D SPACE',''
  ) );
#8429 = ORIENTED_EDGE('',*,*,#8430,.T.);
#8430 = EDGE_CURVE('',#8353,#8197,#8431,.T.);
#8431 = SURFACE_CURVE('',#8432,(#8436,#8442),.PCURVE_S1.);
#8432 = LINE('',#8433,#8434);
#8433 = CARTESIAN_POINT('',(222.4,-43.,6.015640288664));
#8434 = VECTOR('',#8435,1.);
#8435 = DIRECTION('',(0.,1.,0.));
#8436 = PCURVE('',#8287,#8437);
#8437 = DEFINITIONAL_REPRESENTATION('',(#8438),#8441);
#8438 = B_SPLINE_CURVE_WITH_KNOTS('',1,(#8439,#8440),.UNSPECIFIED.,.F.,
  .F.,(2,2),(1.199999399999,43.0000006),.PIECEWISE_BEZIER_KNOTS.);
#8439 = CARTESIAN_POINT('',(0.606884910677,1.199999399999));
#8440 = CARTESIAN_POINT('',(0.606884910677,43.0000006));
#8441 = ( GEOMETRIC_REPRESENTATION_CONTEXT(2) 
PARAMETRIC_REPRESENTATION_CONTEXT() REPRESENTATION_CONTEXT('2D SPACE',''
  ) );
#8442 = PCURVE('',#8443,#8448);
#8443 = PLANE('',#8444);
#8444 = AXIS2_PLACEMENT_3D('',#8445,#8446,#8447);
#8445 = CARTESIAN_POINT('',(222.4,-40.5,2.5));
#8446 = DIRECTION('',(1.,0.,0.));
#8447 = DIRECTION('',(0.,0.,1.));
#8448 = DEFINITIONAL_REPRESENTATION('',(#8449),#8452);
#8449 = B_SPLINE_CURVE_WITH_KNOTS('',1,(#8450,#8451),.UNSPECIFIED.,.F.,
  .F.,(2,2),(1.199999399999,43.0000006),.PIECEWISE_BEZIER_KNOTS.);
#8450 = CARTESIAN_POINT('',(3.515640288664,1.300000600001));
#8451 = CARTESIAN_POINT('',(3.515640288664,-40.5000006));
#8452 = ( GEOMETRIC_REPRESENTATION_CONTEXT(2) 
PARAMETRIC_REPRESENTATION_CONTEXT() REPRESENTATION_CONTEXT('2D SPACE',''
  ) );
#8453 = ORIENTED_EDGE('',*,*,#8299,.T.);
#8454 = ORIENTED_EDGE('',*,*,#8271,.T.);
#8455 = ORIENTED_EDGE('',*,*,#8456,.T.);
#8456 = EDGE_CURVE('',#8222,#8325,#8457,.T.);
#8457 = SURFACE_CURVE('',#8458,(#8471,#8487),.PCURVE_S1.);
#8458 = ( BOUNDED_CURVE() B_SPLINE_CURVE(11,(#8459,#8460,#8461,#8462,
    #8463,#8464,#8465,#8466,#8467,#8468,#8469,#8470),.UNSPECIFIED.,.F.,
.F.) B_SPLINE_CURVE_WITH_KNOTS((12,12),(4.219182543723E-15,
26.741384523261),.PIECEWISE_BEZIER_KNOTS.) CURVE() 
GEOMETRIC_REPRESENTATION_ITEM() RATIONAL_B_SPLINE_CURVE((1.,1.,1.,
    0.999999999999,1.000000000001,0.999999999999,1.000000000001,
0.999999999999,1.,1.,1.,1.)) REPRESENTATION_ITEM('') );
#8459 = CARTESIAN_POINT('',(210.9,29.,-1.7763568394E-15));
#8460 = CARTESIAN_POINT('',(212.98870197175,30.909670374173,
    -8.970602038971E-14));
#8461 = CARTESIAN_POINT('',(215.07746048458,32.819398613557,
    0.342562968631));
#8462 = CARTESIAN_POINT('',(217.10085139309,34.66929621071,
    1.029751155747));
#8463 = CARTESIAN_POINT('',(218.99462784786,36.400867173002,
    2.03722578013));
#8464 = CARTESIAN_POINT('',(220.69536469058,37.955363734084,
    3.362462045006));
#8465 = CARTESIAN_POINT('',(222.1432914881,39.279636712992,
    4.902442406018));
#8466 = CARTESIAN_POINT('',(223.30665443889,40.342430009572,
    6.680407520646));
#8467 = CARTESIAN_POINT('',(224.11112345288,41.078124057009,
    8.51615798747));
#8468 = CARTESIAN_POINT('',(224.63768102958,41.559972744446,
    10.344132136942));
#8469 = CARTESIAN_POINT('',(224.9,41.8,12.172172641862));
#8470 = CARTESIAN_POINT('',(224.9,41.8,14.));
#8471 = PCURVE('',#8287,#8472);
#8472 = DEFINITIONAL_REPRESENTATION('',(#8473),#8486);
#8473 = B_SPLINE_CURVE_WITH_KNOTS('',11,(#8474,#8475,#8476,#8477,#8478,
    #8479,#8480,#8481,#8482,#8483,#8484,#8485),.UNSPECIFIED.,.F.,.F.,(12
    ,12),(4.219182543723E-15,26.741384523261),.PIECEWISE_BEZIER_KNOTS.);
#8474 = CARTESIAN_POINT('',(1.570796326795,72.));
#8475 = CARTESIAN_POINT('',(1.421603328812,73.90967037417));
#8476 = CARTESIAN_POINT('',(1.272417492604,75.819427665524));
#8477 = CARTESIAN_POINT('',(1.123343627585,77.66915098436));
#8478 = CARTESIAN_POINT('',(0.974965760567,79.40121866133));
#8479 = CARTESIAN_POINT('',(0.826379210826,80.954846401287));
#8480 = CARTESIAN_POINT('',(0.680688098156,82.280130325557));
#8481 = CARTESIAN_POINT('',(0.534794545411,83.342125034281));
#8482 = CARTESIAN_POINT('',(0.394699261824,84.078238258354));
#8483 = CARTESIAN_POINT('',(0.261132779187,84.559952153015));
#8484 = CARTESIAN_POINT('',(0.13055909701,84.800000000001));
#8485 = CARTESIAN_POINT('',(4.440892098501E-16,84.8));
#8486 = ( GEOMETRIC_REPRESENTATION_CONTEXT(2) 
PARAMETRIC_REPRESENTATION_CONTEXT() REPRESENTATION_CONTEXT('2D SPACE',''
  ) );
#8487 = PCURVE('',#6830,#8488);
#8488 = DEFINITIONAL_REPRESENTATION('',(#8489),#8493);
#8489 = LINE('',#8490,#8491);
#8490 = CARTESIAN_POINT('',(26.741384523261,0.));
#8491 = VECTOR('',#8492,1.);
#8492 = DIRECTION('',(0.,1.));
#8493 = ( GEOMETRIC_REPRESENTATION_CONTEXT(2) 
PARAMETRIC_REPRESENTATION_CONTEXT() REPRESENTATION_CONTEXT('2D SPACE',''
  ) );
#8494 = ADVANCED_FACE('',(#8495),#8443,.F.);
#8495 = FACE_BOUND('',#8496,.F.);
#8496 = EDGE_LOOP('',(#8497,#8527,#8575,#8576,#8599));
#8497 = ORIENTED_EDGE('',*,*,#8498,.F.);
#8498 = EDGE_CURVE('',#8499,#8501,#8503,.T.);
#8499 = VERTEX_POINT('',#8500);
#8500 = CARTESIAN_POINT('',(222.4,-40.5,6.437278651641));
#8501 = VERTEX_POINT('',#8502);
#8502 = CARTESIAN_POINT('',(222.4,-40.5,75.5));
#8503 = SURFACE_CURVE('',#8504,(#8508,#8515),.PCURVE_S1.);
#8504 = LINE('',#8505,#8506);
#8505 = CARTESIAN_POINT('',(222.4,-40.5,2.5));
#8506 = VECTOR('',#8507,1.);
#8507 = DIRECTION('',(0.,0.,1.));
#8508 = PCURVE('',#8443,#8509);
#8509 = DEFINITIONAL_REPRESENTATION('',(#8510),#8514);
#8510 = LINE('',#8511,#8512);
#8511 = CARTESIAN_POINT('',(0.,0.));
#8512 = VECTOR('',#8513,1.);
#8513 = DIRECTION('',(1.,0.));
#8514 = ( GEOMETRIC_REPRESENTATION_CONTEXT(2) 
PARAMETRIC_REPRESENTATION_CONTEXT() REPRESENTATION_CONTEXT('2D SPACE',''
  ) );
#8515 = PCURVE('',#8516,#8521);
#8516 = PLANE('',#8517);
#8517 = AXIS2_PLACEMENT_3D('',#8518,#8519,#8520);
#8518 = CARTESIAN_POINT('',(2.5,-40.5,2.5));
#8519 = DIRECTION('',(0.,1.,0.));
#8520 = DIRECTION('',(0.,0.,1.));
#8521 = DEFINITIONAL_REPRESENTATION('',(#8522),#8526);
#8522 = LINE('',#8523,#8524);
#8523 = CARTESIAN_POINT('',(0.,219.9));
#8524 = VECTOR('',#8525,1.);
#8525 = DIRECTION('',(1.,0.));
#8526 = ( GEOMETRIC_REPRESENTATION_CONTEXT(2) 
PARAMETRIC_REPRESENTATION_CONTEXT() REPRESENTATION_CONTEXT('2D SPACE',''
  ) );
#8527 = ORIENTED_EDGE('',*,*,#8528,.F.);
#8528 = EDGE_CURVE('',#8353,#8499,#8529,.T.);
#8529 = SURFACE_CURVE('',#8530,(#8543,#8559),.PCURVE_S1.);
#8530 = B_SPLINE_CURVE_WITH_KNOTS('',6,(#8531,#8532,#8533,#8534,#8535,
    #8536,#8537,#8538,#8539,#8540,#8541,#8542),.UNSPECIFIED.,.F.,.F.,(7,
    5,7),(0.,0.4989573562,1.),.UNSPECIFIED.);
#8531 = CARTESIAN_POINT('',(222.4,-39.5139327498,6.015642855597));
#8532 = CARTESIAN_POINT('',(222.4,-39.57944057853,6.015642745943));
#8533 = CARTESIAN_POINT('',(222.4,-39.64882022246,6.021442838905));
#8534 = CARTESIAN_POINT('',(222.4,-39.72197859928,6.033519290935));
#8535 = CARTESIAN_POINT('',(222.4,-39.79875187876,6.052353274509));
#8536 = CARTESIAN_POINT('',(222.4,-39.87889036991,6.07840276943));
#8537 = CARTESIAN_POINT('',(222.4,-40.04554396718,6.14588666219));
#8538 = CARTESIAN_POINT('',(222.4,-40.13208478422,6.187384671058));
#8539 = CARTESIAN_POINT('',(222.4,-40.22131052377,6.23697792574));
#8540 = CARTESIAN_POINT('',(222.4,-40.31276659895,6.295018649849));
#8541 = CARTESIAN_POINT('',(222.4,-40.40588429156,6.361757748576));
#8542 = CARTESIAN_POINT('',(222.4,-40.5,6.437278651641));
#8543 = PCURVE('',#8443,#8544);
#8544 = DEFINITIONAL_REPRESENTATION('',(#8545),#8558);
#8545 = B_SPLINE_CURVE_WITH_KNOTS('',6,(#8546,#8547,#8548,#8549,#8550,
    #8551,#8552,#8553,#8554,#8555,#8556,#8557),.UNSPECIFIED.,.F.,.F.,(7,
    5,7),(0.,0.4989573562,1.),.UNSPECIFIED.);
#8546 = CARTESIAN_POINT('',(3.515642855597,-0.986067250196));
#8547 = CARTESIAN_POINT('',(3.515642745943,-0.920559421461));
#8548 = CARTESIAN_POINT('',(3.521442838905,-0.851179777534));
#8549 = CARTESIAN_POINT('',(3.533519290935,-0.778021400714));
#8550 = CARTESIAN_POINT('',(3.552353274509,-0.701248121237));
#8551 = CARTESIAN_POINT('',(3.57840276943,-0.621109630083));
#8552 = CARTESIAN_POINT('',(3.64588666219,-0.454456032816));
#8553 = CARTESIAN_POINT('',(3.687384671058,-0.367915215777));
#8554 = CARTESIAN_POINT('',(3.73697792574,-0.278689476224));
#8555 = CARTESIAN_POINT('',(3.795018649849,-0.187233401041));
#8556 = CARTESIAN_POINT('',(3.861757748576,-9.411570843746E-02));
#8557 = CARTESIAN_POINT('',(3.937278651641,0.));
#8558 = ( GEOMETRIC_REPRESENTATION_CONTEXT(2) 
PARAMETRIC_REPRESENTATION_CONTEXT() REPRESENTATION_CONTEXT('2D SPACE',''
  ) );
#8559 = PCURVE('',#8386,#8560);
#8560 = DEFINITIONAL_REPRESENTATION('',(#8561),#8574);
#8561 = B_SPLINE_CURVE_WITH_KNOTS('',6,(#8562,#8563,#8564,#8565,#8566,
    #8567,#8568,#8569,#8570,#8571,#8572,#8573),.UNSPECIFIED.,.F.,.F.,(7,
    5,7),(0.,0.4989573562,1.),.UNSPECIFIED.);
#8562 = CARTESIAN_POINT('',(26.741384523261,15.879554567148));
#8563 = CARTESIAN_POINT('',(25.625706441351,15.915709793782));
#8564 = CARTESIAN_POINT('',(24.510459010672,15.958171520164));
#8565 = CARTESIAN_POINT('',(23.39574703985,16.007229821361));
#8566 = CARTESIAN_POINT('',(22.281688671295,16.063162988494));
#8567 = CARTESIAN_POINT('',(21.168413070896,16.126221896171));
#8568 = CARTESIAN_POINT('',(18.939054310361,16.267301034221));
#8569 = CARTESIAN_POINT('',(17.822974171661,16.345382737813));
#8570 = CARTESIAN_POINT('',(16.707963174875,16.431068402477));
#8571 = CARTESIAN_POINT('',(15.594161771001,16.52452014933));
#8572 = CARTESIAN_POINT('',(14.481699978705,16.625828905223));
#8573 = CARTESIAN_POINT('',(13.370692268432,16.734971205419));
#8574 = ( GEOMETRIC_REPRESENTATION_CONTEXT(2) 
PARAMETRIC_REPRESENTATION_CONTEXT() REPRESENTATION_CONTEXT('2D SPACE',''
  ) );
#8575 = ORIENTED_EDGE('',*,*,#8430,.T.);
#8576 = ORIENTED_EDGE('',*,*,#8577,.T.);
#8577 = EDGE_CURVE('',#8197,#8578,#8580,.T.);
#8578 = VERTEX_POINT('',#8579);
#8579 = CARTESIAN_POINT('',(222.4,-6.,75.5));
#8580 = SURFACE_CURVE('',#8581,(#8585,#8592),.PCURVE_S1.);
#8581 = LINE('',#8582,#8583);
#8582 = CARTESIAN_POINT('',(222.4,-6.,2.5));
#8583 = VECTOR('',#8584,1.);
#8584 = DIRECTION('',(0.,0.,1.));
#8585 = PCURVE('',#8443,#8586);
#8586 = DEFINITIONAL_REPRESENTATION('',(#8587),#8591);
#8587 = LINE('',#8588,#8589);
#8588 = CARTESIAN_POINT('',(0.,-34.5));
#8589 = VECTOR('',#8590,1.);
#8590 = DIRECTION('',(1.,0.));
#8591 = ( GEOMETRIC_REPRESENTATION_CONTEXT(2) 
PARAMETRIC_REPRESENTATION_CONTEXT() REPRESENTATION_CONTEXT('2D SPACE',''
  ) );
#8592 = PCURVE('',#765,#8593);
#8593 = DEFINITIONAL_REPRESENTATION('',(#8594),#8598);
#8594 = LINE('',#8595,#8596);
#8595 = CARTESIAN_POINT('',(0.,219.9));
#8596 = VECTOR('',#8597,1.);
#8597 = DIRECTION('',(1.,0.));
#8598 = ( GEOMETRIC_REPRESENTATION_CONTEXT(2) 
PARAMETRIC_REPRESENTATION_CONTEXT() REPRESENTATION_CONTEXT('2D SPACE',''
  ) );
#8599 = ORIENTED_EDGE('',*,*,#8600,.F.);
#8600 = EDGE_CURVE('',#8501,#8578,#8601,.T.);
#8601 = SURFACE_CURVE('',#8602,(#8606,#8613),.PCURVE_S1.);
#8602 = LINE('',#8603,#8604);
#8603 = CARTESIAN_POINT('',(222.4,-40.5,75.5));
#8604 = VECTOR('',#8605,1.);
#8605 = DIRECTION('',(0.,1.,0.));
#8606 = PCURVE('',#8443,#8607);
#8607 = DEFINITIONAL_REPRESENTATION('',(#8608),#8612);
#8608 = LINE('',#8609,#8610);
#8609 = CARTESIAN_POINT('',(73.,0.));
#8610 = VECTOR('',#8611,1.);
#8611 = DIRECTION('',(0.,-1.));
#8612 = ( GEOMETRIC_REPRESENTATION_CONTEXT(2) 
PARAMETRIC_REPRESENTATION_CONTEXT() REPRESENTATION_CONTEXT('2D SPACE',''
  ) );
#8613 = PCURVE('',#8614,#8619);
#8614 = PLANE('',#8615);
#8615 = AXIS2_PLACEMENT_3D('',#8616,#8617,#8618);
#8616 = CARTESIAN_POINT('',(2.5,-40.5,75.5));
#8617 = DIRECTION('',(0.,0.,1.));
#8618 = DIRECTION('',(1.,0.,0.));
#8619 = DEFINITIONAL_REPRESENTATION('',(#8620),#8624);
#8620 = LINE('',#8621,#8622);
#8621 = CARTESIAN_POINT('',(219.9,0.));
#8622 = VECTOR('',#8623,1.);
#8623 = DIRECTION('',(0.,1.));
#8624 = ( GEOMETRIC_REPRESENTATION_CONTEXT(2) 
PARAMETRIC_REPRESENTATION_CONTEXT() REPRESENTATION_CONTEXT('2D SPACE',''
  ) );
#8625 = ADVANCED_FACE('',(#8626),#8614,.F.);
#8626 = FACE_BOUND('',#8627,.F.);
#8627 = EDGE_LOOP('',(#8628,#8653,#8674,#8675));
#8628 = ORIENTED_EDGE('',*,*,#8629,.F.);
#8629 = EDGE_CURVE('',#8630,#8632,#8634,.T.);
#8630 = VERTEX_POINT('',#8631);
#8631 = CARTESIAN_POINT('',(2.5,-40.5,75.5));
#8632 = VERTEX_POINT('',#8633);
#8633 = CARTESIAN_POINT('',(2.5,-6.,75.5));
#8634 = SURFACE_CURVE('',#8635,(#8639,#8646),.PCURVE_S1.);
#8635 = LINE('',#8636,#8637);
#8636 = CARTESIAN_POINT('',(2.5,-40.5,75.5));
#8637 = VECTOR('',#8638,1.);
#8638 = DIRECTION('',(0.,1.,0.));
#8639 = PCURVE('',#8614,#8640);
#8640 = DEFINITIONAL_REPRESENTATION('',(#8641),#8645);
#8641 = LINE('',#8642,#8643);
#8642 = CARTESIAN_POINT('',(0.,0.));
#8643 = VECTOR('',#8644,1.);
#8644 = DIRECTION('',(0.,1.));
#8645 = ( GEOMETRIC_REPRESENTATION_CONTEXT(2) 
PARAMETRIC_REPRESENTATION_CONTEXT() REPRESENTATION_CONTEXT('2D SPACE',''
  ) );
#8646 = PCURVE('',#793,#8647);
#8647 = DEFINITIONAL_REPRESENTATION('',(#8648),#8652);
#8648 = LINE('',#8649,#8650);
#8649 = CARTESIAN_POINT('',(73.,0.));
#8650 = VECTOR('',#8651,1.);
#8651 = DIRECTION('',(0.,-1.));
#8652 = ( GEOMETRIC_REPRESENTATION_CONTEXT(2) 
PARAMETRIC_REPRESENTATION_CONTEXT() REPRESENTATION_CONTEXT('2D SPACE',''
  ) );
#8653 = ORIENTED_EDGE('',*,*,#8654,.T.);
#8654 = EDGE_CURVE('',#8630,#8501,#8655,.T.);
#8655 = SURFACE_CURVE('',#8656,(#8660,#8667),.PCURVE_S1.);
#8656 = LINE('',#8657,#8658);
#8657 = CARTESIAN_POINT('',(2.5,-40.5,75.5));
#8658 = VECTOR('',#8659,1.);
#8659 = DIRECTION('',(1.,0.,0.));
#8660 = PCURVE('',#8614,#8661);
#8661 = DEFINITIONAL_REPRESENTATION('',(#8662),#8666);
#8662 = LINE('',#8663,#8664);
#8663 = CARTESIAN_POINT('',(0.,0.));
#8664 = VECTOR('',#8665,1.);
#8665 = DIRECTION('',(1.,0.));
#8666 = ( GEOMETRIC_REPRESENTATION_CONTEXT(2) 
PARAMETRIC_REPRESENTATION_CONTEXT() REPRESENTATION_CONTEXT('2D SPACE',''
  ) );
#8667 = PCURVE('',#8516,#8668);
#8668 = DEFINITIONAL_REPRESENTATION('',(#8669),#8673);
#8669 = LINE('',#8670,#8671);
#8670 = CARTESIAN_POINT('',(73.,0.));
#8671 = VECTOR('',#8672,1.);
#8672 = DIRECTION('',(0.,1.));
#8673 = ( GEOMETRIC_REPRESENTATION_CONTEXT(2) 
PARAMETRIC_REPRESENTATION_CONTEXT() REPRESENTATION_CONTEXT('2D SPACE',''
  ) );
#8674 = ORIENTED_EDGE('',*,*,#8600,.T.);
#8675 = ORIENTED_EDGE('',*,*,#8676,.F.);
#8676 = EDGE_CURVE('',#8632,#8578,#8677,.T.);
#8677 = SURFACE_CURVE('',#8678,(#8682,#8689),.PCURVE_S1.);
#8678 = LINE('',#8679,#8680);
#8679 = CARTESIAN_POINT('',(2.5,-6.,75.5));
#8680 = VECTOR('',#8681,1.);
#8681 = DIRECTION('',(1.,0.,0.));
#8682 = PCURVE('',#8614,#8683);
#8683 = DEFINITIONAL_REPRESENTATION('',(#8684),#8688);
#8684 = LINE('',#8685,#8686);
#8685 = CARTESIAN_POINT('',(0.,34.5));
#8686 = VECTOR('',#8687,1.);
#8687 = DIRECTION('',(1.,0.));
#8688 = ( GEOMETRIC_REPRESENTATION_CONTEXT(2) 
PARAMETRIC_REPRESENTATION_CONTEXT() REPRESENTATION_CONTEXT('2D SPACE',''
  ) );
#8689 = PCURVE('',#765,#8690);
#8690 = DEFINITIONAL_REPRESENTATION('',(#8691),#8695);
#8691 = LINE('',#8692,#8693);
#8692 = CARTESIAN_POINT('',(73.,0.));
#8693 = VECTOR('',#8694,1.);
#8694 = DIRECTION('',(0.,1.));
#8695 = ( GEOMETRIC_REPRESENTATION_CONTEXT(2) 
PARAMETRIC_REPRESENTATION_CONTEXT() REPRESENTATION_CONTEXT('2D SPACE',''
  ) );
#8696 = ADVANCED_FACE('',(#8697),#8516,.T.);
#8697 = FACE_BOUND('',#8698,.T.);
#8698 = EDGE_LOOP('',(#8699,#8700,#8750,#8776,#8863,#8884));
#8699 = ORIENTED_EDGE('',*,*,#8498,.F.);
#8700 = ORIENTED_EDGE('',*,*,#8701,.T.);
#8701 = EDGE_CURVE('',#8499,#8702,#8704,.T.);
#8702 = VERTEX_POINT('',#8703);
#8703 = CARTESIAN_POINT('',(221.4139327498,-40.5,6.015642855597));
#8704 = SURFACE_CURVE('',#8705,(#8718,#8734),.PCURVE_S1.);
#8705 = B_SPLINE_CURVE_WITH_KNOTS('',6,(#8706,#8707,#8708,#8709,#8710,
    #8711,#8712,#8713,#8714,#8715,#8716,#8717),.UNSPECIFIED.,.F.,.F.,(7,
    5,7),(0.,0.501051831374,1.),.UNSPECIFIED.);
#8706 = CARTESIAN_POINT('',(222.4,-40.5,6.437278651641));
#8707 = CARTESIAN_POINT('',(222.30588256574,-40.5,6.361756363739));
#8708 = CARTESIAN_POINT('',(222.2127631819,-40.5,6.295016200728));
#8709 = CARTESIAN_POINT('',(222.1213054941,-40.5,6.236974734031));
#8710 = CARTESIAN_POINT('',(222.03207823871,-40.5,6.187381032817));
#8711 = CARTESIAN_POINT('',(221.94553603241,-40.5,6.145882857343));
#8712 = CARTESIAN_POINT('',(221.77888299153,-40.5,6.078400371025));
#8713 = CARTESIAN_POINT('',(221.6987462239,-40.5,6.052351887313));
#8714 = CARTESIAN_POINT('',(221.62197455784,-40.5,6.033518623826));
#8715 = CARTESIAN_POINT('',(221.54881766734,-40.5,6.021442625271));
#8716 = CARTESIAN_POINT('',(221.47943937227,-40.5,6.015642745946));
#8717 = CARTESIAN_POINT('',(221.4139327498,-40.5,6.015642855597));
#8718 = PCURVE('',#8516,#8719);
#8719 = DEFINITIONAL_REPRESENTATION('',(#8720),#8733);
#8720 = B_SPLINE_CURVE_WITH_KNOTS('',6,(#8721,#8722,#8723,#8724,#8725,
    #8726,#8727,#8728,#8729,#8730,#8731,#8732),.UNSPECIFIED.,.F.,.F.,(7,
    5,7),(0.,0.501051831374,1.),.UNSPECIFIED.);
#8721 = CARTESIAN_POINT('',(3.937278651641,219.9));
#8722 = CARTESIAN_POINT('',(3.861756363739,219.80588256574));
#8723 = CARTESIAN_POINT('',(3.795016200728,219.7127631819));
#8724 = CARTESIAN_POINT('',(3.736974734031,219.6213054941));
#8725 = CARTESIAN_POINT('',(3.687381032817,219.53207823871));
#8726 = CARTESIAN_POINT('',(3.645882857343,219.44553603241));
#8727 = CARTESIAN_POINT('',(3.578400371025,219.27888299153));
#8728 = CARTESIAN_POINT('',(3.552351887313,219.1987462239));
#8729 = CARTESIAN_POINT('',(3.533518623826,219.12197455784));
#8730 = CARTESIAN_POINT('',(3.521442625271,219.04881766734));
#8731 = CARTESIAN_POINT('',(3.515642745946,218.97943937227));
#8732 = CARTESIAN_POINT('',(3.515642855597,218.9139327498));
#8733 = ( GEOMETRIC_REPRESENTATION_CONTEXT(2) 
PARAMETRIC_REPRESENTATION_CONTEXT() REPRESENTATION_CONTEXT('2D SPACE',''
  ) );
#8734 = PCURVE('',#8386,#8735);
#8735 = DEFINITIONAL_REPRESENTATION('',(#8736),#8749);
#8736 = B_SPLINE_CURVE_WITH_KNOTS('',6,(#8737,#8738,#8739,#8740,#8741,
    #8742,#8743,#8744,#8745,#8746,#8747,#8748),.UNSPECIFIED.,.F.,.F.,(7,
    5,7),(0.,0.501051831374,1.),.UNSPECIFIED.);
#8737 = CARTESIAN_POINT('',(13.370692249154,16.734971208291));
#8738 = CARTESIAN_POINT('',(12.259664166291,16.625826906729));
#8739 = CARTESIAN_POINT('',(11.147181951594,16.524516420281));
#8740 = CARTESIAN_POINT('',(10.033360070312,16.431063275095));
#8741 = CARTESIAN_POINT('',(8.918328565227,16.345376447226));
#8742 = CARTESIAN_POINT('',(7.802227881394,16.267293875074));
#8743 = CARTESIAN_POINT('',(5.572868952376,16.126216090299));
#8744 = CARTESIAN_POINT('',(4.459613794274,16.063158868687));
#8745 = CARTESIAN_POINT('',(3.345575904007,16.007227111278));
#8746 = CARTESIAN_POINT('',(2.230884439952,15.958169956357));
#8747 = CARTESIAN_POINT('',(1.115657537703,15.915709128016));
#8748 = CARTESIAN_POINT('',(0.,15.879554567148));
#8749 = ( GEOMETRIC_REPRESENTATION_CONTEXT(2) 
PARAMETRIC_REPRESENTATION_CONTEXT() REPRESENTATION_CONTEXT('2D SPACE',''
  ) );
#8750 = ORIENTED_EDGE('',*,*,#8751,.F.);
#8751 = EDGE_CURVE('',#8752,#8702,#8754,.T.);
#8752 = VERTEX_POINT('',#8753);
#8753 = CARTESIAN_POINT('',(3.486067250196,-40.5,6.015642855597));
#8754 = SURFACE_CURVE('',#8755,(#8759,#8765),.PCURVE_S1.);
#8755 = LINE('',#8756,#8757);
#8756 = CARTESIAN_POINT('',(0.,-40.5,6.015640288664));
#8757 = VECTOR('',#8758,1.);
#8758 = DIRECTION('',(1.,0.,0.));
#8759 = PCURVE('',#8516,#8760);
#8760 = DEFINITIONAL_REPRESENTATION('',(#8761),#8764);
#8761 = B_SPLINE_CURVE_WITH_KNOTS('',1,(#8762,#8763),.UNSPECIFIED.,.F.,
  .F.,(2,2),(1.1999994,223.7000006),.PIECEWISE_BEZIER_KNOTS.);
#8762 = CARTESIAN_POINT('',(3.515640288664,-1.3000006));
#8763 = CARTESIAN_POINT('',(3.515640288664,221.2000006));
#8764 = ( GEOMETRIC_REPRESENTATION_CONTEXT(2) 
PARAMETRIC_REPRESENTATION_CONTEXT() REPRESENTATION_CONTEXT('2D SPACE',''
  ) );
#8765 = PCURVE('',#8766,#8771);
#8766 = CYLINDRICAL_SURFACE('',#8767,14.);
#8767 = AXIS2_PLACEMENT_3D('',#8768,#8769,#8770);
#8768 = CARTESIAN_POINT('',(0.,-29.,14.));
#8769 = DIRECTION('',(1.,0.,0.));
#8770 = DIRECTION('',(0.,-1.,0.));
#8771 = DEFINITIONAL_REPRESENTATION('',(#8772),#8775);
#8772 = B_SPLINE_CURVE_WITH_KNOTS('',1,(#8773,#8774),.UNSPECIFIED.,.F.,
  .F.,(2,2),(1.1999994,223.7000006),.PIECEWISE_BEZIER_KNOTS.);
#8773 = CARTESIAN_POINT('',(0.606884910677,1.1999994));
#8774 = CARTESIAN_POINT('',(0.606884910677,223.7000006));
#8775 = ( GEOMETRIC_REPRESENTATION_CONTEXT(2) 
PARAMETRIC_REPRESENTATION_CONTEXT() REPRESENTATION_CONTEXT('2D SPACE',''
  ) );
#8776 = ORIENTED_EDGE('',*,*,#8777,.T.);
#8777 = EDGE_CURVE('',#8752,#8778,#8780,.T.);
#8778 = VERTEX_POINT('',#8779);
#8779 = CARTESIAN_POINT('',(2.5,-40.5,6.437278651641));
#8780 = SURFACE_CURVE('',#8781,(#8794,#8810),.PCURVE_S1.);
#8781 = B_SPLINE_CURVE_WITH_KNOTS('',6,(#8782,#8783,#8784,#8785,#8786,
    #8787,#8788,#8789,#8790,#8791,#8792,#8793),.UNSPECIFIED.,.F.,.F.,(7,
    5,7),(0.,0.4989573562,1.),.UNSPECIFIED.);
#8782 = CARTESIAN_POINT('',(3.486067250196,-40.5,6.015642855597));
#8783 = CARTESIAN_POINT('',(3.420559421461,-40.5,6.015642745944));
#8784 = CARTESIAN_POINT('',(3.351179777534,-40.5,6.021442838905));
#8785 = CARTESIAN_POINT('',(3.278021400714,-40.5,6.033519290935));
#8786 = CARTESIAN_POINT('',(3.201248121237,-40.5,6.052353274509));
#8787 = CARTESIAN_POINT('',(3.121109630083,-40.5,6.07840276943));
#8788 = CARTESIAN_POINT('',(2.954456032816,-40.5,6.14588666219));
#8789 = CARTESIAN_POINT('',(2.867915215777,-40.5,6.187384671058));
#8790 = CARTESIAN_POINT('',(2.778689476224,-40.5,6.23697792574));
#8791 = CARTESIAN_POINT('',(2.687233401042,-40.5,6.295018649849));
#8792 = CARTESIAN_POINT('',(2.594115708437,-40.5,6.361757748576));
#8793 = CARTESIAN_POINT('',(2.5,-40.5,6.437278651641));
#8794 = PCURVE('',#8516,#8795);
#8795 = DEFINITIONAL_REPRESENTATION('',(#8796),#8809);
#8796 = B_SPLINE_CURVE_WITH_KNOTS('',6,(#8797,#8798,#8799,#8800,#8801,
    #8802,#8803,#8804,#8805,#8806,#8807,#8808),.UNSPECIFIED.,.F.,.F.,(7,
    5,7),(0.,0.4989573562,1.),.UNSPECIFIED.);
#8797 = CARTESIAN_POINT('',(3.515642855597,0.986067250196));
#8798 = CARTESIAN_POINT('',(3.515642745944,0.920559421461));
#8799 = CARTESIAN_POINT('',(3.521442838905,0.851179777534));
#8800 = CARTESIAN_POINT('',(3.533519290935,0.778021400714));
#8801 = CARTESIAN_POINT('',(3.552353274509,0.701248121237));
#8802 = CARTESIAN_POINT('',(3.57840276943,0.621109630083));
#8803 = CARTESIAN_POINT('',(3.64588666219,0.454456032816));
#8804 = CARTESIAN_POINT('',(3.687384671058,0.367915215777));
#8805 = CARTESIAN_POINT('',(3.73697792574,0.278689476224));
#8806 = CARTESIAN_POINT('',(3.795018649849,0.187233401042));
#8807 = CARTESIAN_POINT('',(3.861757748576,9.411570843747E-02));
#8808 = CARTESIAN_POINT('',(3.937278651641,0.));
#8809 = ( GEOMETRIC_REPRESENTATION_CONTEXT(2) 
PARAMETRIC_REPRESENTATION_CONTEXT() REPRESENTATION_CONTEXT('2D SPACE',''
  ) );
#8810 = PCURVE('',#8811,#8848);
#8811 = ( BOUNDED_SURFACE() B_SPLINE_SURFACE(2,11,(
    (#8812,#8813,#8814,#8815,#8816,#8817,#8818,#8819,#8820,#8821,#8822
      ,#8823)
    ,(#8824,#8825,#8826,#8827,#8828,#8829,#8830,#8831,#8832,#8833,#8834
      ,#8835)
    ,(#8836,#8837,#8838,#8839,#8840,#8841,#8842,#8843,#8844,#8845,#8846
,#8847
    )),.UNSPECIFIED.,.F.,.F.,.F.) B_SPLINE_SURFACE_WITH_KNOTS((3,3),(12,
    12),(0.,26.741384523261),(0.,26.741384523261),
.PIECEWISE_BEZIER_KNOTS.) GEOMETRIC_REPRESENTATION_ITEM() 
RATIONAL_B_SPLINE_SURFACE((
    (1.,1.,1.,1.,1.,1.,1.,1.,1.,1.,1.,1.)
    ,(1.,1.,0.987769718649,0.963191288276,0.928052598254,0.882973021543
      ,0.83590929303,0.784725521152,0.746601038547,0.720242962469
      ,0.707106781187,0.707106781187)
,(1.,1.,1.,1.,1.,1.,1.,1.,1.,1.,1.,1.
))) REPRESENTATION_ITEM('') SURFACE() );
#8812 = CARTESIAN_POINT('',(14.,-29.,-1.7763568394E-15));
#8813 = CARTESIAN_POINT('',(11.911298028248,-30.90967037417,
    4.707345624411E-14));
#8814 = CARTESIAN_POINT('',(9.822539515416,-32.81939861355,0.34256296863
    ));
#8815 = CARTESIAN_POINT('',(7.799148606908,-34.6692962107,1.029751155747
    ));
#8816 = CARTESIAN_POINT('',(5.905372152131,-36.400867173,2.03722578013)
  );
#8817 = CARTESIAN_POINT('',(4.204635309428,-37.95536373407,
    3.362462045004));
#8818 = CARTESIAN_POINT('',(2.75670851189,-39.279636713,4.902442406022)
  );
#8819 = CARTESIAN_POINT('',(1.593345561115,-40.34243000956,
    6.680407520642));
#8820 = CARTESIAN_POINT('',(0.788876547108,-41.07812405701,
    8.516157987472));
#8821 = CARTESIAN_POINT('',(0.262318970413,-41.55997274444,
    10.344132136941));
#8822 = CARTESIAN_POINT('',(8.881784197001E-14,-41.8,12.172172641862));
#8823 = CARTESIAN_POINT('',(-1.7763568394E-15,-41.8,14.));
#8824 = CARTESIAN_POINT('',(14.,-29.,-1.7763568394E-15));
#8825 = CARTESIAN_POINT('',(12.000813827037,-30.99918617296,
    -1.95399252334E-14));
#8826 = CARTESIAN_POINT('',(9.95186101292,-33.04813898708,0.317650453713
    ));
#8827 = CARTESIAN_POINT('',(7.924783967285,-35.07521603271,
    0.973730896259));
#8828 = CARTESIAN_POINT('',(5.999479164288,-37.00052083571,
    1.984869332192));
#8829 = CARTESIAN_POINT('',(4.290157847593,-38.7098421524,3.27220293508)
  );
#8830 = CARTESIAN_POINT('',(2.828843281867,-40.17115671813,
    4.852676248773));
#8831 = CARTESIAN_POINT('',(1.728376349,-41.27162365099,6.5027676663));
#8832 = CARTESIAN_POINT('',(0.885643864997,-42.114356135,8.23686877553)
  );
#8833 = CARTESIAN_POINT('',(0.306023752203,-42.69397624779,
    10.075059599848));
#8834 = CARTESIAN_POINT('',(4.174438572591E-14,-43.,12.000813827037));
#8835 = CARTESIAN_POINT('',(-1.7763568394E-15,-43.,14.));
#8836 = CARTESIAN_POINT('',(14.,-29.,-1.7763568394E-15));
#8837 = CARTESIAN_POINT('',(12.090329625826,-31.08870197175,
    7.638334409421E-14));
#8838 = CARTESIAN_POINT('',(10.180601386442,-33.17746048458,
    0.34256296863));
#8839 = CARTESIAN_POINT('',(8.330703789292,-35.20085139309,
    1.029751155748));
#8840 = CARTESIAN_POINT('',(6.599132826992,-37.09462784787,
    2.037225780129));
#8841 = CARTESIAN_POINT('',(5.044636265925,-38.79536469057,
    3.362462045005));
#8842 = CARTESIAN_POINT('',(3.720363286997,-40.24329148811,
    4.902442406021));
#8843 = CARTESIAN_POINT('',(2.657569990437,-41.40665443888,
    6.680407520643));
#8844 = CARTESIAN_POINT('',(1.921875942986,-42.21112345289,
    8.516157987472));
#8845 = CARTESIAN_POINT('',(1.440027255556,-42.73768102958,
    10.344132136941));
#8846 = CARTESIAN_POINT('',(1.2,-43.,12.172172641862));
#8847 = CARTESIAN_POINT('',(1.2,-43.,14.));
#8848 = DEFINITIONAL_REPRESENTATION('',(#8849),#8862);
#8849 = B_SPLINE_CURVE_WITH_KNOTS('',6,(#8850,#8851,#8852,#8853,#8854,
    #8855,#8856,#8857,#8858,#8859,#8860,#8861),.UNSPECIFIED.,.F.,.F.,(7,
    5,7),(0.,0.4989573562,1.),.UNSPECIFIED.);
#8850 = CARTESIAN_POINT('',(26.741384523261,15.879554567148));
#8851 = CARTESIAN_POINT('',(25.62570644135,15.915709793782));
#8852 = CARTESIAN_POINT('',(24.510459010672,15.958171520164));
#8853 = CARTESIAN_POINT('',(23.39574703985,16.007229821361));
#8854 = CARTESIAN_POINT('',(22.281688671295,16.063162988494));
#8855 = CARTESIAN_POINT('',(21.168413070896,16.126221896171));
#8856 = CARTESIAN_POINT('',(18.939054310361,16.267301034221));
#8857 = CARTESIAN_POINT('',(17.822974171661,16.345382737813));
#8858 = CARTESIAN_POINT('',(16.707963174877,16.431068402478));
#8859 = CARTESIAN_POINT('',(15.594161771001,16.52452014933));
#8860 = CARTESIAN_POINT('',(14.481699978706,16.625828905223));
#8861 = CARTESIAN_POINT('',(13.370692268433,16.734971205419));
#8862 = ( GEOMETRIC_REPRESENTATION_CONTEXT(2) 
PARAMETRIC_REPRESENTATION_CONTEXT() REPRESENTATION_CONTEXT('2D SPACE',''
  ) );
#8863 = ORIENTED_EDGE('',*,*,#8864,.T.);
#8864 = EDGE_CURVE('',#8778,#8630,#8865,.T.);
#8865 = SURFACE_CURVE('',#8866,(#8870,#8877),.PCURVE_S1.);
#8866 = LINE('',#8867,#8868);
#8867 = CARTESIAN_POINT('',(2.5,-40.5,2.5));
#8868 = VECTOR('',#8869,1.);
#8869 = DIRECTION('',(0.,0.,1.));
#8870 = PCURVE('',#8516,#8871);
#8871 = DEFINITIONAL_REPRESENTATION('',(#8872),#8876);
#8872 = LINE('',#8873,#8874);
#8873 = CARTESIAN_POINT('',(0.,0.));
#8874 = VECTOR('',#8875,1.);
#8875 = DIRECTION('',(1.,0.));
#8876 = ( GEOMETRIC_REPRESENTATION_CONTEXT(2) 
PARAMETRIC_REPRESENTATION_CONTEXT() REPRESENTATION_CONTEXT('2D SPACE',''
  ) );
#8877 = PCURVE('',#793,#8878);
#8878 = DEFINITIONAL_REPRESENTATION('',(#8879),#8883);
#8879 = LINE('',#8880,#8881);
#8880 = CARTESIAN_POINT('',(0.,0.));
#8881 = VECTOR('',#8882,1.);
#8882 = DIRECTION('',(1.,0.));
#8883 = ( GEOMETRIC_REPRESENTATION_CONTEXT(2) 
PARAMETRIC_REPRESENTATION_CONTEXT() REPRESENTATION_CONTEXT('2D SPACE',''
  ) );
#8884 = ORIENTED_EDGE('',*,*,#8654,.T.);
#8885 = ADVANCED_FACE('',(#8886),#8766,.T.);
#8886 = FACE_BOUND('',#8887,.T.);
#8887 = EDGE_LOOP('',(#8888,#8918,#8957,#8958));
#8888 = ORIENTED_EDGE('',*,*,#8889,.F.);
#8889 = EDGE_CURVE('',#8890,#8892,#8894,.T.);
#8890 = VERTEX_POINT('',#8891);
#8891 = CARTESIAN_POINT('',(1.2,-43.,14.));
#8892 = VERTEX_POINT('',#8893);
#8893 = CARTESIAN_POINT('',(223.7,-43.,14.));
#8894 = SURFACE_CURVE('',#8895,(#8899,#8906),.PCURVE_S1.);
#8895 = LINE('',#8896,#8897);
#8896 = CARTESIAN_POINT('',(0.,-43.,14.));
#8897 = VECTOR('',#8898,1.);
#8898 = DIRECTION('',(1.,0.,0.));
#8899 = PCURVE('',#8766,#8900);
#8900 = DEFINITIONAL_REPRESENTATION('',(#8901),#8905);
#8901 = LINE('',#8902,#8903);
#8902 = CARTESIAN_POINT('',(0.,0.));
#8903 = VECTOR('',#8904,1.);
#8904 = DIRECTION('',(0.,1.));
#8905 = ( GEOMETRIC_REPRESENTATION_CONTEXT(2) 
PARAMETRIC_REPRESENTATION_CONTEXT() REPRESENTATION_CONTEXT('2D SPACE',''
  ) );
#8906 = PCURVE('',#8907,#8912);
#8907 = PLANE('',#8908);
#8908 = AXIS2_PLACEMENT_3D('',#8909,#8910,#8911);
#8909 = CARTESIAN_POINT('',(0.,-43.,0.));
#8910 = DIRECTION('',(0.,1.,0.));
#8911 = DIRECTION('',(0.,0.,1.));
#8912 = DEFINITIONAL_REPRESENTATION('',(#8913),#8917);
#8913 = LINE('',#8914,#8915);
#8914 = CARTESIAN_POINT('',(14.,0.));
#8915 = VECTOR('',#8916,1.);
#8916 = DIRECTION('',(0.,1.));
#8917 = ( GEOMETRIC_REPRESENTATION_CONTEXT(2) 
PARAMETRIC_REPRESENTATION_CONTEXT() REPRESENTATION_CONTEXT('2D SPACE',''
  ) );
#8918 = ORIENTED_EDGE('',*,*,#8919,.F.);
#8919 = EDGE_CURVE('',#8752,#8890,#8920,.T.);
#8920 = SURFACE_CURVE('',#8921,(#8934,#8950),.PCURVE_S1.);
#8921 = ( BOUNDED_CURVE() B_SPLINE_CURVE(11,(#8922,#8923,#8924,#8925,
    #8926,#8927,#8928,#8929,#8930,#8931,#8932,#8933),.UNSPECIFIED.,.F.,
.F.) B_SPLINE_CURVE_WITH_KNOTS((12,12),(0.,26.741384523261),
.PIECEWISE_BEZIER_KNOTS.) CURVE() GEOMETRIC_REPRESENTATION_ITEM() 
RATIONAL_B_SPLINE_CURVE((1.,1.,1.,1.,1.,1.,1.,1.,1.,1.,1.,1.)) 
REPRESENTATION_ITEM('') );
#8922 = CARTESIAN_POINT('',(14.,-29.,-1.7763568394E-15));
#8923 = CARTESIAN_POINT('',(12.090329625826,-31.08870197175,
    7.638334409421E-14));
#8924 = CARTESIAN_POINT('',(10.180601386442,-33.17746048458,
    0.34256296863));
#8925 = CARTESIAN_POINT('',(8.330703789292,-35.20085139309,
    1.029751155748));
#8926 = CARTESIAN_POINT('',(6.599132826992,-37.09462784787,
    2.037225780129));
#8927 = CARTESIAN_POINT('',(5.044636265925,-38.79536469057,
    3.362462045005));
#8928 = CARTESIAN_POINT('',(3.720363286997,-40.24329148811,
    4.902442406021));
#8929 = CARTESIAN_POINT('',(2.657569990437,-41.40665443888,
    6.680407520643));
#8930 = CARTESIAN_POINT('',(1.921875942986,-42.21112345289,
    8.516157987472));
#8931 = CARTESIAN_POINT('',(1.440027255556,-42.73768102958,
    10.344132136941));
#8932 = CARTESIAN_POINT('',(1.2,-43.,12.172172641862));
#8933 = CARTESIAN_POINT('',(1.2,-43.,14.));
#8934 = PCURVE('',#8766,#8935);
#8935 = DEFINITIONAL_REPRESENTATION('',(#8936),#8949);
#8936 = B_SPLINE_CURVE_WITH_KNOTS('',11,(#8937,#8938,#8939,#8940,#8941,
    #8942,#8943,#8944,#8945,#8946,#8947,#8948),.UNSPECIFIED.,.F.,.F.,(12
    ,12),(0.,26.741384523261),.PIECEWISE_BEZIER_KNOTS.);
#8937 = CARTESIAN_POINT('',(1.570796326795,14.));
#8938 = CARTESIAN_POINT('',(1.421603328813,12.090329625826));
#8939 = CARTESIAN_POINT('',(1.272417492603,10.180572334492));
#8940 = CARTESIAN_POINT('',(1.123343627587,8.330849015609));
#8941 = CARTESIAN_POINT('',(0.974965760564,6.59878133871));
#8942 = CARTESIAN_POINT('',(0.826379210829,5.045153598675));
#8943 = CARTESIAN_POINT('',(0.680688098153,3.719869674472));
#8944 = CARTESIAN_POINT('',(0.534794545413,2.6578749657));
#8945 = CARTESIAN_POINT('',(0.394699261823,1.921761741657));
#8946 = CARTESIAN_POINT('',(0.261132779187,1.44004784698));
#8947 = CARTESIAN_POINT('',(0.13055909701,1.2));
#8948 = CARTESIAN_POINT('',(2.84644522718E-16,1.2));
#8949 = ( GEOMETRIC_REPRESENTATION_CONTEXT(2) 
PARAMETRIC_REPRESENTATION_CONTEXT() REPRESENTATION_CONTEXT('2D SPACE',''
  ) );
#8950 = PCURVE('',#8811,#8951);
#8951 = DEFINITIONAL_REPRESENTATION('',(#8952),#8956);
#8952 = LINE('',#8953,#8954);
#8953 = CARTESIAN_POINT('',(26.741384523261,0.));
#8954 = VECTOR('',#8955,1.);
#8955 = DIRECTION('',(0.,1.));
#8956 = ( GEOMETRIC_REPRESENTATION_CONTEXT(2) 
PARAMETRIC_REPRESENTATION_CONTEXT() REPRESENTATION_CONTEXT('2D SPACE',''
  ) );
#8957 = ORIENTED_EDGE('',*,*,#8751,.T.);
#8958 = ORIENTED_EDGE('',*,*,#8959,.T.);
#8959 = EDGE_CURVE('',#8702,#8892,#8960,.T.);
#8960 = SURFACE_CURVE('',#8961,(#8974,#8990),.PCURVE_S1.);
#8961 = ( BOUNDED_CURVE() B_SPLINE_CURVE(11,(#8962,#8963,#8964,#8965,
    #8966,#8967,#8968,#8969,#8970,#8971,#8972,#8973),.UNSPECIFIED.,.F.,
.F.) B_SPLINE_CURVE_WITH_KNOTS((12,12),(1.283542552148E-15,
26.741384523261),.PIECEWISE_BEZIER_KNOTS.) CURVE() 
GEOMETRIC_REPRESENTATION_ITEM() RATIONAL_B_SPLINE_CURVE((1.,1.,
    0.999999999999,1.000000000001,0.999999999998,1.000000000003,
    0.999999999998,1.000000000002,0.999999999999,1.,1.,1.)) 
REPRESENTATION_ITEM('') );
#8962 = CARTESIAN_POINT('',(210.9,-29.,-1.7763568394E-15));
#8963 = CARTESIAN_POINT('',(212.80967037417,-31.08870197175,
    4.458655666895E-13));
#8964 = CARTESIAN_POINT('',(214.71939861355,-33.17746048458,
    0.342562968629));
#8965 = CARTESIAN_POINT('',(216.56929621071,-35.20085139309,
    1.02975115575));
#8966 = CARTESIAN_POINT('',(218.300867173,-37.09462784786,2.037225780126
    ));
#8967 = CARTESIAN_POINT('',(219.85536373407,-38.79536469057,
    3.362462045005));
#8968 = CARTESIAN_POINT('',(221.17963671301,-40.24329148811,
    4.902442406024));
#8969 = CARTESIAN_POINT('',(222.24243000955,-41.40665443888,
    6.680407520637));
#8970 = CARTESIAN_POINT('',(222.97812405701,-42.21112345289,
    8.516157987477));
#8971 = CARTESIAN_POINT('',(223.45997274444,-42.73768102958,
    10.344132136938));
#8972 = CARTESIAN_POINT('',(223.7,-43.,12.172172641863));
#8973 = CARTESIAN_POINT('',(223.7,-43.,14.));
#8974 = PCURVE('',#8766,#8975);
#8975 = DEFINITIONAL_REPRESENTATION('',(#8976),#8989);
#8976 = B_SPLINE_CURVE_WITH_KNOTS('',11,(#8977,#8978,#8979,#8980,#8981,
    #8982,#8983,#8984,#8985,#8986,#8987,#8988),.UNSPECIFIED.,.F.,.F.,(12
    ,12),(1.283542552148E-15,26.741384523261),.PIECEWISE_BEZIER_KNOTS.);
#8977 = CARTESIAN_POINT('',(1.570796326795,210.9));
#8978 = CARTESIAN_POINT('',(1.421603328814,212.80967037422));
#8979 = CARTESIAN_POINT('',(1.272417492599,214.71942766531));
#8980 = CARTESIAN_POINT('',(1.123343627596,216.56915098486));
#8981 = CARTESIAN_POINT('',(0.97496576055,218.30121866048));
#8982 = CARTESIAN_POINT('',(0.826379210845,219.85484640234));
#8983 = CARTESIAN_POINT('',(0.680688098141,221.18013032454));
#8984 = CARTESIAN_POINT('',(0.53479454542,222.24212503502));
#8985 = CARTESIAN_POINT('',(0.39469926182,222.97823825794));
#8986 = CARTESIAN_POINT('',(0.261132779188,223.45995215317));
#8987 = CARTESIAN_POINT('',(0.13055909701,223.69999999996));
#8988 = CARTESIAN_POINT('',(-4.842238466934E-17,223.7));
#8989 = ( GEOMETRIC_REPRESENTATION_CONTEXT(2) 
PARAMETRIC_REPRESENTATION_CONTEXT() REPRESENTATION_CONTEXT('2D SPACE',''
  ) );
#8990 = PCURVE('',#8386,#8991);
#8991 = DEFINITIONAL_REPRESENTATION('',(#8992),#8996);
#8992 = LINE('',#8993,#8994);
#8993 = CARTESIAN_POINT('',(0.,0.));
#8994 = VECTOR('',#8995,1.);
#8995 = DIRECTION('',(0.,1.));
#8996 = ( GEOMETRIC_REPRESENTATION_CONTEXT(2) 
PARAMETRIC_REPRESENTATION_CONTEXT() REPRESENTATION_CONTEXT('2D SPACE',''
  ) );
#8997 = ADVANCED_FACE('',(#8998),#8907,.F.);
#8998 = FACE_BOUND('',#8999,.F.);
#8999 = EDGE_LOOP('',(#9000,#9023,#9051,#9077));
#9000 = ORIENTED_EDGE('',*,*,#9001,.T.);
#9001 = EDGE_CURVE('',#8890,#9002,#9004,.T.);
#9002 = VERTEX_POINT('',#9003);
#9003 = CARTESIAN_POINT('',(1.2,-43.,77.));
#9004 = SURFACE_CURVE('',#9005,(#9009,#9016),.PCURVE_S1.);
#9005 = LINE('',#9006,#9007);
#9006 = CARTESIAN_POINT('',(1.2,-43.,14.));
#9007 = VECTOR('',#9008,1.);
#9008 = DIRECTION('',(0.,0.,1.));
#9009 = PCURVE('',#8907,#9010);
#9010 = DEFINITIONAL_REPRESENTATION('',(#9011),#9015);
#9011 = LINE('',#9012,#9013);
#9012 = CARTESIAN_POINT('',(14.,1.2));
#9013 = VECTOR('',#9014,1.);
#9014 = DIRECTION('',(1.,0.));
#9015 = ( GEOMETRIC_REPRESENTATION_CONTEXT(2) 
PARAMETRIC_REPRESENTATION_CONTEXT() REPRESENTATION_CONTEXT('2D SPACE',''
  ) );
#9016 = PCURVE('',#512,#9017);
#9017 = DEFINITIONAL_REPRESENTATION('',(#9018),#9022);
#9018 = LINE('',#9019,#9020);
#9019 = CARTESIAN_POINT('',(1.570796326795,0.));
#9020 = VECTOR('',#9021,1.);
#9021 = DIRECTION('',(0.,1.));
#9022 = ( GEOMETRIC_REPRESENTATION_CONTEXT(2) 
PARAMETRIC_REPRESENTATION_CONTEXT() REPRESENTATION_CONTEXT('2D SPACE',''
  ) );
#9023 = ORIENTED_EDGE('',*,*,#9024,.F.);
#9024 = EDGE_CURVE('',#9025,#9002,#9027,.T.);
#9025 = VERTEX_POINT('',#9026);
#9026 = CARTESIAN_POINT('',(223.7,-43.,77.));
#9027 = SURFACE_CURVE('',#9028,(#9032,#9039),.PCURVE_S1.);
#9028 = LINE('',#9029,#9030);
#9029 = CARTESIAN_POINT('',(223.7,-43.,77.));
#9030 = VECTOR('',#9031,1.);
#9031 = DIRECTION('',(-1.,-0.,-0.));
#9032 = PCURVE('',#8907,#9033);
#9033 = DEFINITIONAL_REPRESENTATION('',(#9034),#9038);
#9034 = LINE('',#9035,#9036);
#9035 = CARTESIAN_POINT('',(77.,223.7));
#9036 = VECTOR('',#9037,1.);
#9037 = DIRECTION('',(-0.,-1.));
#9038 = ( GEOMETRIC_REPRESENTATION_CONTEXT(2) 
PARAMETRIC_REPRESENTATION_CONTEXT() REPRESENTATION_CONTEXT('2D SPACE',''
  ) );
#9039 = PCURVE('',#9040,#9045);
#9040 = CYLINDRICAL_SURFACE('',#9041,1.);
#9041 = AXIS2_PLACEMENT_3D('',#9042,#9043,#9044);
#9042 = CARTESIAN_POINT('',(223.7,-42.,77.));
#9043 = DIRECTION('',(-1.,-0.,-0.));
#9044 = DIRECTION('',(-0.,0.,1.));
#9045 = DEFINITIONAL_REPRESENTATION('',(#9046),#9050);
#9046 = LINE('',#9047,#9048);
#9047 = CARTESIAN_POINT('',(-1.570796326795,0.));
#9048 = VECTOR('',#9049,1.);
#9049 = DIRECTION('',(-0.,1.));
#9050 = ( GEOMETRIC_REPRESENTATION_CONTEXT(2) 
PARAMETRIC_REPRESENTATION_CONTEXT() REPRESENTATION_CONTEXT('2D SPACE',''
  ) );
#9051 = ORIENTED_EDGE('',*,*,#9052,.F.);
#9052 = EDGE_CURVE('',#8892,#9025,#9053,.T.);
#9053 = SURFACE_CURVE('',#9054,(#9058,#9065),.PCURVE_S1.);
#9054 = LINE('',#9055,#9056);
#9055 = CARTESIAN_POINT('',(223.7,-43.,14.));
#9056 = VECTOR('',#9057,1.);
#9057 = DIRECTION('',(0.,0.,1.));
#9058 = PCURVE('',#8907,#9059);
#9059 = DEFINITIONAL_REPRESENTATION('',(#9060),#9064);
#9060 = LINE('',#9061,#9062);
#9061 = CARTESIAN_POINT('',(14.,223.7));
#9062 = VECTOR('',#9063,1.);
#9063 = DIRECTION('',(1.,0.));
#9064 = ( GEOMETRIC_REPRESENTATION_CONTEXT(2) 
PARAMETRIC_REPRESENTATION_CONTEXT() REPRESENTATION_CONTEXT('2D SPACE',''
  ) );
#9065 = PCURVE('',#9066,#9071);
#9066 = CYLINDRICAL_SURFACE('',#9067,1.2);
#9067 = AXIS2_PLACEMENT_3D('',#9068,#9069,#9070);
#9068 = CARTESIAN_POINT('',(223.7,-41.8,14.));
#9069 = DIRECTION('',(0.,0.,1.));
#9070 = DIRECTION('',(0.,-1.,0.));
#9071 = DEFINITIONAL_REPRESENTATION('',(#9072),#9076);
#9072 = LINE('',#9073,#9074);
#9073 = CARTESIAN_POINT('',(0.,0.));
#9074 = VECTOR('',#9075,1.);
#9075 = DIRECTION('',(0.,1.));
#9076 = ( GEOMETRIC_REPRESENTATION_CONTEXT(2) 
PARAMETRIC_REPRESENTATION_CONTEXT() REPRESENTATION_CONTEXT('2D SPACE',''
  ) );
#9077 = ORIENTED_EDGE('',*,*,#8889,.F.);
#9078 = ADVANCED_FACE('',(#9079),#9066,.T.);
#9079 = FACE_BOUND('',#9080,.T.);
#9080 = EDGE_LOOP('',(#9081,#9082,#9109,#9132));
#9081 = ORIENTED_EDGE('',*,*,#9052,.F.);
#9082 = ORIENTED_EDGE('',*,*,#9083,.T.);
#9083 = EDGE_CURVE('',#8892,#8323,#9084,.T.);
#9084 = SURFACE_CURVE('',#9085,(#9089,#9103),.PCURVE_S1.);
#9085 = ( BOUNDED_CURVE() B_SPLINE_CURVE(2,(#9086,#9087,#9088),
.UNSPECIFIED.,.F.,.F.) B_SPLINE_CURVE_WITH_KNOTS((3,3),(0.,
26.741384523261),.PIECEWISE_BEZIER_KNOTS.) CURVE() 
GEOMETRIC_REPRESENTATION_ITEM() RATIONAL_B_SPLINE_CURVE((1.,
0.707106781187,1.)) REPRESENTATION_ITEM('') );
#9086 = CARTESIAN_POINT('',(223.7,-43.,14.));
#9087 = CARTESIAN_POINT('',(224.9,-43.,14.));
#9088 = CARTESIAN_POINT('',(224.9,-41.8,14.));
#9089 = PCURVE('',#9066,#9090);
#9090 = DEFINITIONAL_REPRESENTATION('',(#9091),#9102);
#9091 = B_SPLINE_CURVE_WITH_KNOTS('',9,(#9092,#9093,#9094,#9095,#9096,
    #9097,#9098,#9099,#9100,#9101),.UNSPECIFIED.,.F.,.F.,(10,10),(0.,
    26.741384523261),.PIECEWISE_BEZIER_KNOTS.);
#9092 = CARTESIAN_POINT('',(1.110223024625E-16,0.));
#9093 = CARTESIAN_POINT('',(0.157134840264,0.));
#9094 = CARTESIAN_POINT('',(0.325774716821,0.));
#9095 = CARTESIAN_POINT('',(0.50456638687,0.));
#9096 = CARTESIAN_POINT('',(0.690744851613,0.));
#9097 = CARTESIAN_POINT('',(0.880051475182,0.));
#9098 = CARTESIAN_POINT('',(1.066229939925,0.));
#9099 = CARTESIAN_POINT('',(1.245021609974,0.));
#9100 = CARTESIAN_POINT('',(1.413661486531,0.));
#9101 = CARTESIAN_POINT('',(1.570796326795,0.));
#9102 = ( GEOMETRIC_REPRESENTATION_CONTEXT(2) 
PARAMETRIC_REPRESENTATION_CONTEXT() REPRESENTATION_CONTEXT('2D SPACE',''
  ) );
#9103 = PCURVE('',#8386,#9104);
#9104 = DEFINITIONAL_REPRESENTATION('',(#9105),#9108);
#9105 = B_SPLINE_CURVE_WITH_KNOTS('',1,(#9106,#9107),.UNSPECIFIED.,.F.,
  .F.,(2,2),(0.,26.741384523261),.PIECEWISE_BEZIER_KNOTS.);
#9106 = CARTESIAN_POINT('',(0.,26.741384523261));
#9107 = CARTESIAN_POINT('',(26.741384523261,26.741384523261));
#9108 = ( GEOMETRIC_REPRESENTATION_CONTEXT(2) 
PARAMETRIC_REPRESENTATION_CONTEXT() REPRESENTATION_CONTEXT('2D SPACE',''
  ) );
#9109 = ORIENTED_EDGE('',*,*,#9110,.T.);
#9110 = EDGE_CURVE('',#8323,#9111,#9113,.T.);
#9111 = VERTEX_POINT('',#9112);
#9112 = CARTESIAN_POINT('',(224.9,-41.8,77.));
#9113 = SURFACE_CURVE('',#9114,(#9118,#9125),.PCURVE_S1.);
#9114 = LINE('',#9115,#9116);
#9115 = CARTESIAN_POINT('',(224.9,-41.8,14.));
#9116 = VECTOR('',#9117,1.);
#9117 = DIRECTION('',(0.,0.,1.));
#9118 = PCURVE('',#9066,#9119);
#9119 = DEFINITIONAL_REPRESENTATION('',(#9120),#9124);
#9120 = LINE('',#9121,#9122);
#9121 = CARTESIAN_POINT('',(1.570796326795,0.));
#9122 = VECTOR('',#9123,1.);
#9123 = DIRECTION('',(0.,1.));
#9124 = ( GEOMETRIC_REPRESENTATION_CONTEXT(2) 
PARAMETRIC_REPRESENTATION_CONTEXT() REPRESENTATION_CONTEXT('2D SPACE',''
  ) );
#9125 = PCURVE('',#8340,#9126);
#9126 = DEFINITIONAL_REPRESENTATION('',(#9127),#9131);
#9127 = LINE('',#9128,#9129);
#9128 = CARTESIAN_POINT('',(14.,-1.2));
#9129 = VECTOR('',#9130,1.);
#9130 = DIRECTION('',(1.,0.));
#9131 = ( GEOMETRIC_REPRESENTATION_CONTEXT(2) 
PARAMETRIC_REPRESENTATION_CONTEXT() REPRESENTATION_CONTEXT('2D SPACE',''
  ) );
#9132 = ORIENTED_EDGE('',*,*,#9133,.T.);
#9133 = EDGE_CURVE('',#9111,#9025,#9134,.T.);
#9134 = SURFACE_CURVE('',#9135,(#9140,#9147),.PCURVE_S1.);
#9135 = CIRCLE('',#9136,1.2);
#9136 = AXIS2_PLACEMENT_3D('',#9137,#9138,#9139);
#9137 = CARTESIAN_POINT('',(223.7,-41.8,77.));
#9138 = DIRECTION('',(0.,0.,-1.));
#9139 = DIRECTION('',(1.,0.,0.));
#9140 = PCURVE('',#9066,#9141);
#9141 = DEFINITIONAL_REPRESENTATION('',(#9142),#9146);
#9142 = LINE('',#9143,#9144);
#9143 = CARTESIAN_POINT('',(1.570796326795,63.));
#9144 = VECTOR('',#9145,1.);
#9145 = DIRECTION('',(-1.,-0.));
#9146 = ( GEOMETRIC_REPRESENTATION_CONTEXT(2) 
PARAMETRIC_REPRESENTATION_CONTEXT() REPRESENTATION_CONTEXT('2D SPACE',''
  ) );
#9147 = PCURVE('',#9148,#9163);
#9148 = SURFACE_OF_REVOLUTION('',#9149,#9160);
#9149 = B_SPLINE_CURVE_WITH_KNOTS('',5,(#9150,#9151,#9152,#9153,#9154,
    #9155,#9156,#9157,#9158,#9159),.UNSPECIFIED.,.F.,.F.,(6,4,6),(
    4.712388980385,5.497787143782,6.28318530718),.UNSPECIFIED.);
#9150 = CARTESIAN_POINT('',(223.9,-41.8,78.));
#9151 = CARTESIAN_POINT('',(224.05707963267,-41.8,78.));
#9152 = CARTESIAN_POINT('',(224.21416175398,-41.8,77.969164407054));
#9153 = CARTESIAN_POINT('',(224.36315681768,-41.8,77.907448630942));
#9154 = CARTESIAN_POINT('',(224.49603470773,-41.8,77.818178854641));
#9155 = CARTESIAN_POINT('',(224.71817885464,-41.8,77.596034707732));
#9156 = CARTESIAN_POINT('',(224.80744863094,-41.8,77.463156817683));
#9157 = CARTESIAN_POINT('',(224.86916440705,-41.8,77.314161753982));
#9158 = CARTESIAN_POINT('',(224.9,-41.8,77.15707963268));
#9159 = CARTESIAN_POINT('',(224.9,-41.8,77.));
#9160 = AXIS1_PLACEMENT('',#9161,#9162);
#9161 = CARTESIAN_POINT('',(223.7,-41.8,77.));
#9162 = DIRECTION('',(-0.,-0.,-1.));
#9163 = DEFINITIONAL_REPRESENTATION('',(#9164),#9168);
#9164 = LINE('',#9165,#9166);
#9165 = CARTESIAN_POINT('',(0.,6.28318530718));
#9166 = VECTOR('',#9167,1.);
#9167 = DIRECTION('',(1.,0.));
#9168 = ( GEOMETRIC_REPRESENTATION_CONTEXT(2) 
PARAMETRIC_REPRESENTATION_CONTEXT() REPRESENTATION_CONTEXT('2D SPACE',''
  ) );
#9169 = ADVANCED_FACE('',(#9170),#9148,.T.);
#9170 = FACE_BOUND('',#9171,.T.);
#9171 = EDGE_LOOP('',(#9172,#9199,#9232,#9252));
#9172 = ORIENTED_EDGE('',*,*,#9173,.F.);
#9173 = EDGE_CURVE('',#9174,#9111,#9176,.T.);
#9174 = VERTEX_POINT('',#9175);
#9175 = CARTESIAN_POINT('',(223.9,-41.8,78.));
#9176 = SURFACE_CURVE('',#9177,(#9182,#9188),.PCURVE_S1.);
#9177 = CIRCLE('',#9178,1.);
#9178 = AXIS2_PLACEMENT_3D('',#9179,#9180,#9181);
#9179 = CARTESIAN_POINT('',(223.9,-41.8,77.));
#9180 = DIRECTION('',(0.,1.,0.));
#9181 = DIRECTION('',(0.,-0.,1.));
#9182 = PCURVE('',#9148,#9183);
#9183 = DEFINITIONAL_REPRESENTATION('',(#9184),#9187);
#9184 = B_SPLINE_CURVE_WITH_KNOTS('',1,(#9185,#9186),.UNSPECIFIED.,.F.,
  .F.,(2,2),(0.,1.570796326795),.PIECEWISE_BEZIER_KNOTS.);
#9185 = CARTESIAN_POINT('',(0.,4.712388980385));
#9186 = CARTESIAN_POINT('',(0.,6.28318530718));
#9187 = ( GEOMETRIC_REPRESENTATION_CONTEXT(2) 
PARAMETRIC_REPRESENTATION_CONTEXT() REPRESENTATION_CONTEXT('2D SPACE',''
  ) );
#9188 = PCURVE('',#9189,#9194);
#9189 = CYLINDRICAL_SURFACE('',#9190,1.);
#9190 = AXIS2_PLACEMENT_3D('',#9191,#9192,#9193);
#9191 = CARTESIAN_POINT('',(223.9,41.8,77.));
#9192 = DIRECTION('',(-0.,-1.,-0.));
#9193 = DIRECTION('',(0.,0.,1.));
#9194 = DEFINITIONAL_REPRESENTATION('',(#9195),#9198);
#9195 = B_SPLINE_CURVE_WITH_KNOTS('',1,(#9196,#9197),.UNSPECIFIED.,.F.,
  .F.,(2,2),(0.,1.570796326795),.PIECEWISE_BEZIER_KNOTS.);
#9196 = CARTESIAN_POINT('',(0.,83.6));
#9197 = CARTESIAN_POINT('',(-1.570796326795,83.6));
#9198 = ( GEOMETRIC_REPRESENTATION_CONTEXT(2) 
PARAMETRIC_REPRESENTATION_CONTEXT() REPRESENTATION_CONTEXT('2D SPACE',''
  ) );
#9199 = ORIENTED_EDGE('',*,*,#9200,.T.);
#9200 = EDGE_CURVE('',#9174,#9201,#9203,.T.);
#9201 = VERTEX_POINT('',#9202);
#9202 = CARTESIAN_POINT('',(223.7,-42.,78.));
#9203 = SURFACE_CURVE('',#9204,(#9209,#9216),.PCURVE_S1.);
#9204 = CIRCLE('',#9205,0.2);
#9205 = AXIS2_PLACEMENT_3D('',#9206,#9207,#9208);
#9206 = CARTESIAN_POINT('',(223.7,-41.8,78.));
#9207 = DIRECTION('',(0.,0.,-1.));
#9208 = DIRECTION('',(1.,0.,0.));
#9209 = PCURVE('',#9148,#9210);
#9210 = DEFINITIONAL_REPRESENTATION('',(#9211),#9215);
#9211 = LINE('',#9212,#9213);
#9212 = CARTESIAN_POINT('',(0.,4.712388980385));
#9213 = VECTOR('',#9214,1.);
#9214 = DIRECTION('',(1.,0.));
#9215 = ( GEOMETRIC_REPRESENTATION_CONTEXT(2) 
PARAMETRIC_REPRESENTATION_CONTEXT() REPRESENTATION_CONTEXT('2D SPACE',''
  ) );
#9216 = PCURVE('',#9217,#9222);
#9217 = PLANE('',#9218);
#9218 = AXIS2_PLACEMENT_3D('',#9219,#9220,#9221);
#9219 = CARTESIAN_POINT('',(0.,-43.,78.));
#9220 = DIRECTION('',(0.,0.,1.));
#9221 = DIRECTION('',(1.,0.,0.));
#9222 = DEFINITIONAL_REPRESENTATION('',(#9223),#9231);
#9223 = ( BOUNDED_CURVE() B_SPLINE_CURVE(2,(#9224,#9225,#9226,#9227,
#9228,#9229,#9230),.UNSPECIFIED.,.T.,.F.) B_SPLINE_CURVE_WITH_KNOTS((1,2
    ,2,2,2,1),(-2.094395102393,0.,2.094395102393,4.188790204786,
6.28318530718,8.377580409573),.UNSPECIFIED.) CURVE() 
GEOMETRIC_REPRESENTATION_ITEM() RATIONAL_B_SPLINE_CURVE((1.,0.5,1.,0.5,
1.,0.5,1.)) REPRESENTATION_ITEM('') );
#9224 = CARTESIAN_POINT('',(223.9,1.2));
#9225 = CARTESIAN_POINT('',(223.9,0.853589838486));
#9226 = CARTESIAN_POINT('',(223.6,1.026794919243));
#9227 = CARTESIAN_POINT('',(223.3,1.2));
#9228 = CARTESIAN_POINT('',(223.6,1.373205080757));
#9229 = CARTESIAN_POINT('',(223.9,1.546410161514));
#9230 = CARTESIAN_POINT('',(223.9,1.2));
#9231 = ( GEOMETRIC_REPRESENTATION_CONTEXT(2) 
PARAMETRIC_REPRESENTATION_CONTEXT() REPRESENTATION_CONTEXT('2D SPACE',''
  ) );
#9232 = ORIENTED_EDGE('',*,*,#9233,.T.);
#9233 = EDGE_CURVE('',#9201,#9025,#9234,.T.);
#9234 = SURFACE_CURVE('',#9235,(#9240,#9246),.PCURVE_S1.);
#9235 = CIRCLE('',#9236,1.);
#9236 = AXIS2_PLACEMENT_3D('',#9237,#9238,#9239);
#9237 = CARTESIAN_POINT('',(223.7,-42.,77.));
#9238 = DIRECTION('',(1.,6.123233995737E-17,0.));
#9239 = DIRECTION('',(6.123233995737E-17,-1.,0.));
#9240 = PCURVE('',#9148,#9241);
#9241 = DEFINITIONAL_REPRESENTATION('',(#9242),#9245);
#9242 = B_SPLINE_CURVE_WITH_KNOTS('',1,(#9243,#9244),.UNSPECIFIED.,.F.,
  .F.,(2,2),(4.712388980385,6.28318530718),.PIECEWISE_BEZIER_KNOTS.);
#9243 = CARTESIAN_POINT('',(1.570796326795,4.712388980385));
#9244 = CARTESIAN_POINT('',(1.570796326795,6.28318530718));
#9245 = ( GEOMETRIC_REPRESENTATION_CONTEXT(2) 
PARAMETRIC_REPRESENTATION_CONTEXT() REPRESENTATION_CONTEXT('2D SPACE',''
  ) );
#9246 = PCURVE('',#9040,#9247);
#9247 = DEFINITIONAL_REPRESENTATION('',(#9248),#9251);
#9248 = B_SPLINE_CURVE_WITH_KNOTS('',1,(#9249,#9250),.UNSPECIFIED.,.F.,
  .F.,(2,2),(4.712388980385,6.28318530718),.PIECEWISE_BEZIER_KNOTS.);
#9249 = CARTESIAN_POINT('',(0.,0.));
#9250 = CARTESIAN_POINT('',(-1.570796326795,0.));
#9251 = ( GEOMETRIC_REPRESENTATION_CONTEXT(2) 
PARAMETRIC_REPRESENTATION_CONTEXT() REPRESENTATION_CONTEXT('2D SPACE',''
  ) );
#9252 = ORIENTED_EDGE('',*,*,#9133,.F.);
#9253 = ADVANCED_FACE('',(#9254),#9217,.T.);
#9254 = FACE_BOUND('',#9255,.T.);
#9255 = EDGE_LOOP('',(#9256,#9286,#9329,#9352,#9395,#9416,#9417,#9440));
#9256 = ORIENTED_EDGE('',*,*,#9257,.F.);
#9257 = EDGE_CURVE('',#9258,#9260,#9262,.T.);
#9258 = VERTEX_POINT('',#9259);
#9259 = CARTESIAN_POINT('',(1.2,42.,78.));
#9260 = VERTEX_POINT('',#9261);
#9261 = CARTESIAN_POINT('',(223.7,42.,78.));
#9262 = SURFACE_CURVE('',#9263,(#9267,#9274),.PCURVE_S1.);
#9263 = LINE('',#9264,#9265);
#9264 = CARTESIAN_POINT('',(1.2,42.,78.));
#9265 = VECTOR('',#9266,1.);
#9266 = DIRECTION('',(1.,0.,0.));
#9267 = PCURVE('',#9217,#9268);
#9268 = DEFINITIONAL_REPRESENTATION('',(#9269),#9273);
#9269 = LINE('',#9270,#9271);
#9270 = CARTESIAN_POINT('',(1.2,85.));
#9271 = VECTOR('',#9272,1.);
#9272 = DIRECTION('',(1.,0.));
#9273 = ( GEOMETRIC_REPRESENTATION_CONTEXT(2) 
PARAMETRIC_REPRESENTATION_CONTEXT() REPRESENTATION_CONTEXT('2D SPACE',''
  ) );
#9274 = PCURVE('',#9275,#9280);
#9275 = CYLINDRICAL_SURFACE('',#9276,1.);
#9276 = AXIS2_PLACEMENT_3D('',#9277,#9278,#9279);
#9277 = CARTESIAN_POINT('',(1.2,42.,77.));
#9278 = DIRECTION('',(1.,0.,0.));
#9279 = DIRECTION('',(0.,0.,1.));
#9280 = DEFINITIONAL_REPRESENTATION('',(#9281),#9285);
#9281 = LINE('',#9282,#9283);
#9282 = CARTESIAN_POINT('',(-0.,0.));
#9283 = VECTOR('',#9284,1.);
#9284 = DIRECTION('',(-0.,1.));
#9285 = ( GEOMETRIC_REPRESENTATION_CONTEXT(2) 
PARAMETRIC_REPRESENTATION_CONTEXT() REPRESENTATION_CONTEXT('2D SPACE',''
  ) );
#9286 = ORIENTED_EDGE('',*,*,#9287,.F.);
#9287 = EDGE_CURVE('',#9288,#9258,#9290,.T.);
#9288 = VERTEX_POINT('',#9289);
#9289 = CARTESIAN_POINT('',(1.,41.8,78.));
#9290 = SURFACE_CURVE('',#9291,(#9296,#9307),.PCURVE_S1.);
#9291 = CIRCLE('',#9292,0.2);
#9292 = AXIS2_PLACEMENT_3D('',#9293,#9294,#9295);
#9293 = CARTESIAN_POINT('',(1.2,41.8,78.));
#9294 = DIRECTION('',(-0.,0.,-1.));
#9295 = DIRECTION('',(-1.,0.,0.));
#9296 = PCURVE('',#9217,#9297);
#9297 = DEFINITIONAL_REPRESENTATION('',(#9298),#9306);
#9298 = ( BOUNDED_CURVE() B_SPLINE_CURVE(2,(#9299,#9300,#9301,#9302,
#9303,#9304,#9305),.UNSPECIFIED.,.T.,.F.) B_SPLINE_CURVE_WITH_KNOTS((1,2
    ,2,2,2,1),(-2.094395102393,0.,2.094395102393,4.188790204786,
6.28318530718,8.377580409573),.UNSPECIFIED.) CURVE() 
GEOMETRIC_REPRESENTATION_ITEM() RATIONAL_B_SPLINE_CURVE((1.,0.5,1.,0.5,
1.,0.5,1.)) REPRESENTATION_ITEM('') );
#9299 = CARTESIAN_POINT('',(1.,84.8));
#9300 = CARTESIAN_POINT('',(1.,85.146410161514));
#9301 = CARTESIAN_POINT('',(1.3,84.973205080757));
#9302 = CARTESIAN_POINT('',(1.6,84.8));
#9303 = CARTESIAN_POINT('',(1.3,84.626794919243));
#9304 = CARTESIAN_POINT('',(1.,84.453589838486));
#9305 = CARTESIAN_POINT('',(1.,84.8));
#9306 = ( GEOMETRIC_REPRESENTATION_CONTEXT(2) 
PARAMETRIC_REPRESENTATION_CONTEXT() REPRESENTATION_CONTEXT('2D SPACE',''
  ) );
#9307 = PCURVE('',#9308,#9323);
#9308 = SURFACE_OF_REVOLUTION('',#9309,#9320);
#9309 = B_SPLINE_CURVE_WITH_KNOTS('',5,(#9310,#9311,#9312,#9313,#9314,
    #9315,#9316,#9317,#9318,#9319),.UNSPECIFIED.,.F.,.F.,(6,4,6),(
    4.712388980385,5.497787143782,6.28318530718),.UNSPECIFIED.);
#9310 = CARTESIAN_POINT('',(1.,41.8,78.));
#9311 = CARTESIAN_POINT('',(0.842920367321,41.8,78.));
#9312 = CARTESIAN_POINT('',(0.685838246018,41.8,77.969164407054));
#9313 = CARTESIAN_POINT('',(0.536843182317,41.8,77.907448630942));
#9314 = CARTESIAN_POINT('',(0.403965292267,41.8,77.818178854641));
#9315 = CARTESIAN_POINT('',(0.181821145359,41.8,77.596034707732));
#9316 = CARTESIAN_POINT('',(9.255136905742E-02,41.8,77.463156817683));
#9317 = CARTESIAN_POINT('',(3.08355929458E-02,41.8,77.314161753982));
#9318 = CARTESIAN_POINT('',(-8.962801270289E-17,41.8,77.15707963268));
#9319 = CARTESIAN_POINT('',(-2.359223927328E-16,41.8,77.));
#9320 = AXIS1_PLACEMENT('',#9321,#9322);
#9321 = CARTESIAN_POINT('',(1.2,41.8,77.));
#9322 = DIRECTION('',(-0.,-0.,-1.));
#9323 = DEFINITIONAL_REPRESENTATION('',(#9324),#9328);
#9324 = LINE('',#9325,#9326);
#9325 = CARTESIAN_POINT('',(0.,4.712388980385));
#9326 = VECTOR('',#9327,1.);
#9327 = DIRECTION('',(1.,0.));
#9328 = ( GEOMETRIC_REPRESENTATION_CONTEXT(2) 
PARAMETRIC_REPRESENTATION_CONTEXT() REPRESENTATION_CONTEXT('2D SPACE',''
  ) );
#9329 = ORIENTED_EDGE('',*,*,#9330,.F.);
#9330 = EDGE_CURVE('',#9331,#9288,#9333,.T.);
#9331 = VERTEX_POINT('',#9332);
#9332 = CARTESIAN_POINT('',(1.,-41.8,78.));
#9333 = SURFACE_CURVE('',#9334,(#9338,#9345),.PCURVE_S1.);
#9334 = LINE('',#9335,#9336);
#9335 = CARTESIAN_POINT('',(1.,-41.8,78.));
#9336 = VECTOR('',#9337,1.);
#9337 = DIRECTION('',(-2.656035944079E-18,1.,0.));
#9338 = PCURVE('',#9217,#9339);
#9339 = DEFINITIONAL_REPRESENTATION('',(#9340),#9344);
#9340 = LINE('',#9341,#9342);
#9341 = CARTESIAN_POINT('',(1.,1.2));
#9342 = VECTOR('',#9343,1.);
#9343 = DIRECTION('',(-2.656035944079E-18,1.));
#9344 = ( GEOMETRIC_REPRESENTATION_CONTEXT(2) 
PARAMETRIC_REPRESENTATION_CONTEXT() REPRESENTATION_CONTEXT('2D SPACE',''
  ) );
#9345 = PCURVE('',#484,#9346);
#9346 = DEFINITIONAL_REPRESENTATION('',(#9347),#9351);
#9347 = LINE('',#9348,#9349);
#9348 = CARTESIAN_POINT('',(-0.,0.));
#9349 = VECTOR('',#9350,1.);
#9350 = DIRECTION('',(-0.,1.));
#9351 = ( GEOMETRIC_REPRESENTATION_CONTEXT(2) 
PARAMETRIC_REPRESENTATION_CONTEXT() REPRESENTATION_CONTEXT('2D SPACE',''
  ) );
#9352 = ORIENTED_EDGE('',*,*,#9353,.F.);
#9353 = EDGE_CURVE('',#9354,#9331,#9356,.T.);
#9354 = VERTEX_POINT('',#9355);
#9355 = CARTESIAN_POINT('',(1.2,-42.,78.));
#9356 = SURFACE_CURVE('',#9357,(#9362,#9373),.PCURVE_S1.);
#9357 = CIRCLE('',#9358,0.2);
#9358 = AXIS2_PLACEMENT_3D('',#9359,#9360,#9361);
#9359 = CARTESIAN_POINT('',(1.2,-41.8,78.));
#9360 = DIRECTION('',(-0.,0.,-1.));
#9361 = DIRECTION('',(-1.850371707709E-16,-1.,0.));
#9362 = PCURVE('',#9217,#9363);
#9363 = DEFINITIONAL_REPRESENTATION('',(#9364),#9372);
#9364 = ( BOUNDED_CURVE() B_SPLINE_CURVE(2,(#9365,#9366,#9367,#9368,
#9369,#9370,#9371),.UNSPECIFIED.,.T.,.F.) B_SPLINE_CURVE_WITH_KNOTS((1,2
    ,2,2,2,1),(-2.094395102393,0.,2.094395102393,4.188790204786,
6.28318530718,8.377580409573),.UNSPECIFIED.) CURVE() 
GEOMETRIC_REPRESENTATION_ITEM() RATIONAL_B_SPLINE_CURVE((1.,0.5,1.,0.5,
1.,0.5,1.)) REPRESENTATION_ITEM('') );
#9365 = CARTESIAN_POINT('',(1.2,1.));
#9366 = CARTESIAN_POINT('',(0.853589838486,1.));
#9367 = CARTESIAN_POINT('',(1.026794919243,1.3));
#9368 = CARTESIAN_POINT('',(1.2,1.6));
#9369 = CARTESIAN_POINT('',(1.373205080757,1.3));
#9370 = CARTESIAN_POINT('',(1.546410161514,1.));
#9371 = CARTESIAN_POINT('',(1.2,1.));
#9372 = ( GEOMETRIC_REPRESENTATION_CONTEXT(2) 
PARAMETRIC_REPRESENTATION_CONTEXT() REPRESENTATION_CONTEXT('2D SPACE',''
  ) );
#9373 = PCURVE('',#9374,#9389);
#9374 = SURFACE_OF_REVOLUTION('',#9375,#9386);
#9375 = B_SPLINE_CURVE_WITH_KNOTS('',5,(#9376,#9377,#9378,#9379,#9380,
    #9381,#9382,#9383,#9384,#9385),.UNSPECIFIED.,.F.,.F.,(6,4,6),(
    4.712388980385,5.497787143782,6.28318530718),.UNSPECIFIED.);
#9376 = CARTESIAN_POINT('',(1.2,-42.,78.));
#9377 = CARTESIAN_POINT('',(1.2,-42.15707963267,78.));
#9378 = CARTESIAN_POINT('',(1.2,-42.31416175398,77.969164407054));
#9379 = CARTESIAN_POINT('',(1.2,-42.46315681768,77.907448630942));
#9380 = CARTESIAN_POINT('',(1.2,-42.59603470773,77.818178854641));
#9381 = CARTESIAN_POINT('',(1.2,-42.81817885464,77.596034707732));
#9382 = CARTESIAN_POINT('',(1.2,-42.90744863094,77.463156817683));
#9383 = CARTESIAN_POINT('',(1.2,-42.96916440705,77.314161753982));
#9384 = CARTESIAN_POINT('',(1.2,-43.,77.15707963268));
#9385 = CARTESIAN_POINT('',(1.2,-43.,77.));
#9386 = AXIS1_PLACEMENT('',#9387,#9388);
#9387 = CARTESIAN_POINT('',(1.2,-41.8,77.));
#9388 = DIRECTION('',(-0.,-0.,-1.));
#9389 = DEFINITIONAL_REPRESENTATION('',(#9390),#9394);
#9390 = LINE('',#9391,#9392);
#9391 = CARTESIAN_POINT('',(0.,4.712388980385));
#9392 = VECTOR('',#9393,1.);
#9393 = DIRECTION('',(1.,0.));
#9394 = ( GEOMETRIC_REPRESENTATION_CONTEXT(2) 
PARAMETRIC_REPRESENTATION_CONTEXT() REPRESENTATION_CONTEXT('2D SPACE',''
  ) );
#9395 = ORIENTED_EDGE('',*,*,#9396,.F.);
#9396 = EDGE_CURVE('',#9201,#9354,#9397,.T.);
#9397 = SURFACE_CURVE('',#9398,(#9402,#9409),.PCURVE_S1.);
#9398 = LINE('',#9399,#9400);
#9399 = CARTESIAN_POINT('',(223.7,-42.,78.));
#9400 = VECTOR('',#9401,1.);
#9401 = DIRECTION('',(-1.,-0.,-0.));
#9402 = PCURVE('',#9217,#9403);
#9403 = DEFINITIONAL_REPRESENTATION('',(#9404),#9408);
#9404 = LINE('',#9405,#9406);
#9405 = CARTESIAN_POINT('',(223.7,1.));
#9406 = VECTOR('',#9407,1.);
#9407 = DIRECTION('',(-1.,0.));
#9408 = ( GEOMETRIC_REPRESENTATION_CONTEXT(2) 
PARAMETRIC_REPRESENTATION_CONTEXT() REPRESENTATION_CONTEXT('2D SPACE',''
  ) );
#9409 = PCURVE('',#9040,#9410);
#9410 = DEFINITIONAL_REPRESENTATION('',(#9411),#9415);
#9411 = LINE('',#9412,#9413);
#9412 = CARTESIAN_POINT('',(-0.,0.));
#9413 = VECTOR('',#9414,1.);
#9414 = DIRECTION('',(-0.,1.));
#9415 = ( GEOMETRIC_REPRESENTATION_CONTEXT(2) 
PARAMETRIC_REPRESENTATION_CONTEXT() REPRESENTATION_CONTEXT('2D SPACE',''
  ) );
#9416 = ORIENTED_EDGE('',*,*,#9200,.F.);
#9417 = ORIENTED_EDGE('',*,*,#9418,.T.);
#9418 = EDGE_CURVE('',#9174,#9419,#9421,.T.);
#9419 = VERTEX_POINT('',#9420);
#9420 = CARTESIAN_POINT('',(223.9,41.8,78.));
#9421 = SURFACE_CURVE('',#9422,(#9426,#9433),.PCURVE_S1.);
#9422 = LINE('',#9423,#9424);
#9423 = CARTESIAN_POINT('',(223.9,-41.8,78.));
#9424 = VECTOR('',#9425,1.);
#9425 = DIRECTION('',(0.,1.,0.));
#9426 = PCURVE('',#9217,#9427);
#9427 = DEFINITIONAL_REPRESENTATION('',(#9428),#9432);
#9428 = LINE('',#9429,#9430);
#9429 = CARTESIAN_POINT('',(223.9,1.2));
#9430 = VECTOR('',#9431,1.);
#9431 = DIRECTION('',(0.,1.));
#9432 = ( GEOMETRIC_REPRESENTATION_CONTEXT(2) 
PARAMETRIC_REPRESENTATION_CONTEXT() REPRESENTATION_CONTEXT('2D SPACE',''
  ) );
#9433 = PCURVE('',#9189,#9434);
#9434 = DEFINITIONAL_REPRESENTATION('',(#9435),#9439);
#9435 = LINE('',#9436,#9437);
#9436 = CARTESIAN_POINT('',(-0.,83.6));
#9437 = VECTOR('',#9438,1.);
#9438 = DIRECTION('',(-0.,-1.));
#9439 = ( GEOMETRIC_REPRESENTATION_CONTEXT(2) 
PARAMETRIC_REPRESENTATION_CONTEXT() REPRESENTATION_CONTEXT('2D SPACE',''
  ) );
#9440 = ORIENTED_EDGE('',*,*,#9441,.F.);
#9441 = EDGE_CURVE('',#9260,#9419,#9442,.T.);
#9442 = SURFACE_CURVE('',#9443,(#9448,#9459),.PCURVE_S1.);
#9443 = CIRCLE('',#9444,0.2);
#9444 = AXIS2_PLACEMENT_3D('',#9445,#9446,#9447);
#9445 = CARTESIAN_POINT('',(223.7,41.8,78.));
#9446 = DIRECTION('',(0.,-0.,-1.));
#9447 = DIRECTION('',(0.,1.,-0.));
#9448 = PCURVE('',#9217,#9449);
#9449 = DEFINITIONAL_REPRESENTATION('',(#9450),#9458);
#9450 = ( BOUNDED_CURVE() B_SPLINE_CURVE(2,(#9451,#9452,#9453,#9454,
#9455,#9456,#9457),.UNSPECIFIED.,.T.,.F.) B_SPLINE_CURVE_WITH_KNOTS((1,2
    ,2,2,2,1),(-2.094395102393,0.,2.094395102393,4.188790204786,
6.28318530718,8.377580409573),.UNSPECIFIED.) CURVE() 
GEOMETRIC_REPRESENTATION_ITEM() RATIONAL_B_SPLINE_CURVE((1.,0.5,1.,0.5,
1.,0.5,1.)) REPRESENTATION_ITEM('') );
#9451 = CARTESIAN_POINT('',(223.7,85.));
#9452 = CARTESIAN_POINT('',(224.04641016151,85.));
#9453 = CARTESIAN_POINT('',(223.87320508075,84.7));
#9454 = CARTESIAN_POINT('',(223.7,84.4));
#9455 = CARTESIAN_POINT('',(223.52679491924,84.7));
#9456 = CARTESIAN_POINT('',(223.35358983848,85.));
#9457 = CARTESIAN_POINT('',(223.7,85.));
#9458 = ( GEOMETRIC_REPRESENTATION_CONTEXT(2) 
PARAMETRIC_REPRESENTATION_CONTEXT() REPRESENTATION_CONTEXT('2D SPACE',''
  ) );
#9459 = PCURVE('',#9460,#9475);
#9460 = SURFACE_OF_REVOLUTION('',#9461,#9472);
#9461 = B_SPLINE_CURVE_WITH_KNOTS('',5,(#9462,#9463,#9464,#9465,#9466,
    #9467,#9468,#9469,#9470,#9471),.UNSPECIFIED.,.F.,.F.,(6,4,6),(
    4.712388980385,5.497787143782,6.28318530718),.UNSPECIFIED.);
#9462 = CARTESIAN_POINT('',(223.7,42.,78.));
#9463 = CARTESIAN_POINT('',(223.7,42.157079632679,78.));
#9464 = CARTESIAN_POINT('',(223.7,42.314161753982,77.969164407054));
#9465 = CARTESIAN_POINT('',(223.7,42.463156817683,77.907448630942));
#9466 = CARTESIAN_POINT('',(223.7,42.596034707733,77.818178854641));
#9467 = CARTESIAN_POINT('',(223.7,42.81817885464,77.596034707732));
#9468 = CARTESIAN_POINT('',(223.7,42.907448630943,77.463156817683));
#9469 = CARTESIAN_POINT('',(223.7,42.969164407054,77.314161753982));
#9470 = CARTESIAN_POINT('',(223.7,43.,77.15707963268));
#9471 = CARTESIAN_POINT('',(223.7,43.,77.));
#9472 = AXIS1_PLACEMENT('',#9473,#9474);
#9473 = CARTESIAN_POINT('',(223.7,41.8,77.));
#9474 = DIRECTION('',(-0.,-0.,-1.));
#9475 = DEFINITIONAL_REPRESENTATION('',(#9476),#9480);
#9476 = LINE('',#9477,#9478);
#9477 = CARTESIAN_POINT('',(0.,4.712388980385));
#9478 = VECTOR('',#9479,1.);
#9479 = DIRECTION('',(1.,0.));
#9480 = ( GEOMETRIC_REPRESENTATION_CONTEXT(2) 
PARAMETRIC_REPRESENTATION_CONTEXT() REPRESENTATION_CONTEXT('2D SPACE',''
  ) );
#9481 = ADVANCED_FACE('',(#9482),#9460,.T.);
#9482 = FACE_BOUND('',#9483,.T.);
#9483 = EDGE_LOOP('',(#9484,#9506,#9507,#9529));
#9484 = ORIENTED_EDGE('',*,*,#9485,.F.);
#9485 = EDGE_CURVE('',#9260,#9486,#9488,.T.);
#9486 = VERTEX_POINT('',#9487);
#9487 = CARTESIAN_POINT('',(223.7,43.,77.));
#9488 = SURFACE_CURVE('',#9489,(#9494,#9500),.PCURVE_S1.);
#9489 = CIRCLE('',#9490,1.);
#9490 = AXIS2_PLACEMENT_3D('',#9491,#9492,#9493);
#9491 = CARTESIAN_POINT('',(223.7,42.,77.));
#9492 = DIRECTION('',(-1.,0.,-0.));
#9493 = DIRECTION('',(-0.,0.,1.));
#9494 = PCURVE('',#9460,#9495);
#9495 = DEFINITIONAL_REPRESENTATION('',(#9496),#9499);
#9496 = B_SPLINE_CURVE_WITH_KNOTS('',1,(#9497,#9498),.UNSPECIFIED.,.F.,
  .F.,(2,2),(0.,1.570796326795),.PIECEWISE_BEZIER_KNOTS.);
#9497 = CARTESIAN_POINT('',(0.,4.712388980385));
#9498 = CARTESIAN_POINT('',(0.,6.28318530718));
#9499 = ( GEOMETRIC_REPRESENTATION_CONTEXT(2) 
PARAMETRIC_REPRESENTATION_CONTEXT() REPRESENTATION_CONTEXT('2D SPACE',''
  ) );
#9500 = PCURVE('',#9275,#9501);
#9501 = DEFINITIONAL_REPRESENTATION('',(#9502),#9505);
#9502 = B_SPLINE_CURVE_WITH_KNOTS('',1,(#9503,#9504),.UNSPECIFIED.,.F.,
  .F.,(2,2),(0.,1.570796326795),.PIECEWISE_BEZIER_KNOTS.);
#9503 = CARTESIAN_POINT('',(0.,222.5));
#9504 = CARTESIAN_POINT('',(-1.570796326795,222.5));
#9505 = ( GEOMETRIC_REPRESENTATION_CONTEXT(2) 
PARAMETRIC_REPRESENTATION_CONTEXT() REPRESENTATION_CONTEXT('2D SPACE',''
  ) );
#9506 = ORIENTED_EDGE('',*,*,#9441,.T.);
#9507 = ORIENTED_EDGE('',*,*,#9508,.T.);
#9508 = EDGE_CURVE('',#9419,#9509,#9511,.T.);
#9509 = VERTEX_POINT('',#9510);
#9510 = CARTESIAN_POINT('',(224.9,41.8,77.));
#9511 = SURFACE_CURVE('',#9512,(#9517,#9523),.PCURVE_S1.);
#9512 = CIRCLE('',#9513,1.);
#9513 = AXIS2_PLACEMENT_3D('',#9514,#9515,#9516);
#9514 = CARTESIAN_POINT('',(223.9,41.8,77.));
#9515 = DIRECTION('',(-6.123233995737E-17,1.,0.));
#9516 = DIRECTION('',(1.,6.123233995737E-17,0.));
#9517 = PCURVE('',#9460,#9518);
#9518 = DEFINITIONAL_REPRESENTATION('',(#9519),#9522);
#9519 = B_SPLINE_CURVE_WITH_KNOTS('',1,(#9520,#9521),.UNSPECIFIED.,.F.,
  .F.,(2,2),(4.712388980385,6.28318530718),.PIECEWISE_BEZIER_KNOTS.);
#9520 = CARTESIAN_POINT('',(1.570796326795,4.712388980385));
#9521 = CARTESIAN_POINT('',(1.570796326795,6.28318530718));
#9522 = ( GEOMETRIC_REPRESENTATION_CONTEXT(2) 
PARAMETRIC_REPRESENTATION_CONTEXT() REPRESENTATION_CONTEXT('2D SPACE',''
  ) );
#9523 = PCURVE('',#9189,#9524);
#9524 = DEFINITIONAL_REPRESENTATION('',(#9525),#9528);
#9525 = B_SPLINE_CURVE_WITH_KNOTS('',1,(#9526,#9527),.UNSPECIFIED.,.F.,
  .F.,(2,2),(4.712388980385,6.28318530718),.PIECEWISE_BEZIER_KNOTS.);
#9526 = CARTESIAN_POINT('',(0.,0.));
#9527 = CARTESIAN_POINT('',(-1.570796326795,0.));
#9528 = ( GEOMETRIC_REPRESENTATION_CONTEXT(2) 
PARAMETRIC_REPRESENTATION_CONTEXT() REPRESENTATION_CONTEXT('2D SPACE',''
  ) );
#9529 = ORIENTED_EDGE('',*,*,#9530,.F.);
#9530 = EDGE_CURVE('',#9486,#9509,#9531,.T.);
#9531 = SURFACE_CURVE('',#9532,(#9537,#9544),.PCURVE_S1.);
#9532 = CIRCLE('',#9533,1.2);
#9533 = AXIS2_PLACEMENT_3D('',#9534,#9535,#9536);
#9534 = CARTESIAN_POINT('',(223.7,41.8,77.));
#9535 = DIRECTION('',(0.,-0.,-1.));
#9536 = DIRECTION('',(0.,1.,-0.));
#9537 = PCURVE('',#9460,#9538);
#9538 = DEFINITIONAL_REPRESENTATION('',(#9539),#9543);
#9539 = LINE('',#9540,#9541);
#9540 = CARTESIAN_POINT('',(0.,6.28318530718));
#9541 = VECTOR('',#9542,1.);
#9542 = DIRECTION('',(1.,0.));
#9543 = ( GEOMETRIC_REPRESENTATION_CONTEXT(2) 
PARAMETRIC_REPRESENTATION_CONTEXT() REPRESENTATION_CONTEXT('2D SPACE',''
  ) );
#9544 = PCURVE('',#9545,#9550);
#9545 = CYLINDRICAL_SURFACE('',#9546,1.2);
#9546 = AXIS2_PLACEMENT_3D('',#9547,#9548,#9549);
#9547 = CARTESIAN_POINT('',(223.7,41.8,14.));
#9548 = DIRECTION('',(0.,0.,1.));
#9549 = DIRECTION('',(0.,1.,0.));
#9550 = DEFINITIONAL_REPRESENTATION('',(#9551),#9555);
#9551 = LINE('',#9552,#9553);
#9552 = CARTESIAN_POINT('',(-0.,63.));
#9553 = VECTOR('',#9554,1.);
#9554 = DIRECTION('',(-1.,0.));
#9555 = ( GEOMETRIC_REPRESENTATION_CONTEXT(2) 
PARAMETRIC_REPRESENTATION_CONTEXT() REPRESENTATION_CONTEXT('2D SPACE',''
  ) );
#9556 = ADVANCED_FACE('',(#9557),#9545,.T.);
#9557 = FACE_BOUND('',#9558,.F.);
#9558 = EDGE_LOOP('',(#9559,#9580,#9607,#9628));
#9559 = ORIENTED_EDGE('',*,*,#9560,.F.);
#9560 = EDGE_CURVE('',#6704,#9486,#9561,.T.);
#9561 = SURFACE_CURVE('',#9562,(#9566,#9573),.PCURVE_S1.);
#9562 = LINE('',#9563,#9564);
#9563 = CARTESIAN_POINT('',(223.7,43.,14.));
#9564 = VECTOR('',#9565,1.);
#9565 = DIRECTION('',(0.,0.,1.));
#9566 = PCURVE('',#9545,#9567);
#9567 = DEFINITIONAL_REPRESENTATION('',(#9568),#9572);
#9568 = LINE('',#9569,#9570);
#9569 = CARTESIAN_POINT('',(-0.,0.));
#9570 = VECTOR('',#9571,1.);
#9571 = DIRECTION('',(-0.,1.));
#9572 = ( GEOMETRIC_REPRESENTATION_CONTEXT(2) 
PARAMETRIC_REPRESENTATION_CONTEXT() REPRESENTATION_CONTEXT('2D SPACE',''
  ) );
#9573 = PCURVE('',#6719,#9574);
#9574 = DEFINITIONAL_REPRESENTATION('',(#9575),#9579);
#9575 = LINE('',#9576,#9577);
#9576 = CARTESIAN_POINT('',(14.,223.7));
#9577 = VECTOR('',#9578,1.);
#9578 = DIRECTION('',(1.,0.));
#9579 = ( GEOMETRIC_REPRESENTATION_CONTEXT(2) 
PARAMETRIC_REPRESENTATION_CONTEXT() REPRESENTATION_CONTEXT('2D SPACE',''
  ) );
#9580 = ORIENTED_EDGE('',*,*,#9581,.T.);
#9581 = EDGE_CURVE('',#6704,#8325,#9582,.T.);
#9582 = SURFACE_CURVE('',#9583,(#9587,#9601),.PCURVE_S1.);
#9583 = ( BOUNDED_CURVE() B_SPLINE_CURVE(2,(#9584,#9585,#9586),
.UNSPECIFIED.,.F.,.F.) B_SPLINE_CURVE_WITH_KNOTS((3,3),(0.,
26.741384523261),.PIECEWISE_BEZIER_KNOTS.) CURVE() 
GEOMETRIC_REPRESENTATION_ITEM() RATIONAL_B_SPLINE_CURVE((1.,
0.707106781187,1.)) REPRESENTATION_ITEM('') );
#9584 = CARTESIAN_POINT('',(223.7,43.,14.));
#9585 = CARTESIAN_POINT('',(224.9,43.,14.));
#9586 = CARTESIAN_POINT('',(224.9,41.8,14.));
#9587 = PCURVE('',#9545,#9588);
#9588 = DEFINITIONAL_REPRESENTATION('',(#9589),#9600);
#9589 = B_SPLINE_CURVE_WITH_KNOTS('',9,(#9590,#9591,#9592,#9593,#9594,
    #9595,#9596,#9597,#9598,#9599),.UNSPECIFIED.,.F.,.F.,(10,10),(0.,
    26.741384523261),.PIECEWISE_BEZIER_KNOTS.);
#9590 = CARTESIAN_POINT('',(1.110223024625E-16,0.));
#9591 = CARTESIAN_POINT('',(-0.157134840264,0.));
#9592 = CARTESIAN_POINT('',(-0.325774716821,0.));
#9593 = CARTESIAN_POINT('',(-0.50456638687,0.));
#9594 = CARTESIAN_POINT('',(-0.690744851612,0.));
#9595 = CARTESIAN_POINT('',(-0.880051475183,0.));
#9596 = CARTESIAN_POINT('',(-1.066229939925,0.));
#9597 = CARTESIAN_POINT('',(-1.245021609974,0.));
#9598 = CARTESIAN_POINT('',(-1.413661486531,0.));
#9599 = CARTESIAN_POINT('',(-1.570796326795,0.));
#9600 = ( GEOMETRIC_REPRESENTATION_CONTEXT(2) 
PARAMETRIC_REPRESENTATION_CONTEXT() REPRESENTATION_CONTEXT('2D SPACE',''
  ) );
#9601 = PCURVE('',#6830,#9602);
#9602 = DEFINITIONAL_REPRESENTATION('',(#9603),#9606);
#9603 = B_SPLINE_CURVE_WITH_KNOTS('',1,(#9604,#9605),.UNSPECIFIED.,.F.,
  .F.,(2,2),(0.,26.741384523261),.PIECEWISE_BEZIER_KNOTS.);
#9604 = CARTESIAN_POINT('',(0.,26.741384523261));
#9605 = CARTESIAN_POINT('',(26.741384523261,26.741384523261));
#9606 = ( GEOMETRIC_REPRESENTATION_CONTEXT(2) 
PARAMETRIC_REPRESENTATION_CONTEXT() REPRESENTATION_CONTEXT('2D SPACE',''
  ) );
#9607 = ORIENTED_EDGE('',*,*,#9608,.T.);
#9608 = EDGE_CURVE('',#8325,#9509,#9609,.T.);
#9609 = SURFACE_CURVE('',#9610,(#9614,#9621),.PCURVE_S1.);
#9610 = LINE('',#9611,#9612);
#9611 = CARTESIAN_POINT('',(224.9,41.8,14.));
#9612 = VECTOR('',#9613,1.);
#9613 = DIRECTION('',(0.,0.,1.));
#9614 = PCURVE('',#9545,#9615);
#9615 = DEFINITIONAL_REPRESENTATION('',(#9616),#9620);
#9616 = LINE('',#9617,#9618);
#9617 = CARTESIAN_POINT('',(-1.570796326795,0.));
#9618 = VECTOR('',#9619,1.);
#9619 = DIRECTION('',(-0.,1.));
#9620 = ( GEOMETRIC_REPRESENTATION_CONTEXT(2) 
PARAMETRIC_REPRESENTATION_CONTEXT() REPRESENTATION_CONTEXT('2D SPACE',''
  ) );
#9621 = PCURVE('',#8340,#9622);
#9622 = DEFINITIONAL_REPRESENTATION('',(#9623),#9627);
#9623 = LINE('',#9624,#9625);
#9624 = CARTESIAN_POINT('',(14.,-84.8));
#9625 = VECTOR('',#9626,1.);
#9626 = DIRECTION('',(1.,0.));
#9627 = ( GEOMETRIC_REPRESENTATION_CONTEXT(2) 
PARAMETRIC_REPRESENTATION_CONTEXT() REPRESENTATION_CONTEXT('2D SPACE',''
  ) );
#9628 = ORIENTED_EDGE('',*,*,#9530,.F.);
#9629 = ADVANCED_FACE('',(#9630),#9374,.T.);
#9630 = FACE_BOUND('',#9631,.T.);
#9631 = EDGE_LOOP('',(#9632,#9652,#9653,#9673));
#9632 = ORIENTED_EDGE('',*,*,#9633,.F.);
#9633 = EDGE_CURVE('',#9354,#9002,#9634,.T.);
#9634 = SURFACE_CURVE('',#9635,(#9640,#9646),.PCURVE_S1.);
#9635 = CIRCLE('',#9636,1.);
#9636 = AXIS2_PLACEMENT_3D('',#9637,#9638,#9639);
#9637 = CARTESIAN_POINT('',(1.2,-42.,77.));
#9638 = DIRECTION('',(1.,0.,0.));
#9639 = DIRECTION('',(-0.,0.,1.));
#9640 = PCURVE('',#9374,#9641);
#9641 = DEFINITIONAL_REPRESENTATION('',(#9642),#9645);
#9642 = B_SPLINE_CURVE_WITH_KNOTS('',1,(#9643,#9644),.UNSPECIFIED.,.F.,
  .F.,(2,2),(0.,1.570796326795),.PIECEWISE_BEZIER_KNOTS.);
#9643 = CARTESIAN_POINT('',(-2.22044604925E-16,4.712388980385));
#9644 = CARTESIAN_POINT('',(-2.22044604925E-16,6.28318530718));
#9645 = ( GEOMETRIC_REPRESENTATION_CONTEXT(2) 
PARAMETRIC_REPRESENTATION_CONTEXT() REPRESENTATION_CONTEXT('2D SPACE',''
  ) );
#9646 = PCURVE('',#9040,#9647);
#9647 = DEFINITIONAL_REPRESENTATION('',(#9648),#9651);
#9648 = B_SPLINE_CURVE_WITH_KNOTS('',1,(#9649,#9650),.UNSPECIFIED.,.F.,
  .F.,(2,2),(0.,1.570796326795),.PIECEWISE_BEZIER_KNOTS.);
#9649 = CARTESIAN_POINT('',(0.,222.5));
#9650 = CARTESIAN_POINT('',(-1.570796326795,222.5));
#9651 = ( GEOMETRIC_REPRESENTATION_CONTEXT(2) 
PARAMETRIC_REPRESENTATION_CONTEXT() REPRESENTATION_CONTEXT('2D SPACE',''
  ) );
#9652 = ORIENTED_EDGE('',*,*,#9353,.T.);
#9653 = ORIENTED_EDGE('',*,*,#9654,.T.);
#9654 = EDGE_CURVE('',#9331,#462,#9655,.T.);
#9655 = SURFACE_CURVE('',#9656,(#9661,#9667),.PCURVE_S1.);
#9656 = CIRCLE('',#9657,1.);
#9657 = AXIS2_PLACEMENT_3D('',#9658,#9659,#9660);
#9658 = CARTESIAN_POINT('',(1.,-41.8,77.));
#9659 = DIRECTION('',(9.823977411154E-17,-1.,0.));
#9660 = DIRECTION('',(-1.,-9.823977411154E-17,0.));
#9661 = PCURVE('',#9374,#9662);
#9662 = DEFINITIONAL_REPRESENTATION('',(#9663),#9666);
#9663 = B_SPLINE_CURVE_WITH_KNOTS('',1,(#9664,#9665),.UNSPECIFIED.,.F.,
  .F.,(2,2),(4.712388980385,6.28318530718),.PIECEWISE_BEZIER_KNOTS.);
#9664 = CARTESIAN_POINT('',(1.570796326795,4.712388980385));
#9665 = CARTESIAN_POINT('',(1.570796326795,6.28318530718));
#9666 = ( GEOMETRIC_REPRESENTATION_CONTEXT(2) 
PARAMETRIC_REPRESENTATION_CONTEXT() REPRESENTATION_CONTEXT('2D SPACE',''
  ) );
#9667 = PCURVE('',#484,#9668);
#9668 = DEFINITIONAL_REPRESENTATION('',(#9669),#9672);
#9669 = B_SPLINE_CURVE_WITH_KNOTS('',1,(#9670,#9671),.UNSPECIFIED.,.F.,
  .F.,(2,2),(4.712388980385,6.28318530718),.PIECEWISE_BEZIER_KNOTS.);
#9670 = CARTESIAN_POINT('',(0.,0.));
#9671 = CARTESIAN_POINT('',(-1.570796326795,0.));
#9672 = ( GEOMETRIC_REPRESENTATION_CONTEXT(2) 
PARAMETRIC_REPRESENTATION_CONTEXT() REPRESENTATION_CONTEXT('2D SPACE',''
  ) );
#9673 = ORIENTED_EDGE('',*,*,#9674,.F.);
#9674 = EDGE_CURVE('',#9002,#462,#9675,.T.);
#9675 = SURFACE_CURVE('',#9676,(#9681,#9688),.PCURVE_S1.);
#9676 = CIRCLE('',#9677,1.2);
#9677 = AXIS2_PLACEMENT_3D('',#9678,#9679,#9680);
#9678 = CARTESIAN_POINT('',(1.2,-41.8,77.));
#9679 = DIRECTION('',(-0.,0.,-1.));
#9680 = DIRECTION('',(-1.850371707709E-16,-1.,0.));
#9681 = PCURVE('',#9374,#9682);
#9682 = DEFINITIONAL_REPRESENTATION('',(#9683),#9687);
#9683 = LINE('',#9684,#9685);
#9684 = CARTESIAN_POINT('',(0.,6.28318530718));
#9685 = VECTOR('',#9686,1.);
#9686 = DIRECTION('',(1.,0.));
#9687 = ( GEOMETRIC_REPRESENTATION_CONTEXT(2) 
PARAMETRIC_REPRESENTATION_CONTEXT() REPRESENTATION_CONTEXT('2D SPACE',''
  ) );
#9688 = PCURVE('',#512,#9689);
#9689 = DEFINITIONAL_REPRESENTATION('',(#9690),#9694);
#9690 = LINE('',#9691,#9692);
#9691 = CARTESIAN_POINT('',(1.570796326795,63.));
#9692 = VECTOR('',#9693,1.);
#9693 = DIRECTION('',(-1.,-0.));
#9694 = ( GEOMETRIC_REPRESENTATION_CONTEXT(2) 
PARAMETRIC_REPRESENTATION_CONTEXT() REPRESENTATION_CONTEXT('2D SPACE',''
  ) );
#9695 = ADVANCED_FACE('',(#9696),#9308,.T.);
#9696 = FACE_BOUND('',#9697,.T.);
#9697 = EDGE_LOOP('',(#9698,#9718,#9719,#9741));
#9698 = ORIENTED_EDGE('',*,*,#9699,.F.);
#9699 = EDGE_CURVE('',#9288,#464,#9700,.T.);
#9700 = SURFACE_CURVE('',#9701,(#9706,#9712),.PCURVE_S1.);
#9701 = CIRCLE('',#9702,1.);
#9702 = AXIS2_PLACEMENT_3D('',#9703,#9704,#9705);
#9703 = CARTESIAN_POINT('',(1.,41.8,77.));
#9704 = DIRECTION('',(-0.,-1.,0.));
#9705 = DIRECTION('',(0.,-0.,1.));
#9706 = PCURVE('',#9308,#9707);
#9707 = DEFINITIONAL_REPRESENTATION('',(#9708),#9711);
#9708 = B_SPLINE_CURVE_WITH_KNOTS('',1,(#9709,#9710),.UNSPECIFIED.,.F.,
  .F.,(2,2),(0.,1.570796326795),.PIECEWISE_BEZIER_KNOTS.);
#9709 = CARTESIAN_POINT('',(0.,4.712388980385));
#9710 = CARTESIAN_POINT('',(0.,6.28318530718));
#9711 = ( GEOMETRIC_REPRESENTATION_CONTEXT(2) 
PARAMETRIC_REPRESENTATION_CONTEXT() REPRESENTATION_CONTEXT('2D SPACE',''
  ) );
#9712 = PCURVE('',#484,#9713);
#9713 = DEFINITIONAL_REPRESENTATION('',(#9714),#9717);
#9714 = B_SPLINE_CURVE_WITH_KNOTS('',1,(#9715,#9716),.UNSPECIFIED.,.F.,
  .F.,(2,2),(0.,1.570796326795),.PIECEWISE_BEZIER_KNOTS.);
#9715 = CARTESIAN_POINT('',(0.,83.6));
#9716 = CARTESIAN_POINT('',(-1.570796326795,83.6));
#9717 = ( GEOMETRIC_REPRESENTATION_CONTEXT(2) 
PARAMETRIC_REPRESENTATION_CONTEXT() REPRESENTATION_CONTEXT('2D SPACE',''
  ) );
#9718 = ORIENTED_EDGE('',*,*,#9287,.T.);
#9719 = ORIENTED_EDGE('',*,*,#9720,.T.);
#9720 = EDGE_CURVE('',#9258,#9721,#9723,.T.);
#9721 = VERTEX_POINT('',#9722);
#9722 = CARTESIAN_POINT('',(1.2,43.,77.));
#9723 = SURFACE_CURVE('',#9724,(#9729,#9735),.PCURVE_S1.);
#9724 = CIRCLE('',#9725,1.);
#9725 = AXIS2_PLACEMENT_3D('',#9726,#9727,#9728);
#9726 = CARTESIAN_POINT('',(1.2,42.,77.));
#9727 = DIRECTION('',(-1.,0.,-0.));
#9728 = DIRECTION('',(-0.,0.,1.));
#9729 = PCURVE('',#9308,#9730);
#9730 = DEFINITIONAL_REPRESENTATION('',(#9731),#9734);
#9731 = B_SPLINE_CURVE_WITH_KNOTS('',1,(#9732,#9733),.UNSPECIFIED.,.F.,
  .F.,(2,2),(0.,1.570796326795),.PIECEWISE_BEZIER_KNOTS.);
#9732 = CARTESIAN_POINT('',(1.570796326795,4.712388980385));
#9733 = CARTESIAN_POINT('',(1.570796326795,6.28318530718));
#9734 = ( GEOMETRIC_REPRESENTATION_CONTEXT(2) 
PARAMETRIC_REPRESENTATION_CONTEXT() REPRESENTATION_CONTEXT('2D SPACE',''
  ) );
#9735 = PCURVE('',#9275,#9736);
#9736 = DEFINITIONAL_REPRESENTATION('',(#9737),#9740);
#9737 = B_SPLINE_CURVE_WITH_KNOTS('',1,(#9738,#9739),.UNSPECIFIED.,.F.,
  .F.,(2,2),(0.,1.570796326795),.PIECEWISE_BEZIER_KNOTS.);
#9738 = CARTESIAN_POINT('',(0.,0.));
#9739 = CARTESIAN_POINT('',(-1.570796326795,0.));
#9740 = ( GEOMETRIC_REPRESENTATION_CONTEXT(2) 
PARAMETRIC_REPRESENTATION_CONTEXT() REPRESENTATION_CONTEXT('2D SPACE',''
  ) );
#9741 = ORIENTED_EDGE('',*,*,#9742,.F.);
#9742 = EDGE_CURVE('',#464,#9721,#9743,.T.);
#9743 = SURFACE_CURVE('',#9744,(#9749,#9756),.PCURVE_S1.);
#9744 = CIRCLE('',#9745,1.2);
#9745 = AXIS2_PLACEMENT_3D('',#9746,#9747,#9748);
#9746 = CARTESIAN_POINT('',(1.2,41.8,77.));
#9747 = DIRECTION('',(-0.,0.,-1.));
#9748 = DIRECTION('',(-1.,0.,0.));
#9749 = PCURVE('',#9308,#9750);
#9750 = DEFINITIONAL_REPRESENTATION('',(#9751),#9755);
#9751 = LINE('',#9752,#9753);
#9752 = CARTESIAN_POINT('',(0.,6.28318530718));
#9753 = VECTOR('',#9754,1.);
#9754 = DIRECTION('',(1.,0.));
#9755 = ( GEOMETRIC_REPRESENTATION_CONTEXT(2) 
PARAMETRIC_REPRESENTATION_CONTEXT() REPRESENTATION_CONTEXT('2D SPACE',''
  ) );
#9756 = PCURVE('',#566,#9757);
#9757 = DEFINITIONAL_REPRESENTATION('',(#9758),#9762);
#9758 = LINE('',#9759,#9760);
#9759 = CARTESIAN_POINT('',(-0.,63.));
#9760 = VECTOR('',#9761,1.);
#9761 = DIRECTION('',(-1.,0.));
#9762 = ( GEOMETRIC_REPRESENTATION_CONTEXT(2) 
PARAMETRIC_REPRESENTATION_CONTEXT() REPRESENTATION_CONTEXT('2D SPACE',''
  ) );
#9763 = ADVANCED_FACE('',(#9764),#9275,.T.);
#9764 = FACE_BOUND('',#9765,.F.);
#9765 = EDGE_LOOP('',(#9766,#9767,#9788,#9789));
#9766 = ORIENTED_EDGE('',*,*,#9720,.T.);
#9767 = ORIENTED_EDGE('',*,*,#9768,.T.);
#9768 = EDGE_CURVE('',#9721,#9486,#9769,.T.);
#9769 = SURFACE_CURVE('',#9770,(#9774,#9781),.PCURVE_S1.);
#9770 = LINE('',#9771,#9772);
#9771 = CARTESIAN_POINT('',(1.2,43.,77.));
#9772 = VECTOR('',#9773,1.);
#9773 = DIRECTION('',(1.,0.,0.));
#9774 = PCURVE('',#9275,#9775);
#9775 = DEFINITIONAL_REPRESENTATION('',(#9776),#9780);
#9776 = LINE('',#9777,#9778);
#9777 = CARTESIAN_POINT('',(-1.570796326795,0.));
#9778 = VECTOR('',#9779,1.);
#9779 = DIRECTION('',(-0.,1.));
#9780 = ( GEOMETRIC_REPRESENTATION_CONTEXT(2) 
PARAMETRIC_REPRESENTATION_CONTEXT() REPRESENTATION_CONTEXT('2D SPACE',''
  ) );
#9781 = PCURVE('',#6719,#9782);
#9782 = DEFINITIONAL_REPRESENTATION('',(#9783),#9787);
#9783 = LINE('',#9784,#9785);
#9784 = CARTESIAN_POINT('',(77.,1.2));
#9785 = VECTOR('',#9786,1.);
#9786 = DIRECTION('',(0.,1.));
#9787 = ( GEOMETRIC_REPRESENTATION_CONTEXT(2) 
PARAMETRIC_REPRESENTATION_CONTEXT() REPRESENTATION_CONTEXT('2D SPACE',''
  ) );
#9788 = ORIENTED_EDGE('',*,*,#9485,.F.);
#9789 = ORIENTED_EDGE('',*,*,#9257,.F.);
#9790 = ADVANCED_FACE('',(#9791),#9189,.T.);
#9791 = FACE_BOUND('',#9792,.F.);
#9792 = EDGE_LOOP('',(#9793,#9794,#9815,#9816));
#9793 = ORIENTED_EDGE('',*,*,#9508,.T.);
#9794 = ORIENTED_EDGE('',*,*,#9795,.F.);
#9795 = EDGE_CURVE('',#9111,#9509,#9796,.T.);
#9796 = SURFACE_CURVE('',#9797,(#9801,#9808),.PCURVE_S1.);
#9797 = LINE('',#9798,#9799);
#9798 = CARTESIAN_POINT('',(224.9,-41.8,77.));
#9799 = VECTOR('',#9800,1.);
#9800 = DIRECTION('',(0.,1.,0.));
#9801 = PCURVE('',#9189,#9802);
#9802 = DEFINITIONAL_REPRESENTATION('',(#9803),#9807);
#9803 = LINE('',#9804,#9805);
#9804 = CARTESIAN_POINT('',(-1.570796326795,83.6));
#9805 = VECTOR('',#9806,1.);
#9806 = DIRECTION('',(-0.,-1.));
#9807 = ( GEOMETRIC_REPRESENTATION_CONTEXT(2) 
PARAMETRIC_REPRESENTATION_CONTEXT() REPRESENTATION_CONTEXT('2D SPACE',''
  ) );
#9808 = PCURVE('',#8340,#9809);
#9809 = DEFINITIONAL_REPRESENTATION('',(#9810),#9814);
#9810 = LINE('',#9811,#9812);
#9811 = CARTESIAN_POINT('',(77.,-1.2));
#9812 = VECTOR('',#9813,1.);
#9813 = DIRECTION('',(0.,-1.));
#9814 = ( GEOMETRIC_REPRESENTATION_CONTEXT(2) 
PARAMETRIC_REPRESENTATION_CONTEXT() REPRESENTATION_CONTEXT('2D SPACE',''
  ) );
#9815 = ORIENTED_EDGE('',*,*,#9173,.F.);
#9816 = ORIENTED_EDGE('',*,*,#9418,.T.);
#9817 = ADVANCED_FACE('',(#9818),#9040,.T.);
#9818 = FACE_BOUND('',#9819,.F.);
#9819 = EDGE_LOOP('',(#9820,#9821,#9822,#9823));
#9820 = ORIENTED_EDGE('',*,*,#9233,.T.);
#9821 = ORIENTED_EDGE('',*,*,#9024,.T.);
#9822 = ORIENTED_EDGE('',*,*,#9633,.F.);
#9823 = ORIENTED_EDGE('',*,*,#9396,.F.);
#9824 = ADVANCED_FACE('',(#9825),#8811,.T.);
#9825 = FACE_BOUND('',#9826,.T.);
#9826 = EDGE_LOOP('',(#9827,#9868,#9916,#9917,#9918));
#9827 = ORIENTED_EDGE('',*,*,#9828,.F.);
#9828 = EDGE_CURVE('',#9829,#497,#9831,.T.);
#9829 = VERTEX_POINT('',#9830);
#9830 = CARTESIAN_POINT('',(2.5,-39.5139327498,6.015642855597));
#9831 = SURFACE_CURVE('',#9832,(#9845,#9852),.PCURVE_S1.);
#9832 = ( BOUNDED_CURVE() B_SPLINE_CURVE(11,(#9833,#9834,#9835,#9836,
    #9837,#9838,#9839,#9840,#9841,#9842,#9843,#9844),.UNSPECIFIED.,.F.,
.F.) B_SPLINE_CURVE_WITH_KNOTS((12,12),(0.,26.741384523261),
.PIECEWISE_BEZIER_KNOTS.) CURVE() GEOMETRIC_REPRESENTATION_ITEM() 
RATIONAL_B_SPLINE_CURVE((1.,1.,1.,1.,1.,1.,1.,1.,1.,1.,1.,1.)) 
REPRESENTATION_ITEM('') );
#9833 = CARTESIAN_POINT('',(14.,-29.,-1.7763568394E-15));
#9834 = CARTESIAN_POINT('',(11.911298028248,-30.90967037417,
    4.707345624411E-14));
#9835 = CARTESIAN_POINT('',(9.822539515416,-32.81939861355,0.34256296863
    ));
#9836 = CARTESIAN_POINT('',(7.799148606908,-34.6692962107,1.029751155747
    ));
#9837 = CARTESIAN_POINT('',(5.905372152131,-36.400867173,2.03722578013)
  );
#9838 = CARTESIAN_POINT('',(4.204635309428,-37.95536373407,
    3.362462045004));
#9839 = CARTESIAN_POINT('',(2.75670851189,-39.279636713,4.902442406022)
  );
#9840 = CARTESIAN_POINT('',(1.593345561115,-40.34243000956,
    6.680407520642));
#9841 = CARTESIAN_POINT('',(0.788876547108,-41.07812405701,
    8.516157987472));
#9842 = CARTESIAN_POINT('',(0.262318970413,-41.55997274444,
    10.344132136941));
#9843 = CARTESIAN_POINT('',(8.881784197001E-14,-41.8,12.172172641862));
#9844 = CARTESIAN_POINT('',(-1.7763568394E-15,-41.8,14.));
#9845 = PCURVE('',#8811,#9846);
#9846 = DEFINITIONAL_REPRESENTATION('',(#9847),#9851);
#9847 = LINE('',#9848,#9849);
#9848 = CARTESIAN_POINT('',(0.,0.));
#9849 = VECTOR('',#9850,1.);
#9850 = DIRECTION('',(0.,1.));
#9851 = ( GEOMETRIC_REPRESENTATION_CONTEXT(2) 
PARAMETRIC_REPRESENTATION_CONTEXT() REPRESENTATION_CONTEXT('2D SPACE',''
  ) );
#9852 = PCURVE('',#540,#9853);
#9853 = DEFINITIONAL_REPRESENTATION('',(#9854),#9867);
#9854 = B_SPLINE_CURVE_WITH_KNOTS('',11,(#9855,#9856,#9857,#9858,#9859,
    #9860,#9861,#9862,#9863,#9864,#9865,#9866),.UNSPECIFIED.,.F.,.F.,(12
    ,12),(0.,26.741384523261),.PIECEWISE_BEZIER_KNOTS.);
#9855 = CARTESIAN_POINT('',(-1.570796326795,14.));
#9856 = CARTESIAN_POINT('',(-1.421603328813,12.090329625826));
#9857 = CARTESIAN_POINT('',(-1.272417492603,10.180572334492));
#9858 = CARTESIAN_POINT('',(-1.123343627587,8.330849015609));
#9859 = CARTESIAN_POINT('',(-0.974965760564,6.598781338712));
#9860 = CARTESIAN_POINT('',(-0.826379210829,5.045153598672));
#9861 = CARTESIAN_POINT('',(-0.680688098153,3.719869674476));
#9862 = CARTESIAN_POINT('',(-0.534794545413,2.657874965697));
#9863 = CARTESIAN_POINT('',(-0.394699261823,1.921761741658));
#9864 = CARTESIAN_POINT('',(-0.261132779187,1.44004784698));
#9865 = CARTESIAN_POINT('',(-0.13055909701,1.2));
#9866 = CARTESIAN_POINT('',(-3.956668251805E-16,1.2));
#9867 = ( GEOMETRIC_REPRESENTATION_CONTEXT(2) 
PARAMETRIC_REPRESENTATION_CONTEXT() REPRESENTATION_CONTEXT('2D SPACE',''
  ) );
#9868 = ORIENTED_EDGE('',*,*,#9869,.F.);
#9869 = EDGE_CURVE('',#8778,#9829,#9870,.T.);
#9870 = SURFACE_CURVE('',#9871,(#9884,#9900),.PCURVE_S1.);
#9871 = B_SPLINE_CURVE_WITH_KNOTS('',6,(#9872,#9873,#9874,#9875,#9876,
    #9877,#9878,#9879,#9880,#9881,#9882,#9883),.UNSPECIFIED.,.F.,.F.,(7,
    5,7),(0.,0.501051831374,1.),.UNSPECIFIED.);
#9872 = CARTESIAN_POINT('',(2.5,-40.5,6.437278651641));
#9873 = CARTESIAN_POINT('',(2.5,-40.40588256574,6.361756363738));
#9874 = CARTESIAN_POINT('',(2.5,-40.3127631819,6.295016200728));
#9875 = CARTESIAN_POINT('',(2.5,-40.2213054941,6.236974734031));
#9876 = CARTESIAN_POINT('',(2.5,-40.13207823871,6.187381032817));
#9877 = CARTESIAN_POINT('',(2.5,-40.04553603241,6.145882857343));
#9878 = CARTESIAN_POINT('',(2.5,-39.87888299153,6.078400371025));
#9879 = CARTESIAN_POINT('',(2.5,-39.7987462239,6.052351887313));
#9880 = CARTESIAN_POINT('',(2.5,-39.72197455784,6.033518623826));
#9881 = CARTESIAN_POINT('',(2.5,-39.64881766734,6.021442625271));
#9882 = CARTESIAN_POINT('',(2.5,-39.57943937227,6.015642745946));
#9883 = CARTESIAN_POINT('',(2.5,-39.5139327498,6.015642855597));
#9884 = PCURVE('',#8811,#9885);
#9885 = DEFINITIONAL_REPRESENTATION('',(#9886),#9899);
#9886 = B_SPLINE_CURVE_WITH_KNOTS('',6,(#9887,#9888,#9889,#9890,#9891,
    #9892,#9893,#9894,#9895,#9896,#9897,#9898),.UNSPECIFIED.,.F.,.F.,(7,
    5,7),(0.,0.501051831374,1.),.UNSPECIFIED.);
#9887 = CARTESIAN_POINT('',(13.370692249155,16.734971208291));
#9888 = CARTESIAN_POINT('',(12.259664166291,16.625826906729));
#9889 = CARTESIAN_POINT('',(11.147181951595,16.524516420281));
#9890 = CARTESIAN_POINT('',(10.033360070311,16.431063275095));
#9891 = CARTESIAN_POINT('',(8.918328565228,16.345376447226));
#9892 = CARTESIAN_POINT('',(7.802227881394,16.267293875074));
#9893 = CARTESIAN_POINT('',(5.572868952376,16.126216090299));
#9894 = CARTESIAN_POINT('',(4.459613794274,16.063158868687));
#9895 = CARTESIAN_POINT('',(3.345575904007,16.007227111278));
#9896 = CARTESIAN_POINT('',(2.230884439952,15.958169956357));
#9897 = CARTESIAN_POINT('',(1.115657537703,15.915709128016));
#9898 = CARTESIAN_POINT('',(0.,15.879554567148));
#9899 = ( GEOMETRIC_REPRESENTATION_CONTEXT(2) 
PARAMETRIC_REPRESENTATION_CONTEXT() REPRESENTATION_CONTEXT('2D SPACE',''
  ) );
#9900 = PCURVE('',#793,#9901);
#9901 = DEFINITIONAL_REPRESENTATION('',(#9902),#9915);
#9902 = B_SPLINE_CURVE_WITH_KNOTS('',6,(#9903,#9904,#9905,#9906,#9907,
    #9908,#9909,#9910,#9911,#9912,#9913,#9914),.UNSPECIFIED.,.F.,.F.,(7,
    5,7),(0.,0.501051831374,1.),.UNSPECIFIED.);
#9903 = CARTESIAN_POINT('',(3.937278651641,0.));
#9904 = CARTESIAN_POINT('',(3.861756363738,-9.411743425078E-02));
#9905 = CARTESIAN_POINT('',(3.795016200728,-0.187236818099));
#9906 = CARTESIAN_POINT('',(3.736974734031,-0.278694505899));
#9907 = CARTESIAN_POINT('',(3.687381032817,-0.367921761282));
#9908 = CARTESIAN_POINT('',(3.645882857343,-0.454463967582));
#9909 = CARTESIAN_POINT('',(3.578400371025,-0.621117008466));
#9910 = CARTESIAN_POINT('',(3.552351887313,-0.701253776091));
#9911 = CARTESIAN_POINT('',(3.533518623826,-0.77802544216));
#9912 = CARTESIAN_POINT('',(3.521442625271,-0.851182332659));
#9913 = CARTESIAN_POINT('',(3.515642745946,-0.920560627728));
#9914 = CARTESIAN_POINT('',(3.515642855597,-0.986067250196));
#9915 = ( GEOMETRIC_REPRESENTATION_CONTEXT(2) 
PARAMETRIC_REPRESENTATION_CONTEXT() REPRESENTATION_CONTEXT('2D SPACE',''
  ) );
#9916 = ORIENTED_EDGE('',*,*,#8777,.F.);
#9917 = ORIENTED_EDGE('',*,*,#8919,.T.);
#9918 = ORIENTED_EDGE('',*,*,#9919,.F.);
#9919 = EDGE_CURVE('',#497,#8890,#9920,.T.);
#9920 = SURFACE_CURVE('',#9921,(#9925,#9931),.PCURVE_S1.);
#9921 = ( BOUNDED_CURVE() B_SPLINE_CURVE(2,(#9922,#9923,#9924),
.UNSPECIFIED.,.F.,.F.) B_SPLINE_CURVE_WITH_KNOTS((3,3),(0.,
26.741384523261),.PIECEWISE_BEZIER_KNOTS.) CURVE() 
GEOMETRIC_REPRESENTATION_ITEM() RATIONAL_B_SPLINE_CURVE((1.,
0.707106781187,1.)) REPRESENTATION_ITEM('') );
#9922 = CARTESIAN_POINT('',(-1.7763568394E-15,-41.8,14.));
#9923 = CARTESIAN_POINT('',(-1.7763568394E-15,-43.,14.));
#9924 = CARTESIAN_POINT('',(1.2,-43.,14.));
#9925 = PCURVE('',#8811,#9926);
#9926 = DEFINITIONAL_REPRESENTATION('',(#9927),#9930);
#9927 = B_SPLINE_CURVE_WITH_KNOTS('',1,(#9928,#9929),.UNSPECIFIED.,.F.,
  .F.,(2,2),(0.,26.741384523261),.PIECEWISE_BEZIER_KNOTS.);
#9928 = CARTESIAN_POINT('',(0.,26.741384523261));
#9929 = CARTESIAN_POINT('',(26.741384523261,26.741384523261));
#9930 = ( GEOMETRIC_REPRESENTATION_CONTEXT(2) 
PARAMETRIC_REPRESENTATION_CONTEXT() REPRESENTATION_CONTEXT('2D SPACE',''
  ) );
#9931 = PCURVE('',#512,#9932);
#9932 = DEFINITIONAL_REPRESENTATION('',(#9933),#9944);
#9933 = B_SPLINE_CURVE_WITH_KNOTS('',9,(#9934,#9935,#9936,#9937,#9938,
    #9939,#9940,#9941,#9942,#9943),.UNSPECIFIED.,.F.,.F.,(10,10),(0.,
    26.741384523261),.PIECEWISE_BEZIER_KNOTS.);
#9934 = CARTESIAN_POINT('',(-2.22044604925E-16,0.));
#9935 = CARTESIAN_POINT('',(0.157134840264,0.));
#9936 = CARTESIAN_POINT('',(0.325774716821,0.));
#9937 = CARTESIAN_POINT('',(0.50456638687,0.));
#9938 = CARTESIAN_POINT('',(0.690744851612,0.));
#9939 = CARTESIAN_POINT('',(0.880051475183,0.));
#9940 = CARTESIAN_POINT('',(1.066229939925,0.));
#9941 = CARTESIAN_POINT('',(1.245021609974,0.));
#9942 = CARTESIAN_POINT('',(1.413661486531,0.));
#9943 = CARTESIAN_POINT('',(1.570796326795,0.));
#9944 = ( GEOMETRIC_REPRESENTATION_CONTEXT(2) 
PARAMETRIC_REPRESENTATION_CONTEXT() REPRESENTATION_CONTEXT('2D SPACE',''
  ) );
#9945 = ADVANCED_FACE('',(#9946),#8386,.T.);
#9946 = FACE_BOUND('',#9947,.T.);
#9947 = EDGE_LOOP('',(#9948,#9949,#9950,#9951,#9952));
#9948 = ORIENTED_EDGE('',*,*,#8959,.F.);
#9949 = ORIENTED_EDGE('',*,*,#8701,.F.);
#9950 = ORIENTED_EDGE('',*,*,#8528,.F.);
#9951 = ORIENTED_EDGE('',*,*,#8352,.T.);
#9952 = ORIENTED_EDGE('',*,*,#9083,.F.);
#9953 = ADVANCED_FACE('',(#9954),#8340,.T.);
#9954 = FACE_BOUND('',#9955,.T.);
#9955 = EDGE_LOOP('',(#9956,#9957,#9958,#9959));
#9956 = ORIENTED_EDGE('',*,*,#9795,.F.);
#9957 = ORIENTED_EDGE('',*,*,#9110,.F.);
#9958 = ORIENTED_EDGE('',*,*,#8322,.T.);
#9959 = ORIENTED_EDGE('',*,*,#9608,.T.);
#9960 = ADVANCED_FACE('',(#9961),#6830,.F.);
#9961 = FACE_BOUND('',#9962,.F.);
#9962 = EDGE_LOOP('',(#9963,#9964,#9965,#9966,#9967));
#9963 = ORIENTED_EDGE('',*,*,#6798,.F.);
#9964 = ORIENTED_EDGE('',*,*,#6957,.F.);
#9965 = ORIENTED_EDGE('',*,*,#8221,.F.);
#9966 = ORIENTED_EDGE('',*,*,#8456,.T.);
#9967 = ORIENTED_EDGE('',*,*,#9581,.F.);
#9968 = ADVANCED_FACE('',(#9969),#6719,.T.);
#9969 = FACE_BOUND('',#9970,.T.);
#9970 = EDGE_LOOP('',(#9971,#9992,#9993,#9994));
#9971 = ORIENTED_EDGE('',*,*,#9972,.T.);
#9972 = EDGE_CURVE('',#6702,#9721,#9973,.T.);
#9973 = SURFACE_CURVE('',#9974,(#9978,#9985),.PCURVE_S1.);
#9974 = LINE('',#9975,#9976);
#9975 = CARTESIAN_POINT('',(1.2,43.,14.));
#9976 = VECTOR('',#9977,1.);
#9977 = DIRECTION('',(0.,0.,1.));
#9978 = PCURVE('',#6719,#9979);
#9979 = DEFINITIONAL_REPRESENTATION('',(#9980),#9984);
#9980 = LINE('',#9981,#9982);
#9981 = CARTESIAN_POINT('',(14.,1.2));
#9982 = VECTOR('',#9983,1.);
#9983 = DIRECTION('',(1.,0.));
#9984 = ( GEOMETRIC_REPRESENTATION_CONTEXT(2) 
PARAMETRIC_REPRESENTATION_CONTEXT() REPRESENTATION_CONTEXT('2D SPACE',''
  ) );
#9985 = PCURVE('',#566,#9986);
#9986 = DEFINITIONAL_REPRESENTATION('',(#9987),#9991);
#9987 = LINE('',#9988,#9989);
#9988 = CARTESIAN_POINT('',(-1.570796326795,0.));
#9989 = VECTOR('',#9990,1.);
#9990 = DIRECTION('',(-0.,1.));
#9991 = ( GEOMETRIC_REPRESENTATION_CONTEXT(2) 
PARAMETRIC_REPRESENTATION_CONTEXT() REPRESENTATION_CONTEXT('2D SPACE',''
  ) );
#9992 = ORIENTED_EDGE('',*,*,#9768,.T.);
#9993 = ORIENTED_EDGE('',*,*,#9560,.F.);
#9994 = ORIENTED_EDGE('',*,*,#6701,.F.);
#9995 = ADVANCED_FACE('',(#9996),#4392,.F.);
#9996 = FACE_BOUND('',#9997,.F.);
#9997 = EDGE_LOOP('',(#9998,#10039,#10087,#10088,#10089));
#9998 = ORIENTED_EDGE('',*,*,#9999,.F.);
#9999 = EDGE_CURVE('',#10000,#525,#10002,.T.);
#10000 = VERTEX_POINT('',#10001);
#10001 = CARTESIAN_POINT('',(2.5,39.513932749804,6.015642855597));
#10002 = SURFACE_CURVE('',#10003,(#10016,#10023),.PCURVE_S1.);
#10003 = ( BOUNDED_CURVE() B_SPLINE_CURVE(11,(#10004,#10005,#10006,
    #10007,#10008,#10009,#10010,#10011,#10012,#10013,#10014,#10015),
.UNSPECIFIED.,.F.,.F.) B_SPLINE_CURVE_WITH_KNOTS((12,12),(
1.722338221771E-15,26.741384523261),.PIECEWISE_BEZIER_KNOTS.) CURVE() 
GEOMETRIC_REPRESENTATION_ITEM() RATIONAL_B_SPLINE_CURVE((1.,1.,
    0.999999999999,1.000000000001,0.999999999998,1.000000000003,
    0.999999999997,1.000000000002,0.999999999999,1.,1.,1.)) 
REPRESENTATION_ITEM('') );
#10004 = CARTESIAN_POINT('',(14.,29.,-1.7763568394E-15));
#10005 = CARTESIAN_POINT('',(11.911298028247,30.909670374174,
    3.828048988908E-13));
#10006 = CARTESIAN_POINT('',(9.822539515419,32.819398613555,
    0.342562968629));
#10007 = CARTESIAN_POINT('',(7.799148606905,34.669296210711,
    1.029751155749));
#10008 = CARTESIAN_POINT('',(5.905372152131,36.400867173006,
    2.037225780129));
#10009 = CARTESIAN_POINT('',(4.204635309433,37.955363734074,
    3.362462045001));
#10010 = CARTESIAN_POINT('',(2.756708511881,39.279636713007,
    4.902442406029));
#10011 = CARTESIAN_POINT('',(1.593345561124,40.342430009559,
    6.680407520633));
#10012 = CARTESIAN_POINT('',(0.788876547102,41.078124057017,
    8.516157987479));
#10013 = CARTESIAN_POINT('',(0.262318970415,41.559972744442,
    10.344132136937));
#10014 = CARTESIAN_POINT('',(-5.21360732364E-13,41.8,12.172172641863));
#10015 = CARTESIAN_POINT('',(-1.7763568394E-15,41.8,14.));
#10016 = PCURVE('',#4392,#10017);
#10017 = DEFINITIONAL_REPRESENTATION('',(#10018),#10022);
#10018 = LINE('',#10019,#10020);
#10019 = CARTESIAN_POINT('',(0.,0.));
#10020 = VECTOR('',#10021,1.);
#10021 = DIRECTION('',(0.,1.));
#10022 = ( GEOMETRIC_REPRESENTATION_CONTEXT(2) 
PARAMETRIC_REPRESENTATION_CONTEXT() REPRESENTATION_CONTEXT('2D SPACE',''
  ) );
#10023 = PCURVE('',#540,#10024);
#10024 = DEFINITIONAL_REPRESENTATION('',(#10025),#10038);
#10025 = B_SPLINE_CURVE_WITH_KNOTS('',11,(#10026,#10027,#10028,#10029,
    #10030,#10031,#10032,#10033,#10034,#10035,#10036,#10037),
  .UNSPECIFIED.,.F.,.F.,(12,12),(1.722338221771E-15,26.741384523261),
  .PIECEWISE_BEZIER_KNOTS.);
#10026 = CARTESIAN_POINT('',(-1.570796326795,72.));
#10027 = CARTESIAN_POINT('',(-1.421603328813,73.909670374192));
#10028 = CARTESIAN_POINT('',(-1.272417492601,75.819427665434));
#10029 = CARTESIAN_POINT('',(-1.123343627591,77.669150984569));
#10030 = CARTESIAN_POINT('',(-0.974965760558,79.401218660991));
#10031 = CARTESIAN_POINT('',(-0.826379210836,80.954846401701));
#10032 = CARTESIAN_POINT('',(-0.680688098147,82.280130325167));
#10033 = CARTESIAN_POINT('',(-0.534794545417,83.342125034564));
#10034 = CARTESIAN_POINT('',(-0.394699261821,84.078238258199));
#10035 = CARTESIAN_POINT('',(-0.261132779188,84.559952153076));
#10036 = CARTESIAN_POINT('',(-0.13055909701,84.799999999987));
#10037 = CARTESIAN_POINT('',(-1.736222202557E-16,84.8));
#10038 = ( GEOMETRIC_REPRESENTATION_CONTEXT(2) 
PARAMETRIC_REPRESENTATION_CONTEXT() REPRESENTATION_CONTEXT('2D SPACE',''
  ) );
#10039 = ORIENTED_EDGE('',*,*,#10040,.F.);
#10040 = EDGE_CURVE('',#4359,#10000,#10041,.T.);
#10041 = SURFACE_CURVE('',#10042,(#10055,#10071),.PCURVE_S1.);
#10042 = B_SPLINE_CURVE_WITH_KNOTS('',6,(#10043,#10044,#10045,#10046,
    #10047,#10048,#10049,#10050,#10051,#10052,#10053,#10054),
  .UNSPECIFIED.,.F.,.F.,(7,5,7),(0.,0.501051831374,1.),.UNSPECIFIED.);
#10043 = CARTESIAN_POINT('',(2.5,40.5,6.437278651641));
#10044 = CARTESIAN_POINT('',(2.5,40.405882565749,6.361756363739));
#10045 = CARTESIAN_POINT('',(2.5,40.312763181901,6.295016200728));
#10046 = CARTESIAN_POINT('',(2.5,40.221305494101,6.236974734031));
#10047 = CARTESIAN_POINT('',(2.5,40.132078238718,6.187381032817));
#10048 = CARTESIAN_POINT('',(2.5,40.045536032418,6.145882857343));
#10049 = CARTESIAN_POINT('',(2.5,39.878882991534,6.078400371025));
#10050 = CARTESIAN_POINT('',(2.5,39.798746223909,6.052351887313));
#10051 = CARTESIAN_POINT('',(2.5,39.72197455784,6.033518623826));
#10052 = CARTESIAN_POINT('',(2.5,39.648817667341,6.021442625271));
#10053 = CARTESIAN_POINT('',(2.5,39.579439372272,6.015642745946));
#10054 = CARTESIAN_POINT('',(2.5,39.513932749804,6.015642855597));
#10055 = PCURVE('',#4392,#10056);
#10056 = DEFINITIONAL_REPRESENTATION('',(#10057),#10070);
#10057 = B_SPLINE_CURVE_WITH_KNOTS('',6,(#10058,#10059,#10060,#10061,
    #10062,#10063,#10064,#10065,#10066,#10067,#10068,#10069),
  .UNSPECIFIED.,.F.,.F.,(7,5,7),(0.,0.501051831374,1.),.UNSPECIFIED.);
#10058 = CARTESIAN_POINT('',(13.370692249155,16.734971208291));
#10059 = CARTESIAN_POINT('',(12.259664166291,16.625826906729));
#10060 = CARTESIAN_POINT('',(11.147181951594,16.524516420281));
#10061 = CARTESIAN_POINT('',(10.033360070311,16.431063275095));
#10062 = CARTESIAN_POINT('',(8.918328565228,16.345376447226));
#10063 = CARTESIAN_POINT('',(7.802227881394,16.267293875074));
#10064 = CARTESIAN_POINT('',(5.572868952376,16.126216090299));
#10065 = CARTESIAN_POINT('',(4.459613794274,16.063158868687));
#10066 = CARTESIAN_POINT('',(3.345575904007,16.007227111278));
#10067 = CARTESIAN_POINT('',(2.230884439952,15.958169956357));
#10068 = CARTESIAN_POINT('',(1.115657537703,15.915709128016));
#10069 = CARTESIAN_POINT('',(0.,15.879554567148));
#10070 = ( GEOMETRIC_REPRESENTATION_CONTEXT(2) 
PARAMETRIC_REPRESENTATION_CONTEXT() REPRESENTATION_CONTEXT('2D SPACE',''
  ) );
#10071 = PCURVE('',#631,#10072);
#10072 = DEFINITIONAL_REPRESENTATION('',(#10073),#10086);
#10073 = B_SPLINE_CURVE_WITH_KNOTS('',6,(#10074,#10075,#10076,#10077,
    #10078,#10079,#10080,#10081,#10082,#10083,#10084,#10085),
  .UNSPECIFIED.,.F.,.F.,(7,5,7),(0.,0.501051831374,1.),.UNSPECIFIED.);
#10074 = CARTESIAN_POINT('',(3.937278651641,-41.5));
#10075 = CARTESIAN_POINT('',(3.861756363739,-41.40588256574));
#10076 = CARTESIAN_POINT('',(3.795016200728,-41.3127631819));
#10077 = CARTESIAN_POINT('',(3.736974734031,-41.2213054941));
#10078 = CARTESIAN_POINT('',(3.687381032817,-41.13207823871));
#10079 = CARTESIAN_POINT('',(3.645882857343,-41.04553603241));
#10080 = CARTESIAN_POINT('',(3.578400371025,-40.87888299153));
#10081 = CARTESIAN_POINT('',(3.552351887313,-40.7987462239));
#10082 = CARTESIAN_POINT('',(3.533518623826,-40.72197455784));
#10083 = CARTESIAN_POINT('',(3.521442625271,-40.64881766734));
#10084 = CARTESIAN_POINT('',(3.515642745946,-40.57943937227));
#10085 = CARTESIAN_POINT('',(3.515642855597,-40.5139327498));
#10086 = ( GEOMETRIC_REPRESENTATION_CONTEXT(2) 
PARAMETRIC_REPRESENTATION_CONTEXT() REPRESENTATION_CONTEXT('2D SPACE',''
  ) );
#10087 = ORIENTED_EDGE('',*,*,#4358,.F.);
#10088 = ORIENTED_EDGE('',*,*,#6731,.T.);
#10089 = ORIENTED_EDGE('',*,*,#10090,.F.);
#10090 = EDGE_CURVE('',#525,#6702,#10091,.T.);
#10091 = SURFACE_CURVE('',#10092,(#10096,#10102),.PCURVE_S1.);
#10092 = ( BOUNDED_CURVE() B_SPLINE_CURVE(2,(#10093,#10094,#10095),
.UNSPECIFIED.,.F.,.F.) B_SPLINE_CURVE_WITH_KNOTS((3,3),(0.,
26.741384523261),.PIECEWISE_BEZIER_KNOTS.) CURVE() 
GEOMETRIC_REPRESENTATION_ITEM() RATIONAL_B_SPLINE_CURVE((1.,
0.707106781187,1.)) REPRESENTATION_ITEM('') );
#10093 = CARTESIAN_POINT('',(-1.7763568394E-15,41.8,14.));
#10094 = CARTESIAN_POINT('',(-1.7763568394E-15,43.,14.));
#10095 = CARTESIAN_POINT('',(1.2,43.,14.));
#10096 = PCURVE('',#4392,#10097);
#10097 = DEFINITIONAL_REPRESENTATION('',(#10098),#10101);
#10098 = B_SPLINE_CURVE_WITH_KNOTS('',1,(#10099,#10100),.UNSPECIFIED.,
  .F.,.F.,(2,2),(0.,26.741384523261),.PIECEWISE_BEZIER_KNOTS.);
#10099 = CARTESIAN_POINT('',(0.,26.741384523261));
#10100 = CARTESIAN_POINT('',(26.741384523261,26.741384523261));
#10101 = ( GEOMETRIC_REPRESENTATION_CONTEXT(2) 
PARAMETRIC_REPRESENTATION_CONTEXT() REPRESENTATION_CONTEXT('2D SPACE',''
  ) );
#10102 = PCURVE('',#566,#10103);
#10103 = DEFINITIONAL_REPRESENTATION('',(#10104),#10115);
#10104 = B_SPLINE_CURVE_WITH_KNOTS('',9,(#10105,#10106,#10107,#10108,
    #10109,#10110,#10111,#10112,#10113,#10114),.UNSPECIFIED.,.F.,.F.,(10
    ,10),(0.,26.741384523261),.PIECEWISE_BEZIER_KNOTS.);
#10105 = CARTESIAN_POINT('',(0.,0.));
#10106 = CARTESIAN_POINT('',(-0.157134840264,0.));
#10107 = CARTESIAN_POINT('',(-0.325774716821,0.));
#10108 = CARTESIAN_POINT('',(-0.50456638687,0.));
#10109 = CARTESIAN_POINT('',(-0.690744851612,0.));
#10110 = CARTESIAN_POINT('',(-0.880051475183,0.));
#10111 = CARTESIAN_POINT('',(-1.066229939925,0.));
#10112 = CARTESIAN_POINT('',(-1.245021609974,0.));
#10113 = CARTESIAN_POINT('',(-1.413661486531,0.));
#10114 = CARTESIAN_POINT('',(-1.570796326795,0.));
#10115 = ( GEOMETRIC_REPRESENTATION_CONTEXT(2) 
PARAMETRIC_REPRESENTATION_CONTEXT() REPRESENTATION_CONTEXT('2D SPACE',''
  ) );
#10116 = ADVANCED_FACE('',(#10117),#4482,.F.);
#10117 = FACE_BOUND('',#10118,.F.);
#10118 = EDGE_LOOP('',(#10119,#10142,#10165,#10186));
#10119 = ORIENTED_EDGE('',*,*,#10120,.F.);
#10120 = EDGE_CURVE('',#10121,#4446,#10123,.T.);
#10121 = VERTEX_POINT('',#10122);
#10122 = CARTESIAN_POINT('',(2.5,6.,75.5));
#10123 = SURFACE_CURVE('',#10124,(#10128,#10135),.PCURVE_S1.);
#10124 = LINE('',#10125,#10126);
#10125 = CARTESIAN_POINT('',(2.5,-1.,75.5));
#10126 = VECTOR('',#10127,1.);
#10127 = DIRECTION('',(0.,1.,0.));
#10128 = PCURVE('',#4482,#10129);
#10129 = DEFINITIONAL_REPRESENTATION('',(#10130),#10134);
#10130 = LINE('',#10131,#10132);
#10131 = CARTESIAN_POINT('',(0.,0.));
#10132 = VECTOR('',#10133,1.);
#10133 = DIRECTION('',(0.,1.));
#10134 = ( GEOMETRIC_REPRESENTATION_CONTEXT(2) 
PARAMETRIC_REPRESENTATION_CONTEXT() REPRESENTATION_CONTEXT('2D SPACE',''
  ) );
#10135 = PCURVE('',#631,#10136);
#10136 = DEFINITIONAL_REPRESENTATION('',(#10137),#10141);
#10137 = LINE('',#10138,#10139);
#10138 = CARTESIAN_POINT('',(73.,0.));
#10139 = VECTOR('',#10140,1.);
#10140 = DIRECTION('',(0.,-1.));
#10141 = ( GEOMETRIC_REPRESENTATION_CONTEXT(2) 
PARAMETRIC_REPRESENTATION_CONTEXT() REPRESENTATION_CONTEXT('2D SPACE',''
  ) );
#10142 = ORIENTED_EDGE('',*,*,#10143,.T.);
#10143 = EDGE_CURVE('',#10121,#10144,#10146,.T.);
#10144 = VERTEX_POINT('',#10145);
#10145 = CARTESIAN_POINT('',(222.4,6.,75.5));
#10146 = SURFACE_CURVE('',#10147,(#10151,#10158),.PCURVE_S1.);
#10147 = LINE('',#10148,#10149);
#10148 = CARTESIAN_POINT('',(2.5,6.,75.5));
#10149 = VECTOR('',#10150,1.);
#10150 = DIRECTION('',(1.,0.,0.));
#10151 = PCURVE('',#4482,#10152);
#10152 = DEFINITIONAL_REPRESENTATION('',(#10153),#10157);
#10153 = LINE('',#10154,#10155);
#10154 = CARTESIAN_POINT('',(0.,7.));
#10155 = VECTOR('',#10156,1.);
#10156 = DIRECTION('',(1.,0.));
#10157 = ( GEOMETRIC_REPRESENTATION_CONTEXT(2) 
PARAMETRIC_REPRESENTATION_CONTEXT() REPRESENTATION_CONTEXT('2D SPACE',''
  ) );
#10158 = PCURVE('',#658,#10159);
#10159 = DEFINITIONAL_REPRESENTATION('',(#10160),#10164);
#10160 = LINE('',#10161,#10162);
#10161 = CARTESIAN_POINT('',(73.,0.));
#10162 = VECTOR('',#10163,1.);
#10163 = DIRECTION('',(0.,1.));
#10164 = ( GEOMETRIC_REPRESENTATION_CONTEXT(2) 
PARAMETRIC_REPRESENTATION_CONTEXT() REPRESENTATION_CONTEXT('2D SPACE',''
  ) );
#10165 = ORIENTED_EDGE('',*,*,#10166,.T.);
#10166 = EDGE_CURVE('',#10144,#3787,#10167,.T.);
#10167 = SURFACE_CURVE('',#10168,(#10172,#10179),.PCURVE_S1.);
#10168 = LINE('',#10169,#10170);
#10169 = CARTESIAN_POINT('',(222.4,-1.,75.5));
#10170 = VECTOR('',#10171,1.);
#10171 = DIRECTION('',(0.,1.,0.));
#10172 = PCURVE('',#4482,#10173);
#10173 = DEFINITIONAL_REPRESENTATION('',(#10174),#10178);
#10174 = LINE('',#10175,#10176);
#10175 = CARTESIAN_POINT('',(219.9,0.));
#10176 = VECTOR('',#10177,1.);
#10177 = DIRECTION('',(0.,1.));
#10178 = ( GEOMETRIC_REPRESENTATION_CONTEXT(2) 
PARAMETRIC_REPRESENTATION_CONTEXT() REPRESENTATION_CONTEXT('2D SPACE',''
  ) );
#10179 = PCURVE('',#3288,#10180);
#10180 = DEFINITIONAL_REPRESENTATION('',(#10181),#10185);
#10181 = LINE('',#10182,#10183);
#10182 = CARTESIAN_POINT('',(73.,0.));
#10183 = VECTOR('',#10184,1.);
#10184 = DIRECTION('',(0.,-1.));
#10185 = ( GEOMETRIC_REPRESENTATION_CONTEXT(2) 
PARAMETRIC_REPRESENTATION_CONTEXT() REPRESENTATION_CONTEXT('2D SPACE',''
  ) );
#10186 = ORIENTED_EDGE('',*,*,#4468,.F.);
#10187 = ADVANCED_FACE('',(#10188),#3288,.F.);
#10188 = FACE_BOUND('',#10189,.F.);
#10189 = EDGE_LOOP('',(#10190,#10191,#10212,#10213));
#10190 = ORIENTED_EDGE('',*,*,#10166,.F.);
#10191 = ORIENTED_EDGE('',*,*,#10192,.F.);
#10192 = EDGE_CURVE('',#3252,#10144,#10193,.T.);
#10193 = SURFACE_CURVE('',#10194,(#10198,#10205),.PCURVE_S1.);
#10194 = LINE('',#10195,#10196);
#10195 = CARTESIAN_POINT('',(222.4,6.,2.5));
#10196 = VECTOR('',#10197,1.);
#10197 = DIRECTION('',(0.,0.,1.));
#10198 = PCURVE('',#3288,#10199);
#10199 = DEFINITIONAL_REPRESENTATION('',(#10200),#10204);
#10200 = LINE('',#10201,#10202);
#10201 = CARTESIAN_POINT('',(0.,-7.));
#10202 = VECTOR('',#10203,1.);
#10203 = DIRECTION('',(1.,0.));
#10204 = ( GEOMETRIC_REPRESENTATION_CONTEXT(2) 
PARAMETRIC_REPRESENTATION_CONTEXT() REPRESENTATION_CONTEXT('2D SPACE',''
  ) );
#10205 = PCURVE('',#658,#10206);
#10206 = DEFINITIONAL_REPRESENTATION('',(#10207),#10211);
#10207 = LINE('',#10208,#10209);
#10208 = CARTESIAN_POINT('',(0.,219.9));
#10209 = VECTOR('',#10210,1.);
#10210 = DIRECTION('',(1.,0.));
#10211 = ( GEOMETRIC_REPRESENTATION_CONTEXT(2) 
PARAMETRIC_REPRESENTATION_CONTEXT() REPRESENTATION_CONTEXT('2D SPACE',''
  ) );
#10212 = ORIENTED_EDGE('',*,*,#3272,.T.);
#10213 = ORIENTED_EDGE('',*,*,#3786,.T.);
#10214 = ADVANCED_FACE('',(#10215),#3188,.T.);
#10215 = FACE_BOUND('',#10216,.T.);
#10216 = EDGE_LOOP('',(#10217,#10238,#10239,#10240,#10241,#10242,#10243,
    #10244));
#10217 = ORIENTED_EDGE('',*,*,#10218,.T.);
#10218 = EDGE_CURVE('',#3811,#3145,#10219,.T.);
#10219 = SURFACE_CURVE('',#10220,(#10224,#10231),.PCURVE_S1.);
#10220 = LINE('',#10221,#10222);
#10221 = CARTESIAN_POINT('',(200.9,40.5,34.5));
#10222 = VECTOR('',#10223,1.);
#10223 = DIRECTION('',(0.,-1.,0.));
#10224 = PCURVE('',#3188,#10225);
#10225 = DEFINITIONAL_REPRESENTATION('',(#10226),#10230);
#10226 = LINE('',#10227,#10228);
#10227 = CARTESIAN_POINT('',(28.,-35.5));
#10228 = VECTOR('',#10229,1.);
#10229 = DIRECTION('',(0.,1.));
#10230 = ( GEOMETRIC_REPRESENTATION_CONTEXT(2) 
PARAMETRIC_REPRESENTATION_CONTEXT() REPRESENTATION_CONTEXT('2D SPACE',''
  ) );
#10231 = PCURVE('',#3160,#10232);
#10232 = DEFINITIONAL_REPRESENTATION('',(#10233),#10237);
#10233 = LINE('',#10234,#10235);
#10234 = CARTESIAN_POINT('',(38.4,35.5));
#10235 = VECTOR('',#10236,1.);
#10236 = DIRECTION('',(0.,-1.));
#10237 = ( GEOMETRIC_REPRESENTATION_CONTEXT(2) 
PARAMETRIC_REPRESENTATION_CONTEXT() REPRESENTATION_CONTEXT('2D SPACE',''
  ) );
#10238 = ORIENTED_EDGE('',*,*,#3172,.F.);
#10239 = ORIENTED_EDGE('',*,*,#3384,.F.);
#10240 = ORIENTED_EDGE('',*,*,#3739,.F.);
#10241 = ORIENTED_EDGE('',*,*,#3762,.T.);
#10242 = ORIENTED_EDGE('',*,*,#3718,.T.);
#10243 = ORIENTED_EDGE('',*,*,#3328,.T.);
#10244 = ORIENTED_EDGE('',*,*,#3810,.T.);
#10245 = ADVANCED_FACE('',(#10246),#3160,.T.);
#10246 = FACE_BOUND('',#10247,.T.);
#10247 = EDGE_LOOP('',(#10248,#10269,#10270,#10271,#10272,#10273,#10274,
    #10275));
#10248 = ORIENTED_EDGE('',*,*,#10249,.F.);
#10249 = EDGE_CURVE('',#3117,#6021,#10250,.T.);
#10250 = SURFACE_CURVE('',#10251,(#10255,#10262),.PCURVE_S1.);
#10251 = LINE('',#10252,#10253);
#10252 = CARTESIAN_POINT('',(162.5,5.,34.5));
#10253 = VECTOR('',#10254,1.);
#10254 = DIRECTION('',(0.,1.,0.));
#10255 = PCURVE('',#3160,#10256);
#10256 = DEFINITIONAL_REPRESENTATION('',(#10257),#10261);
#10257 = LINE('',#10258,#10259);
#10258 = CARTESIAN_POINT('',(0.,0.));
#10259 = VECTOR('',#10260,1.);
#10260 = DIRECTION('',(0.,1.));
#10261 = ( GEOMETRIC_REPRESENTATION_CONTEXT(2) 
PARAMETRIC_REPRESENTATION_CONTEXT() REPRESENTATION_CONTEXT('2D SPACE',''
  ) );
#10262 = PCURVE('',#3132,#10263);
#10263 = DEFINITIONAL_REPRESENTATION('',(#10264),#10268);
#10264 = LINE('',#10265,#10266);
#10265 = CARTESIAN_POINT('',(28.,0.));
#10266 = VECTOR('',#10267,1.);
#10267 = DIRECTION('',(0.,-1.));
#10268 = ( GEOMETRIC_REPRESENTATION_CONTEXT(2) 
PARAMETRIC_REPRESENTATION_CONTEXT() REPRESENTATION_CONTEXT('2D SPACE',''
  ) );
#10269 = ORIENTED_EDGE('',*,*,#3144,.F.);
#10270 = ORIENTED_EDGE('',*,*,#10218,.F.);
#10271 = ORIENTED_EDGE('',*,*,#3833,.F.);
#10272 = ORIENTED_EDGE('',*,*,#4497,.F.);
#10273 = ORIENTED_EDGE('',*,*,#4617,.F.);
#10274 = ORIENTED_EDGE('',*,*,#5775,.T.);
#10275 = ORIENTED_EDGE('',*,*,#6041,.F.);
#10276 = ADVANCED_FACE('',(#10277),#3132,.F.);
#10277 = FACE_BOUND('',#10278,.F.);
#10278 = EDGE_LOOP('',(#10279,#10280,#10281,#10302,#10303,#10304,#10305,
    #10306));
#10279 = ORIENTED_EDGE('',*,*,#10249,.F.);
#10280 = ORIENTED_EDGE('',*,*,#3116,.F.);
#10281 = ORIENTED_EDGE('',*,*,#10282,.T.);
#10282 = EDGE_CURVE('',#3094,#3969,#10283,.T.);
#10283 = SURFACE_CURVE('',#10284,(#10288,#10295),.PCURVE_S1.);
#10284 = LINE('',#10285,#10286);
#10285 = CARTESIAN_POINT('',(162.5,5.,6.5));
#10286 = VECTOR('',#10287,1.);
#10287 = DIRECTION('',(0.,1.,0.));
#10288 = PCURVE('',#3132,#10289);
#10289 = DEFINITIONAL_REPRESENTATION('',(#10290),#10294);
#10290 = LINE('',#10291,#10292);
#10291 = CARTESIAN_POINT('',(0.,0.));
#10292 = VECTOR('',#10293,1.);
#10293 = DIRECTION('',(0.,-1.));
#10294 = ( GEOMETRIC_REPRESENTATION_CONTEXT(2) 
PARAMETRIC_REPRESENTATION_CONTEXT() REPRESENTATION_CONTEXT('2D SPACE',''
  ) );
#10295 = PCURVE('',#3002,#10296);
#10296 = DEFINITIONAL_REPRESENTATION('',(#10297),#10301);
#10297 = LINE('',#10298,#10299);
#10298 = CARTESIAN_POINT('',(152.5,0.));
#10299 = VECTOR('',#10300,1.);
#10300 = DIRECTION('',(0.,1.));
#10301 = ( GEOMETRIC_REPRESENTATION_CONTEXT(2) 
PARAMETRIC_REPRESENTATION_CONTEXT() REPRESENTATION_CONTEXT('2D SPACE',''
  ) );
#10302 = ORIENTED_EDGE('',*,*,#3968,.T.);
#10303 = ORIENTED_EDGE('',*,*,#6066,.F.);
#10304 = ORIENTED_EDGE('',*,*,#5926,.F.);
#10305 = ORIENTED_EDGE('',*,*,#5973,.T.);
#10306 = ORIENTED_EDGE('',*,*,#6020,.T.);
#10307 = ADVANCED_FACE('',(#10308),#3081,.F.);
#10308 = FACE_BOUND('',#10309,.F.);
#10309 = EDGE_LOOP('',(#10310,#10311));
#10310 = ORIENTED_EDGE('',*,*,#3065,.F.);
#10311 = ORIENTED_EDGE('',*,*,#10312,.T.);
#10312 = EDGE_CURVE('',#3043,#3066,#10313,.T.);
#10313 = SURFACE_CURVE('',#10314,(#10319,#10326),.PCURVE_S1.);
#10314 = CIRCLE('',#10315,3.5);
#10315 = AXIS2_PLACEMENT_3D('',#10316,#10317,#10318);
#10316 = CARTESIAN_POINT('',(139.,8.,6.5));
#10317 = DIRECTION('',(0.,0.,1.));
#10318 = DIRECTION('',(1.,0.,0.));
#10319 = PCURVE('',#3081,#10320);
#10320 = DEFINITIONAL_REPRESENTATION('',(#10321),#10325);
#10321 = CIRCLE('',#10322,3.5);
#10322 = AXIS2_PLACEMENT_2D('',#10323,#10324);
#10323 = CARTESIAN_POINT('',(0.,-1.7763568394E-15));
#10324 = DIRECTION('',(1.,0.));
#10325 = ( GEOMETRIC_REPRESENTATION_CONTEXT(2) 
PARAMETRIC_REPRESENTATION_CONTEXT() REPRESENTATION_CONTEXT('2D SPACE',''
  ) );
#10326 = PCURVE('',#10327,#10332);
#10327 = CYLINDRICAL_SURFACE('',#10328,3.5);
#10328 = AXIS2_PLACEMENT_3D('',#10329,#10330,#10331);
#10329 = CARTESIAN_POINT('',(139.,8.,6.5));
#10330 = DIRECTION('',(-0.,-0.,-1.));
#10331 = DIRECTION('',(1.,0.,0.));
#10332 = DEFINITIONAL_REPRESENTATION('',(#10333),#10337);
#10333 = LINE('',#10334,#10335);
#10334 = CARTESIAN_POINT('',(-0.,0.));
#10335 = VECTOR('',#10336,1.);
#10336 = DIRECTION('',(-1.,0.));
#10337 = ( GEOMETRIC_REPRESENTATION_CONTEXT(2) 
PARAMETRIC_REPRESENTATION_CONTEXT() REPRESENTATION_CONTEXT('2D SPACE',''
  ) );
#10338 = ADVANCED_FACE('',(#10339),#10327,.T.);
#10339 = FACE_BOUND('',#10340,.F.);
#10340 = EDGE_LOOP('',(#10341,#10365,#10388,#10415,#10416,#10438));
#10341 = ORIENTED_EDGE('',*,*,#10342,.F.);
#10342 = EDGE_CURVE('',#10343,#3043,#10345,.T.);
#10343 = VERTEX_POINT('',#10344);
#10344 = CARTESIAN_POINT('',(142.5,8.,6.5));
#10345 = SURFACE_CURVE('',#10346,(#10351,#10358),.PCURVE_S1.);
#10346 = CIRCLE('',#10347,3.5);
#10347 = AXIS2_PLACEMENT_3D('',#10348,#10349,#10350);
#10348 = CARTESIAN_POINT('',(139.,8.,6.5));
#10349 = DIRECTION('',(0.,0.,1.));
#10350 = DIRECTION('',(1.,0.,0.));
#10351 = PCURVE('',#10327,#10352);
#10352 = DEFINITIONAL_REPRESENTATION('',(#10353),#10357);
#10353 = LINE('',#10354,#10355);
#10354 = CARTESIAN_POINT('',(-0.,0.));
#10355 = VECTOR('',#10356,1.);
#10356 = DIRECTION('',(-1.,0.));
#10357 = ( GEOMETRIC_REPRESENTATION_CONTEXT(2) 
PARAMETRIC_REPRESENTATION_CONTEXT() REPRESENTATION_CONTEXT('2D SPACE',''
  ) );
#10358 = PCURVE('',#3002,#10359);
#10359 = DEFINITIONAL_REPRESENTATION('',(#10360),#10364);
#10360 = CIRCLE('',#10361,3.5);
#10361 = AXIS2_PLACEMENT_2D('',#10362,#10363);
#10362 = CARTESIAN_POINT('',(129.,3.));
#10363 = DIRECTION('',(1.,0.));
#10364 = ( GEOMETRIC_REPRESENTATION_CONTEXT(2) 
PARAMETRIC_REPRESENTATION_CONTEXT() REPRESENTATION_CONTEXT('2D SPACE',''
  ) );
#10365 = ORIENTED_EDGE('',*,*,#10366,.T.);
#10366 = EDGE_CURVE('',#10343,#10367,#10369,.T.);
#10367 = VERTEX_POINT('',#10368);
#10368 = CARTESIAN_POINT('',(142.5,8.,16.98));
#10369 = SEAM_CURVE('',#10370,(#10374,#10381),.PCURVE_S1.);
#10370 = LINE('',#10371,#10372);
#10371 = CARTESIAN_POINT('',(142.5,8.,6.5));
#10372 = VECTOR('',#10373,1.);
#10373 = DIRECTION('',(0.,0.,1.));
#10374 = PCURVE('',#10327,#10375);
#10375 = DEFINITIONAL_REPRESENTATION('',(#10376),#10380);
#10376 = LINE('',#10377,#10378);
#10377 = CARTESIAN_POINT('',(-6.28318530718,0.));
#10378 = VECTOR('',#10379,1.);
#10379 = DIRECTION('',(-0.,-1.));
#10380 = ( GEOMETRIC_REPRESENTATION_CONTEXT(2) 
PARAMETRIC_REPRESENTATION_CONTEXT() REPRESENTATION_CONTEXT('2D SPACE',''
  ) );
#10381 = PCURVE('',#10327,#10382);
#10382 = DEFINITIONAL_REPRESENTATION('',(#10383),#10387);
#10383 = LINE('',#10384,#10385);
#10384 = CARTESIAN_POINT('',(-0.,0.));
#10385 = VECTOR('',#10386,1.);
#10386 = DIRECTION('',(-0.,-1.));
#10387 = ( GEOMETRIC_REPRESENTATION_CONTEXT(2) 
PARAMETRIC_REPRESENTATION_CONTEXT() REPRESENTATION_CONTEXT('2D SPACE',''
  ) );
#10388 = ORIENTED_EDGE('',*,*,#10389,.T.);
#10389 = EDGE_CURVE('',#10367,#10367,#10390,.T.);
#10390 = SURFACE_CURVE('',#10391,(#10396,#10403),.PCURVE_S1.);
#10391 = CIRCLE('',#10392,3.5);
#10392 = AXIS2_PLACEMENT_3D('',#10393,#10394,#10395);
#10393 = CARTESIAN_POINT('',(139.,8.,16.98));
#10394 = DIRECTION('',(0.,0.,1.));
#10395 = DIRECTION('',(1.,0.,0.));
#10396 = PCURVE('',#10327,#10397);
#10397 = DEFINITIONAL_REPRESENTATION('',(#10398),#10402);
#10398 = LINE('',#10399,#10400);
#10399 = CARTESIAN_POINT('',(-0.,-10.48));
#10400 = VECTOR('',#10401,1.);
#10401 = DIRECTION('',(-1.,0.));
#10402 = ( GEOMETRIC_REPRESENTATION_CONTEXT(2) 
PARAMETRIC_REPRESENTATION_CONTEXT() REPRESENTATION_CONTEXT('2D SPACE',''
  ) );
#10403 = PCURVE('',#10404,#10409);
#10404 = PLANE('',#10405);
#10405 = AXIS2_PLACEMENT_3D('',#10406,#10407,#10408);
#10406 = CARTESIAN_POINT('',(139.,8.,16.98));
#10407 = DIRECTION('',(0.,0.,1.));
#10408 = DIRECTION('',(1.,0.,-0.));
#10409 = DEFINITIONAL_REPRESENTATION('',(#10410),#10414);
#10410 = CIRCLE('',#10411,3.5);
#10411 = AXIS2_PLACEMENT_2D('',#10412,#10413);
#10412 = CARTESIAN_POINT('',(0.,-1.7763568394E-15));
#10413 = DIRECTION('',(1.,0.));
#10414 = ( GEOMETRIC_REPRESENTATION_CONTEXT(2) 
PARAMETRIC_REPRESENTATION_CONTEXT() REPRESENTATION_CONTEXT('2D SPACE',''
  ) );
#10415 = ORIENTED_EDGE('',*,*,#10366,.F.);
#10416 = ORIENTED_EDGE('',*,*,#10417,.F.);
#10417 = EDGE_CURVE('',#3066,#10343,#10418,.T.);
#10418 = SURFACE_CURVE('',#10419,(#10424,#10431),.PCURVE_S1.);
#10419 = CIRCLE('',#10420,3.5);
#10420 = AXIS2_PLACEMENT_3D('',#10421,#10422,#10423);
#10421 = CARTESIAN_POINT('',(139.,8.,6.5));
#10422 = DIRECTION('',(0.,0.,1.));
#10423 = DIRECTION('',(1.,0.,0.));
#10424 = PCURVE('',#10327,#10425);
#10425 = DEFINITIONAL_REPRESENTATION('',(#10426),#10430);
#10426 = LINE('',#10427,#10428);
#10427 = CARTESIAN_POINT('',(-0.,0.));
#10428 = VECTOR('',#10429,1.);
#10429 = DIRECTION('',(-1.,0.));
#10430 = ( GEOMETRIC_REPRESENTATION_CONTEXT(2) 
PARAMETRIC_REPRESENTATION_CONTEXT() REPRESENTATION_CONTEXT('2D SPACE',''
  ) );
#10431 = PCURVE('',#3002,#10432);
#10432 = DEFINITIONAL_REPRESENTATION('',(#10433),#10437);
#10433 = CIRCLE('',#10434,3.5);
#10434 = AXIS2_PLACEMENT_2D('',#10435,#10436);
#10435 = CARTESIAN_POINT('',(129.,3.));
#10436 = DIRECTION('',(1.,0.));
#10437 = ( GEOMETRIC_REPRESENTATION_CONTEXT(2) 
PARAMETRIC_REPRESENTATION_CONTEXT() REPRESENTATION_CONTEXT('2D SPACE',''
  ) );
#10438 = ORIENTED_EDGE('',*,*,#10312,.F.);
#10439 = ADVANCED_FACE('',(#10440,#10443),#10404,.T.);
#10440 = FACE_BOUND('',#10441,.T.);
#10441 = EDGE_LOOP('',(#10442));
#10442 = ORIENTED_EDGE('',*,*,#10389,.T.);
#10443 = FACE_BOUND('',#10444,.T.);
#10444 = EDGE_LOOP('',(#10445));
#10445 = ORIENTED_EDGE('',*,*,#10446,.T.);
#10446 = EDGE_CURVE('',#10447,#10447,#10449,.T.);
#10447 = VERTEX_POINT('',#10448);
#10448 = CARTESIAN_POINT('',(137.415,8.,16.98));
#10449 = SURFACE_CURVE('',#10450,(#10455,#10466),.PCURVE_S1.);
#10450 = CIRCLE('',#10451,1.585);
#10451 = AXIS2_PLACEMENT_3D('',#10452,#10453,#10454);
#10452 = CARTESIAN_POINT('',(139.,8.,16.98));
#10453 = DIRECTION('',(0.,0.,-1.));
#10454 = DIRECTION('',(-1.,0.,0.));
#10455 = PCURVE('',#10404,#10456);
#10456 = DEFINITIONAL_REPRESENTATION('',(#10457),#10465);
#10457 = ( BOUNDED_CURVE() B_SPLINE_CURVE(2,(#10458,#10459,#10460,#10461
    ,#10462,#10463,#10464),.UNSPECIFIED.,.T.,.F.) 
B_SPLINE_CURVE_WITH_KNOTS((1,2,2,2,2,1),(-2.094395102393,0.,
    2.094395102393,4.188790204786,6.28318530718,8.377580409573),
.UNSPECIFIED.) CURVE() GEOMETRIC_REPRESENTATION_ITEM() 
RATIONAL_B_SPLINE_CURVE((1.,0.5,1.,0.5,1.,0.5,1.)) REPRESENTATION_ITEM(
  '') );
#10458 = CARTESIAN_POINT('',(-1.585,-1.7763568394E-15));
#10459 = CARTESIAN_POINT('',(-1.585,2.745300529997));
#10460 = CARTESIAN_POINT('',(0.7925,1.372650264998));
#10461 = CARTESIAN_POINT('',(3.17,-1.388143804071E-15));
#10462 = CARTESIAN_POINT('',(0.7925,-1.372650264998));
#10463 = CARTESIAN_POINT('',(-1.585,-2.745300529997));
#10464 = CARTESIAN_POINT('',(-1.585,-1.7763568394E-15));
#10465 = ( GEOMETRIC_REPRESENTATION_CONTEXT(2) 
PARAMETRIC_REPRESENTATION_CONTEXT() REPRESENTATION_CONTEXT('2D SPACE',''
  ) );
#10466 = PCURVE('',#10467,#10472);
#10467 = CYLINDRICAL_SURFACE('',#10468,1.585);
#10468 = AXIS2_PLACEMENT_3D('',#10469,#10470,#10471);
#10469 = CARTESIAN_POINT('',(139.,8.,16.98));
#10470 = DIRECTION('',(0.,0.,-1.));
#10471 = DIRECTION('',(-1.,0.,0.));
#10472 = DEFINITIONAL_REPRESENTATION('',(#10473),#10477);
#10473 = LINE('',#10474,#10475);
#10474 = CARTESIAN_POINT('',(0.,0.));
#10475 = VECTOR('',#10476,1.);
#10476 = DIRECTION('',(1.,0.));
#10477 = ( GEOMETRIC_REPRESENTATION_CONTEXT(2) 
PARAMETRIC_REPRESENTATION_CONTEXT() REPRESENTATION_CONTEXT('2D SPACE',''
  ) );
#10478 = ADVANCED_FACE('',(#10479),#10467,.F.);
#10479 = FACE_BOUND('',#10480,.F.);
#10480 = EDGE_LOOP('',(#10481,#10510,#10531,#10532));
#10481 = ORIENTED_EDGE('',*,*,#10482,.F.);
#10482 = EDGE_CURVE('',#10483,#10483,#10485,.T.);
#10483 = VERTEX_POINT('',#10484);
#10484 = CARTESIAN_POINT('',(137.415,8.,12.5));
#10485 = SURFACE_CURVE('',#10486,(#10491,#10498),.PCURVE_S1.);
#10486 = CIRCLE('',#10487,1.585);
#10487 = AXIS2_PLACEMENT_3D('',#10488,#10489,#10490);
#10488 = CARTESIAN_POINT('',(139.,8.,12.5));
#10489 = DIRECTION('',(0.,0.,-1.));
#10490 = DIRECTION('',(-1.,0.,0.));
#10491 = PCURVE('',#10467,#10492);
#10492 = DEFINITIONAL_REPRESENTATION('',(#10493),#10497);
#10493 = LINE('',#10494,#10495);
#10494 = CARTESIAN_POINT('',(0.,4.48));
#10495 = VECTOR('',#10496,1.);
#10496 = DIRECTION('',(1.,0.));
#10497 = ( GEOMETRIC_REPRESENTATION_CONTEXT(2) 
PARAMETRIC_REPRESENTATION_CONTEXT() REPRESENTATION_CONTEXT('2D SPACE',''
  ) );
#10498 = PCURVE('',#10499,#10504);
#10499 = PLANE('',#10500);
#10500 = AXIS2_PLACEMENT_3D('',#10501,#10502,#10503);
#10501 = CARTESIAN_POINT('',(139.,8.,12.5));
#10502 = DIRECTION('',(0.,0.,-1.));
#10503 = DIRECTION('',(-1.,0.,0.));
#10504 = DEFINITIONAL_REPRESENTATION('',(#10505),#10509);
#10505 = CIRCLE('',#10506,1.585);
#10506 = AXIS2_PLACEMENT_2D('',#10507,#10508);
#10507 = CARTESIAN_POINT('',(0.,0.));
#10508 = DIRECTION('',(1.,0.));
#10509 = ( GEOMETRIC_REPRESENTATION_CONTEXT(2) 
PARAMETRIC_REPRESENTATION_CONTEXT() REPRESENTATION_CONTEXT('2D SPACE',''
  ) );
#10510 = ORIENTED_EDGE('',*,*,#10511,.F.);
#10511 = EDGE_CURVE('',#10447,#10483,#10512,.T.);
#10512 = SEAM_CURVE('',#10513,(#10517,#10524),.PCURVE_S1.);
#10513 = LINE('',#10514,#10515);
#10514 = CARTESIAN_POINT('',(137.415,8.,16.98));
#10515 = VECTOR('',#10516,1.);
#10516 = DIRECTION('',(0.,0.,-1.));
#10517 = PCURVE('',#10467,#10518);
#10518 = DEFINITIONAL_REPRESENTATION('',(#10519),#10523);
#10519 = LINE('',#10520,#10521);
#10520 = CARTESIAN_POINT('',(6.28318530718,-0.));
#10521 = VECTOR('',#10522,1.);
#10522 = DIRECTION('',(0.,1.));
#10523 = ( GEOMETRIC_REPRESENTATION_CONTEXT(2) 
PARAMETRIC_REPRESENTATION_CONTEXT() REPRESENTATION_CONTEXT('2D SPACE',''
  ) );
#10524 = PCURVE('',#10467,#10525);
#10525 = DEFINITIONAL_REPRESENTATION('',(#10526),#10530);
#10526 = LINE('',#10527,#10528);
#10527 = CARTESIAN_POINT('',(0.,-0.));
#10528 = VECTOR('',#10529,1.);
#10529 = DIRECTION('',(0.,1.));
#10530 = ( GEOMETRIC_REPRESENTATION_CONTEXT(2) 
PARAMETRIC_REPRESENTATION_CONTEXT() REPRESENTATION_CONTEXT('2D SPACE',''
  ) );
#10531 = ORIENTED_EDGE('',*,*,#10446,.T.);
#10532 = ORIENTED_EDGE('',*,*,#10511,.T.);
#10533 = ADVANCED_FACE('',(#10534,#10537),#10499,.F.);
#10534 = FACE_BOUND('',#10535,.F.);
#10535 = EDGE_LOOP('',(#10536));
#10536 = ORIENTED_EDGE('',*,*,#10482,.T.);
#10537 = FACE_BOUND('',#10538,.F.);
#10538 = EDGE_LOOP('',(#10539));
#10539 = ORIENTED_EDGE('',*,*,#10540,.F.);
#10540 = EDGE_CURVE('',#10541,#10541,#10543,.T.);
#10541 = VERTEX_POINT('',#10542);
#10542 = CARTESIAN_POINT('',(137.55,8.,12.5));
#10543 = SURFACE_CURVE('',#10544,(#10549,#10556),.PCURVE_S1.);
#10544 = CIRCLE('',#10545,1.45);
#10545 = AXIS2_PLACEMENT_3D('',#10546,#10547,#10548);
#10546 = CARTESIAN_POINT('',(139.,8.,12.5));
#10547 = DIRECTION('',(0.,0.,-1.));
#10548 = DIRECTION('',(-1.,0.,0.));
#10549 = PCURVE('',#10499,#10550);
#10550 = DEFINITIONAL_REPRESENTATION('',(#10551),#10555);
#10551 = CIRCLE('',#10552,1.45);
#10552 = AXIS2_PLACEMENT_2D('',#10553,#10554);
#10553 = CARTESIAN_POINT('',(0.,0.));
#10554 = DIRECTION('',(1.,0.));
#10555 = ( GEOMETRIC_REPRESENTATION_CONTEXT(2) 
PARAMETRIC_REPRESENTATION_CONTEXT() REPRESENTATION_CONTEXT('2D SPACE',''
  ) );
#10556 = PCURVE('',#10557,#10562);
#10557 = CYLINDRICAL_SURFACE('',#10558,1.45);
#10558 = AXIS2_PLACEMENT_3D('',#10559,#10560,#10561);
#10559 = CARTESIAN_POINT('',(139.,8.,16.98));
#10560 = DIRECTION('',(0.,0.,-1.));
#10561 = DIRECTION('',(-1.,0.,0.));
#10562 = DEFINITIONAL_REPRESENTATION('',(#10563),#10567);
#10563 = LINE('',#10564,#10565);
#10564 = CARTESIAN_POINT('',(0.,4.48));
#10565 = VECTOR('',#10566,1.);
#10566 = DIRECTION('',(1.,0.));
#10567 = ( GEOMETRIC_REPRESENTATION_CONTEXT(2) 
PARAMETRIC_REPRESENTATION_CONTEXT() REPRESENTATION_CONTEXT('2D SPACE',''
  ) );
#10568 = ADVANCED_FACE('',(#10569),#10557,.F.);
#10569 = FACE_BOUND('',#10570,.F.);
#10570 = EDGE_LOOP('',(#10571,#10594,#10621,#10622));
#10571 = ORIENTED_EDGE('',*,*,#10572,.T.);
#10572 = EDGE_CURVE('',#10541,#10573,#10575,.T.);
#10573 = VERTEX_POINT('',#10574);
#10574 = CARTESIAN_POINT('',(137.55,8.,8.5));
#10575 = SEAM_CURVE('',#10576,(#10580,#10587),.PCURVE_S1.);
#10576 = LINE('',#10577,#10578);
#10577 = CARTESIAN_POINT('',(137.55,8.,16.98));
#10578 = VECTOR('',#10579,1.);
#10579 = DIRECTION('',(0.,0.,-1.));
#10580 = PCURVE('',#10557,#10581);
#10581 = DEFINITIONAL_REPRESENTATION('',(#10582),#10586);
#10582 = LINE('',#10583,#10584);
#10583 = CARTESIAN_POINT('',(6.28318530718,-0.));
#10584 = VECTOR('',#10585,1.);
#10585 = DIRECTION('',(0.,1.));
#10586 = ( GEOMETRIC_REPRESENTATION_CONTEXT(2) 
PARAMETRIC_REPRESENTATION_CONTEXT() REPRESENTATION_CONTEXT('2D SPACE',''
  ) );
#10587 = PCURVE('',#10557,#10588);
#10588 = DEFINITIONAL_REPRESENTATION('',(#10589),#10593);
#10589 = LINE('',#10590,#10591);
#10590 = CARTESIAN_POINT('',(0.,-0.));
#10591 = VECTOR('',#10592,1.);
#10592 = DIRECTION('',(0.,1.));
#10593 = ( GEOMETRIC_REPRESENTATION_CONTEXT(2) 
PARAMETRIC_REPRESENTATION_CONTEXT() REPRESENTATION_CONTEXT('2D SPACE',''
  ) );
#10594 = ORIENTED_EDGE('',*,*,#10595,.F.);
#10595 = EDGE_CURVE('',#10573,#10573,#10596,.T.);
#10596 = SURFACE_CURVE('',#10597,(#10602,#10609),.PCURVE_S1.);
#10597 = CIRCLE('',#10598,1.45);
#10598 = AXIS2_PLACEMENT_3D('',#10599,#10600,#10601);
#10599 = CARTESIAN_POINT('',(139.,8.,8.5));
#10600 = DIRECTION('',(0.,0.,-1.));
#10601 = DIRECTION('',(-1.,0.,0.));
#10602 = PCURVE('',#10557,#10603);
#10603 = DEFINITIONAL_REPRESENTATION('',(#10604),#10608);
#10604 = LINE('',#10605,#10606);
#10605 = CARTESIAN_POINT('',(0.,8.48));
#10606 = VECTOR('',#10607,1.);
#10607 = DIRECTION('',(1.,0.));
#10608 = ( GEOMETRIC_REPRESENTATION_CONTEXT(2) 
PARAMETRIC_REPRESENTATION_CONTEXT() REPRESENTATION_CONTEXT('2D SPACE',''
  ) );
#10609 = PCURVE('',#10610,#10615);
#10610 = PLANE('',#10611);
#10611 = AXIS2_PLACEMENT_3D('',#10612,#10613,#10614);
#10612 = CARTESIAN_POINT('',(139.,8.,8.5));
#10613 = DIRECTION('',(0.,0.,-1.));
#10614 = DIRECTION('',(-1.,0.,0.));
#10615 = DEFINITIONAL_REPRESENTATION('',(#10616),#10620);
#10616 = CIRCLE('',#10617,1.45);
#10617 = AXIS2_PLACEMENT_2D('',#10618,#10619);
#10618 = CARTESIAN_POINT('',(0.,0.));
#10619 = DIRECTION('',(1.,0.));
#10620 = ( GEOMETRIC_REPRESENTATION_CONTEXT(2) 
PARAMETRIC_REPRESENTATION_CONTEXT() REPRESENTATION_CONTEXT('2D SPACE',''
  ) );
#10621 = ORIENTED_EDGE('',*,*,#10572,.F.);
#10622 = ORIENTED_EDGE('',*,*,#10540,.T.);
#10623 = ADVANCED_FACE('',(#10624),#10610,.F.);
#10624 = FACE_BOUND('',#10625,.F.);
#10625 = EDGE_LOOP('',(#10626));
#10626 = ORIENTED_EDGE('',*,*,#10595,.T.);
#10627 = ADVANCED_FACE('',(#10628),#3030,.F.);
#10628 = FACE_BOUND('',#10629,.F.);
#10629 = EDGE_LOOP('',(#10630,#10631));
#10630 = ORIENTED_EDGE('',*,*,#3014,.F.);
#10631 = ORIENTED_EDGE('',*,*,#10632,.T.);
#10632 = EDGE_CURVE('',#2987,#3015,#10633,.T.);
#10633 = SURFACE_CURVE('',#10634,(#10639,#10646),.PCURVE_S1.);
#10634 = CIRCLE('',#10635,3.5);
#10635 = AXIS2_PLACEMENT_3D('',#10636,#10637,#10638);
#10636 = CARTESIAN_POINT('',(111.,8.,6.5));
#10637 = DIRECTION('',(0.,0.,1.));
#10638 = DIRECTION('',(1.,0.,0.));
#10639 = PCURVE('',#3030,#10640);
#10640 = DEFINITIONAL_REPRESENTATION('',(#10641),#10645);
#10641 = CIRCLE('',#10642,3.5);
#10642 = AXIS2_PLACEMENT_2D('',#10643,#10644);
#10643 = CARTESIAN_POINT('',(1.42108547152E-14,-1.7763568394E-15));
#10644 = DIRECTION('',(1.,0.));
#10645 = ( GEOMETRIC_REPRESENTATION_CONTEXT(2) 
PARAMETRIC_REPRESENTATION_CONTEXT() REPRESENTATION_CONTEXT('2D SPACE',''
  ) );
#10646 = PCURVE('',#10647,#10652);
#10647 = CYLINDRICAL_SURFACE('',#10648,3.5);
#10648 = AXIS2_PLACEMENT_3D('',#10649,#10650,#10651);
#10649 = CARTESIAN_POINT('',(111.,8.,6.5));
#10650 = DIRECTION('',(-0.,-0.,-1.));
#10651 = DIRECTION('',(1.,0.,0.));
#10652 = DEFINITIONAL_REPRESENTATION('',(#10653),#10657);
#10653 = LINE('',#10654,#10655);
#10654 = CARTESIAN_POINT('',(-0.,0.));
#10655 = VECTOR('',#10656,1.);
#10656 = DIRECTION('',(-1.,0.));
#10657 = ( GEOMETRIC_REPRESENTATION_CONTEXT(2) 
PARAMETRIC_REPRESENTATION_CONTEXT() REPRESENTATION_CONTEXT('2D SPACE',''
  ) );
#10658 = ADVANCED_FACE('',(#10659),#10647,.T.);
#10659 = FACE_BOUND('',#10660,.F.);
#10660 = EDGE_LOOP('',(#10661,#10685,#10708,#10735,#10736,#10758));
#10661 = ORIENTED_EDGE('',*,*,#10662,.F.);
#10662 = EDGE_CURVE('',#10663,#2987,#10665,.T.);
#10663 = VERTEX_POINT('',#10664);
#10664 = CARTESIAN_POINT('',(114.5,8.,6.5));
#10665 = SURFACE_CURVE('',#10666,(#10671,#10678),.PCURVE_S1.);
#10666 = CIRCLE('',#10667,3.5);
#10667 = AXIS2_PLACEMENT_3D('',#10668,#10669,#10670);
#10668 = CARTESIAN_POINT('',(111.,8.,6.5));
#10669 = DIRECTION('',(0.,0.,1.));
#10670 = DIRECTION('',(1.,0.,0.));
#10671 = PCURVE('',#10647,#10672);
#10672 = DEFINITIONAL_REPRESENTATION('',(#10673),#10677);
#10673 = LINE('',#10674,#10675);
#10674 = CARTESIAN_POINT('',(-0.,0.));
#10675 = VECTOR('',#10676,1.);
#10676 = DIRECTION('',(-1.,0.));
#10677 = ( GEOMETRIC_REPRESENTATION_CONTEXT(2) 
PARAMETRIC_REPRESENTATION_CONTEXT() REPRESENTATION_CONTEXT('2D SPACE',''
  ) );
#10678 = PCURVE('',#3002,#10679);
#10679 = DEFINITIONAL_REPRESENTATION('',(#10680),#10684);
#10680 = CIRCLE('',#10681,3.5);
#10681 = AXIS2_PLACEMENT_2D('',#10682,#10683);
#10682 = CARTESIAN_POINT('',(101.,3.));
#10683 = DIRECTION('',(1.,0.));
#10684 = ( GEOMETRIC_REPRESENTATION_CONTEXT(2) 
PARAMETRIC_REPRESENTATION_CONTEXT() REPRESENTATION_CONTEXT('2D SPACE',''
  ) );
#10685 = ORIENTED_EDGE('',*,*,#10686,.T.);
#10686 = EDGE_CURVE('',#10663,#10687,#10689,.T.);
#10687 = VERTEX_POINT('',#10688);
#10688 = CARTESIAN_POINT('',(114.5,8.,16.98));
#10689 = SEAM_CURVE('',#10690,(#10694,#10701),.PCURVE_S1.);
#10690 = LINE('',#10691,#10692);
#10691 = CARTESIAN_POINT('',(114.5,8.,6.5));
#10692 = VECTOR('',#10693,1.);
#10693 = DIRECTION('',(0.,0.,1.));
#10694 = PCURVE('',#10647,#10695);
#10695 = DEFINITIONAL_REPRESENTATION('',(#10696),#10700);
#10696 = LINE('',#10697,#10698);
#10697 = CARTESIAN_POINT('',(-6.28318530718,0.));
#10698 = VECTOR('',#10699,1.);
#10699 = DIRECTION('',(-0.,-1.));
#10700 = ( GEOMETRIC_REPRESENTATION_CONTEXT(2) 
PARAMETRIC_REPRESENTATION_CONTEXT() REPRESENTATION_CONTEXT('2D SPACE',''
  ) );
#10701 = PCURVE('',#10647,#10702);
#10702 = DEFINITIONAL_REPRESENTATION('',(#10703),#10707);
#10703 = LINE('',#10704,#10705);
#10704 = CARTESIAN_POINT('',(-0.,0.));
#10705 = VECTOR('',#10706,1.);
#10706 = DIRECTION('',(-0.,-1.));
#10707 = ( GEOMETRIC_REPRESENTATION_CONTEXT(2) 
PARAMETRIC_REPRESENTATION_CONTEXT() REPRESENTATION_CONTEXT('2D SPACE',''
  ) );
#10708 = ORIENTED_EDGE('',*,*,#10709,.T.);
#10709 = EDGE_CURVE('',#10687,#10687,#10710,.T.);
#10710 = SURFACE_CURVE('',#10711,(#10716,#10723),.PCURVE_S1.);
#10711 = CIRCLE('',#10712,3.5);
#10712 = AXIS2_PLACEMENT_3D('',#10713,#10714,#10715);
#10713 = CARTESIAN_POINT('',(111.,8.,16.98));
#10714 = DIRECTION('',(0.,0.,1.));
#10715 = DIRECTION('',(1.,0.,0.));
#10716 = PCURVE('',#10647,#10717);
#10717 = DEFINITIONAL_REPRESENTATION('',(#10718),#10722);
#10718 = LINE('',#10719,#10720);
#10719 = CARTESIAN_POINT('',(-0.,-10.48));
#10720 = VECTOR('',#10721,1.);
#10721 = DIRECTION('',(-1.,0.));
#10722 = ( GEOMETRIC_REPRESENTATION_CONTEXT(2) 
PARAMETRIC_REPRESENTATION_CONTEXT() REPRESENTATION_CONTEXT('2D SPACE',''
  ) );
#10723 = PCURVE('',#10724,#10729);
#10724 = PLANE('',#10725);
#10725 = AXIS2_PLACEMENT_3D('',#10726,#10727,#10728);
#10726 = CARTESIAN_POINT('',(111.,8.,16.98));
#10727 = DIRECTION('',(0.,0.,1.));
#10728 = DIRECTION('',(1.,0.,-0.));
#10729 = DEFINITIONAL_REPRESENTATION('',(#10730),#10734);
#10730 = CIRCLE('',#10731,3.5);
#10731 = AXIS2_PLACEMENT_2D('',#10732,#10733);
#10732 = CARTESIAN_POINT('',(1.42108547152E-14,-1.7763568394E-15));
#10733 = DIRECTION('',(1.,0.));
#10734 = ( GEOMETRIC_REPRESENTATION_CONTEXT(2) 
PARAMETRIC_REPRESENTATION_CONTEXT() REPRESENTATION_CONTEXT('2D SPACE',''
  ) );
#10735 = ORIENTED_EDGE('',*,*,#10686,.F.);
#10736 = ORIENTED_EDGE('',*,*,#10737,.F.);
#10737 = EDGE_CURVE('',#3015,#10663,#10738,.T.);
#10738 = SURFACE_CURVE('',#10739,(#10744,#10751),.PCURVE_S1.);
#10739 = CIRCLE('',#10740,3.5);
#10740 = AXIS2_PLACEMENT_3D('',#10741,#10742,#10743);
#10741 = CARTESIAN_POINT('',(111.,8.,6.5));
#10742 = DIRECTION('',(0.,0.,1.));
#10743 = DIRECTION('',(1.,0.,0.));
#10744 = PCURVE('',#10647,#10745);
#10745 = DEFINITIONAL_REPRESENTATION('',(#10746),#10750);
#10746 = LINE('',#10747,#10748);
#10747 = CARTESIAN_POINT('',(-0.,0.));
#10748 = VECTOR('',#10749,1.);
#10749 = DIRECTION('',(-1.,0.));
#10750 = ( GEOMETRIC_REPRESENTATION_CONTEXT(2) 
PARAMETRIC_REPRESENTATION_CONTEXT() REPRESENTATION_CONTEXT('2D SPACE',''
  ) );
#10751 = PCURVE('',#3002,#10752);
#10752 = DEFINITIONAL_REPRESENTATION('',(#10753),#10757);
#10753 = CIRCLE('',#10754,3.5);
#10754 = AXIS2_PLACEMENT_2D('',#10755,#10756);
#10755 = CARTESIAN_POINT('',(101.,3.));
#10756 = DIRECTION('',(1.,0.));
#10757 = ( GEOMETRIC_REPRESENTATION_CONTEXT(2) 
PARAMETRIC_REPRESENTATION_CONTEXT() REPRESENTATION_CONTEXT('2D SPACE',''
  ) );
#10758 = ORIENTED_EDGE('',*,*,#10632,.F.);
#10759 = ADVANCED_FACE('',(#10760,#10763),#10724,.T.);
#10760 = FACE_BOUND('',#10761,.T.);
#10761 = EDGE_LOOP('',(#10762));
#10762 = ORIENTED_EDGE('',*,*,#10709,.T.);
#10763 = FACE_BOUND('',#10764,.T.);
#10764 = EDGE_LOOP('',(#10765));
#10765 = ORIENTED_EDGE('',*,*,#10766,.T.);
#10766 = EDGE_CURVE('',#10767,#10767,#10769,.T.);
#10767 = VERTEX_POINT('',#10768);
#10768 = CARTESIAN_POINT('',(109.415,8.,16.98));
#10769 = SURFACE_CURVE('',#10770,(#10775,#10786),.PCURVE_S1.);
#10770 = CIRCLE('',#10771,1.585);
#10771 = AXIS2_PLACEMENT_3D('',#10772,#10773,#10774);
#10772 = CARTESIAN_POINT('',(111.,8.,16.98));
#10773 = DIRECTION('',(0.,0.,-1.));
#10774 = DIRECTION('',(-1.,0.,0.));
#10775 = PCURVE('',#10724,#10776);
#10776 = DEFINITIONAL_REPRESENTATION('',(#10777),#10785);
#10777 = ( BOUNDED_CURVE() B_SPLINE_CURVE(2,(#10778,#10779,#10780,#10781
    ,#10782,#10783,#10784),.UNSPECIFIED.,.T.,.F.) 
B_SPLINE_CURVE_WITH_KNOTS((1,2,2,2,2,1),(-2.094395102393,0.,
    2.094395102393,4.188790204786,6.28318530718,8.377580409573),
.UNSPECIFIED.) CURVE() GEOMETRIC_REPRESENTATION_ITEM() 
RATIONAL_B_SPLINE_CURVE((1.,0.5,1.,0.5,1.,0.5,1.)) REPRESENTATION_ITEM(
  '') );
#10778 = CARTESIAN_POINT('',(-1.585,-1.7763568394E-15));
#10779 = CARTESIAN_POINT('',(-1.585,2.745300529997));
#10780 = CARTESIAN_POINT('',(0.7925,1.372650264998));
#10781 = CARTESIAN_POINT('',(3.17,-1.388143804071E-15));
#10782 = CARTESIAN_POINT('',(0.7925,-1.372650264998));
#10783 = CARTESIAN_POINT('',(-1.585,-2.745300529997));
#10784 = CARTESIAN_POINT('',(-1.585,-1.7763568394E-15));
#10785 = ( GEOMETRIC_REPRESENTATION_CONTEXT(2) 
PARAMETRIC_REPRESENTATION_CONTEXT() REPRESENTATION_CONTEXT('2D SPACE',''
  ) );
#10786 = PCURVE('',#10787,#10792);
#10787 = CYLINDRICAL_SURFACE('',#10788,1.585);
#10788 = AXIS2_PLACEMENT_3D('',#10789,#10790,#10791);
#10789 = CARTESIAN_POINT('',(111.,8.,16.98));
#10790 = DIRECTION('',(0.,0.,-1.));
#10791 = DIRECTION('',(-1.,0.,0.));
#10792 = DEFINITIONAL_REPRESENTATION('',(#10793),#10797);
#10793 = LINE('',#10794,#10795);
#10794 = CARTESIAN_POINT('',(0.,0.));
#10795 = VECTOR('',#10796,1.);
#10796 = DIRECTION('',(1.,0.));
#10797 = ( GEOMETRIC_REPRESENTATION_CONTEXT(2) 
PARAMETRIC_REPRESENTATION_CONTEXT() REPRESENTATION_CONTEXT('2D SPACE',''
  ) );
#10798 = ADVANCED_FACE('',(#10799),#10787,.F.);
#10799 = FACE_BOUND('',#10800,.F.);
#10800 = EDGE_LOOP('',(#10801,#10830,#10851,#10852));
#10801 = ORIENTED_EDGE('',*,*,#10802,.F.);
#10802 = EDGE_CURVE('',#10803,#10803,#10805,.T.);
#10803 = VERTEX_POINT('',#10804);
#10804 = CARTESIAN_POINT('',(109.415,8.,12.5));
#10805 = SURFACE_CURVE('',#10806,(#10811,#10818),.PCURVE_S1.);
#10806 = CIRCLE('',#10807,1.585);
#10807 = AXIS2_PLACEMENT_3D('',#10808,#10809,#10810);
#10808 = CARTESIAN_POINT('',(111.,8.,12.5));
#10809 = DIRECTION('',(0.,0.,-1.));
#10810 = DIRECTION('',(-1.,0.,0.));
#10811 = PCURVE('',#10787,#10812);
#10812 = DEFINITIONAL_REPRESENTATION('',(#10813),#10817);
#10813 = LINE('',#10814,#10815);
#10814 = CARTESIAN_POINT('',(0.,4.48));
#10815 = VECTOR('',#10816,1.);
#10816 = DIRECTION('',(1.,0.));
#10817 = ( GEOMETRIC_REPRESENTATION_CONTEXT(2) 
PARAMETRIC_REPRESENTATION_CONTEXT() REPRESENTATION_CONTEXT('2D SPACE',''
  ) );
#10818 = PCURVE('',#10819,#10824);
#10819 = PLANE('',#10820);
#10820 = AXIS2_PLACEMENT_3D('',#10821,#10822,#10823);
#10821 = CARTESIAN_POINT('',(111.,8.,12.5));
#10822 = DIRECTION('',(0.,0.,-1.));
#10823 = DIRECTION('',(-1.,0.,0.));
#10824 = DEFINITIONAL_REPRESENTATION('',(#10825),#10829);
#10825 = CIRCLE('',#10826,1.585);
#10826 = AXIS2_PLACEMENT_2D('',#10827,#10828);
#10827 = CARTESIAN_POINT('',(0.,0.));
#10828 = DIRECTION('',(1.,0.));
#10829 = ( GEOMETRIC_REPRESENTATION_CONTEXT(2) 
PARAMETRIC_REPRESENTATION_CONTEXT() REPRESENTATION_CONTEXT('2D SPACE',''
  ) );
#10830 = ORIENTED_EDGE('',*,*,#10831,.F.);
#10831 = EDGE_CURVE('',#10767,#10803,#10832,.T.);
#10832 = SEAM_CURVE('',#10833,(#10837,#10844),.PCURVE_S1.);
#10833 = LINE('',#10834,#10835);
#10834 = CARTESIAN_POINT('',(109.415,8.,16.98));
#10835 = VECTOR('',#10836,1.);
#10836 = DIRECTION('',(0.,0.,-1.));
#10837 = PCURVE('',#10787,#10838);
#10838 = DEFINITIONAL_REPRESENTATION('',(#10839),#10843);
#10839 = LINE('',#10840,#10841);
#10840 = CARTESIAN_POINT('',(6.28318530718,-0.));
#10841 = VECTOR('',#10842,1.);
#10842 = DIRECTION('',(0.,1.));
#10843 = ( GEOMETRIC_REPRESENTATION_CONTEXT(2) 
PARAMETRIC_REPRESENTATION_CONTEXT() REPRESENTATION_CONTEXT('2D SPACE',''
  ) );
#10844 = PCURVE('',#10787,#10845);
#10845 = DEFINITIONAL_REPRESENTATION('',(#10846),#10850);
#10846 = LINE('',#10847,#10848);
#10847 = CARTESIAN_POINT('',(0.,-0.));
#10848 = VECTOR('',#10849,1.);
#10849 = DIRECTION('',(0.,1.));
#10850 = ( GEOMETRIC_REPRESENTATION_CONTEXT(2) 
PARAMETRIC_REPRESENTATION_CONTEXT() REPRESENTATION_CONTEXT('2D SPACE',''
  ) );
#10851 = ORIENTED_EDGE('',*,*,#10766,.T.);
#10852 = ORIENTED_EDGE('',*,*,#10831,.T.);
#10853 = ADVANCED_FACE('',(#10854,#10857),#10819,.F.);
#10854 = FACE_BOUND('',#10855,.F.);
#10855 = EDGE_LOOP('',(#10856));
#10856 = ORIENTED_EDGE('',*,*,#10802,.T.);
#10857 = FACE_BOUND('',#10858,.F.);
#10858 = EDGE_LOOP('',(#10859));
#10859 = ORIENTED_EDGE('',*,*,#10860,.F.);
#10860 = EDGE_CURVE('',#10861,#10861,#10863,.T.);
#10861 = VERTEX_POINT('',#10862);
#10862 = CARTESIAN_POINT('',(109.55,8.,12.5));
#10863 = SURFACE_CURVE('',#10864,(#10869,#10876),.PCURVE_S1.);
#10864 = CIRCLE('',#10865,1.45);
#10865 = AXIS2_PLACEMENT_3D('',#10866,#10867,#10868);
#10866 = CARTESIAN_POINT('',(111.,8.,12.5));
#10867 = DIRECTION('',(0.,0.,-1.));
#10868 = DIRECTION('',(-1.,0.,0.));
#10869 = PCURVE('',#10819,#10870);
#10870 = DEFINITIONAL_REPRESENTATION('',(#10871),#10875);
#10871 = CIRCLE('',#10872,1.45);
#10872 = AXIS2_PLACEMENT_2D('',#10873,#10874);
#10873 = CARTESIAN_POINT('',(0.,0.));
#10874 = DIRECTION('',(1.,0.));
#10875 = ( GEOMETRIC_REPRESENTATION_CONTEXT(2) 
PARAMETRIC_REPRESENTATION_CONTEXT() REPRESENTATION_CONTEXT('2D SPACE',''
  ) );
#10876 = PCURVE('',#10877,#10882);
#10877 = CYLINDRICAL_SURFACE('',#10878,1.45);
#10878 = AXIS2_PLACEMENT_3D('',#10879,#10880,#10881);
#10879 = CARTESIAN_POINT('',(111.,8.,16.98));
#10880 = DIRECTION('',(0.,0.,-1.));
#10881 = DIRECTION('',(-1.,0.,0.));
#10882 = DEFINITIONAL_REPRESENTATION('',(#10883),#10887);
#10883 = LINE('',#10884,#10885);
#10884 = CARTESIAN_POINT('',(0.,4.48));
#10885 = VECTOR('',#10886,1.);
#10886 = DIRECTION('',(1.,0.));
#10887 = ( GEOMETRIC_REPRESENTATION_CONTEXT(2) 
PARAMETRIC_REPRESENTATION_CONTEXT() REPRESENTATION_CONTEXT('2D SPACE',''
  ) );
#10888 = ADVANCED_FACE('',(#10889),#10877,.F.);
#10889 = FACE_BOUND('',#10890,.F.);
#10890 = EDGE_LOOP('',(#10891,#10914,#10941,#10942));
#10891 = ORIENTED_EDGE('',*,*,#10892,.T.);
#10892 = EDGE_CURVE('',#10861,#10893,#10895,.T.);
#10893 = VERTEX_POINT('',#10894);
#10894 = CARTESIAN_POINT('',(109.55,8.,8.5));
#10895 = SEAM_CURVE('',#10896,(#10900,#10907),.PCURVE_S1.);
#10896 = LINE('',#10897,#10898);
#10897 = CARTESIAN_POINT('',(109.55,8.,16.98));
#10898 = VECTOR('',#10899,1.);
#10899 = DIRECTION('',(0.,0.,-1.));
#10900 = PCURVE('',#10877,#10901);
#10901 = DEFINITIONAL_REPRESENTATION('',(#10902),#10906);
#10902 = LINE('',#10903,#10904);
#10903 = CARTESIAN_POINT('',(6.28318530718,-0.));
#10904 = VECTOR('',#10905,1.);
#10905 = DIRECTION('',(0.,1.));
#10906 = ( GEOMETRIC_REPRESENTATION_CONTEXT(2) 
PARAMETRIC_REPRESENTATION_CONTEXT() REPRESENTATION_CONTEXT('2D SPACE',''
  ) );
#10907 = PCURVE('',#10877,#10908);
#10908 = DEFINITIONAL_REPRESENTATION('',(#10909),#10913);
#10909 = LINE('',#10910,#10911);
#10910 = CARTESIAN_POINT('',(0.,-0.));
#10911 = VECTOR('',#10912,1.);
#10912 = DIRECTION('',(0.,1.));
#10913 = ( GEOMETRIC_REPRESENTATION_CONTEXT(2) 
PARAMETRIC_REPRESENTATION_CONTEXT() REPRESENTATION_CONTEXT('2D SPACE',''
  ) );
#10914 = ORIENTED_EDGE('',*,*,#10915,.F.);
#10915 = EDGE_CURVE('',#10893,#10893,#10916,.T.);
#10916 = SURFACE_CURVE('',#10917,(#10922,#10929),.PCURVE_S1.);
#10917 = CIRCLE('',#10918,1.45);
#10918 = AXIS2_PLACEMENT_3D('',#10919,#10920,#10921);
#10919 = CARTESIAN_POINT('',(111.,8.,8.5));
#10920 = DIRECTION('',(0.,0.,-1.));
#10921 = DIRECTION('',(-1.,0.,0.));
#10922 = PCURVE('',#10877,#10923);
#10923 = DEFINITIONAL_REPRESENTATION('',(#10924),#10928);
#10924 = LINE('',#10925,#10926);
#10925 = CARTESIAN_POINT('',(0.,8.48));
#10926 = VECTOR('',#10927,1.);
#10927 = DIRECTION('',(1.,0.));
#10928 = ( GEOMETRIC_REPRESENTATION_CONTEXT(2) 
PARAMETRIC_REPRESENTATION_CONTEXT() REPRESENTATION_CONTEXT('2D SPACE',''
  ) );
#10929 = PCURVE('',#10930,#10935);
#10930 = PLANE('',#10931);
#10931 = AXIS2_PLACEMENT_3D('',#10932,#10933,#10934);
#10932 = CARTESIAN_POINT('',(111.,8.,8.5));
#10933 = DIRECTION('',(0.,0.,-1.));
#10934 = DIRECTION('',(-1.,0.,0.));
#10935 = DEFINITIONAL_REPRESENTATION('',(#10936),#10940);
#10936 = CIRCLE('',#10937,1.45);
#10937 = AXIS2_PLACEMENT_2D('',#10938,#10939);
#10938 = CARTESIAN_POINT('',(0.,0.));
#10939 = DIRECTION('',(1.,0.));
#10940 = ( GEOMETRIC_REPRESENTATION_CONTEXT(2) 
PARAMETRIC_REPRESENTATION_CONTEXT() REPRESENTATION_CONTEXT('2D SPACE',''
  ) );
#10941 = ORIENTED_EDGE('',*,*,#10892,.F.);
#10942 = ORIENTED_EDGE('',*,*,#10860,.T.);
#10943 = ADVANCED_FACE('',(#10944),#10930,.F.);
#10944 = FACE_BOUND('',#10945,.F.);
#10945 = EDGE_LOOP('',(#10946));
#10946 = ORIENTED_EDGE('',*,*,#10915,.T.);
#10947 = ADVANCED_FACE('',(#10948,#11065,#11096,#11127,#11158,#11189,
    #11220,#11251,#11282,#11313,#11344,#11375,#11406,#11437),#3002,.T.);
#10948 = FACE_BOUND('',#10949,.T.);
#10949 = EDGE_LOOP('',(#10950,#10951,#10952,#10953,#10954,#10955,#10956,
    #10957,#10958,#10959,#10960,#10961,#10962,#10985,#11014,#11038,
    #11059,#11060,#11061,#11062,#11063,#11064));
#10950 = ORIENTED_EDGE('',*,*,#3093,.T.);
#10951 = ORIENTED_EDGE('',*,*,#10282,.T.);
#10952 = ORIENTED_EDGE('',*,*,#3991,.F.);
#10953 = ORIENTED_EDGE('',*,*,#6125,.T.);
#10954 = ORIENTED_EDGE('',*,*,#4087,.F.);
#10955 = ORIENTED_EDGE('',*,*,#6184,.T.);
#10956 = ORIENTED_EDGE('',*,*,#6288,.F.);
#10957 = ORIENTED_EDGE('',*,*,#6609,.T.);
#10958 = ORIENTED_EDGE('',*,*,#6261,.F.);
#10959 = ORIENTED_EDGE('',*,*,#4190,.F.);
#10960 = ORIENTED_EDGE('',*,*,#6671,.T.);
#10961 = ORIENTED_EDGE('',*,*,#4286,.F.);
#10962 = ORIENTED_EDGE('',*,*,#10963,.F.);
#10963 = EDGE_CURVE('',#10964,#4287,#10966,.T.);
#10964 = VERTEX_POINT('',#10965);
#10965 = CARTESIAN_POINT('',(10.,22.867986710927,6.5));
#10966 = SURFACE_CURVE('',#10967,(#10971,#10978),.PCURVE_S1.);
#10967 = LINE('',#10968,#10969);
#10968 = CARTESIAN_POINT('',(10.,5.,6.5));
#10969 = VECTOR('',#10970,1.);
#10970 = DIRECTION('',(0.,1.,0.));
#10971 = PCURVE('',#3002,#10972);
#10972 = DEFINITIONAL_REPRESENTATION('',(#10973),#10977);
#10973 = LINE('',#10974,#10975);
#10974 = CARTESIAN_POINT('',(0.,0.));
#10975 = VECTOR('',#10976,1.);
#10976 = DIRECTION('',(0.,1.));
#10977 = ( GEOMETRIC_REPRESENTATION_CONTEXT(2) 
PARAMETRIC_REPRESENTATION_CONTEXT() REPRESENTATION_CONTEXT('2D SPACE',''
  ) );
#10978 = PCURVE('',#1031,#10979);
#10979 = DEFINITIONAL_REPRESENTATION('',(#10980),#10984);
#10980 = LINE('',#10981,#10982);
#10981 = CARTESIAN_POINT('',(4.,0.));
#10982 = VECTOR('',#10983,1.);
#10983 = DIRECTION('',(0.,-1.));
#10984 = ( GEOMETRIC_REPRESENTATION_CONTEXT(2) 
PARAMETRIC_REPRESENTATION_CONTEXT() REPRESENTATION_CONTEXT('2D SPACE',''
  ) );
#10985 = ORIENTED_EDGE('',*,*,#10986,.F.);
#10986 = EDGE_CURVE('',#10987,#10964,#10989,.T.);
#10987 = VERTEX_POINT('',#10988);
#10988 = CARTESIAN_POINT('',(16.04,20.46,6.5));
#10989 = SURFACE_CURVE('',#10990,(#10995,#11002),.PCURVE_S1.);
#10990 = CIRCLE('',#10991,3.5);
#10991 = AXIS2_PLACEMENT_3D('',#10992,#10993,#10994);
#10992 = CARTESIAN_POINT('',(12.54,20.46,6.5));
#10993 = DIRECTION('',(0.,0.,1.));
#10994 = DIRECTION('',(1.,0.,0.));
#10995 = PCURVE('',#3002,#10996);
#10996 = DEFINITIONAL_REPRESENTATION('',(#10997),#11001);
#10997 = CIRCLE('',#10998,3.5);
#10998 = AXIS2_PLACEMENT_2D('',#10999,#11000);
#10999 = CARTESIAN_POINT('',(2.54,15.46));
#11000 = DIRECTION('',(1.,0.));
#11001 = ( GEOMETRIC_REPRESENTATION_CONTEXT(2) 
PARAMETRIC_REPRESENTATION_CONTEXT() REPRESENTATION_CONTEXT('2D SPACE',''
  ) );
#11002 = PCURVE('',#11003,#11008);
#11003 = CYLINDRICAL_SURFACE('',#11004,3.5);
#11004 = AXIS2_PLACEMENT_3D('',#11005,#11006,#11007);
#11005 = CARTESIAN_POINT('',(12.54,20.46,6.5));
#11006 = DIRECTION('',(-0.,-0.,-1.));
#11007 = DIRECTION('',(1.,0.,0.));
#11008 = DEFINITIONAL_REPRESENTATION('',(#11009),#11013);
#11009 = LINE('',#11010,#11011);
#11010 = CARTESIAN_POINT('',(-0.,0.));
#11011 = VECTOR('',#11012,1.);
#11012 = DIRECTION('',(-1.,0.));
#11013 = ( GEOMETRIC_REPRESENTATION_CONTEXT(2) 
PARAMETRIC_REPRESENTATION_CONTEXT() REPRESENTATION_CONTEXT('2D SPACE',''
  ) );
#11014 = ORIENTED_EDGE('',*,*,#11015,.F.);
#11015 = EDGE_CURVE('',#11016,#10987,#11018,.T.);
#11016 = VERTEX_POINT('',#11017);
#11017 = CARTESIAN_POINT('',(10.,18.052013289073,6.5));
#11018 = SURFACE_CURVE('',#11019,(#11024,#11031),.PCURVE_S1.);
#11019 = CIRCLE('',#11020,3.5);
#11020 = AXIS2_PLACEMENT_3D('',#11021,#11022,#11023);
#11021 = CARTESIAN_POINT('',(12.54,20.46,6.5));
#11022 = DIRECTION('',(0.,0.,1.));
#11023 = DIRECTION('',(1.,0.,0.));
#11024 = PCURVE('',#3002,#11025);
#11025 = DEFINITIONAL_REPRESENTATION('',(#11026),#11030);
#11026 = CIRCLE('',#11027,3.5);
#11027 = AXIS2_PLACEMENT_2D('',#11028,#11029);
#11028 = CARTESIAN_POINT('',(2.54,15.46));
#11029 = DIRECTION('',(1.,0.));
#11030 = ( GEOMETRIC_REPRESENTATION_CONTEXT(2) 
PARAMETRIC_REPRESENTATION_CONTEXT() REPRESENTATION_CONTEXT('2D SPACE',''
  ) );
#11031 = PCURVE('',#11003,#11032);
#11032 = DEFINITIONAL_REPRESENTATION('',(#11033),#11037);
#11033 = LINE('',#11034,#11035);
#11034 = CARTESIAN_POINT('',(-0.,0.));
#11035 = VECTOR('',#11036,1.);
#11036 = DIRECTION('',(-1.,0.));
#11037 = ( GEOMETRIC_REPRESENTATION_CONTEXT(2) 
PARAMETRIC_REPRESENTATION_CONTEXT() REPRESENTATION_CONTEXT('2D SPACE',''
  ) );
#11038 = ORIENTED_EDGE('',*,*,#11039,.F.);
#11039 = EDGE_CURVE('',#2964,#11016,#11040,.T.);
#11040 = SURFACE_CURVE('',#11041,(#11045,#11052),.PCURVE_S1.);
#11041 = LINE('',#11042,#11043);
#11042 = CARTESIAN_POINT('',(10.,5.,6.5));
#11043 = VECTOR('',#11044,1.);
#11044 = DIRECTION('',(0.,1.,0.));
#11045 = PCURVE('',#3002,#11046);
#11046 = DEFINITIONAL_REPRESENTATION('',(#11047),#11051);
#11047 = LINE('',#11048,#11049);
#11048 = CARTESIAN_POINT('',(0.,0.));
#11049 = VECTOR('',#11050,1.);
#11050 = DIRECTION('',(0.,1.));
#11051 = ( GEOMETRIC_REPRESENTATION_CONTEXT(2) 
PARAMETRIC_REPRESENTATION_CONTEXT() REPRESENTATION_CONTEXT('2D SPACE',''
  ) );
#11052 = PCURVE('',#1031,#11053);
#11053 = DEFINITIONAL_REPRESENTATION('',(#11054),#11058);
#11054 = LINE('',#11055,#11056);
#11055 = CARTESIAN_POINT('',(4.,0.));
#11056 = VECTOR('',#11057,1.);
#11057 = DIRECTION('',(0.,-1.));
#11058 = ( GEOMETRIC_REPRESENTATION_CONTEXT(2) 
PARAMETRIC_REPRESENTATION_CONTEXT() REPRESENTATION_CONTEXT('2D SPACE',''
  ) );
#11059 = ORIENTED_EDGE('',*,*,#2986,.T.);
#11060 = ORIENTED_EDGE('',*,*,#10662,.F.);
#11061 = ORIENTED_EDGE('',*,*,#10737,.F.);
#11062 = ORIENTED_EDGE('',*,*,#3042,.T.);
#11063 = ORIENTED_EDGE('',*,*,#10342,.F.);
#11064 = ORIENTED_EDGE('',*,*,#10417,.F.);
#11065 = FACE_BOUND('',#11066,.T.);
#11066 = EDGE_LOOP('',(#11067));
#11067 = ORIENTED_EDGE('',*,*,#11068,.F.);
#11068 = EDGE_CURVE('',#11069,#11069,#11071,.T.);
#11069 = VERTEX_POINT('',#11070);
#11070 = CARTESIAN_POINT('',(33.86,8.54,6.5));
#11071 = SURFACE_CURVE('',#11072,(#11077,#11084),.PCURVE_S1.);
#11072 = CIRCLE('',#11073,3.5);
#11073 = AXIS2_PLACEMENT_3D('',#11074,#11075,#11076);
#11074 = CARTESIAN_POINT('',(30.36,8.54,6.5));
#11075 = DIRECTION('',(0.,0.,1.));
#11076 = DIRECTION('',(1.,0.,0.));
#11077 = PCURVE('',#3002,#11078);
#11078 = DEFINITIONAL_REPRESENTATION('',(#11079),#11083);
#11079 = CIRCLE('',#11080,3.5);
#11080 = AXIS2_PLACEMENT_2D('',#11081,#11082);
#11081 = CARTESIAN_POINT('',(20.36,3.54));
#11082 = DIRECTION('',(1.,0.));
#11083 = ( GEOMETRIC_REPRESENTATION_CONTEXT(2) 
PARAMETRIC_REPRESENTATION_CONTEXT() REPRESENTATION_CONTEXT('2D SPACE',''
  ) );
#11084 = PCURVE('',#11085,#11090);
#11085 = CYLINDRICAL_SURFACE('',#11086,3.5);
#11086 = AXIS2_PLACEMENT_3D('',#11087,#11088,#11089);
#11087 = CARTESIAN_POINT('',(30.36,8.54,6.5));
#11088 = DIRECTION('',(-0.,-0.,-1.));
#11089 = DIRECTION('',(1.,0.,0.));
#11090 = DEFINITIONAL_REPRESENTATION('',(#11091),#11095);
#11091 = LINE('',#11092,#11093);
#11092 = CARTESIAN_POINT('',(-0.,0.));
#11093 = VECTOR('',#11094,1.);
#11094 = DIRECTION('',(-1.,0.));
#11095 = ( GEOMETRIC_REPRESENTATION_CONTEXT(2) 
PARAMETRIC_REPRESENTATION_CONTEXT() REPRESENTATION_CONTEXT('2D SPACE',''
  ) );
#11096 = FACE_BOUND('',#11097,.T.);
#11097 = EDGE_LOOP('',(#11098));
#11098 = ORIENTED_EDGE('',*,*,#11099,.F.);
#11099 = EDGE_CURVE('',#11100,#11100,#11102,.T.);
#11100 = VERTEX_POINT('',#11101);
#11101 = CARTESIAN_POINT('',(41.44,8.54,6.5));
#11102 = SURFACE_CURVE('',#11103,(#11108,#11115),.PCURVE_S1.);
#11103 = CIRCLE('',#11104,3.5);
#11104 = AXIS2_PLACEMENT_3D('',#11105,#11106,#11107);
#11105 = CARTESIAN_POINT('',(37.94,8.54,6.5));
#11106 = DIRECTION('',(0.,0.,1.));
#11107 = DIRECTION('',(1.,0.,0.));
#11108 = PCURVE('',#3002,#11109);
#11109 = DEFINITIONAL_REPRESENTATION('',(#11110),#11114);
#11110 = CIRCLE('',#11111,3.5);
#11111 = AXIS2_PLACEMENT_2D('',#11112,#11113);
#11112 = CARTESIAN_POINT('',(27.94,3.54));
#11113 = DIRECTION('',(1.,0.));
#11114 = ( GEOMETRIC_REPRESENTATION_CONTEXT(2) 
PARAMETRIC_REPRESENTATION_CONTEXT() REPRESENTATION_CONTEXT('2D SPACE',''
  ) );
#11115 = PCURVE('',#11116,#11121);
#11116 = CYLINDRICAL_SURFACE('',#11117,3.5);
#11117 = AXIS2_PLACEMENT_3D('',#11118,#11119,#11120);
#11118 = CARTESIAN_POINT('',(37.94,8.54,6.5));
#11119 = DIRECTION('',(-0.,-0.,-1.));
#11120 = DIRECTION('',(1.,0.,0.));
#11121 = DEFINITIONAL_REPRESENTATION('',(#11122),#11126);
#11122 = LINE('',#11123,#11124);
#11123 = CARTESIAN_POINT('',(-0.,0.));
#11124 = VECTOR('',#11125,1.);
#11125 = DIRECTION('',(-1.,0.));
#11126 = ( GEOMETRIC_REPRESENTATION_CONTEXT(2) 
PARAMETRIC_REPRESENTATION_CONTEXT() REPRESENTATION_CONTEXT('2D SPACE',''
  ) );
#11127 = FACE_BOUND('',#11128,.T.);
#11128 = EDGE_LOOP('',(#11129));
#11129 = ORIENTED_EDGE('',*,*,#11130,.F.);
#11130 = EDGE_CURVE('',#11131,#11131,#11133,.T.);
#11131 = VERTEX_POINT('',#11132);
#11132 = CARTESIAN_POINT('',(60.86,8.54,6.5));
#11133 = SURFACE_CURVE('',#11134,(#11139,#11146),.PCURVE_S1.);
#11134 = CIRCLE('',#11135,3.5);
#11135 = AXIS2_PLACEMENT_3D('',#11136,#11137,#11138);
#11136 = CARTESIAN_POINT('',(57.36,8.54,6.5));
#11137 = DIRECTION('',(0.,0.,1.));
#11138 = DIRECTION('',(1.,0.,0.));
#11139 = PCURVE('',#3002,#11140);
#11140 = DEFINITIONAL_REPRESENTATION('',(#11141),#11145);
#11141 = CIRCLE('',#11142,3.5);
#11142 = AXIS2_PLACEMENT_2D('',#11143,#11144);
#11143 = CARTESIAN_POINT('',(47.36,3.54));
#11144 = DIRECTION('',(1.,0.));
#11145 = ( GEOMETRIC_REPRESENTATION_CONTEXT(2) 
PARAMETRIC_REPRESENTATION_CONTEXT() REPRESENTATION_CONTEXT('2D SPACE',''
  ) );
#11146 = PCURVE('',#11147,#11152);
#11147 = CYLINDRICAL_SURFACE('',#11148,3.5);
#11148 = AXIS2_PLACEMENT_3D('',#11149,#11150,#11151);
#11149 = CARTESIAN_POINT('',(57.36,8.54,6.5));
#11150 = DIRECTION('',(-0.,-0.,-1.));
#11151 = DIRECTION('',(1.,0.,0.));
#11152 = DEFINITIONAL_REPRESENTATION('',(#11153),#11157);
#11153 = LINE('',#11154,#11155);
#11154 = CARTESIAN_POINT('',(-0.,0.));
#11155 = VECTOR('',#11156,1.);
#11156 = DIRECTION('',(-1.,0.));
#11157 = ( GEOMETRIC_REPRESENTATION_CONTEXT(2) 
PARAMETRIC_REPRESENTATION_CONTEXT() REPRESENTATION_CONTEXT('2D SPACE',''
  ) );
#11158 = FACE_BOUND('',#11159,.T.);
#11159 = EDGE_LOOP('',(#11160));
#11160 = ORIENTED_EDGE('',*,*,#11161,.F.);
#11161 = EDGE_CURVE('',#11162,#11162,#11164,.T.);
#11162 = VERTEX_POINT('',#11163);
#11163 = CARTESIAN_POINT('',(147.2,8.5,6.5));
#11164 = SURFACE_CURVE('',#11165,(#11170,#11177),.PCURVE_S1.);
#11165 = CIRCLE('',#11166,2.2);
#11166 = AXIS2_PLACEMENT_3D('',#11167,#11168,#11169);
#11167 = CARTESIAN_POINT('',(145.,8.5,6.5));
#11168 = DIRECTION('',(0.,0.,1.));
#11169 = DIRECTION('',(1.,0.,0.));
#11170 = PCURVE('',#3002,#11171);
#11171 = DEFINITIONAL_REPRESENTATION('',(#11172),#11176);
#11172 = CIRCLE('',#11173,2.2);
#11173 = AXIS2_PLACEMENT_2D('',#11174,#11175);
#11174 = CARTESIAN_POINT('',(135.,3.5));
#11175 = DIRECTION('',(1.,0.));
#11176 = ( GEOMETRIC_REPRESENTATION_CONTEXT(2) 
PARAMETRIC_REPRESENTATION_CONTEXT() REPRESENTATION_CONTEXT('2D SPACE',''
  ) );
#11177 = PCURVE('',#11178,#11183);
#11178 = CYLINDRICAL_SURFACE('',#11179,2.2);
#11179 = AXIS2_PLACEMENT_3D('',#11180,#11181,#11182);
#11180 = CARTESIAN_POINT('',(145.,8.5,6.5));
#11181 = DIRECTION('',(-0.,-0.,-1.));
#11182 = DIRECTION('',(1.,0.,0.));
#11183 = DEFINITIONAL_REPRESENTATION('',(#11184),#11188);
#11184 = LINE('',#11185,#11186);
#11185 = CARTESIAN_POINT('',(-0.,0.));
#11186 = VECTOR('',#11187,1.);
#11187 = DIRECTION('',(-1.,0.));
#11188 = ( GEOMETRIC_REPRESENTATION_CONTEXT(2) 
PARAMETRIC_REPRESENTATION_CONTEXT() REPRESENTATION_CONTEXT('2D SPACE',''
  ) );
#11189 = FACE_BOUND('',#11190,.T.);
#11190 = EDGE_LOOP('',(#11191));
#11191 = ORIENTED_EDGE('',*,*,#11192,.F.);
#11192 = EDGE_CURVE('',#11193,#11193,#11195,.T.);
#11193 = VERTEX_POINT('',#11194);
#11194 = CARTESIAN_POINT('',(159.,8.5,6.5));
#11195 = SURFACE_CURVE('',#11196,(#11201,#11208),.PCURVE_S1.);
#11196 = CIRCLE('',#11197,2.2);
#11197 = AXIS2_PLACEMENT_3D('',#11198,#11199,#11200);
#11198 = CARTESIAN_POINT('',(156.8,8.5,6.5));
#11199 = DIRECTION('',(0.,0.,1.));
#11200 = DIRECTION('',(1.,0.,0.));
#11201 = PCURVE('',#3002,#11202);
#11202 = DEFINITIONAL_REPRESENTATION('',(#11203),#11207);
#11203 = CIRCLE('',#11204,2.2);
#11204 = AXIS2_PLACEMENT_2D('',#11205,#11206);
#11205 = CARTESIAN_POINT('',(146.8,3.5));
#11206 = DIRECTION('',(1.,0.));
#11207 = ( GEOMETRIC_REPRESENTATION_CONTEXT(2) 
PARAMETRIC_REPRESENTATION_CONTEXT() REPRESENTATION_CONTEXT('2D SPACE',''
  ) );
#11208 = PCURVE('',#11209,#11214);
#11209 = CYLINDRICAL_SURFACE('',#11210,2.2);
#11210 = AXIS2_PLACEMENT_3D('',#11211,#11212,#11213);
#11211 = CARTESIAN_POINT('',(156.8,8.5,6.5));
#11212 = DIRECTION('',(-0.,-0.,-1.));
#11213 = DIRECTION('',(1.,0.,0.));
#11214 = DEFINITIONAL_REPRESENTATION('',(#11215),#11219);
#11215 = LINE('',#11216,#11217);
#11216 = CARTESIAN_POINT('',(-0.,0.));
#11217 = VECTOR('',#11218,1.);
#11218 = DIRECTION('',(-1.,0.));
#11219 = ( GEOMETRIC_REPRESENTATION_CONTEXT(2) 
PARAMETRIC_REPRESENTATION_CONTEXT() REPRESENTATION_CONTEXT('2D SPACE',''
  ) );
#11220 = FACE_BOUND('',#11221,.T.);
#11221 = EDGE_LOOP('',(#11222));
#11222 = ORIENTED_EDGE('',*,*,#11223,.F.);
#11223 = EDGE_CURVE('',#11224,#11224,#11226,.T.);
#11224 = VERTEX_POINT('',#11225);
#11225 = CARTESIAN_POINT('',(35.2,24.,6.5));
#11226 = SURFACE_CURVE('',#11227,(#11232,#11239),.PCURVE_S1.);
#11227 = CIRCLE('',#11228,1.3);
#11228 = AXIS2_PLACEMENT_3D('',#11229,#11230,#11231);
#11229 = CARTESIAN_POINT('',(33.9,24.,6.5));
#11230 = DIRECTION('',(0.,0.,1.));
#11231 = DIRECTION('',(1.,0.,0.));
#11232 = PCURVE('',#3002,#11233);
#11233 = DEFINITIONAL_REPRESENTATION('',(#11234),#11238);
#11234 = CIRCLE('',#11235,1.3);
#11235 = AXIS2_PLACEMENT_2D('',#11236,#11237);
#11236 = CARTESIAN_POINT('',(23.9,19.));
#11237 = DIRECTION('',(1.,0.));
#11238 = ( GEOMETRIC_REPRESENTATION_CONTEXT(2) 
PARAMETRIC_REPRESENTATION_CONTEXT() REPRESENTATION_CONTEXT('2D SPACE',''
  ) );
#11239 = PCURVE('',#11240,#11245);
#11240 = CYLINDRICAL_SURFACE('',#11241,1.3);
#11241 = AXIS2_PLACEMENT_3D('',#11242,#11243,#11244);
#11242 = CARTESIAN_POINT('',(33.9,24.,6.5));
#11243 = DIRECTION('',(-0.,-0.,-1.));
#11244 = DIRECTION('',(1.,0.,0.));
#11245 = DEFINITIONAL_REPRESENTATION('',(#11246),#11250);
#11246 = LINE('',#11247,#11248);
#11247 = CARTESIAN_POINT('',(-0.,0.));
#11248 = VECTOR('',#11249,1.);
#11249 = DIRECTION('',(-1.,0.));
#11250 = ( GEOMETRIC_REPRESENTATION_CONTEXT(2) 
PARAMETRIC_REPRESENTATION_CONTEXT() REPRESENTATION_CONTEXT('2D SPACE',''
  ) );
#11251 = FACE_BOUND('',#11252,.T.);
#11252 = EDGE_LOOP('',(#11253));
#11253 = ORIENTED_EDGE('',*,*,#11254,.F.);
#11254 = EDGE_CURVE('',#11255,#11255,#11257,.T.);
#11255 = VERTEX_POINT('',#11256);
#11256 = CARTESIAN_POINT('',(41.44,27.96,6.5));
#11257 = SURFACE_CURVE('',#11258,(#11263,#11270),.PCURVE_S1.);
#11258 = CIRCLE('',#11259,3.5);
#11259 = AXIS2_PLACEMENT_3D('',#11260,#11261,#11262);
#11260 = CARTESIAN_POINT('',(37.94,27.96,6.5));
#11261 = DIRECTION('',(0.,0.,1.));
#11262 = DIRECTION('',(1.,0.,0.));
#11263 = PCURVE('',#3002,#11264);
#11264 = DEFINITIONAL_REPRESENTATION('',(#11265),#11269);
#11265 = CIRCLE('',#11266,3.5);
#11266 = AXIS2_PLACEMENT_2D('',#11267,#11268);
#11267 = CARTESIAN_POINT('',(27.94,22.96));
#11268 = DIRECTION('',(1.,0.));
#11269 = ( GEOMETRIC_REPRESENTATION_CONTEXT(2) 
PARAMETRIC_REPRESENTATION_CONTEXT() REPRESENTATION_CONTEXT('2D SPACE',''
  ) );
#11270 = PCURVE('',#11271,#11276);
#11271 = CYLINDRICAL_SURFACE('',#11272,3.5);
#11272 = AXIS2_PLACEMENT_3D('',#11273,#11274,#11275);
#11273 = CARTESIAN_POINT('',(37.94,27.96,6.5));
#11274 = DIRECTION('',(-0.,-0.,-1.));
#11275 = DIRECTION('',(1.,0.,0.));
#11276 = DEFINITIONAL_REPRESENTATION('',(#11277),#11281);
#11277 = LINE('',#11278,#11279);
#11278 = CARTESIAN_POINT('',(-0.,0.));
#11279 = VECTOR('',#11280,1.);
#11280 = DIRECTION('',(-1.,0.));
#11281 = ( GEOMETRIC_REPRESENTATION_CONTEXT(2) 
PARAMETRIC_REPRESENTATION_CONTEXT() REPRESENTATION_CONTEXT('2D SPACE',''
  ) );
#11282 = FACE_BOUND('',#11283,.T.);
#11283 = EDGE_LOOP('',(#11284));
#11284 = ORIENTED_EDGE('',*,*,#11285,.F.);
#11285 = EDGE_CURVE('',#11286,#11286,#11288,.T.);
#11286 = VERTEX_POINT('',#11287);
#11287 = CARTESIAN_POINT('',(60.86,27.96,6.5));
#11288 = SURFACE_CURVE('',#11289,(#11294,#11301),.PCURVE_S1.);
#11289 = CIRCLE('',#11290,3.5);
#11290 = AXIS2_PLACEMENT_3D('',#11291,#11292,#11293);
#11291 = CARTESIAN_POINT('',(57.36,27.96,6.5));
#11292 = DIRECTION('',(0.,0.,1.));
#11293 = DIRECTION('',(1.,0.,0.));
#11294 = PCURVE('',#3002,#11295);
#11295 = DEFINITIONAL_REPRESENTATION('',(#11296),#11300);
#11296 = CIRCLE('',#11297,3.5);
#11297 = AXIS2_PLACEMENT_2D('',#11298,#11299);
#11298 = CARTESIAN_POINT('',(47.36,22.96));
#11299 = DIRECTION('',(1.,0.));
#11300 = ( GEOMETRIC_REPRESENTATION_CONTEXT(2) 
PARAMETRIC_REPRESENTATION_CONTEXT() REPRESENTATION_CONTEXT('2D SPACE',''
  ) );
#11301 = PCURVE('',#11302,#11307);
#11302 = CYLINDRICAL_SURFACE('',#11303,3.5);
#11303 = AXIS2_PLACEMENT_3D('',#11304,#11305,#11306);
#11304 = CARTESIAN_POINT('',(57.36,27.96,6.5));
#11305 = DIRECTION('',(-0.,-0.,-1.));
#11306 = DIRECTION('',(1.,0.,0.));
#11307 = DEFINITIONAL_REPRESENTATION('',(#11308),#11312);
#11308 = LINE('',#11309,#11310);
#11309 = CARTESIAN_POINT('',(-0.,0.));
#11310 = VECTOR('',#11311,1.);
#11311 = DIRECTION('',(-1.,0.));
#11312 = ( GEOMETRIC_REPRESENTATION_CONTEXT(2) 
PARAMETRIC_REPRESENTATION_CONTEXT() REPRESENTATION_CONTEXT('2D SPACE',''
  ) );
#11313 = FACE_BOUND('',#11314,.T.);
#11314 = EDGE_LOOP('',(#11315));
#11315 = ORIENTED_EDGE('',*,*,#11316,.F.);
#11316 = EDGE_CURVE('',#11317,#11317,#11319,.T.);
#11317 = VERTEX_POINT('',#11318);
#11318 = CARTESIAN_POINT('',(35.7,31.5,6.5));
#11319 = SURFACE_CURVE('',#11320,(#11325,#11332),.PCURVE_S1.);
#11320 = CIRCLE('',#11321,1.3);
#11321 = AXIS2_PLACEMENT_3D('',#11322,#11323,#11324);
#11322 = CARTESIAN_POINT('',(34.4,31.5,6.5));
#11323 = DIRECTION('',(0.,0.,1.));
#11324 = DIRECTION('',(1.,0.,0.));
#11325 = PCURVE('',#3002,#11326);
#11326 = DEFINITIONAL_REPRESENTATION('',(#11327),#11331);
#11327 = CIRCLE('',#11328,1.3);
#11328 = AXIS2_PLACEMENT_2D('',#11329,#11330);
#11329 = CARTESIAN_POINT('',(24.4,26.5));
#11330 = DIRECTION('',(1.,0.));
#11331 = ( GEOMETRIC_REPRESENTATION_CONTEXT(2) 
PARAMETRIC_REPRESENTATION_CONTEXT() REPRESENTATION_CONTEXT('2D SPACE',''
  ) );
#11332 = PCURVE('',#11333,#11338);
#11333 = CYLINDRICAL_SURFACE('',#11334,1.3);
#11334 = AXIS2_PLACEMENT_3D('',#11335,#11336,#11337);
#11335 = CARTESIAN_POINT('',(34.4,31.5,6.5));
#11336 = DIRECTION('',(-0.,-0.,-1.));
#11337 = DIRECTION('',(1.,0.,0.));
#11338 = DEFINITIONAL_REPRESENTATION('',(#11339),#11343);
#11339 = LINE('',#11340,#11341);
#11340 = CARTESIAN_POINT('',(-0.,0.));
#11341 = VECTOR('',#11342,1.);
#11342 = DIRECTION('',(-1.,0.));
#11343 = ( GEOMETRIC_REPRESENTATION_CONTEXT(2) 
PARAMETRIC_REPRESENTATION_CONTEXT() REPRESENTATION_CONTEXT('2D SPACE',''
  ) );
#11344 = FACE_BOUND('',#11345,.T.);
#11345 = EDGE_LOOP('',(#11346));
#11346 = ORIENTED_EDGE('',*,*,#11347,.F.);
#11347 = EDGE_CURVE('',#11348,#11348,#11350,.T.);
#11348 = VERTEX_POINT('',#11349);
#11349 = CARTESIAN_POINT('',(62.2,31.5,6.5));
#11350 = SURFACE_CURVE('',#11351,(#11356,#11363),.PCURVE_S1.);
#11351 = CIRCLE('',#11352,1.3);
#11352 = AXIS2_PLACEMENT_3D('',#11353,#11354,#11355);
#11353 = CARTESIAN_POINT('',(60.9,31.5,6.5));
#11354 = DIRECTION('',(0.,0.,1.));
#11355 = DIRECTION('',(1.,0.,0.));
#11356 = PCURVE('',#3002,#11357);
#11357 = DEFINITIONAL_REPRESENTATION('',(#11358),#11362);
#11358 = CIRCLE('',#11359,1.3);
#11359 = AXIS2_PLACEMENT_2D('',#11360,#11361);
#11360 = CARTESIAN_POINT('',(50.9,26.5));
#11361 = DIRECTION('',(1.,0.));
#11362 = ( GEOMETRIC_REPRESENTATION_CONTEXT(2) 
PARAMETRIC_REPRESENTATION_CONTEXT() REPRESENTATION_CONTEXT('2D SPACE',''
  ) );
#11363 = PCURVE('',#11364,#11369);
#11364 = CYLINDRICAL_SURFACE('',#11365,1.3);
#11365 = AXIS2_PLACEMENT_3D('',#11366,#11367,#11368);
#11366 = CARTESIAN_POINT('',(60.9,31.5,6.5));
#11367 = DIRECTION('',(-0.,-0.,-1.));
#11368 = DIRECTION('',(1.,0.,0.));
#11369 = DEFINITIONAL_REPRESENTATION('',(#11370),#11374);
#11370 = LINE('',#11371,#11372);
#11371 = CARTESIAN_POINT('',(-0.,0.));
#11372 = VECTOR('',#11373,1.);
#11373 = DIRECTION('',(-1.,0.));
#11374 = ( GEOMETRIC_REPRESENTATION_CONTEXT(2) 
PARAMETRIC_REPRESENTATION_CONTEXT() REPRESENTATION_CONTEXT('2D SPACE',''
  ) );
#11375 = FACE_BOUND('',#11376,.T.);
#11376 = EDGE_LOOP('',(#11377));
#11377 = ORIENTED_EDGE('',*,*,#11378,.F.);
#11378 = EDGE_CURVE('',#11379,#11379,#11381,.T.);
#11379 = VERTEX_POINT('',#11380);
#11380 = CARTESIAN_POINT('',(114.5,36.,6.5));
#11381 = SURFACE_CURVE('',#11382,(#11387,#11394),.PCURVE_S1.);
#11382 = CIRCLE('',#11383,3.5);
#11383 = AXIS2_PLACEMENT_3D('',#11384,#11385,#11386);
#11384 = CARTESIAN_POINT('',(111.,36.,6.5));
#11385 = DIRECTION('',(0.,0.,1.));
#11386 = DIRECTION('',(1.,0.,0.));
#11387 = PCURVE('',#3002,#11388);
#11388 = DEFINITIONAL_REPRESENTATION('',(#11389),#11393);
#11389 = CIRCLE('',#11390,3.5);
#11390 = AXIS2_PLACEMENT_2D('',#11391,#11392);
#11391 = CARTESIAN_POINT('',(101.,31.));
#11392 = DIRECTION('',(1.,0.));
#11393 = ( GEOMETRIC_REPRESENTATION_CONTEXT(2) 
PARAMETRIC_REPRESENTATION_CONTEXT() REPRESENTATION_CONTEXT('2D SPACE',''
  ) );
#11394 = PCURVE('',#11395,#11400);
#11395 = CYLINDRICAL_SURFACE('',#11396,3.5);
#11396 = AXIS2_PLACEMENT_3D('',#11397,#11398,#11399);
#11397 = CARTESIAN_POINT('',(111.,36.,6.5));
#11398 = DIRECTION('',(-0.,-0.,-1.));
#11399 = DIRECTION('',(1.,0.,0.));
#11400 = DEFINITIONAL_REPRESENTATION('',(#11401),#11405);
#11401 = LINE('',#11402,#11403);
#11402 = CARTESIAN_POINT('',(-0.,0.));
#11403 = VECTOR('',#11404,1.);
#11404 = DIRECTION('',(-1.,0.));
#11405 = ( GEOMETRIC_REPRESENTATION_CONTEXT(2) 
PARAMETRIC_REPRESENTATION_CONTEXT() REPRESENTATION_CONTEXT('2D SPACE',''
  ) );
#11406 = FACE_BOUND('',#11407,.T.);
#11407 = EDGE_LOOP('',(#11408));
#11408 = ORIENTED_EDGE('',*,*,#11409,.F.);
#11409 = EDGE_CURVE('',#11410,#11410,#11412,.T.);
#11410 = VERTEX_POINT('',#11411);
#11411 = CARTESIAN_POINT('',(147.2,35.5,6.5));
#11412 = SURFACE_CURVE('',#11413,(#11418,#11425),.PCURVE_S1.);
#11413 = CIRCLE('',#11414,2.2);
#11414 = AXIS2_PLACEMENT_3D('',#11415,#11416,#11417);
#11415 = CARTESIAN_POINT('',(145.,35.5,6.5));
#11416 = DIRECTION('',(0.,0.,1.));
#11417 = DIRECTION('',(1.,0.,0.));
#11418 = PCURVE('',#3002,#11419);
#11419 = DEFINITIONAL_REPRESENTATION('',(#11420),#11424);
#11420 = CIRCLE('',#11421,2.2);
#11421 = AXIS2_PLACEMENT_2D('',#11422,#11423);
#11422 = CARTESIAN_POINT('',(135.,30.5));
#11423 = DIRECTION('',(1.,0.));
#11424 = ( GEOMETRIC_REPRESENTATION_CONTEXT(2) 
PARAMETRIC_REPRESENTATION_CONTEXT() REPRESENTATION_CONTEXT('2D SPACE',''
  ) );
#11425 = PCURVE('',#11426,#11431);
#11426 = CYLINDRICAL_SURFACE('',#11427,2.2);
#11427 = AXIS2_PLACEMENT_3D('',#11428,#11429,#11430);
#11428 = CARTESIAN_POINT('',(145.,35.5,6.5));
#11429 = DIRECTION('',(-0.,-0.,-1.));
#11430 = DIRECTION('',(1.,0.,0.));
#11431 = DEFINITIONAL_REPRESENTATION('',(#11432),#11436);
#11432 = LINE('',#11433,#11434);
#11433 = CARTESIAN_POINT('',(-0.,0.));
#11434 = VECTOR('',#11435,1.);
#11435 = DIRECTION('',(-1.,0.));
#11436 = ( GEOMETRIC_REPRESENTATION_CONTEXT(2) 
PARAMETRIC_REPRESENTATION_CONTEXT() REPRESENTATION_CONTEXT('2D SPACE',''
  ) );
#11437 = FACE_BOUND('',#11438,.T.);
#11438 = EDGE_LOOP('',(#11439));
#11439 = ORIENTED_EDGE('',*,*,#11440,.F.);
#11440 = EDGE_CURVE('',#11441,#11441,#11443,.T.);
#11441 = VERTEX_POINT('',#11442);
#11442 = CARTESIAN_POINT('',(159.,35.5,6.5));
#11443 = SURFACE_CURVE('',#11444,(#11449,#11456),.PCURVE_S1.);
#11444 = CIRCLE('',#11445,2.2);
#11445 = AXIS2_PLACEMENT_3D('',#11446,#11447,#11448);
#11446 = CARTESIAN_POINT('',(156.8,35.5,6.5));
#11447 = DIRECTION('',(0.,0.,1.));
#11448 = DIRECTION('',(1.,0.,0.));
#11449 = PCURVE('',#3002,#11450);
#11450 = DEFINITIONAL_REPRESENTATION('',(#11451),#11455);
#11451 = CIRCLE('',#11452,2.2);
#11452 = AXIS2_PLACEMENT_2D('',#11453,#11454);
#11453 = CARTESIAN_POINT('',(146.8,30.5));
#11454 = DIRECTION('',(1.,0.));
#11455 = ( GEOMETRIC_REPRESENTATION_CONTEXT(2) 
PARAMETRIC_REPRESENTATION_CONTEXT() REPRESENTATION_CONTEXT('2D SPACE',''
  ) );
#11456 = PCURVE('',#11457,#11462);
#11457 = CYLINDRICAL_SURFACE('',#11458,2.2);
#11458 = AXIS2_PLACEMENT_3D('',#11459,#11460,#11461);
#11459 = CARTESIAN_POINT('',(156.8,35.5,6.5));
#11460 = DIRECTION('',(-0.,-0.,-1.));
#11461 = DIRECTION('',(1.,0.,0.));
#11462 = DEFINITIONAL_REPRESENTATION('',(#11463),#11467);
#11463 = LINE('',#11464,#11465);
#11464 = CARTESIAN_POINT('',(-0.,0.));
#11465 = VECTOR('',#11466,1.);
#11466 = DIRECTION('',(-1.,0.));
#11467 = ( GEOMETRIC_REPRESENTATION_CONTEXT(2) 
PARAMETRIC_REPRESENTATION_CONTEXT() REPRESENTATION_CONTEXT('2D SPACE',''
  ) );
#11468 = ADVANCED_FACE('',(#11469),#11457,.T.);
#11469 = FACE_BOUND('',#11470,.F.);
#11470 = EDGE_LOOP('',(#11471,#11494,#11521,#11522));
#11471 = ORIENTED_EDGE('',*,*,#11472,.T.);
#11472 = EDGE_CURVE('',#11441,#11473,#11475,.T.);
#11473 = VERTEX_POINT('',#11474);
#11474 = CARTESIAN_POINT('',(159.,35.5,9.5));
#11475 = SEAM_CURVE('',#11476,(#11480,#11487),.PCURVE_S1.);
#11476 = LINE('',#11477,#11478);
#11477 = CARTESIAN_POINT('',(159.,35.5,6.5));
#11478 = VECTOR('',#11479,1.);
#11479 = DIRECTION('',(0.,0.,1.));
#11480 = PCURVE('',#11457,#11481);
#11481 = DEFINITIONAL_REPRESENTATION('',(#11482),#11486);
#11482 = LINE('',#11483,#11484);
#11483 = CARTESIAN_POINT('',(-0.,0.));
#11484 = VECTOR('',#11485,1.);
#11485 = DIRECTION('',(-0.,-1.));
#11486 = ( GEOMETRIC_REPRESENTATION_CONTEXT(2) 
PARAMETRIC_REPRESENTATION_CONTEXT() REPRESENTATION_CONTEXT('2D SPACE',''
  ) );
#11487 = PCURVE('',#11457,#11488);
#11488 = DEFINITIONAL_REPRESENTATION('',(#11489),#11493);
#11489 = LINE('',#11490,#11491);
#11490 = CARTESIAN_POINT('',(-6.28318530718,0.));
#11491 = VECTOR('',#11492,1.);
#11492 = DIRECTION('',(-0.,-1.));
#11493 = ( GEOMETRIC_REPRESENTATION_CONTEXT(2) 
PARAMETRIC_REPRESENTATION_CONTEXT() REPRESENTATION_CONTEXT('2D SPACE',''
  ) );
#11494 = ORIENTED_EDGE('',*,*,#11495,.T.);
#11495 = EDGE_CURVE('',#11473,#11473,#11496,.T.);
#11496 = SURFACE_CURVE('',#11497,(#11502,#11509),.PCURVE_S1.);
#11497 = CIRCLE('',#11498,2.2);
#11498 = AXIS2_PLACEMENT_3D('',#11499,#11500,#11501);
#11499 = CARTESIAN_POINT('',(156.8,35.5,9.5));
#11500 = DIRECTION('',(0.,0.,1.));
#11501 = DIRECTION('',(1.,0.,0.));
#11502 = PCURVE('',#11457,#11503);
#11503 = DEFINITIONAL_REPRESENTATION('',(#11504),#11508);
#11504 = LINE('',#11505,#11506);
#11505 = CARTESIAN_POINT('',(-0.,-3.));
#11506 = VECTOR('',#11507,1.);
#11507 = DIRECTION('',(-1.,0.));
#11508 = ( GEOMETRIC_REPRESENTATION_CONTEXT(2) 
PARAMETRIC_REPRESENTATION_CONTEXT() REPRESENTATION_CONTEXT('2D SPACE',''
  ) );
#11509 = PCURVE('',#11510,#11515);
#11510 = PLANE('',#11511);
#11511 = AXIS2_PLACEMENT_3D('',#11512,#11513,#11514);
#11512 = CARTESIAN_POINT('',(156.8,35.5,9.5));
#11513 = DIRECTION('',(0.,0.,1.));
#11514 = DIRECTION('',(1.,0.,-0.));
#11515 = DEFINITIONAL_REPRESENTATION('',(#11516),#11520);
#11516 = CIRCLE('',#11517,2.2);
#11517 = AXIS2_PLACEMENT_2D('',#11518,#11519);
#11518 = CARTESIAN_POINT('',(0.,0.));
#11519 = DIRECTION('',(1.,0.));
#11520 = ( GEOMETRIC_REPRESENTATION_CONTEXT(2) 
PARAMETRIC_REPRESENTATION_CONTEXT() REPRESENTATION_CONTEXT('2D SPACE',''
  ) );
#11521 = ORIENTED_EDGE('',*,*,#11472,.F.);
#11522 = ORIENTED_EDGE('',*,*,#11440,.F.);
#11523 = ADVANCED_FACE('',(#11524),#11510,.T.);
#11524 = FACE_BOUND('',#11525,.T.);
#11525 = EDGE_LOOP('',(#11526));
#11526 = ORIENTED_EDGE('',*,*,#11495,.T.);
#11527 = ADVANCED_FACE('',(#11528),#11426,.T.);
#11528 = FACE_BOUND('',#11529,.F.);
#11529 = EDGE_LOOP('',(#11530,#11553,#11580,#11581));
#11530 = ORIENTED_EDGE('',*,*,#11531,.T.);
#11531 = EDGE_CURVE('',#11410,#11532,#11534,.T.);
#11532 = VERTEX_POINT('',#11533);
#11533 = CARTESIAN_POINT('',(147.2,35.5,9.5));
#11534 = SEAM_CURVE('',#11535,(#11539,#11546),.PCURVE_S1.);
#11535 = LINE('',#11536,#11537);
#11536 = CARTESIAN_POINT('',(147.2,35.5,6.5));
#11537 = VECTOR('',#11538,1.);
#11538 = DIRECTION('',(0.,0.,1.));
#11539 = PCURVE('',#11426,#11540);
#11540 = DEFINITIONAL_REPRESENTATION('',(#11541),#11545);
#11541 = LINE('',#11542,#11543);
#11542 = CARTESIAN_POINT('',(-0.,0.));
#11543 = VECTOR('',#11544,1.);
#11544 = DIRECTION('',(-0.,-1.));
#11545 = ( GEOMETRIC_REPRESENTATION_CONTEXT(2) 
PARAMETRIC_REPRESENTATION_CONTEXT() REPRESENTATION_CONTEXT('2D SPACE',''
  ) );
#11546 = PCURVE('',#11426,#11547);
#11547 = DEFINITIONAL_REPRESENTATION('',(#11548),#11552);
#11548 = LINE('',#11549,#11550);
#11549 = CARTESIAN_POINT('',(-6.28318530718,0.));
#11550 = VECTOR('',#11551,1.);
#11551 = DIRECTION('',(-0.,-1.));
#11552 = ( GEOMETRIC_REPRESENTATION_CONTEXT(2) 
PARAMETRIC_REPRESENTATION_CONTEXT() REPRESENTATION_CONTEXT('2D SPACE',''
  ) );
#11553 = ORIENTED_EDGE('',*,*,#11554,.T.);
#11554 = EDGE_CURVE('',#11532,#11532,#11555,.T.);
#11555 = SURFACE_CURVE('',#11556,(#11561,#11568),.PCURVE_S1.);
#11556 = CIRCLE('',#11557,2.2);
#11557 = AXIS2_PLACEMENT_3D('',#11558,#11559,#11560);
#11558 = CARTESIAN_POINT('',(145.,35.5,9.5));
#11559 = DIRECTION('',(0.,0.,1.));
#11560 = DIRECTION('',(1.,0.,0.));
#11561 = PCURVE('',#11426,#11562);
#11562 = DEFINITIONAL_REPRESENTATION('',(#11563),#11567);
#11563 = LINE('',#11564,#11565);
#11564 = CARTESIAN_POINT('',(-0.,-3.));
#11565 = VECTOR('',#11566,1.);
#11566 = DIRECTION('',(-1.,0.));
#11567 = ( GEOMETRIC_REPRESENTATION_CONTEXT(2) 
PARAMETRIC_REPRESENTATION_CONTEXT() REPRESENTATION_CONTEXT('2D SPACE',''
  ) );
#11568 = PCURVE('',#11569,#11574);
#11569 = PLANE('',#11570);
#11570 = AXIS2_PLACEMENT_3D('',#11571,#11572,#11573);
#11571 = CARTESIAN_POINT('',(145.,35.5,9.5));
#11572 = DIRECTION('',(0.,0.,1.));
#11573 = DIRECTION('',(1.,0.,-0.));
#11574 = DEFINITIONAL_REPRESENTATION('',(#11575),#11579);
#11575 = CIRCLE('',#11576,2.2);
#11576 = AXIS2_PLACEMENT_2D('',#11577,#11578);
#11577 = CARTESIAN_POINT('',(0.,0.));
#11578 = DIRECTION('',(1.,0.));
#11579 = ( GEOMETRIC_REPRESENTATION_CONTEXT(2) 
PARAMETRIC_REPRESENTATION_CONTEXT() REPRESENTATION_CONTEXT('2D SPACE',''
  ) );
#11580 = ORIENTED_EDGE('',*,*,#11531,.F.);
#11581 = ORIENTED_EDGE('',*,*,#11409,.F.);
#11582 = ADVANCED_FACE('',(#11583),#11569,.T.);
#11583 = FACE_BOUND('',#11584,.T.);
#11584 = EDGE_LOOP('',(#11585));
#11585 = ORIENTED_EDGE('',*,*,#11554,.T.);
#11586 = ADVANCED_FACE('',(#11587),#11395,.T.);
#11587 = FACE_BOUND('',#11588,.F.);
#11588 = EDGE_LOOP('',(#11589,#11612,#11639,#11640));
#11589 = ORIENTED_EDGE('',*,*,#11590,.T.);
#11590 = EDGE_CURVE('',#11379,#11591,#11593,.T.);
#11591 = VERTEX_POINT('',#11592);
#11592 = CARTESIAN_POINT('',(114.5,36.,16.98));
#11593 = SEAM_CURVE('',#11594,(#11598,#11605),.PCURVE_S1.);
#11594 = LINE('',#11595,#11596);
#11595 = CARTESIAN_POINT('',(114.5,36.,6.5));
#11596 = VECTOR('',#11597,1.);
#11597 = DIRECTION('',(0.,0.,1.));
#11598 = PCURVE('',#11395,#11599);
#11599 = DEFINITIONAL_REPRESENTATION('',(#11600),#11604);
#11600 = LINE('',#11601,#11602);
#11601 = CARTESIAN_POINT('',(-0.,0.));
#11602 = VECTOR('',#11603,1.);
#11603 = DIRECTION('',(-0.,-1.));
#11604 = ( GEOMETRIC_REPRESENTATION_CONTEXT(2) 
PARAMETRIC_REPRESENTATION_CONTEXT() REPRESENTATION_CONTEXT('2D SPACE',''
  ) );
#11605 = PCURVE('',#11395,#11606);
#11606 = DEFINITIONAL_REPRESENTATION('',(#11607),#11611);
#11607 = LINE('',#11608,#11609);
#11608 = CARTESIAN_POINT('',(-6.28318530718,0.));
#11609 = VECTOR('',#11610,1.);
#11610 = DIRECTION('',(-0.,-1.));
#11611 = ( GEOMETRIC_REPRESENTATION_CONTEXT(2) 
PARAMETRIC_REPRESENTATION_CONTEXT() REPRESENTATION_CONTEXT('2D SPACE',''
  ) );
#11612 = ORIENTED_EDGE('',*,*,#11613,.T.);
#11613 = EDGE_CURVE('',#11591,#11591,#11614,.T.);
#11614 = SURFACE_CURVE('',#11615,(#11620,#11627),.PCURVE_S1.);
#11615 = CIRCLE('',#11616,3.5);
#11616 = AXIS2_PLACEMENT_3D('',#11617,#11618,#11619);
#11617 = CARTESIAN_POINT('',(111.,36.,16.98));
#11618 = DIRECTION('',(0.,0.,1.));
#11619 = DIRECTION('',(1.,0.,0.));
#11620 = PCURVE('',#11395,#11621);
#11621 = DEFINITIONAL_REPRESENTATION('',(#11622),#11626);
#11622 = LINE('',#11623,#11624);
#11623 = CARTESIAN_POINT('',(-0.,-10.48));
#11624 = VECTOR('',#11625,1.);
#11625 = DIRECTION('',(-1.,0.));
#11626 = ( GEOMETRIC_REPRESENTATION_CONTEXT(2) 
PARAMETRIC_REPRESENTATION_CONTEXT() REPRESENTATION_CONTEXT('2D SPACE',''
  ) );
#11627 = PCURVE('',#11628,#11633);
#11628 = PLANE('',#11629);
#11629 = AXIS2_PLACEMENT_3D('',#11630,#11631,#11632);
#11630 = CARTESIAN_POINT('',(111.,36.,16.98));
#11631 = DIRECTION('',(0.,0.,1.));
#11632 = DIRECTION('',(1.,0.,-0.));
#11633 = DEFINITIONAL_REPRESENTATION('',(#11634),#11638);
#11634 = CIRCLE('',#11635,3.5);
#11635 = AXIS2_PLACEMENT_2D('',#11636,#11637);
#11636 = CARTESIAN_POINT('',(-1.42108547152E-14,0.));
#11637 = DIRECTION('',(1.,0.));
#11638 = ( GEOMETRIC_REPRESENTATION_CONTEXT(2) 
PARAMETRIC_REPRESENTATION_CONTEXT() REPRESENTATION_CONTEXT('2D SPACE',''
  ) );
#11639 = ORIENTED_EDGE('',*,*,#11590,.F.);
#11640 = ORIENTED_EDGE('',*,*,#11378,.F.);
#11641 = ADVANCED_FACE('',(#11642,#11645),#11628,.T.);
#11642 = FACE_BOUND('',#11643,.T.);
#11643 = EDGE_LOOP('',(#11644));
#11644 = ORIENTED_EDGE('',*,*,#11613,.T.);
#11645 = FACE_BOUND('',#11646,.T.);
#11646 = EDGE_LOOP('',(#11647));
#11647 = ORIENTED_EDGE('',*,*,#11648,.T.);
#11648 = EDGE_CURVE('',#11649,#11649,#11651,.T.);
#11649 = VERTEX_POINT('',#11650);
#11650 = CARTESIAN_POINT('',(109.415,36.,16.98));
#11651 = SURFACE_CURVE('',#11652,(#11657,#11668),.PCURVE_S1.);
#11652 = CIRCLE('',#11653,1.585);
#11653 = AXIS2_PLACEMENT_3D('',#11654,#11655,#11656);
#11654 = CARTESIAN_POINT('',(111.,36.,16.98));
#11655 = DIRECTION('',(0.,0.,-1.));
#11656 = DIRECTION('',(-1.,0.,0.));
#11657 = PCURVE('',#11628,#11658);
#11658 = DEFINITIONAL_REPRESENTATION('',(#11659),#11667);
#11659 = ( BOUNDED_CURVE() B_SPLINE_CURVE(2,(#11660,#11661,#11662,#11663
    ,#11664,#11665,#11666),.UNSPECIFIED.,.T.,.F.) 
B_SPLINE_CURVE_WITH_KNOTS((1,2,2,2,2,1),(-2.094395102393,0.,
    2.094395102393,4.188790204786,6.28318530718,8.377580409573),
.UNSPECIFIED.) CURVE() GEOMETRIC_REPRESENTATION_ITEM() 
RATIONAL_B_SPLINE_CURVE((1.,0.5,1.,0.5,1.,0.5,1.)) REPRESENTATION_ITEM(
  '') );
#11660 = CARTESIAN_POINT('',(-1.585,0.));
#11661 = CARTESIAN_POINT('',(-1.585,2.745300529997));
#11662 = CARTESIAN_POINT('',(0.7925,1.372650264998));
#11663 = CARTESIAN_POINT('',(3.17,3.882130353297E-16));
#11664 = CARTESIAN_POINT('',(0.7925,-1.372650264998));
#11665 = CARTESIAN_POINT('',(-1.585,-2.745300529997));
#11666 = CARTESIAN_POINT('',(-1.585,0.));
#11667 = ( GEOMETRIC_REPRESENTATION_CONTEXT(2) 
PARAMETRIC_REPRESENTATION_CONTEXT() REPRESENTATION_CONTEXT('2D SPACE',''
  ) );
#11668 = PCURVE('',#11669,#11674);
#11669 = CYLINDRICAL_SURFACE('',#11670,1.585);
#11670 = AXIS2_PLACEMENT_3D('',#11671,#11672,#11673);
#11671 = CARTESIAN_POINT('',(111.,36.,16.98));
#11672 = DIRECTION('',(0.,0.,-1.));
#11673 = DIRECTION('',(-1.,0.,0.));
#11674 = DEFINITIONAL_REPRESENTATION('',(#11675),#11679);
#11675 = LINE('',#11676,#11677);
#11676 = CARTESIAN_POINT('',(0.,0.));
#11677 = VECTOR('',#11678,1.);
#11678 = DIRECTION('',(1.,0.));
#11679 = ( GEOMETRIC_REPRESENTATION_CONTEXT(2) 
PARAMETRIC_REPRESENTATION_CONTEXT() REPRESENTATION_CONTEXT('2D SPACE',''
  ) );
#11680 = ADVANCED_FACE('',(#11681),#11669,.F.);
#11681 = FACE_BOUND('',#11682,.F.);
#11682 = EDGE_LOOP('',(#11683,#11712,#11733,#11734));
#11683 = ORIENTED_EDGE('',*,*,#11684,.F.);
#11684 = EDGE_CURVE('',#11685,#11685,#11687,.T.);
#11685 = VERTEX_POINT('',#11686);
#11686 = CARTESIAN_POINT('',(109.415,36.,12.5));
#11687 = SURFACE_CURVE('',#11688,(#11693,#11700),.PCURVE_S1.);
#11688 = CIRCLE('',#11689,1.585);
#11689 = AXIS2_PLACEMENT_3D('',#11690,#11691,#11692);
#11690 = CARTESIAN_POINT('',(111.,36.,12.5));
#11691 = DIRECTION('',(0.,0.,-1.));
#11692 = DIRECTION('',(-1.,0.,0.));
#11693 = PCURVE('',#11669,#11694);
#11694 = DEFINITIONAL_REPRESENTATION('',(#11695),#11699);
#11695 = LINE('',#11696,#11697);
#11696 = CARTESIAN_POINT('',(0.,4.48));
#11697 = VECTOR('',#11698,1.);
#11698 = DIRECTION('',(1.,0.));
#11699 = ( GEOMETRIC_REPRESENTATION_CONTEXT(2) 
PARAMETRIC_REPRESENTATION_CONTEXT() REPRESENTATION_CONTEXT('2D SPACE',''
  ) );
#11700 = PCURVE('',#11701,#11706);
#11701 = PLANE('',#11702);
#11702 = AXIS2_PLACEMENT_3D('',#11703,#11704,#11705);
#11703 = CARTESIAN_POINT('',(111.,36.,12.5));
#11704 = DIRECTION('',(0.,0.,-1.));
#11705 = DIRECTION('',(-1.,0.,0.));
#11706 = DEFINITIONAL_REPRESENTATION('',(#11707),#11711);
#11707 = CIRCLE('',#11708,1.585);
#11708 = AXIS2_PLACEMENT_2D('',#11709,#11710);
#11709 = CARTESIAN_POINT('',(0.,0.));
#11710 = DIRECTION('',(1.,0.));
#11711 = ( GEOMETRIC_REPRESENTATION_CONTEXT(2) 
PARAMETRIC_REPRESENTATION_CONTEXT() REPRESENTATION_CONTEXT('2D SPACE',''
  ) );
#11712 = ORIENTED_EDGE('',*,*,#11713,.F.);
#11713 = EDGE_CURVE('',#11649,#11685,#11714,.T.);
#11714 = SEAM_CURVE('',#11715,(#11719,#11726),.PCURVE_S1.);
#11715 = LINE('',#11716,#11717);
#11716 = CARTESIAN_POINT('',(109.415,36.,16.98));
#11717 = VECTOR('',#11718,1.);
#11718 = DIRECTION('',(0.,0.,-1.));
#11719 = PCURVE('',#11669,#11720);
#11720 = DEFINITIONAL_REPRESENTATION('',(#11721),#11725);
#11721 = LINE('',#11722,#11723);
#11722 = CARTESIAN_POINT('',(6.28318530718,-0.));
#11723 = VECTOR('',#11724,1.);
#11724 = DIRECTION('',(0.,1.));
#11725 = ( GEOMETRIC_REPRESENTATION_CONTEXT(2) 
PARAMETRIC_REPRESENTATION_CONTEXT() REPRESENTATION_CONTEXT('2D SPACE',''
  ) );
#11726 = PCURVE('',#11669,#11727);
#11727 = DEFINITIONAL_REPRESENTATION('',(#11728),#11732);
#11728 = LINE('',#11729,#11730);
#11729 = CARTESIAN_POINT('',(0.,-0.));
#11730 = VECTOR('',#11731,1.);
#11731 = DIRECTION('',(0.,1.));
#11732 = ( GEOMETRIC_REPRESENTATION_CONTEXT(2) 
PARAMETRIC_REPRESENTATION_CONTEXT() REPRESENTATION_CONTEXT('2D SPACE',''
  ) );
#11733 = ORIENTED_EDGE('',*,*,#11648,.T.);
#11734 = ORIENTED_EDGE('',*,*,#11713,.T.);
#11735 = ADVANCED_FACE('',(#11736,#11739),#11701,.F.);
#11736 = FACE_BOUND('',#11737,.F.);
#11737 = EDGE_LOOP('',(#11738));
#11738 = ORIENTED_EDGE('',*,*,#11684,.T.);
#11739 = FACE_BOUND('',#11740,.F.);
#11740 = EDGE_LOOP('',(#11741));
#11741 = ORIENTED_EDGE('',*,*,#11742,.F.);
#11742 = EDGE_CURVE('',#11743,#11743,#11745,.T.);
#11743 = VERTEX_POINT('',#11744);
#11744 = CARTESIAN_POINT('',(109.55,36.,12.5));
#11745 = SURFACE_CURVE('',#11746,(#11751,#11758),.PCURVE_S1.);
#11746 = CIRCLE('',#11747,1.45);
#11747 = AXIS2_PLACEMENT_3D('',#11748,#11749,#11750);
#11748 = CARTESIAN_POINT('',(111.,36.,12.5));
#11749 = DIRECTION('',(0.,0.,-1.));
#11750 = DIRECTION('',(-1.,0.,0.));
#11751 = PCURVE('',#11701,#11752);
#11752 = DEFINITIONAL_REPRESENTATION('',(#11753),#11757);
#11753 = CIRCLE('',#11754,1.45);
#11754 = AXIS2_PLACEMENT_2D('',#11755,#11756);
#11755 = CARTESIAN_POINT('',(0.,0.));
#11756 = DIRECTION('',(1.,0.));
#11757 = ( GEOMETRIC_REPRESENTATION_CONTEXT(2) 
PARAMETRIC_REPRESENTATION_CONTEXT() REPRESENTATION_CONTEXT('2D SPACE',''
  ) );
#11758 = PCURVE('',#11759,#11764);
#11759 = CYLINDRICAL_SURFACE('',#11760,1.45);
#11760 = AXIS2_PLACEMENT_3D('',#11761,#11762,#11763);
#11761 = CARTESIAN_POINT('',(111.,36.,16.98));
#11762 = DIRECTION('',(0.,0.,-1.));
#11763 = DIRECTION('',(-1.,0.,0.));
#11764 = DEFINITIONAL_REPRESENTATION('',(#11765),#11769);
#11765 = LINE('',#11766,#11767);
#11766 = CARTESIAN_POINT('',(0.,4.48));
#11767 = VECTOR('',#11768,1.);
#11768 = DIRECTION('',(1.,0.));
#11769 = ( GEOMETRIC_REPRESENTATION_CONTEXT(2) 
PARAMETRIC_REPRESENTATION_CONTEXT() REPRESENTATION_CONTEXT('2D SPACE',''
  ) );
#11770 = ADVANCED_FACE('',(#11771),#11759,.F.);
#11771 = FACE_BOUND('',#11772,.F.);
#11772 = EDGE_LOOP('',(#11773,#11796,#11823,#11824));
#11773 = ORIENTED_EDGE('',*,*,#11774,.T.);
#11774 = EDGE_CURVE('',#11743,#11775,#11777,.T.);
#11775 = VERTEX_POINT('',#11776);
#11776 = CARTESIAN_POINT('',(109.55,36.,8.5));
#11777 = SEAM_CURVE('',#11778,(#11782,#11789),.PCURVE_S1.);
#11778 = LINE('',#11779,#11780);
#11779 = CARTESIAN_POINT('',(109.55,36.,16.98));
#11780 = VECTOR('',#11781,1.);
#11781 = DIRECTION('',(0.,0.,-1.));
#11782 = PCURVE('',#11759,#11783);
#11783 = DEFINITIONAL_REPRESENTATION('',(#11784),#11788);
#11784 = LINE('',#11785,#11786);
#11785 = CARTESIAN_POINT('',(6.28318530718,-0.));
#11786 = VECTOR('',#11787,1.);
#11787 = DIRECTION('',(0.,1.));
#11788 = ( GEOMETRIC_REPRESENTATION_CONTEXT(2) 
PARAMETRIC_REPRESENTATION_CONTEXT() REPRESENTATION_CONTEXT('2D SPACE',''
  ) );
#11789 = PCURVE('',#11759,#11790);
#11790 = DEFINITIONAL_REPRESENTATION('',(#11791),#11795);
#11791 = LINE('',#11792,#11793);
#11792 = CARTESIAN_POINT('',(0.,-0.));
#11793 = VECTOR('',#11794,1.);
#11794 = DIRECTION('',(0.,1.));
#11795 = ( GEOMETRIC_REPRESENTATION_CONTEXT(2) 
PARAMETRIC_REPRESENTATION_CONTEXT() REPRESENTATION_CONTEXT('2D SPACE',''
  ) );
#11796 = ORIENTED_EDGE('',*,*,#11797,.F.);
#11797 = EDGE_CURVE('',#11775,#11775,#11798,.T.);
#11798 = SURFACE_CURVE('',#11799,(#11804,#11811),.PCURVE_S1.);
#11799 = CIRCLE('',#11800,1.45);
#11800 = AXIS2_PLACEMENT_3D('',#11801,#11802,#11803);
#11801 = CARTESIAN_POINT('',(111.,36.,8.5));
#11802 = DIRECTION('',(0.,0.,-1.));
#11803 = DIRECTION('',(-1.,0.,0.));
#11804 = PCURVE('',#11759,#11805);
#11805 = DEFINITIONAL_REPRESENTATION('',(#11806),#11810);
#11806 = LINE('',#11807,#11808);
#11807 = CARTESIAN_POINT('',(0.,8.48));
#11808 = VECTOR('',#11809,1.);
#11809 = DIRECTION('',(1.,0.));
#11810 = ( GEOMETRIC_REPRESENTATION_CONTEXT(2) 
PARAMETRIC_REPRESENTATION_CONTEXT() REPRESENTATION_CONTEXT('2D SPACE',''
  ) );
#11811 = PCURVE('',#11812,#11817);
#11812 = PLANE('',#11813);
#11813 = AXIS2_PLACEMENT_3D('',#11814,#11815,#11816);
#11814 = CARTESIAN_POINT('',(111.,36.,8.5));
#11815 = DIRECTION('',(0.,0.,-1.));
#11816 = DIRECTION('',(-1.,0.,0.));
#11817 = DEFINITIONAL_REPRESENTATION('',(#11818),#11822);
#11818 = CIRCLE('',#11819,1.45);
#11819 = AXIS2_PLACEMENT_2D('',#11820,#11821);
#11820 = CARTESIAN_POINT('',(0.,0.));
#11821 = DIRECTION('',(1.,0.));
#11822 = ( GEOMETRIC_REPRESENTATION_CONTEXT(2) 
PARAMETRIC_REPRESENTATION_CONTEXT() REPRESENTATION_CONTEXT('2D SPACE',''
  ) );
#11823 = ORIENTED_EDGE('',*,*,#11774,.F.);
#11824 = ORIENTED_EDGE('',*,*,#11742,.T.);
#11825 = ADVANCED_FACE('',(#11826),#11812,.F.);
#11826 = FACE_BOUND('',#11827,.F.);
#11827 = EDGE_LOOP('',(#11828));
#11828 = ORIENTED_EDGE('',*,*,#11797,.T.);
#11829 = ADVANCED_FACE('',(#11830),#11364,.T.);
#11830 = FACE_BOUND('',#11831,.F.);
#11831 = EDGE_LOOP('',(#11832,#11855,#11882,#11883));
#11832 = ORIENTED_EDGE('',*,*,#11833,.T.);
#11833 = EDGE_CURVE('',#11348,#11834,#11836,.T.);
#11834 = VERTEX_POINT('',#11835);
#11835 = CARTESIAN_POINT('',(62.2,31.5,18.98));
#11836 = SEAM_CURVE('',#11837,(#11841,#11848),.PCURVE_S1.);
#11837 = LINE('',#11838,#11839);
#11838 = CARTESIAN_POINT('',(62.2,31.5,6.5));
#11839 = VECTOR('',#11840,1.);
#11840 = DIRECTION('',(0.,0.,1.));
#11841 = PCURVE('',#11364,#11842);
#11842 = DEFINITIONAL_REPRESENTATION('',(#11843),#11847);
#11843 = LINE('',#11844,#11845);
#11844 = CARTESIAN_POINT('',(-0.,0.));
#11845 = VECTOR('',#11846,1.);
#11846 = DIRECTION('',(-0.,-1.));
#11847 = ( GEOMETRIC_REPRESENTATION_CONTEXT(2) 
PARAMETRIC_REPRESENTATION_CONTEXT() REPRESENTATION_CONTEXT('2D SPACE',''
  ) );
#11848 = PCURVE('',#11364,#11849);
#11849 = DEFINITIONAL_REPRESENTATION('',(#11850),#11854);
#11850 = LINE('',#11851,#11852);
#11851 = CARTESIAN_POINT('',(-6.28318530718,0.));
#11852 = VECTOR('',#11853,1.);
#11853 = DIRECTION('',(-0.,-1.));
#11854 = ( GEOMETRIC_REPRESENTATION_CONTEXT(2) 
PARAMETRIC_REPRESENTATION_CONTEXT() REPRESENTATION_CONTEXT('2D SPACE',''
  ) );
#11855 = ORIENTED_EDGE('',*,*,#11856,.T.);
#11856 = EDGE_CURVE('',#11834,#11834,#11857,.T.);
#11857 = SURFACE_CURVE('',#11858,(#11863,#11870),.PCURVE_S1.);
#11858 = CIRCLE('',#11859,1.3);
#11859 = AXIS2_PLACEMENT_3D('',#11860,#11861,#11862);
#11860 = CARTESIAN_POINT('',(60.9,31.5,18.98));
#11861 = DIRECTION('',(0.,0.,1.));
#11862 = DIRECTION('',(1.,0.,0.));
#11863 = PCURVE('',#11364,#11864);
#11864 = DEFINITIONAL_REPRESENTATION('',(#11865),#11869);
#11865 = LINE('',#11866,#11867);
#11866 = CARTESIAN_POINT('',(-0.,-12.48));
#11867 = VECTOR('',#11868,1.);
#11868 = DIRECTION('',(-1.,0.));
#11869 = ( GEOMETRIC_REPRESENTATION_CONTEXT(2) 
PARAMETRIC_REPRESENTATION_CONTEXT() REPRESENTATION_CONTEXT('2D SPACE',''
  ) );
#11870 = PCURVE('',#11871,#11876);
#11871 = PLANE('',#11872);
#11872 = AXIS2_PLACEMENT_3D('',#11873,#11874,#11875);
#11873 = CARTESIAN_POINT('',(60.9,31.5,18.98));
#11874 = DIRECTION('',(0.,0.,1.));
#11875 = DIRECTION('',(1.,0.,-0.));
#11876 = DEFINITIONAL_REPRESENTATION('',(#11877),#11881);
#11877 = CIRCLE('',#11878,1.3);
#11878 = AXIS2_PLACEMENT_2D('',#11879,#11880);
#11879 = CARTESIAN_POINT('',(-7.105427357601E-15,0.));
#11880 = DIRECTION('',(1.,0.));
#11881 = ( GEOMETRIC_REPRESENTATION_CONTEXT(2) 
PARAMETRIC_REPRESENTATION_CONTEXT() REPRESENTATION_CONTEXT('2D SPACE',''
  ) );
#11882 = ORIENTED_EDGE('',*,*,#11833,.F.);
#11883 = ORIENTED_EDGE('',*,*,#11347,.F.);
#11884 = ADVANCED_FACE('',(#11885),#11871,.T.);
#11885 = FACE_BOUND('',#11886,.T.);
#11886 = EDGE_LOOP('',(#11887));
#11887 = ORIENTED_EDGE('',*,*,#11856,.T.);
#11888 = ADVANCED_FACE('',(#11889),#11333,.T.);
#11889 = FACE_BOUND('',#11890,.F.);
#11890 = EDGE_LOOP('',(#11891,#11914,#11941,#11942));
#11891 = ORIENTED_EDGE('',*,*,#11892,.T.);
#11892 = EDGE_CURVE('',#11317,#11893,#11895,.T.);
#11893 = VERTEX_POINT('',#11894);
#11894 = CARTESIAN_POINT('',(35.7,31.5,18.98));
#11895 = SEAM_CURVE('',#11896,(#11900,#11907),.PCURVE_S1.);
#11896 = LINE('',#11897,#11898);
#11897 = CARTESIAN_POINT('',(35.7,31.5,6.5));
#11898 = VECTOR('',#11899,1.);
#11899 = DIRECTION('',(0.,0.,1.));
#11900 = PCURVE('',#11333,#11901);
#11901 = DEFINITIONAL_REPRESENTATION('',(#11902),#11906);
#11902 = LINE('',#11903,#11904);
#11903 = CARTESIAN_POINT('',(-0.,0.));
#11904 = VECTOR('',#11905,1.);
#11905 = DIRECTION('',(-0.,-1.));
#11906 = ( GEOMETRIC_REPRESENTATION_CONTEXT(2) 
PARAMETRIC_REPRESENTATION_CONTEXT() REPRESENTATION_CONTEXT('2D SPACE',''
  ) );
#11907 = PCURVE('',#11333,#11908);
#11908 = DEFINITIONAL_REPRESENTATION('',(#11909),#11913);
#11909 = LINE('',#11910,#11911);
#11910 = CARTESIAN_POINT('',(-6.28318530718,0.));
#11911 = VECTOR('',#11912,1.);
#11912 = DIRECTION('',(-0.,-1.));
#11913 = ( GEOMETRIC_REPRESENTATION_CONTEXT(2) 
PARAMETRIC_REPRESENTATION_CONTEXT() REPRESENTATION_CONTEXT('2D SPACE',''
  ) );
#11914 = ORIENTED_EDGE('',*,*,#11915,.T.);
#11915 = EDGE_CURVE('',#11893,#11893,#11916,.T.);
#11916 = SURFACE_CURVE('',#11917,(#11922,#11929),.PCURVE_S1.);
#11917 = CIRCLE('',#11918,1.3);
#11918 = AXIS2_PLACEMENT_3D('',#11919,#11920,#11921);
#11919 = CARTESIAN_POINT('',(34.4,31.5,18.98));
#11920 = DIRECTION('',(0.,0.,1.));
#11921 = DIRECTION('',(1.,0.,0.));
#11922 = PCURVE('',#11333,#11923);
#11923 = DEFINITIONAL_REPRESENTATION('',(#11924),#11928);
#11924 = LINE('',#11925,#11926);
#11925 = CARTESIAN_POINT('',(-0.,-12.48));
#11926 = VECTOR('',#11927,1.);
#11927 = DIRECTION('',(-1.,0.));
#11928 = ( GEOMETRIC_REPRESENTATION_CONTEXT(2) 
PARAMETRIC_REPRESENTATION_CONTEXT() REPRESENTATION_CONTEXT('2D SPACE',''
  ) );
#11929 = PCURVE('',#11930,#11935);
#11930 = PLANE('',#11931);
#11931 = AXIS2_PLACEMENT_3D('',#11932,#11933,#11934);
#11932 = CARTESIAN_POINT('',(34.4,31.5,18.98));
#11933 = DIRECTION('',(0.,0.,1.));
#11934 = DIRECTION('',(1.,0.,-0.));
#11935 = DEFINITIONAL_REPRESENTATION('',(#11936),#11940);
#11936 = CIRCLE('',#11937,1.3);
#11937 = AXIS2_PLACEMENT_2D('',#11938,#11939);
#11938 = CARTESIAN_POINT('',(0.,0.));
#11939 = DIRECTION('',(1.,0.));
#11940 = ( GEOMETRIC_REPRESENTATION_CONTEXT(2) 
PARAMETRIC_REPRESENTATION_CONTEXT() REPRESENTATION_CONTEXT('2D SPACE',''
  ) );
#11941 = ORIENTED_EDGE('',*,*,#11892,.F.);
#11942 = ORIENTED_EDGE('',*,*,#11316,.F.);
#11943 = ADVANCED_FACE('',(#11944),#11930,.T.);
#11944 = FACE_BOUND('',#11945,.T.);
#11945 = EDGE_LOOP('',(#11946));
#11946 = ORIENTED_EDGE('',*,*,#11915,.T.);
#11947 = ADVANCED_FACE('',(#11948),#11302,.T.);
#11948 = FACE_BOUND('',#11949,.F.);
#11949 = EDGE_LOOP('',(#11950,#11973,#12000,#12001));
#11950 = ORIENTED_EDGE('',*,*,#11951,.T.);
#11951 = EDGE_CURVE('',#11286,#11952,#11954,.T.);
#11952 = VERTEX_POINT('',#11953);
#11953 = CARTESIAN_POINT('',(60.86,27.96,16.98));
#11954 = SEAM_CURVE('',#11955,(#11959,#11966),.PCURVE_S1.);
#11955 = LINE('',#11956,#11957);
#11956 = CARTESIAN_POINT('',(60.86,27.96,6.5));
#11957 = VECTOR('',#11958,1.);
#11958 = DIRECTION('',(0.,0.,1.));
#11959 = PCURVE('',#11302,#11960);
#11960 = DEFINITIONAL_REPRESENTATION('',(#11961),#11965);
#11961 = LINE('',#11962,#11963);
#11962 = CARTESIAN_POINT('',(-0.,0.));
#11963 = VECTOR('',#11964,1.);
#11964 = DIRECTION('',(-0.,-1.));
#11965 = ( GEOMETRIC_REPRESENTATION_CONTEXT(2) 
PARAMETRIC_REPRESENTATION_CONTEXT() REPRESENTATION_CONTEXT('2D SPACE',''
  ) );
#11966 = PCURVE('',#11302,#11967);
#11967 = DEFINITIONAL_REPRESENTATION('',(#11968),#11972);
#11968 = LINE('',#11969,#11970);
#11969 = CARTESIAN_POINT('',(-6.28318530718,0.));
#11970 = VECTOR('',#11971,1.);
#11971 = DIRECTION('',(-0.,-1.));
#11972 = ( GEOMETRIC_REPRESENTATION_CONTEXT(2) 
PARAMETRIC_REPRESENTATION_CONTEXT() REPRESENTATION_CONTEXT('2D SPACE',''
  ) );
#11973 = ORIENTED_EDGE('',*,*,#11974,.T.);
#11974 = EDGE_CURVE('',#11952,#11952,#11975,.T.);
#11975 = SURFACE_CURVE('',#11976,(#11981,#11988),.PCURVE_S1.);
#11976 = CIRCLE('',#11977,3.5);
#11977 = AXIS2_PLACEMENT_3D('',#11978,#11979,#11980);
#11978 = CARTESIAN_POINT('',(57.36,27.96,16.98));
#11979 = DIRECTION('',(0.,0.,1.));
#11980 = DIRECTION('',(1.,0.,0.));
#11981 = PCURVE('',#11302,#11982);
#11982 = DEFINITIONAL_REPRESENTATION('',(#11983),#11987);
#11983 = LINE('',#11984,#11985);
#11984 = CARTESIAN_POINT('',(-0.,-10.48));
#11985 = VECTOR('',#11986,1.);
#11986 = DIRECTION('',(-1.,0.));
#11987 = ( GEOMETRIC_REPRESENTATION_CONTEXT(2) 
PARAMETRIC_REPRESENTATION_CONTEXT() REPRESENTATION_CONTEXT('2D SPACE',''
  ) );
#11988 = PCURVE('',#11989,#11994);
#11989 = PLANE('',#11990);
#11990 = AXIS2_PLACEMENT_3D('',#11991,#11992,#11993);
#11991 = CARTESIAN_POINT('',(57.36,27.96,16.98));
#11992 = DIRECTION('',(0.,0.,1.));
#11993 = DIRECTION('',(1.,0.,-0.));
#11994 = DEFINITIONAL_REPRESENTATION('',(#11995),#11999);
#11995 = CIRCLE('',#11996,3.5);
#11996 = AXIS2_PLACEMENT_2D('',#11997,#11998);
#11997 = CARTESIAN_POINT('',(-7.105427357601E-15,3.552713678801E-15));
#11998 = DIRECTION('',(1.,0.));
#11999 = ( GEOMETRIC_REPRESENTATION_CONTEXT(2) 
PARAMETRIC_REPRESENTATION_CONTEXT() REPRESENTATION_CONTEXT('2D SPACE',''
  ) );
#12000 = ORIENTED_EDGE('',*,*,#11951,.F.);
#12001 = ORIENTED_EDGE('',*,*,#11285,.F.);
#12002 = ADVANCED_FACE('',(#12003,#12006),#11989,.T.);
#12003 = FACE_BOUND('',#12004,.T.);
#12004 = EDGE_LOOP('',(#12005));
#12005 = ORIENTED_EDGE('',*,*,#11974,.T.);
#12006 = FACE_BOUND('',#12007,.T.);
#12007 = EDGE_LOOP('',(#12008));
#12008 = ORIENTED_EDGE('',*,*,#12009,.T.);
#12009 = EDGE_CURVE('',#12010,#12010,#12012,.T.);
#12010 = VERTEX_POINT('',#12011);
#12011 = CARTESIAN_POINT('',(55.775,27.96,16.98));
#12012 = SURFACE_CURVE('',#12013,(#12018,#12029),.PCURVE_S1.);
#12013 = CIRCLE('',#12014,1.585);
#12014 = AXIS2_PLACEMENT_3D('',#12015,#12016,#12017);
#12015 = CARTESIAN_POINT('',(57.36,27.96,16.98));
#12016 = DIRECTION('',(0.,0.,-1.));
#12017 = DIRECTION('',(-1.,0.,0.));
#12018 = PCURVE('',#11989,#12019);
#12019 = DEFINITIONAL_REPRESENTATION('',(#12020),#12028);
#12020 = ( BOUNDED_CURVE() B_SPLINE_CURVE(2,(#12021,#12022,#12023,#12024
    ,#12025,#12026,#12027),.UNSPECIFIED.,.T.,.F.) 
B_SPLINE_CURVE_WITH_KNOTS((1,2,2,2,2,1),(-2.094395102393,0.,
    2.094395102393,4.188790204786,6.28318530718,8.377580409573),
.UNSPECIFIED.) CURVE() GEOMETRIC_REPRESENTATION_ITEM() 
RATIONAL_B_SPLINE_CURVE((1.,0.5,1.,0.5,1.,0.5,1.)) REPRESENTATION_ITEM(
  '') );
#12021 = CARTESIAN_POINT('',(-1.585,3.552713678801E-15));
#12022 = CARTESIAN_POINT('',(-1.585,2.745300529997));
#12023 = CARTESIAN_POINT('',(0.7925,1.372650264998));
#12024 = CARTESIAN_POINT('',(3.17,3.94092671413E-15));
#12025 = CARTESIAN_POINT('',(0.7925,-1.372650264998));
#12026 = CARTESIAN_POINT('',(-1.585,-2.745300529997));
#12027 = CARTESIAN_POINT('',(-1.585,3.552713678801E-15));
#12028 = ( GEOMETRIC_REPRESENTATION_CONTEXT(2) 
PARAMETRIC_REPRESENTATION_CONTEXT() REPRESENTATION_CONTEXT('2D SPACE',''
  ) );
#12029 = PCURVE('',#12030,#12035);
#12030 = CYLINDRICAL_SURFACE('',#12031,1.585);
#12031 = AXIS2_PLACEMENT_3D('',#12032,#12033,#12034);
#12032 = CARTESIAN_POINT('',(57.36,27.96,16.98));
#12033 = DIRECTION('',(0.,0.,-1.));
#12034 = DIRECTION('',(-1.,0.,0.));
#12035 = DEFINITIONAL_REPRESENTATION('',(#12036),#12040);
#12036 = LINE('',#12037,#12038);
#12037 = CARTESIAN_POINT('',(0.,0.));
#12038 = VECTOR('',#12039,1.);
#12039 = DIRECTION('',(1.,0.));
#12040 = ( GEOMETRIC_REPRESENTATION_CONTEXT(2) 
PARAMETRIC_REPRESENTATION_CONTEXT() REPRESENTATION_CONTEXT('2D SPACE',''
  ) );
#12041 = ADVANCED_FACE('',(#12042),#12030,.F.);
#12042 = FACE_BOUND('',#12043,.F.);
#12043 = EDGE_LOOP('',(#12044,#12073,#12094,#12095));
#12044 = ORIENTED_EDGE('',*,*,#12045,.F.);
#12045 = EDGE_CURVE('',#12046,#12046,#12048,.T.);
#12046 = VERTEX_POINT('',#12047);
#12047 = CARTESIAN_POINT('',(55.775,27.96,12.5));
#12048 = SURFACE_CURVE('',#12049,(#12054,#12061),.PCURVE_S1.);
#12049 = CIRCLE('',#12050,1.585);
#12050 = AXIS2_PLACEMENT_3D('',#12051,#12052,#12053);
#12051 = CARTESIAN_POINT('',(57.36,27.96,12.5));
#12052 = DIRECTION('',(0.,0.,-1.));
#12053 = DIRECTION('',(-1.,0.,0.));
#12054 = PCURVE('',#12030,#12055);
#12055 = DEFINITIONAL_REPRESENTATION('',(#12056),#12060);
#12056 = LINE('',#12057,#12058);
#12057 = CARTESIAN_POINT('',(0.,4.48));
#12058 = VECTOR('',#12059,1.);
#12059 = DIRECTION('',(1.,0.));
#12060 = ( GEOMETRIC_REPRESENTATION_CONTEXT(2) 
PARAMETRIC_REPRESENTATION_CONTEXT() REPRESENTATION_CONTEXT('2D SPACE',''
  ) );
#12061 = PCURVE('',#12062,#12067);
#12062 = PLANE('',#12063);
#12063 = AXIS2_PLACEMENT_3D('',#12064,#12065,#12066);
#12064 = CARTESIAN_POINT('',(57.36,27.96,12.5));
#12065 = DIRECTION('',(0.,0.,-1.));
#12066 = DIRECTION('',(-1.,0.,0.));
#12067 = DEFINITIONAL_REPRESENTATION('',(#12068),#12072);
#12068 = CIRCLE('',#12069,1.585);
#12069 = AXIS2_PLACEMENT_2D('',#12070,#12071);
#12070 = CARTESIAN_POINT('',(0.,0.));
#12071 = DIRECTION('',(1.,0.));
#12072 = ( GEOMETRIC_REPRESENTATION_CONTEXT(2) 
PARAMETRIC_REPRESENTATION_CONTEXT() REPRESENTATION_CONTEXT('2D SPACE',''
  ) );
#12073 = ORIENTED_EDGE('',*,*,#12074,.F.);
#12074 = EDGE_CURVE('',#12010,#12046,#12075,.T.);
#12075 = SEAM_CURVE('',#12076,(#12080,#12087),.PCURVE_S1.);
#12076 = LINE('',#12077,#12078);
#12077 = CARTESIAN_POINT('',(55.775,27.96,16.98));
#12078 = VECTOR('',#12079,1.);
#12079 = DIRECTION('',(0.,0.,-1.));
#12080 = PCURVE('',#12030,#12081);
#12081 = DEFINITIONAL_REPRESENTATION('',(#12082),#12086);
#12082 = LINE('',#12083,#12084);
#12083 = CARTESIAN_POINT('',(6.28318530718,-0.));
#12084 = VECTOR('',#12085,1.);
#12085 = DIRECTION('',(0.,1.));
#12086 = ( GEOMETRIC_REPRESENTATION_CONTEXT(2) 
PARAMETRIC_REPRESENTATION_CONTEXT() REPRESENTATION_CONTEXT('2D SPACE',''
  ) );
#12087 = PCURVE('',#12030,#12088);
#12088 = DEFINITIONAL_REPRESENTATION('',(#12089),#12093);
#12089 = LINE('',#12090,#12091);
#12090 = CARTESIAN_POINT('',(0.,-0.));
#12091 = VECTOR('',#12092,1.);
#12092 = DIRECTION('',(0.,1.));
#12093 = ( GEOMETRIC_REPRESENTATION_CONTEXT(2) 
PARAMETRIC_REPRESENTATION_CONTEXT() REPRESENTATION_CONTEXT('2D SPACE',''
  ) );
#12094 = ORIENTED_EDGE('',*,*,#12009,.T.);
#12095 = ORIENTED_EDGE('',*,*,#12074,.T.);
#12096 = ADVANCED_FACE('',(#12097,#12100),#12062,.F.);
#12097 = FACE_BOUND('',#12098,.F.);
#12098 = EDGE_LOOP('',(#12099));
#12099 = ORIENTED_EDGE('',*,*,#12045,.T.);
#12100 = FACE_BOUND('',#12101,.F.);
#12101 = EDGE_LOOP('',(#12102));
#12102 = ORIENTED_EDGE('',*,*,#12103,.F.);
#12103 = EDGE_CURVE('',#12104,#12104,#12106,.T.);
#12104 = VERTEX_POINT('',#12105);
#12105 = CARTESIAN_POINT('',(55.91,27.96,12.5));
#12106 = SURFACE_CURVE('',#12107,(#12112,#12119),.PCURVE_S1.);
#12107 = CIRCLE('',#12108,1.45);
#12108 = AXIS2_PLACEMENT_3D('',#12109,#12110,#12111);
#12109 = CARTESIAN_POINT('',(57.36,27.96,12.5));
#12110 = DIRECTION('',(0.,0.,-1.));
#12111 = DIRECTION('',(-1.,0.,0.));
#12112 = PCURVE('',#12062,#12113);
#12113 = DEFINITIONAL_REPRESENTATION('',(#12114),#12118);
#12114 = CIRCLE('',#12115,1.45);
#12115 = AXIS2_PLACEMENT_2D('',#12116,#12117);
#12116 = CARTESIAN_POINT('',(0.,0.));
#12117 = DIRECTION('',(1.,0.));
#12118 = ( GEOMETRIC_REPRESENTATION_CONTEXT(2) 
PARAMETRIC_REPRESENTATION_CONTEXT() REPRESENTATION_CONTEXT('2D SPACE',''
  ) );
#12119 = PCURVE('',#12120,#12125);
#12120 = CYLINDRICAL_SURFACE('',#12121,1.45);
#12121 = AXIS2_PLACEMENT_3D('',#12122,#12123,#12124);
#12122 = CARTESIAN_POINT('',(57.36,27.96,16.98));
#12123 = DIRECTION('',(0.,0.,-1.));
#12124 = DIRECTION('',(-1.,0.,0.));
#12125 = DEFINITIONAL_REPRESENTATION('',(#12126),#12130);
#12126 = LINE('',#12127,#12128);
#12127 = CARTESIAN_POINT('',(0.,4.48));
#12128 = VECTOR('',#12129,1.);
#12129 = DIRECTION('',(1.,0.));
#12130 = ( GEOMETRIC_REPRESENTATION_CONTEXT(2) 
PARAMETRIC_REPRESENTATION_CONTEXT() REPRESENTATION_CONTEXT('2D SPACE',''
  ) );
#12131 = ADVANCED_FACE('',(#12132),#12120,.F.);
#12132 = FACE_BOUND('',#12133,.F.);
#12133 = EDGE_LOOP('',(#12134,#12157,#12184,#12185));
#12134 = ORIENTED_EDGE('',*,*,#12135,.T.);
#12135 = EDGE_CURVE('',#12104,#12136,#12138,.T.);
#12136 = VERTEX_POINT('',#12137);
#12137 = CARTESIAN_POINT('',(55.91,27.96,8.5));
#12138 = SEAM_CURVE('',#12139,(#12143,#12150),.PCURVE_S1.);
#12139 = LINE('',#12140,#12141);
#12140 = CARTESIAN_POINT('',(55.91,27.96,16.98));
#12141 = VECTOR('',#12142,1.);
#12142 = DIRECTION('',(0.,0.,-1.));
#12143 = PCURVE('',#12120,#12144);
#12144 = DEFINITIONAL_REPRESENTATION('',(#12145),#12149);
#12145 = LINE('',#12146,#12147);
#12146 = CARTESIAN_POINT('',(6.28318530718,-0.));
#12147 = VECTOR('',#12148,1.);
#12148 = DIRECTION('',(0.,1.));
#12149 = ( GEOMETRIC_REPRESENTATION_CONTEXT(2) 
PARAMETRIC_REPRESENTATION_CONTEXT() REPRESENTATION_CONTEXT('2D SPACE',''
  ) );
#12150 = PCURVE('',#12120,#12151);
#12151 = DEFINITIONAL_REPRESENTATION('',(#12152),#12156);
#12152 = LINE('',#12153,#12154);
#12153 = CARTESIAN_POINT('',(0.,-0.));
#12154 = VECTOR('',#12155,1.);
#12155 = DIRECTION('',(0.,1.));
#12156 = ( GEOMETRIC_REPRESENTATION_CONTEXT(2) 
PARAMETRIC_REPRESENTATION_CONTEXT() REPRESENTATION_CONTEXT('2D SPACE',''
  ) );
#12157 = ORIENTED_EDGE('',*,*,#12158,.F.);
#12158 = EDGE_CURVE('',#12136,#12136,#12159,.T.);
#12159 = SURFACE_CURVE('',#12160,(#12165,#12172),.PCURVE_S1.);
#12160 = CIRCLE('',#12161,1.45);
#12161 = AXIS2_PLACEMENT_3D('',#12162,#12163,#12164);
#12162 = CARTESIAN_POINT('',(57.36,27.96,8.5));
#12163 = DIRECTION('',(0.,0.,-1.));
#12164 = DIRECTION('',(-1.,0.,0.));
#12165 = PCURVE('',#12120,#12166);
#12166 = DEFINITIONAL_REPRESENTATION('',(#12167),#12171);
#12167 = LINE('',#12168,#12169);
#12168 = CARTESIAN_POINT('',(0.,8.48));
#12169 = VECTOR('',#12170,1.);
#12170 = DIRECTION('',(1.,0.));
#12171 = ( GEOMETRIC_REPRESENTATION_CONTEXT(2) 
PARAMETRIC_REPRESENTATION_CONTEXT() REPRESENTATION_CONTEXT('2D SPACE',''
  ) );
#12172 = PCURVE('',#12173,#12178);
#12173 = PLANE('',#12174);
#12174 = AXIS2_PLACEMENT_3D('',#12175,#12176,#12177);
#12175 = CARTESIAN_POINT('',(57.36,27.96,8.5));
#12176 = DIRECTION('',(0.,0.,-1.));
#12177 = DIRECTION('',(-1.,0.,0.));
#12178 = DEFINITIONAL_REPRESENTATION('',(#12179),#12183);
#12179 = CIRCLE('',#12180,1.45);
#12180 = AXIS2_PLACEMENT_2D('',#12181,#12182);
#12181 = CARTESIAN_POINT('',(0.,0.));
#12182 = DIRECTION('',(1.,0.));
#12183 = ( GEOMETRIC_REPRESENTATION_CONTEXT(2) 
PARAMETRIC_REPRESENTATION_CONTEXT() REPRESENTATION_CONTEXT('2D SPACE',''
  ) );
#12184 = ORIENTED_EDGE('',*,*,#12135,.F.);
#12185 = ORIENTED_EDGE('',*,*,#12103,.T.);
#12186 = ADVANCED_FACE('',(#12187),#12173,.F.);
#12187 = FACE_BOUND('',#12188,.F.);
#12188 = EDGE_LOOP('',(#12189));
#12189 = ORIENTED_EDGE('',*,*,#12158,.T.);
#12190 = ADVANCED_FACE('',(#12191),#11271,.T.);
#12191 = FACE_BOUND('',#12192,.F.);
#12192 = EDGE_LOOP('',(#12193,#12216,#12243,#12244));
#12193 = ORIENTED_EDGE('',*,*,#12194,.T.);
#12194 = EDGE_CURVE('',#11255,#12195,#12197,.T.);
#12195 = VERTEX_POINT('',#12196);
#12196 = CARTESIAN_POINT('',(41.44,27.96,16.98));
#12197 = SEAM_CURVE('',#12198,(#12202,#12209),.PCURVE_S1.);
#12198 = LINE('',#12199,#12200);
#12199 = CARTESIAN_POINT('',(41.44,27.96,6.5));
#12200 = VECTOR('',#12201,1.);
#12201 = DIRECTION('',(0.,0.,1.));
#12202 = PCURVE('',#11271,#12203);
#12203 = DEFINITIONAL_REPRESENTATION('',(#12204),#12208);
#12204 = LINE('',#12205,#12206);
#12205 = CARTESIAN_POINT('',(-0.,0.));
#12206 = VECTOR('',#12207,1.);
#12207 = DIRECTION('',(-0.,-1.));
#12208 = ( GEOMETRIC_REPRESENTATION_CONTEXT(2) 
PARAMETRIC_REPRESENTATION_CONTEXT() REPRESENTATION_CONTEXT('2D SPACE',''
  ) );
#12209 = PCURVE('',#11271,#12210);
#12210 = DEFINITIONAL_REPRESENTATION('',(#12211),#12215);
#12211 = LINE('',#12212,#12213);
#12212 = CARTESIAN_POINT('',(-6.28318530718,0.));
#12213 = VECTOR('',#12214,1.);
#12214 = DIRECTION('',(-0.,-1.));
#12215 = ( GEOMETRIC_REPRESENTATION_CONTEXT(2) 
PARAMETRIC_REPRESENTATION_CONTEXT() REPRESENTATION_CONTEXT('2D SPACE',''
  ) );
#12216 = ORIENTED_EDGE('',*,*,#12217,.T.);
#12217 = EDGE_CURVE('',#12195,#12195,#12218,.T.);
#12218 = SURFACE_CURVE('',#12219,(#12224,#12231),.PCURVE_S1.);
#12219 = CIRCLE('',#12220,3.5);
#12220 = AXIS2_PLACEMENT_3D('',#12221,#12222,#12223);
#12221 = CARTESIAN_POINT('',(37.94,27.96,16.98));
#12222 = DIRECTION('',(0.,0.,1.));
#12223 = DIRECTION('',(1.,0.,0.));
#12224 = PCURVE('',#11271,#12225);
#12225 = DEFINITIONAL_REPRESENTATION('',(#12226),#12230);
#12226 = LINE('',#12227,#12228);
#12227 = CARTESIAN_POINT('',(-0.,-10.48));
#12228 = VECTOR('',#12229,1.);
#12229 = DIRECTION('',(-1.,0.));
#12230 = ( GEOMETRIC_REPRESENTATION_CONTEXT(2) 
PARAMETRIC_REPRESENTATION_CONTEXT() REPRESENTATION_CONTEXT('2D SPACE',''
  ) );
#12231 = PCURVE('',#12232,#12237);
#12232 = PLANE('',#12233);
#12233 = AXIS2_PLACEMENT_3D('',#12234,#12235,#12236);
#12234 = CARTESIAN_POINT('',(37.94,27.96,16.98));
#12235 = DIRECTION('',(0.,0.,1.));
#12236 = DIRECTION('',(1.,0.,-0.));
#12237 = DEFINITIONAL_REPRESENTATION('',(#12238),#12242);
#12238 = CIRCLE('',#12239,3.5);
#12239 = AXIS2_PLACEMENT_2D('',#12240,#12241);
#12240 = CARTESIAN_POINT('',(7.105427357601E-15,3.552713678801E-15));
#12241 = DIRECTION('',(1.,0.));
#12242 = ( GEOMETRIC_REPRESENTATION_CONTEXT(2) 
PARAMETRIC_REPRESENTATION_CONTEXT() REPRESENTATION_CONTEXT('2D SPACE',''
  ) );
#12243 = ORIENTED_EDGE('',*,*,#12194,.F.);
#12244 = ORIENTED_EDGE('',*,*,#11254,.F.);
#12245 = ADVANCED_FACE('',(#12246,#12249),#12232,.T.);
#12246 = FACE_BOUND('',#12247,.T.);
#12247 = EDGE_LOOP('',(#12248));
#12248 = ORIENTED_EDGE('',*,*,#12217,.T.);
#12249 = FACE_BOUND('',#12250,.T.);
#12250 = EDGE_LOOP('',(#12251));
#12251 = ORIENTED_EDGE('',*,*,#12252,.T.);
#12252 = EDGE_CURVE('',#12253,#12253,#12255,.T.);
#12253 = VERTEX_POINT('',#12254);
#12254 = CARTESIAN_POINT('',(36.355,27.96,16.98));
#12255 = SURFACE_CURVE('',#12256,(#12261,#12272),.PCURVE_S1.);
#12256 = CIRCLE('',#12257,1.585);
#12257 = AXIS2_PLACEMENT_3D('',#12258,#12259,#12260);
#12258 = CARTESIAN_POINT('',(37.94,27.96,16.98));
#12259 = DIRECTION('',(0.,0.,-1.));
#12260 = DIRECTION('',(-1.,0.,0.));
#12261 = PCURVE('',#12232,#12262);
#12262 = DEFINITIONAL_REPRESENTATION('',(#12263),#12271);
#12263 = ( BOUNDED_CURVE() B_SPLINE_CURVE(2,(#12264,#12265,#12266,#12267
    ,#12268,#12269,#12270),.UNSPECIFIED.,.T.,.F.) 
B_SPLINE_CURVE_WITH_KNOTS((1,2,2,2,2,1),(-2.094395102393,0.,
    2.094395102393,4.188790204786,6.28318530718,8.377580409573),
.UNSPECIFIED.) CURVE() GEOMETRIC_REPRESENTATION_ITEM() 
RATIONAL_B_SPLINE_CURVE((1.,0.5,1.,0.5,1.,0.5,1.)) REPRESENTATION_ITEM(
  '') );
#12264 = CARTESIAN_POINT('',(-1.585,3.552713678801E-15));
#12265 = CARTESIAN_POINT('',(-1.585,2.745300529997));
#12266 = CARTESIAN_POINT('',(0.7925,1.372650264998));
#12267 = CARTESIAN_POINT('',(3.17,3.94092671413E-15));
#12268 = CARTESIAN_POINT('',(0.7925,-1.372650264998));
#12269 = CARTESIAN_POINT('',(-1.585,-2.745300529997));
#12270 = CARTESIAN_POINT('',(-1.585,3.552713678801E-15));
#12271 = ( GEOMETRIC_REPRESENTATION_CONTEXT(2) 
PARAMETRIC_REPRESENTATION_CONTEXT() REPRESENTATION_CONTEXT('2D SPACE',''
  ) );
#12272 = PCURVE('',#12273,#12278);
#12273 = CYLINDRICAL_SURFACE('',#12274,1.585);
#12274 = AXIS2_PLACEMENT_3D('',#12275,#12276,#12277);
#12275 = CARTESIAN_POINT('',(37.94,27.96,16.98));
#12276 = DIRECTION('',(0.,0.,-1.));
#12277 = DIRECTION('',(-1.,0.,0.));
#12278 = DEFINITIONAL_REPRESENTATION('',(#12279),#12283);
#12279 = LINE('',#12280,#12281);
#12280 = CARTESIAN_POINT('',(0.,0.));
#12281 = VECTOR('',#12282,1.);
#12282 = DIRECTION('',(1.,0.));
#12283 = ( GEOMETRIC_REPRESENTATION_CONTEXT(2) 
PARAMETRIC_REPRESENTATION_CONTEXT() REPRESENTATION_CONTEXT('2D SPACE',''
  ) );
#12284 = ADVANCED_FACE('',(#12285),#12273,.F.);
#12285 = FACE_BOUND('',#12286,.F.);
#12286 = EDGE_LOOP('',(#12287,#12316,#12337,#12338));
#12287 = ORIENTED_EDGE('',*,*,#12288,.F.);
#12288 = EDGE_CURVE('',#12289,#12289,#12291,.T.);
#12289 = VERTEX_POINT('',#12290);
#12290 = CARTESIAN_POINT('',(36.355,27.96,12.5));
#12291 = SURFACE_CURVE('',#12292,(#12297,#12304),.PCURVE_S1.);
#12292 = CIRCLE('',#12293,1.585);
#12293 = AXIS2_PLACEMENT_3D('',#12294,#12295,#12296);
#12294 = CARTESIAN_POINT('',(37.94,27.96,12.5));
#12295 = DIRECTION('',(0.,0.,-1.));
#12296 = DIRECTION('',(-1.,0.,0.));
#12297 = PCURVE('',#12273,#12298);
#12298 = DEFINITIONAL_REPRESENTATION('',(#12299),#12303);
#12299 = LINE('',#12300,#12301);
#12300 = CARTESIAN_POINT('',(0.,4.48));
#12301 = VECTOR('',#12302,1.);
#12302 = DIRECTION('',(1.,0.));
#12303 = ( GEOMETRIC_REPRESENTATION_CONTEXT(2) 
PARAMETRIC_REPRESENTATION_CONTEXT() REPRESENTATION_CONTEXT('2D SPACE',''
  ) );
#12304 = PCURVE('',#12305,#12310);
#12305 = PLANE('',#12306);
#12306 = AXIS2_PLACEMENT_3D('',#12307,#12308,#12309);
#12307 = CARTESIAN_POINT('',(37.94,27.96,12.5));
#12308 = DIRECTION('',(0.,0.,-1.));
#12309 = DIRECTION('',(-1.,0.,0.));
#12310 = DEFINITIONAL_REPRESENTATION('',(#12311),#12315);
#12311 = CIRCLE('',#12312,1.585);
#12312 = AXIS2_PLACEMENT_2D('',#12313,#12314);
#12313 = CARTESIAN_POINT('',(0.,0.));
#12314 = DIRECTION('',(1.,0.));
#12315 = ( GEOMETRIC_REPRESENTATION_CONTEXT(2) 
PARAMETRIC_REPRESENTATION_CONTEXT() REPRESENTATION_CONTEXT('2D SPACE',''
  ) );
#12316 = ORIENTED_EDGE('',*,*,#12317,.F.);
#12317 = EDGE_CURVE('',#12253,#12289,#12318,.T.);
#12318 = SEAM_CURVE('',#12319,(#12323,#12330),.PCURVE_S1.);
#12319 = LINE('',#12320,#12321);
#12320 = CARTESIAN_POINT('',(36.355,27.96,16.98));
#12321 = VECTOR('',#12322,1.);
#12322 = DIRECTION('',(0.,0.,-1.));
#12323 = PCURVE('',#12273,#12324);
#12324 = DEFINITIONAL_REPRESENTATION('',(#12325),#12329);
#12325 = LINE('',#12326,#12327);
#12326 = CARTESIAN_POINT('',(6.28318530718,-0.));
#12327 = VECTOR('',#12328,1.);
#12328 = DIRECTION('',(0.,1.));
#12329 = ( GEOMETRIC_REPRESENTATION_CONTEXT(2) 
PARAMETRIC_REPRESENTATION_CONTEXT() REPRESENTATION_CONTEXT('2D SPACE',''
  ) );
#12330 = PCURVE('',#12273,#12331);
#12331 = DEFINITIONAL_REPRESENTATION('',(#12332),#12336);
#12332 = LINE('',#12333,#12334);
#12333 = CARTESIAN_POINT('',(0.,-0.));
#12334 = VECTOR('',#12335,1.);
#12335 = DIRECTION('',(0.,1.));
#12336 = ( GEOMETRIC_REPRESENTATION_CONTEXT(2) 
PARAMETRIC_REPRESENTATION_CONTEXT() REPRESENTATION_CONTEXT('2D SPACE',''
  ) );
#12337 = ORIENTED_EDGE('',*,*,#12252,.T.);
#12338 = ORIENTED_EDGE('',*,*,#12317,.T.);
#12339 = ADVANCED_FACE('',(#12340,#12343),#12305,.F.);
#12340 = FACE_BOUND('',#12341,.F.);
#12341 = EDGE_LOOP('',(#12342));
#12342 = ORIENTED_EDGE('',*,*,#12288,.T.);
#12343 = FACE_BOUND('',#12344,.F.);
#12344 = EDGE_LOOP('',(#12345));
#12345 = ORIENTED_EDGE('',*,*,#12346,.F.);
#12346 = EDGE_CURVE('',#12347,#12347,#12349,.T.);
#12347 = VERTEX_POINT('',#12348);
#12348 = CARTESIAN_POINT('',(36.49,27.96,12.5));
#12349 = SURFACE_CURVE('',#12350,(#12355,#12362),.PCURVE_S1.);
#12350 = CIRCLE('',#12351,1.45);
#12351 = AXIS2_PLACEMENT_3D('',#12352,#12353,#12354);
#12352 = CARTESIAN_POINT('',(37.94,27.96,12.5));
#12353 = DIRECTION('',(0.,0.,-1.));
#12354 = DIRECTION('',(-1.,0.,0.));
#12355 = PCURVE('',#12305,#12356);
#12356 = DEFINITIONAL_REPRESENTATION('',(#12357),#12361);
#12357 = CIRCLE('',#12358,1.45);
#12358 = AXIS2_PLACEMENT_2D('',#12359,#12360);
#12359 = CARTESIAN_POINT('',(0.,0.));
#12360 = DIRECTION('',(1.,0.));
#12361 = ( GEOMETRIC_REPRESENTATION_CONTEXT(2) 
PARAMETRIC_REPRESENTATION_CONTEXT() REPRESENTATION_CONTEXT('2D SPACE',''
  ) );
#12362 = PCURVE('',#12363,#12368);
#12363 = CYLINDRICAL_SURFACE('',#12364,1.45);
#12364 = AXIS2_PLACEMENT_3D('',#12365,#12366,#12367);
#12365 = CARTESIAN_POINT('',(37.94,27.96,16.98));
#12366 = DIRECTION('',(0.,0.,-1.));
#12367 = DIRECTION('',(-1.,0.,0.));
#12368 = DEFINITIONAL_REPRESENTATION('',(#12369),#12373);
#12369 = LINE('',#12370,#12371);
#12370 = CARTESIAN_POINT('',(0.,4.48));
#12371 = VECTOR('',#12372,1.);
#12372 = DIRECTION('',(1.,0.));
#12373 = ( GEOMETRIC_REPRESENTATION_CONTEXT(2) 
PARAMETRIC_REPRESENTATION_CONTEXT() REPRESENTATION_CONTEXT('2D SPACE',''
  ) );
#12374 = ADVANCED_FACE('',(#12375),#12363,.F.);
#12375 = FACE_BOUND('',#12376,.F.);
#12376 = EDGE_LOOP('',(#12377,#12400,#12427,#12428));
#12377 = ORIENTED_EDGE('',*,*,#12378,.T.);
#12378 = EDGE_CURVE('',#12347,#12379,#12381,.T.);
#12379 = VERTEX_POINT('',#12380);
#12380 = CARTESIAN_POINT('',(36.49,27.96,8.5));
#12381 = SEAM_CURVE('',#12382,(#12386,#12393),.PCURVE_S1.);
#12382 = LINE('',#12383,#12384);
#12383 = CARTESIAN_POINT('',(36.49,27.96,16.98));
#12384 = VECTOR('',#12385,1.);
#12385 = DIRECTION('',(0.,0.,-1.));
#12386 = PCURVE('',#12363,#12387);
#12387 = DEFINITIONAL_REPRESENTATION('',(#12388),#12392);
#12388 = LINE('',#12389,#12390);
#12389 = CARTESIAN_POINT('',(6.28318530718,-0.));
#12390 = VECTOR('',#12391,1.);
#12391 = DIRECTION('',(0.,1.));
#12392 = ( GEOMETRIC_REPRESENTATION_CONTEXT(2) 
PARAMETRIC_REPRESENTATION_CONTEXT() REPRESENTATION_CONTEXT('2D SPACE',''
  ) );
#12393 = PCURVE('',#12363,#12394);
#12394 = DEFINITIONAL_REPRESENTATION('',(#12395),#12399);
#12395 = LINE('',#12396,#12397);
#12396 = CARTESIAN_POINT('',(0.,-0.));
#12397 = VECTOR('',#12398,1.);
#12398 = DIRECTION('',(0.,1.));
#12399 = ( GEOMETRIC_REPRESENTATION_CONTEXT(2) 
PARAMETRIC_REPRESENTATION_CONTEXT() REPRESENTATION_CONTEXT('2D SPACE',''
  ) );
#12400 = ORIENTED_EDGE('',*,*,#12401,.F.);
#12401 = EDGE_CURVE('',#12379,#12379,#12402,.T.);
#12402 = SURFACE_CURVE('',#12403,(#12408,#12415),.PCURVE_S1.);
#12403 = CIRCLE('',#12404,1.45);
#12404 = AXIS2_PLACEMENT_3D('',#12405,#12406,#12407);
#12405 = CARTESIAN_POINT('',(37.94,27.96,8.5));
#12406 = DIRECTION('',(0.,0.,-1.));
#12407 = DIRECTION('',(-1.,0.,0.));
#12408 = PCURVE('',#12363,#12409);
#12409 = DEFINITIONAL_REPRESENTATION('',(#12410),#12414);
#12410 = LINE('',#12411,#12412);
#12411 = CARTESIAN_POINT('',(0.,8.48));
#12412 = VECTOR('',#12413,1.);
#12413 = DIRECTION('',(1.,0.));
#12414 = ( GEOMETRIC_REPRESENTATION_CONTEXT(2) 
PARAMETRIC_REPRESENTATION_CONTEXT() REPRESENTATION_CONTEXT('2D SPACE',''
  ) );
#12415 = PCURVE('',#12416,#12421);
#12416 = PLANE('',#12417);
#12417 = AXIS2_PLACEMENT_3D('',#12418,#12419,#12420);
#12418 = CARTESIAN_POINT('',(37.94,27.96,8.5));
#12419 = DIRECTION('',(0.,0.,-1.));
#12420 = DIRECTION('',(-1.,0.,0.));
#12421 = DEFINITIONAL_REPRESENTATION('',(#12422),#12426);
#12422 = CIRCLE('',#12423,1.45);
#12423 = AXIS2_PLACEMENT_2D('',#12424,#12425);
#12424 = CARTESIAN_POINT('',(0.,0.));
#12425 = DIRECTION('',(1.,0.));
#12426 = ( GEOMETRIC_REPRESENTATION_CONTEXT(2) 
PARAMETRIC_REPRESENTATION_CONTEXT() REPRESENTATION_CONTEXT('2D SPACE',''
  ) );
#12427 = ORIENTED_EDGE('',*,*,#12378,.F.);
#12428 = ORIENTED_EDGE('',*,*,#12346,.T.);
#12429 = ADVANCED_FACE('',(#12430),#12416,.F.);
#12430 = FACE_BOUND('',#12431,.F.);
#12431 = EDGE_LOOP('',(#12432));
#12432 = ORIENTED_EDGE('',*,*,#12401,.T.);
#12433 = ADVANCED_FACE('',(#12434),#11240,.T.);
#12434 = FACE_BOUND('',#12435,.F.);
#12435 = EDGE_LOOP('',(#12436,#12459,#12486,#12487));
#12436 = ORIENTED_EDGE('',*,*,#12437,.T.);
#12437 = EDGE_CURVE('',#11224,#12438,#12440,.T.);
#12438 = VERTEX_POINT('',#12439);
#12439 = CARTESIAN_POINT('',(35.2,24.,18.98));
#12440 = SEAM_CURVE('',#12441,(#12445,#12452),.PCURVE_S1.);
#12441 = LINE('',#12442,#12443);
#12442 = CARTESIAN_POINT('',(35.2,24.,6.5));
#12443 = VECTOR('',#12444,1.);
#12444 = DIRECTION('',(0.,0.,1.));
#12445 = PCURVE('',#11240,#12446);
#12446 = DEFINITIONAL_REPRESENTATION('',(#12447),#12451);
#12447 = LINE('',#12448,#12449);
#12448 = CARTESIAN_POINT('',(-0.,0.));
#12449 = VECTOR('',#12450,1.);
#12450 = DIRECTION('',(-0.,-1.));
#12451 = ( GEOMETRIC_REPRESENTATION_CONTEXT(2) 
PARAMETRIC_REPRESENTATION_CONTEXT() REPRESENTATION_CONTEXT('2D SPACE',''
  ) );
#12452 = PCURVE('',#11240,#12453);
#12453 = DEFINITIONAL_REPRESENTATION('',(#12454),#12458);
#12454 = LINE('',#12455,#12456);
#12455 = CARTESIAN_POINT('',(-6.28318530718,0.));
#12456 = VECTOR('',#12457,1.);
#12457 = DIRECTION('',(-0.,-1.));
#12458 = ( GEOMETRIC_REPRESENTATION_CONTEXT(2) 
PARAMETRIC_REPRESENTATION_CONTEXT() REPRESENTATION_CONTEXT('2D SPACE',''
  ) );
#12459 = ORIENTED_EDGE('',*,*,#12460,.T.);
#12460 = EDGE_CURVE('',#12438,#12438,#12461,.T.);
#12461 = SURFACE_CURVE('',#12462,(#12467,#12474),.PCURVE_S1.);
#12462 = CIRCLE('',#12463,1.3);
#12463 = AXIS2_PLACEMENT_3D('',#12464,#12465,#12466);
#12464 = CARTESIAN_POINT('',(33.9,24.,18.98));
#12465 = DIRECTION('',(0.,0.,1.));
#12466 = DIRECTION('',(1.,0.,0.));
#12467 = PCURVE('',#11240,#12468);
#12468 = DEFINITIONAL_REPRESENTATION('',(#12469),#12473);
#12469 = LINE('',#12470,#12471);
#12470 = CARTESIAN_POINT('',(-0.,-12.48));
#12471 = VECTOR('',#12472,1.);
#12472 = DIRECTION('',(-1.,0.));
#12473 = ( GEOMETRIC_REPRESENTATION_CONTEXT(2) 
PARAMETRIC_REPRESENTATION_CONTEXT() REPRESENTATION_CONTEXT('2D SPACE',''
  ) );
#12474 = PCURVE('',#12475,#12480);
#12475 = PLANE('',#12476);
#12476 = AXIS2_PLACEMENT_3D('',#12477,#12478,#12479);
#12477 = CARTESIAN_POINT('',(33.9,24.,18.98));
#12478 = DIRECTION('',(0.,0.,1.));
#12479 = DIRECTION('',(1.,0.,-0.));
#12480 = DEFINITIONAL_REPRESENTATION('',(#12481),#12485);
#12481 = CIRCLE('',#12482,1.3);
#12482 = AXIS2_PLACEMENT_2D('',#12483,#12484);
#12483 = CARTESIAN_POINT('',(0.,-3.552713678801E-15));
#12484 = DIRECTION('',(1.,0.));
#12485 = ( GEOMETRIC_REPRESENTATION_CONTEXT(2) 
PARAMETRIC_REPRESENTATION_CONTEXT() REPRESENTATION_CONTEXT('2D SPACE',''
  ) );
#12486 = ORIENTED_EDGE('',*,*,#12437,.F.);
#12487 = ORIENTED_EDGE('',*,*,#11223,.F.);
#12488 = ADVANCED_FACE('',(#12489),#12475,.T.);
#12489 = FACE_BOUND('',#12490,.T.);
#12490 = EDGE_LOOP('',(#12491));
#12491 = ORIENTED_EDGE('',*,*,#12460,.T.);
#12492 = ADVANCED_FACE('',(#12493),#11209,.T.);
#12493 = FACE_BOUND('',#12494,.F.);
#12494 = EDGE_LOOP('',(#12495,#12518,#12545,#12546));
#12495 = ORIENTED_EDGE('',*,*,#12496,.T.);
#12496 = EDGE_CURVE('',#11193,#12497,#12499,.T.);
#12497 = VERTEX_POINT('',#12498);
#12498 = CARTESIAN_POINT('',(159.,8.5,9.5));
#12499 = SEAM_CURVE('',#12500,(#12504,#12511),.PCURVE_S1.);
#12500 = LINE('',#12501,#12502);
#12501 = CARTESIAN_POINT('',(159.,8.5,6.5));
#12502 = VECTOR('',#12503,1.);
#12503 = DIRECTION('',(0.,0.,1.));
#12504 = PCURVE('',#11209,#12505);
#12505 = DEFINITIONAL_REPRESENTATION('',(#12506),#12510);
#12506 = LINE('',#12507,#12508);
#12507 = CARTESIAN_POINT('',(-0.,0.));
#12508 = VECTOR('',#12509,1.);
#12509 = DIRECTION('',(-0.,-1.));
#12510 = ( GEOMETRIC_REPRESENTATION_CONTEXT(2) 
PARAMETRIC_REPRESENTATION_CONTEXT() REPRESENTATION_CONTEXT('2D SPACE',''
  ) );
#12511 = PCURVE('',#11209,#12512);
#12512 = DEFINITIONAL_REPRESENTATION('',(#12513),#12517);
#12513 = LINE('',#12514,#12515);
#12514 = CARTESIAN_POINT('',(-6.28318530718,0.));
#12515 = VECTOR('',#12516,1.);
#12516 = DIRECTION('',(-0.,-1.));
#12517 = ( GEOMETRIC_REPRESENTATION_CONTEXT(2) 
PARAMETRIC_REPRESENTATION_CONTEXT() REPRESENTATION_CONTEXT('2D SPACE',''
  ) );
#12518 = ORIENTED_EDGE('',*,*,#12519,.T.);
#12519 = EDGE_CURVE('',#12497,#12497,#12520,.T.);
#12520 = SURFACE_CURVE('',#12521,(#12526,#12533),.PCURVE_S1.);
#12521 = CIRCLE('',#12522,2.2);
#12522 = AXIS2_PLACEMENT_3D('',#12523,#12524,#12525);
#12523 = CARTESIAN_POINT('',(156.8,8.5,9.5));
#12524 = DIRECTION('',(0.,0.,1.));
#12525 = DIRECTION('',(1.,0.,0.));
#12526 = PCURVE('',#11209,#12527);
#12527 = DEFINITIONAL_REPRESENTATION('',(#12528),#12532);
#12528 = LINE('',#12529,#12530);
#12529 = CARTESIAN_POINT('',(-0.,-3.));
#12530 = VECTOR('',#12531,1.);
#12531 = DIRECTION('',(-1.,0.));
#12532 = ( GEOMETRIC_REPRESENTATION_CONTEXT(2) 
PARAMETRIC_REPRESENTATION_CONTEXT() REPRESENTATION_CONTEXT('2D SPACE',''
  ) );
#12533 = PCURVE('',#12534,#12539);
#12534 = PLANE('',#12535);
#12535 = AXIS2_PLACEMENT_3D('',#12536,#12537,#12538);
#12536 = CARTESIAN_POINT('',(156.8,8.5,9.5));
#12537 = DIRECTION('',(0.,0.,1.));
#12538 = DIRECTION('',(1.,0.,-0.));
#12539 = DEFINITIONAL_REPRESENTATION('',(#12540),#12544);
#12540 = CIRCLE('',#12541,2.2);
#12541 = AXIS2_PLACEMENT_2D('',#12542,#12543);
#12542 = CARTESIAN_POINT('',(2.84217094304E-14,0.));
#12543 = DIRECTION('',(1.,0.));
#12544 = ( GEOMETRIC_REPRESENTATION_CONTEXT(2) 
PARAMETRIC_REPRESENTATION_CONTEXT() REPRESENTATION_CONTEXT('2D SPACE',''
  ) );
#12545 = ORIENTED_EDGE('',*,*,#12496,.F.);
#12546 = ORIENTED_EDGE('',*,*,#11192,.F.);
#12547 = ADVANCED_FACE('',(#12548),#12534,.T.);
#12548 = FACE_BOUND('',#12549,.T.);
#12549 = EDGE_LOOP('',(#12550));
#12550 = ORIENTED_EDGE('',*,*,#12519,.T.);
#12551 = ADVANCED_FACE('',(#12552),#11178,.T.);
#12552 = FACE_BOUND('',#12553,.F.);
#12553 = EDGE_LOOP('',(#12554,#12577,#12604,#12605));
#12554 = ORIENTED_EDGE('',*,*,#12555,.T.);
#12555 = EDGE_CURVE('',#11162,#12556,#12558,.T.);
#12556 = VERTEX_POINT('',#12557);
#12557 = CARTESIAN_POINT('',(147.2,8.5,9.5));
#12558 = SEAM_CURVE('',#12559,(#12563,#12570),.PCURVE_S1.);
#12559 = LINE('',#12560,#12561);
#12560 = CARTESIAN_POINT('',(147.2,8.5,6.5));
#12561 = VECTOR('',#12562,1.);
#12562 = DIRECTION('',(0.,0.,1.));
#12563 = PCURVE('',#11178,#12564);
#12564 = DEFINITIONAL_REPRESENTATION('',(#12565),#12569);
#12565 = LINE('',#12566,#12567);
#12566 = CARTESIAN_POINT('',(-0.,0.));
#12567 = VECTOR('',#12568,1.);
#12568 = DIRECTION('',(-0.,-1.));
#12569 = ( GEOMETRIC_REPRESENTATION_CONTEXT(2) 
PARAMETRIC_REPRESENTATION_CONTEXT() REPRESENTATION_CONTEXT('2D SPACE',''
  ) );
#12570 = PCURVE('',#11178,#12571);
#12571 = DEFINITIONAL_REPRESENTATION('',(#12572),#12576);
#12572 = LINE('',#12573,#12574);
#12573 = CARTESIAN_POINT('',(-6.28318530718,0.));
#12574 = VECTOR('',#12575,1.);
#12575 = DIRECTION('',(-0.,-1.));
#12576 = ( GEOMETRIC_REPRESENTATION_CONTEXT(2) 
PARAMETRIC_REPRESENTATION_CONTEXT() REPRESENTATION_CONTEXT('2D SPACE',''
  ) );
#12577 = ORIENTED_EDGE('',*,*,#12578,.T.);
#12578 = EDGE_CURVE('',#12556,#12556,#12579,.T.);
#12579 = SURFACE_CURVE('',#12580,(#12585,#12592),.PCURVE_S1.);
#12580 = CIRCLE('',#12581,2.2);
#12581 = AXIS2_PLACEMENT_3D('',#12582,#12583,#12584);
#12582 = CARTESIAN_POINT('',(145.,8.5,9.5));
#12583 = DIRECTION('',(0.,0.,1.));
#12584 = DIRECTION('',(1.,0.,0.));
#12585 = PCURVE('',#11178,#12586);
#12586 = DEFINITIONAL_REPRESENTATION('',(#12587),#12591);
#12587 = LINE('',#12588,#12589);
#12588 = CARTESIAN_POINT('',(-0.,-3.));
#12589 = VECTOR('',#12590,1.);
#12590 = DIRECTION('',(-1.,0.));
#12591 = ( GEOMETRIC_REPRESENTATION_CONTEXT(2) 
PARAMETRIC_REPRESENTATION_CONTEXT() REPRESENTATION_CONTEXT('2D SPACE',''
  ) );
#12592 = PCURVE('',#12593,#12598);
#12593 = PLANE('',#12594);
#12594 = AXIS2_PLACEMENT_3D('',#12595,#12596,#12597);
#12595 = CARTESIAN_POINT('',(145.,8.5,9.5));
#12596 = DIRECTION('',(0.,0.,1.));
#12597 = DIRECTION('',(1.,0.,-0.));
#12598 = DEFINITIONAL_REPRESENTATION('',(#12599),#12603);
#12599 = CIRCLE('',#12600,2.2);
#12600 = AXIS2_PLACEMENT_2D('',#12601,#12602);
#12601 = CARTESIAN_POINT('',(0.,0.));
#12602 = DIRECTION('',(1.,0.));
#12603 = ( GEOMETRIC_REPRESENTATION_CONTEXT(2) 
PARAMETRIC_REPRESENTATION_CONTEXT() REPRESENTATION_CONTEXT('2D SPACE',''
  ) );
#12604 = ORIENTED_EDGE('',*,*,#12555,.F.);
#12605 = ORIENTED_EDGE('',*,*,#11161,.F.);
#12606 = ADVANCED_FACE('',(#12607),#12593,.T.);
#12607 = FACE_BOUND('',#12608,.T.);
#12608 = EDGE_LOOP('',(#12609));
#12609 = ORIENTED_EDGE('',*,*,#12578,.T.);
#12610 = ADVANCED_FACE('',(#12611),#11147,.T.);
#12611 = FACE_BOUND('',#12612,.F.);
#12612 = EDGE_LOOP('',(#12613,#12636,#12663,#12664));
#12613 = ORIENTED_EDGE('',*,*,#12614,.T.);
#12614 = EDGE_CURVE('',#11131,#12615,#12617,.T.);
#12615 = VERTEX_POINT('',#12616);
#12616 = CARTESIAN_POINT('',(60.86,8.54,16.98));
#12617 = SEAM_CURVE('',#12618,(#12622,#12629),.PCURVE_S1.);
#12618 = LINE('',#12619,#12620);
#12619 = CARTESIAN_POINT('',(60.86,8.54,6.5));
#12620 = VECTOR('',#12621,1.);
#12621 = DIRECTION('',(0.,0.,1.));
#12622 = PCURVE('',#11147,#12623);
#12623 = DEFINITIONAL_REPRESENTATION('',(#12624),#12628);
#12624 = LINE('',#12625,#12626);
#12625 = CARTESIAN_POINT('',(-0.,0.));
#12626 = VECTOR('',#12627,1.);
#12627 = DIRECTION('',(-0.,-1.));
#12628 = ( GEOMETRIC_REPRESENTATION_CONTEXT(2) 
PARAMETRIC_REPRESENTATION_CONTEXT() REPRESENTATION_CONTEXT('2D SPACE',''
  ) );
#12629 = PCURVE('',#11147,#12630);
#12630 = DEFINITIONAL_REPRESENTATION('',(#12631),#12635);
#12631 = LINE('',#12632,#12633);
#12632 = CARTESIAN_POINT('',(-6.28318530718,0.));
#12633 = VECTOR('',#12634,1.);
#12634 = DIRECTION('',(-0.,-1.));
#12635 = ( GEOMETRIC_REPRESENTATION_CONTEXT(2) 
PARAMETRIC_REPRESENTATION_CONTEXT() REPRESENTATION_CONTEXT('2D SPACE',''
  ) );
#12636 = ORIENTED_EDGE('',*,*,#12637,.T.);
#12637 = EDGE_CURVE('',#12615,#12615,#12638,.T.);
#12638 = SURFACE_CURVE('',#12639,(#12644,#12651),.PCURVE_S1.);
#12639 = CIRCLE('',#12640,3.5);
#12640 = AXIS2_PLACEMENT_3D('',#12641,#12642,#12643);
#12641 = CARTESIAN_POINT('',(57.36,8.54,16.98));
#12642 = DIRECTION('',(0.,0.,1.));
#12643 = DIRECTION('',(1.,0.,0.));
#12644 = PCURVE('',#11147,#12645);
#12645 = DEFINITIONAL_REPRESENTATION('',(#12646),#12650);
#12646 = LINE('',#12647,#12648);
#12647 = CARTESIAN_POINT('',(-0.,-10.48));
#12648 = VECTOR('',#12649,1.);
#12649 = DIRECTION('',(-1.,0.));
#12650 = ( GEOMETRIC_REPRESENTATION_CONTEXT(2) 
PARAMETRIC_REPRESENTATION_CONTEXT() REPRESENTATION_CONTEXT('2D SPACE',''
  ) );
#12651 = PCURVE('',#12652,#12657);
#12652 = PLANE('',#12653);
#12653 = AXIS2_PLACEMENT_3D('',#12654,#12655,#12656);
#12654 = CARTESIAN_POINT('',(57.36,8.54,16.98));
#12655 = DIRECTION('',(0.,0.,1.));
#12656 = DIRECTION('',(1.,0.,-0.));
#12657 = DEFINITIONAL_REPRESENTATION('',(#12658),#12662);
#12658 = CIRCLE('',#12659,3.5);
#12659 = AXIS2_PLACEMENT_2D('',#12660,#12661);
#12660 = CARTESIAN_POINT('',(-7.105427357601E-15,0.));
#12661 = DIRECTION('',(1.,0.));
#12662 = ( GEOMETRIC_REPRESENTATION_CONTEXT(2) 
PARAMETRIC_REPRESENTATION_CONTEXT() REPRESENTATION_CONTEXT('2D SPACE',''
  ) );
#12663 = ORIENTED_EDGE('',*,*,#12614,.F.);
#12664 = ORIENTED_EDGE('',*,*,#11130,.F.);
#12665 = ADVANCED_FACE('',(#12666,#12669),#12652,.T.);
#12666 = FACE_BOUND('',#12667,.T.);
#12667 = EDGE_LOOP('',(#12668));
#12668 = ORIENTED_EDGE('',*,*,#12637,.T.);
#12669 = FACE_BOUND('',#12670,.T.);
#12670 = EDGE_LOOP('',(#12671));
#12671 = ORIENTED_EDGE('',*,*,#12672,.T.);
#12672 = EDGE_CURVE('',#12673,#12673,#12675,.T.);
#12673 = VERTEX_POINT('',#12674);
#12674 = CARTESIAN_POINT('',(55.775,8.54,16.98));
#12675 = SURFACE_CURVE('',#12676,(#12681,#12692),.PCURVE_S1.);
#12676 = CIRCLE('',#12677,1.585);
#12677 = AXIS2_PLACEMENT_3D('',#12678,#12679,#12680);
#12678 = CARTESIAN_POINT('',(57.36,8.54,16.98));
#12679 = DIRECTION('',(0.,0.,-1.));
#12680 = DIRECTION('',(-1.,0.,0.));
#12681 = PCURVE('',#12652,#12682);
#12682 = DEFINITIONAL_REPRESENTATION('',(#12683),#12691);
#12683 = ( BOUNDED_CURVE() B_SPLINE_CURVE(2,(#12684,#12685,#12686,#12687
    ,#12688,#12689,#12690),.UNSPECIFIED.,.T.,.F.) 
B_SPLINE_CURVE_WITH_KNOTS((1,2,2,2,2,1),(-2.094395102393,0.,
    2.094395102393,4.188790204786,6.28318530718,8.377580409573),
.UNSPECIFIED.) CURVE() GEOMETRIC_REPRESENTATION_ITEM() 
RATIONAL_B_SPLINE_CURVE((1.,0.5,1.,0.5,1.,0.5,1.)) REPRESENTATION_ITEM(
  '') );
#12684 = CARTESIAN_POINT('',(-1.585,0.));
#12685 = CARTESIAN_POINT('',(-1.585,2.745300529997));
#12686 = CARTESIAN_POINT('',(0.7925,1.372650264998));
#12687 = CARTESIAN_POINT('',(3.17,3.882130353297E-16));
#12688 = CARTESIAN_POINT('',(0.7925,-1.372650264998));
#12689 = CARTESIAN_POINT('',(-1.585,-2.745300529997));
#12690 = CARTESIAN_POINT('',(-1.585,0.));
#12691 = ( GEOMETRIC_REPRESENTATION_CONTEXT(2) 
PARAMETRIC_REPRESENTATION_CONTEXT() REPRESENTATION_CONTEXT('2D SPACE',''
  ) );
#12692 = PCURVE('',#12693,#12698);
#12693 = CYLINDRICAL_SURFACE('',#12694,1.585);
#12694 = AXIS2_PLACEMENT_3D('',#12695,#12696,#12697);
#12695 = CARTESIAN_POINT('',(57.36,8.54,16.98));
#12696 = DIRECTION('',(0.,0.,-1.));
#12697 = DIRECTION('',(-1.,0.,0.));
#12698 = DEFINITIONAL_REPRESENTATION('',(#12699),#12703);
#12699 = LINE('',#12700,#12701);
#12700 = CARTESIAN_POINT('',(0.,0.));
#12701 = VECTOR('',#12702,1.);
#12702 = DIRECTION('',(1.,0.));
#12703 = ( GEOMETRIC_REPRESENTATION_CONTEXT(2) 
PARAMETRIC_REPRESENTATION_CONTEXT() REPRESENTATION_CONTEXT('2D SPACE',''
  ) );
#12704 = ADVANCED_FACE('',(#12705),#12693,.F.);
#12705 = FACE_BOUND('',#12706,.F.);
#12706 = EDGE_LOOP('',(#12707,#12736,#12757,#12758));
#12707 = ORIENTED_EDGE('',*,*,#12708,.F.);
#12708 = EDGE_CURVE('',#12709,#12709,#12711,.T.);
#12709 = VERTEX_POINT('',#12710);
#12710 = CARTESIAN_POINT('',(55.775,8.54,12.5));
#12711 = SURFACE_CURVE('',#12712,(#12717,#12724),.PCURVE_S1.);
#12712 = CIRCLE('',#12713,1.585);
#12713 = AXIS2_PLACEMENT_3D('',#12714,#12715,#12716);
#12714 = CARTESIAN_POINT('',(57.36,8.54,12.5));
#12715 = DIRECTION('',(0.,0.,-1.));
#12716 = DIRECTION('',(-1.,0.,0.));
#12717 = PCURVE('',#12693,#12718);
#12718 = DEFINITIONAL_REPRESENTATION('',(#12719),#12723);
#12719 = LINE('',#12720,#12721);
#12720 = CARTESIAN_POINT('',(0.,4.48));
#12721 = VECTOR('',#12722,1.);
#12722 = DIRECTION('',(1.,0.));
#12723 = ( GEOMETRIC_REPRESENTATION_CONTEXT(2) 
PARAMETRIC_REPRESENTATION_CONTEXT() REPRESENTATION_CONTEXT('2D SPACE',''
  ) );
#12724 = PCURVE('',#12725,#12730);
#12725 = PLANE('',#12726);
#12726 = AXIS2_PLACEMENT_3D('',#12727,#12728,#12729);
#12727 = CARTESIAN_POINT('',(57.36,8.54,12.5));
#12728 = DIRECTION('',(0.,0.,-1.));
#12729 = DIRECTION('',(-1.,0.,0.));
#12730 = DEFINITIONAL_REPRESENTATION('',(#12731),#12735);
#12731 = CIRCLE('',#12732,1.585);
#12732 = AXIS2_PLACEMENT_2D('',#12733,#12734);
#12733 = CARTESIAN_POINT('',(0.,0.));
#12734 = DIRECTION('',(1.,0.));
#12735 = ( GEOMETRIC_REPRESENTATION_CONTEXT(2) 
PARAMETRIC_REPRESENTATION_CONTEXT() REPRESENTATION_CONTEXT('2D SPACE',''
  ) );
#12736 = ORIENTED_EDGE('',*,*,#12737,.F.);
#12737 = EDGE_CURVE('',#12673,#12709,#12738,.T.);
#12738 = SEAM_CURVE('',#12739,(#12743,#12750),.PCURVE_S1.);
#12739 = LINE('',#12740,#12741);
#12740 = CARTESIAN_POINT('',(55.775,8.54,16.98));
#12741 = VECTOR('',#12742,1.);
#12742 = DIRECTION('',(0.,0.,-1.));
#12743 = PCURVE('',#12693,#12744);
#12744 = DEFINITIONAL_REPRESENTATION('',(#12745),#12749);
#12745 = LINE('',#12746,#12747);
#12746 = CARTESIAN_POINT('',(6.28318530718,-0.));
#12747 = VECTOR('',#12748,1.);
#12748 = DIRECTION('',(0.,1.));
#12749 = ( GEOMETRIC_REPRESENTATION_CONTEXT(2) 
PARAMETRIC_REPRESENTATION_CONTEXT() REPRESENTATION_CONTEXT('2D SPACE',''
  ) );
#12750 = PCURVE('',#12693,#12751);
#12751 = DEFINITIONAL_REPRESENTATION('',(#12752),#12756);
#12752 = LINE('',#12753,#12754);
#12753 = CARTESIAN_POINT('',(0.,-0.));
#12754 = VECTOR('',#12755,1.);
#12755 = DIRECTION('',(0.,1.));
#12756 = ( GEOMETRIC_REPRESENTATION_CONTEXT(2) 
PARAMETRIC_REPRESENTATION_CONTEXT() REPRESENTATION_CONTEXT('2D SPACE',''
  ) );
#12757 = ORIENTED_EDGE('',*,*,#12672,.T.);
#12758 = ORIENTED_EDGE('',*,*,#12737,.T.);
#12759 = ADVANCED_FACE('',(#12760,#12763),#12725,.F.);
#12760 = FACE_BOUND('',#12761,.F.);
#12761 = EDGE_LOOP('',(#12762));
#12762 = ORIENTED_EDGE('',*,*,#12708,.T.);
#12763 = FACE_BOUND('',#12764,.F.);
#12764 = EDGE_LOOP('',(#12765));
#12765 = ORIENTED_EDGE('',*,*,#12766,.F.);
#12766 = EDGE_CURVE('',#12767,#12767,#12769,.T.);
#12767 = VERTEX_POINT('',#12768);
#12768 = CARTESIAN_POINT('',(55.91,8.54,12.5));
#12769 = SURFACE_CURVE('',#12770,(#12775,#12782),.PCURVE_S1.);
#12770 = CIRCLE('',#12771,1.45);
#12771 = AXIS2_PLACEMENT_3D('',#12772,#12773,#12774);
#12772 = CARTESIAN_POINT('',(57.36,8.54,12.5));
#12773 = DIRECTION('',(0.,0.,-1.));
#12774 = DIRECTION('',(-1.,0.,0.));
#12775 = PCURVE('',#12725,#12776);
#12776 = DEFINITIONAL_REPRESENTATION('',(#12777),#12781);
#12777 = CIRCLE('',#12778,1.45);
#12778 = AXIS2_PLACEMENT_2D('',#12779,#12780);
#12779 = CARTESIAN_POINT('',(0.,0.));
#12780 = DIRECTION('',(1.,0.));
#12781 = ( GEOMETRIC_REPRESENTATION_CONTEXT(2) 
PARAMETRIC_REPRESENTATION_CONTEXT() REPRESENTATION_CONTEXT('2D SPACE',''
  ) );
#12782 = PCURVE('',#12783,#12788);
#12783 = CYLINDRICAL_SURFACE('',#12784,1.45);
#12784 = AXIS2_PLACEMENT_3D('',#12785,#12786,#12787);
#12785 = CARTESIAN_POINT('',(57.36,8.54,16.98));
#12786 = DIRECTION('',(0.,0.,-1.));
#12787 = DIRECTION('',(-1.,0.,0.));
#12788 = DEFINITIONAL_REPRESENTATION('',(#12789),#12793);
#12789 = LINE('',#12790,#12791);
#12790 = CARTESIAN_POINT('',(0.,4.48));
#12791 = VECTOR('',#12792,1.);
#12792 = DIRECTION('',(1.,0.));
#12793 = ( GEOMETRIC_REPRESENTATION_CONTEXT(2) 
PARAMETRIC_REPRESENTATION_CONTEXT() REPRESENTATION_CONTEXT('2D SPACE',''
  ) );
#12794 = ADVANCED_FACE('',(#12795),#12783,.F.);
#12795 = FACE_BOUND('',#12796,.F.);
#12796 = EDGE_LOOP('',(#12797,#12820,#12847,#12848));
#12797 = ORIENTED_EDGE('',*,*,#12798,.T.);
#12798 = EDGE_CURVE('',#12767,#12799,#12801,.T.);
#12799 = VERTEX_POINT('',#12800);
#12800 = CARTESIAN_POINT('',(55.91,8.54,8.5));
#12801 = SEAM_CURVE('',#12802,(#12806,#12813),.PCURVE_S1.);
#12802 = LINE('',#12803,#12804);
#12803 = CARTESIAN_POINT('',(55.91,8.54,16.98));
#12804 = VECTOR('',#12805,1.);
#12805 = DIRECTION('',(0.,0.,-1.));
#12806 = PCURVE('',#12783,#12807);
#12807 = DEFINITIONAL_REPRESENTATION('',(#12808),#12812);
#12808 = LINE('',#12809,#12810);
#12809 = CARTESIAN_POINT('',(6.28318530718,-0.));
#12810 = VECTOR('',#12811,1.);
#12811 = DIRECTION('',(0.,1.));
#12812 = ( GEOMETRIC_REPRESENTATION_CONTEXT(2) 
PARAMETRIC_REPRESENTATION_CONTEXT() REPRESENTATION_CONTEXT('2D SPACE',''
  ) );
#12813 = PCURVE('',#12783,#12814);
#12814 = DEFINITIONAL_REPRESENTATION('',(#12815),#12819);
#12815 = LINE('',#12816,#12817);
#12816 = CARTESIAN_POINT('',(0.,-0.));
#12817 = VECTOR('',#12818,1.);
#12818 = DIRECTION('',(0.,1.));
#12819 = ( GEOMETRIC_REPRESENTATION_CONTEXT(2) 
PARAMETRIC_REPRESENTATION_CONTEXT() REPRESENTATION_CONTEXT('2D SPACE',''
  ) );
#12820 = ORIENTED_EDGE('',*,*,#12821,.F.);
#12821 = EDGE_CURVE('',#12799,#12799,#12822,.T.);
#12822 = SURFACE_CURVE('',#12823,(#12828,#12835),.PCURVE_S1.);
#12823 = CIRCLE('',#12824,1.45);
#12824 = AXIS2_PLACEMENT_3D('',#12825,#12826,#12827);
#12825 = CARTESIAN_POINT('',(57.36,8.54,8.5));
#12826 = DIRECTION('',(0.,0.,-1.));
#12827 = DIRECTION('',(-1.,0.,0.));
#12828 = PCURVE('',#12783,#12829);
#12829 = DEFINITIONAL_REPRESENTATION('',(#12830),#12834);
#12830 = LINE('',#12831,#12832);
#12831 = CARTESIAN_POINT('',(0.,8.48));
#12832 = VECTOR('',#12833,1.);
#12833 = DIRECTION('',(1.,0.));
#12834 = ( GEOMETRIC_REPRESENTATION_CONTEXT(2) 
PARAMETRIC_REPRESENTATION_CONTEXT() REPRESENTATION_CONTEXT('2D SPACE',''
  ) );
#12835 = PCURVE('',#12836,#12841);
#12836 = PLANE('',#12837);
#12837 = AXIS2_PLACEMENT_3D('',#12838,#12839,#12840);
#12838 = CARTESIAN_POINT('',(57.36,8.54,8.5));
#12839 = DIRECTION('',(0.,0.,-1.));
#12840 = DIRECTION('',(-1.,0.,0.));
#12841 = DEFINITIONAL_REPRESENTATION('',(#12842),#12846);
#12842 = CIRCLE('',#12843,1.45);
#12843 = AXIS2_PLACEMENT_2D('',#12844,#12845);
#12844 = CARTESIAN_POINT('',(0.,0.));
#12845 = DIRECTION('',(1.,0.));
#12846 = ( GEOMETRIC_REPRESENTATION_CONTEXT(2) 
PARAMETRIC_REPRESENTATION_CONTEXT() REPRESENTATION_CONTEXT('2D SPACE',''
  ) );
#12847 = ORIENTED_EDGE('',*,*,#12798,.F.);
#12848 = ORIENTED_EDGE('',*,*,#12766,.T.);
#12849 = ADVANCED_FACE('',(#12850),#12836,.F.);
#12850 = FACE_BOUND('',#12851,.F.);
#12851 = EDGE_LOOP('',(#12852));
#12852 = ORIENTED_EDGE('',*,*,#12821,.T.);
#12853 = ADVANCED_FACE('',(#12854),#11116,.T.);
#12854 = FACE_BOUND('',#12855,.F.);
#12855 = EDGE_LOOP('',(#12856,#12879,#12906,#12907));
#12856 = ORIENTED_EDGE('',*,*,#12857,.T.);
#12857 = EDGE_CURVE('',#11100,#12858,#12860,.T.);
#12858 = VERTEX_POINT('',#12859);
#12859 = CARTESIAN_POINT('',(41.44,8.54,16.98));
#12860 = SEAM_CURVE('',#12861,(#12865,#12872),.PCURVE_S1.);
#12861 = LINE('',#12862,#12863);
#12862 = CARTESIAN_POINT('',(41.44,8.54,6.5));
#12863 = VECTOR('',#12864,1.);
#12864 = DIRECTION('',(0.,0.,1.));
#12865 = PCURVE('',#11116,#12866);
#12866 = DEFINITIONAL_REPRESENTATION('',(#12867),#12871);
#12867 = LINE('',#12868,#12869);
#12868 = CARTESIAN_POINT('',(-0.,0.));
#12869 = VECTOR('',#12870,1.);
#12870 = DIRECTION('',(-0.,-1.));
#12871 = ( GEOMETRIC_REPRESENTATION_CONTEXT(2) 
PARAMETRIC_REPRESENTATION_CONTEXT() REPRESENTATION_CONTEXT('2D SPACE',''
  ) );
#12872 = PCURVE('',#11116,#12873);
#12873 = DEFINITIONAL_REPRESENTATION('',(#12874),#12878);
#12874 = LINE('',#12875,#12876);
#12875 = CARTESIAN_POINT('',(-6.28318530718,0.));
#12876 = VECTOR('',#12877,1.);
#12877 = DIRECTION('',(-0.,-1.));
#12878 = ( GEOMETRIC_REPRESENTATION_CONTEXT(2) 
PARAMETRIC_REPRESENTATION_CONTEXT() REPRESENTATION_CONTEXT('2D SPACE',''
  ) );
#12879 = ORIENTED_EDGE('',*,*,#12880,.T.);
#12880 = EDGE_CURVE('',#12858,#12858,#12881,.T.);
#12881 = SURFACE_CURVE('',#12882,(#12887,#12894),.PCURVE_S1.);
#12882 = CIRCLE('',#12883,3.5);
#12883 = AXIS2_PLACEMENT_3D('',#12884,#12885,#12886);
#12884 = CARTESIAN_POINT('',(37.94,8.54,16.98));
#12885 = DIRECTION('',(0.,0.,1.));
#12886 = DIRECTION('',(1.,0.,0.));
#12887 = PCURVE('',#11116,#12888);
#12888 = DEFINITIONAL_REPRESENTATION('',(#12889),#12893);
#12889 = LINE('',#12890,#12891);
#12890 = CARTESIAN_POINT('',(-0.,-10.48));
#12891 = VECTOR('',#12892,1.);
#12892 = DIRECTION('',(-1.,0.));
#12893 = ( GEOMETRIC_REPRESENTATION_CONTEXT(2) 
PARAMETRIC_REPRESENTATION_CONTEXT() REPRESENTATION_CONTEXT('2D SPACE',''
  ) );
#12894 = PCURVE('',#12895,#12900);
#12895 = PLANE('',#12896);
#12896 = AXIS2_PLACEMENT_3D('',#12897,#12898,#12899);
#12897 = CARTESIAN_POINT('',(37.94,8.54,16.98));
#12898 = DIRECTION('',(0.,0.,1.));
#12899 = DIRECTION('',(1.,0.,-0.));
#12900 = DEFINITIONAL_REPRESENTATION('',(#12901),#12905);
#12901 = CIRCLE('',#12902,3.5);
#12902 = AXIS2_PLACEMENT_2D('',#12903,#12904);
#12903 = CARTESIAN_POINT('',(0.,0.));
#12904 = DIRECTION('',(1.,0.));
#12905 = ( GEOMETRIC_REPRESENTATION_CONTEXT(2) 
PARAMETRIC_REPRESENTATION_CONTEXT() REPRESENTATION_CONTEXT('2D SPACE',''
  ) );
#12906 = ORIENTED_EDGE('',*,*,#12857,.F.);
#12907 = ORIENTED_EDGE('',*,*,#11099,.F.);
#12908 = ADVANCED_FACE('',(#12909,#12912),#12895,.T.);
#12909 = FACE_BOUND('',#12910,.T.);
#12910 = EDGE_LOOP('',(#12911));
#12911 = ORIENTED_EDGE('',*,*,#12880,.T.);
#12912 = FACE_BOUND('',#12913,.T.);
#12913 = EDGE_LOOP('',(#12914));
#12914 = ORIENTED_EDGE('',*,*,#12915,.T.);
#12915 = EDGE_CURVE('',#12916,#12916,#12918,.T.);
#12916 = VERTEX_POINT('',#12917);
#12917 = CARTESIAN_POINT('',(36.355,8.54,16.98));
#12918 = SURFACE_CURVE('',#12919,(#12924,#12935),.PCURVE_S1.);
#12919 = CIRCLE('',#12920,1.585);
#12920 = AXIS2_PLACEMENT_3D('',#12921,#12922,#12923);
#12921 = CARTESIAN_POINT('',(37.94,8.54,16.98));
#12922 = DIRECTION('',(0.,0.,-1.));
#12923 = DIRECTION('',(-1.,0.,0.));
#12924 = PCURVE('',#12895,#12925);
#12925 = DEFINITIONAL_REPRESENTATION('',(#12926),#12934);
#12926 = ( BOUNDED_CURVE() B_SPLINE_CURVE(2,(#12927,#12928,#12929,#12930
    ,#12931,#12932,#12933),.UNSPECIFIED.,.T.,.F.) 
B_SPLINE_CURVE_WITH_KNOTS((1,2,2,2,2,1),(-2.094395102393,0.,
    2.094395102393,4.188790204786,6.28318530718,8.377580409573),
.UNSPECIFIED.) CURVE() GEOMETRIC_REPRESENTATION_ITEM() 
RATIONAL_B_SPLINE_CURVE((1.,0.5,1.,0.5,1.,0.5,1.)) REPRESENTATION_ITEM(
  '') );
#12927 = CARTESIAN_POINT('',(-1.585,0.));
#12928 = CARTESIAN_POINT('',(-1.585,2.745300529997));
#12929 = CARTESIAN_POINT('',(0.7925,1.372650264998));
#12930 = CARTESIAN_POINT('',(3.17,3.882130353297E-16));
#12931 = CARTESIAN_POINT('',(0.7925,-1.372650264998));
#12932 = CARTESIAN_POINT('',(-1.585,-2.745300529997));
#12933 = CARTESIAN_POINT('',(-1.585,0.));
#12934 = ( GEOMETRIC_REPRESENTATION_CONTEXT(2) 
PARAMETRIC_REPRESENTATION_CONTEXT() REPRESENTATION_CONTEXT('2D SPACE',''
  ) );
#12935 = PCURVE('',#12936,#12941);
#12936 = CYLINDRICAL_SURFACE('',#12937,1.585);
#12937 = AXIS2_PLACEMENT_3D('',#12938,#12939,#12940);
#12938 = CARTESIAN_POINT('',(37.94,8.54,16.98));
#12939 = DIRECTION('',(0.,0.,-1.));
#12940 = DIRECTION('',(-1.,0.,0.));
#12941 = DEFINITIONAL_REPRESENTATION('',(#12942),#12946);
#12942 = LINE('',#12943,#12944);
#12943 = CARTESIAN_POINT('',(0.,0.));
#12944 = VECTOR('',#12945,1.);
#12945 = DIRECTION('',(1.,0.));
#12946 = ( GEOMETRIC_REPRESENTATION_CONTEXT(2) 
PARAMETRIC_REPRESENTATION_CONTEXT() REPRESENTATION_CONTEXT('2D SPACE',''
  ) );
#12947 = ADVANCED_FACE('',(#12948),#12936,.F.);
#12948 = FACE_BOUND('',#12949,.F.);
#12949 = EDGE_LOOP('',(#12950,#12979,#13000,#13001));
#12950 = ORIENTED_EDGE('',*,*,#12951,.F.);
#12951 = EDGE_CURVE('',#12952,#12952,#12954,.T.);
#12952 = VERTEX_POINT('',#12953);
#12953 = CARTESIAN_POINT('',(36.355,8.54,12.5));
#12954 = SURFACE_CURVE('',#12955,(#12960,#12967),.PCURVE_S1.);
#12955 = CIRCLE('',#12956,1.585);
#12956 = AXIS2_PLACEMENT_3D('',#12957,#12958,#12959);
#12957 = CARTESIAN_POINT('',(37.94,8.54,12.5));
#12958 = DIRECTION('',(0.,0.,-1.));
#12959 = DIRECTION('',(-1.,0.,0.));
#12960 = PCURVE('',#12936,#12961);
#12961 = DEFINITIONAL_REPRESENTATION('',(#12962),#12966);
#12962 = LINE('',#12963,#12964);
#12963 = CARTESIAN_POINT('',(0.,4.48));
#12964 = VECTOR('',#12965,1.);
#12965 = DIRECTION('',(1.,0.));
#12966 = ( GEOMETRIC_REPRESENTATION_CONTEXT(2) 
PARAMETRIC_REPRESENTATION_CONTEXT() REPRESENTATION_CONTEXT('2D SPACE',''
  ) );
#12967 = PCURVE('',#12968,#12973);
#12968 = PLANE('',#12969);
#12969 = AXIS2_PLACEMENT_3D('',#12970,#12971,#12972);
#12970 = CARTESIAN_POINT('',(37.94,8.54,12.5));
#12971 = DIRECTION('',(0.,0.,-1.));
#12972 = DIRECTION('',(-1.,0.,0.));
#12973 = DEFINITIONAL_REPRESENTATION('',(#12974),#12978);
#12974 = CIRCLE('',#12975,1.585);
#12975 = AXIS2_PLACEMENT_2D('',#12976,#12977);
#12976 = CARTESIAN_POINT('',(0.,0.));
#12977 = DIRECTION('',(1.,0.));
#12978 = ( GEOMETRIC_REPRESENTATION_CONTEXT(2) 
PARAMETRIC_REPRESENTATION_CONTEXT() REPRESENTATION_CONTEXT('2D SPACE',''
  ) );
#12979 = ORIENTED_EDGE('',*,*,#12980,.F.);
#12980 = EDGE_CURVE('',#12916,#12952,#12981,.T.);
#12981 = SEAM_CURVE('',#12982,(#12986,#12993),.PCURVE_S1.);
#12982 = LINE('',#12983,#12984);
#12983 = CARTESIAN_POINT('',(36.355,8.54,16.98));
#12984 = VECTOR('',#12985,1.);
#12985 = DIRECTION('',(0.,0.,-1.));
#12986 = PCURVE('',#12936,#12987);
#12987 = DEFINITIONAL_REPRESENTATION('',(#12988),#12992);
#12988 = LINE('',#12989,#12990);
#12989 = CARTESIAN_POINT('',(6.28318530718,-0.));
#12990 = VECTOR('',#12991,1.);
#12991 = DIRECTION('',(0.,1.));
#12992 = ( GEOMETRIC_REPRESENTATION_CONTEXT(2) 
PARAMETRIC_REPRESENTATION_CONTEXT() REPRESENTATION_CONTEXT('2D SPACE',''
  ) );
#12993 = PCURVE('',#12936,#12994);
#12994 = DEFINITIONAL_REPRESENTATION('',(#12995),#12999);
#12995 = LINE('',#12996,#12997);
#12996 = CARTESIAN_POINT('',(0.,-0.));
#12997 = VECTOR('',#12998,1.);
#12998 = DIRECTION('',(0.,1.));
#12999 = ( GEOMETRIC_REPRESENTATION_CONTEXT(2) 
PARAMETRIC_REPRESENTATION_CONTEXT() REPRESENTATION_CONTEXT('2D SPACE',''
  ) );
#13000 = ORIENTED_EDGE('',*,*,#12915,.T.);
#13001 = ORIENTED_EDGE('',*,*,#12980,.T.);
#13002 = ADVANCED_FACE('',(#13003,#13006),#12968,.F.);
#13003 = FACE_BOUND('',#13004,.F.);
#13004 = EDGE_LOOP('',(#13005));
#13005 = ORIENTED_EDGE('',*,*,#12951,.T.);
#13006 = FACE_BOUND('',#13007,.F.);
#13007 = EDGE_LOOP('',(#13008));
#13008 = ORIENTED_EDGE('',*,*,#13009,.F.);
#13009 = EDGE_CURVE('',#13010,#13010,#13012,.T.);
#13010 = VERTEX_POINT('',#13011);
#13011 = CARTESIAN_POINT('',(36.49,8.54,12.5));
#13012 = SURFACE_CURVE('',#13013,(#13018,#13025),.PCURVE_S1.);
#13013 = CIRCLE('',#13014,1.45);
#13014 = AXIS2_PLACEMENT_3D('',#13015,#13016,#13017);
#13015 = CARTESIAN_POINT('',(37.94,8.54,12.5));
#13016 = DIRECTION('',(0.,0.,-1.));
#13017 = DIRECTION('',(-1.,0.,0.));
#13018 = PCURVE('',#12968,#13019);
#13019 = DEFINITIONAL_REPRESENTATION('',(#13020),#13024);
#13020 = CIRCLE('',#13021,1.45);
#13021 = AXIS2_PLACEMENT_2D('',#13022,#13023);
#13022 = CARTESIAN_POINT('',(0.,0.));
#13023 = DIRECTION('',(1.,0.));
#13024 = ( GEOMETRIC_REPRESENTATION_CONTEXT(2) 
PARAMETRIC_REPRESENTATION_CONTEXT() REPRESENTATION_CONTEXT('2D SPACE',''
  ) );
#13025 = PCURVE('',#13026,#13031);
#13026 = CYLINDRICAL_SURFACE('',#13027,1.45);
#13027 = AXIS2_PLACEMENT_3D('',#13028,#13029,#13030);
#13028 = CARTESIAN_POINT('',(37.94,8.54,16.98));
#13029 = DIRECTION('',(0.,0.,-1.));
#13030 = DIRECTION('',(-1.,0.,0.));
#13031 = DEFINITIONAL_REPRESENTATION('',(#13032),#13036);
#13032 = LINE('',#13033,#13034);
#13033 = CARTESIAN_POINT('',(0.,4.48));
#13034 = VECTOR('',#13035,1.);
#13035 = DIRECTION('',(1.,0.));
#13036 = ( GEOMETRIC_REPRESENTATION_CONTEXT(2) 
PARAMETRIC_REPRESENTATION_CONTEXT() REPRESENTATION_CONTEXT('2D SPACE',''
  ) );
#13037 = ADVANCED_FACE('',(#13038),#13026,.F.);
#13038 = FACE_BOUND('',#13039,.F.);
#13039 = EDGE_LOOP('',(#13040,#13063,#13090,#13091));
#13040 = ORIENTED_EDGE('',*,*,#13041,.T.);
#13041 = EDGE_CURVE('',#13010,#13042,#13044,.T.);
#13042 = VERTEX_POINT('',#13043);
#13043 = CARTESIAN_POINT('',(36.49,8.54,8.5));
#13044 = SEAM_CURVE('',#13045,(#13049,#13056),.PCURVE_S1.);
#13045 = LINE('',#13046,#13047);
#13046 = CARTESIAN_POINT('',(36.49,8.54,16.98));
#13047 = VECTOR('',#13048,1.);
#13048 = DIRECTION('',(0.,0.,-1.));
#13049 = PCURVE('',#13026,#13050);
#13050 = DEFINITIONAL_REPRESENTATION('',(#13051),#13055);
#13051 = LINE('',#13052,#13053);
#13052 = CARTESIAN_POINT('',(6.28318530718,-0.));
#13053 = VECTOR('',#13054,1.);
#13054 = DIRECTION('',(0.,1.));
#13055 = ( GEOMETRIC_REPRESENTATION_CONTEXT(2) 
PARAMETRIC_REPRESENTATION_CONTEXT() REPRESENTATION_CONTEXT('2D SPACE',''
  ) );
#13056 = PCURVE('',#13026,#13057);
#13057 = DEFINITIONAL_REPRESENTATION('',(#13058),#13062);
#13058 = LINE('',#13059,#13060);
#13059 = CARTESIAN_POINT('',(0.,-0.));
#13060 = VECTOR('',#13061,1.);
#13061 = DIRECTION('',(0.,1.));
#13062 = ( GEOMETRIC_REPRESENTATION_CONTEXT(2) 
PARAMETRIC_REPRESENTATION_CONTEXT() REPRESENTATION_CONTEXT('2D SPACE',''
  ) );
#13063 = ORIENTED_EDGE('',*,*,#13064,.F.);
#13064 = EDGE_CURVE('',#13042,#13042,#13065,.T.);
#13065 = SURFACE_CURVE('',#13066,(#13071,#13078),.PCURVE_S1.);
#13066 = CIRCLE('',#13067,1.45);
#13067 = AXIS2_PLACEMENT_3D('',#13068,#13069,#13070);
#13068 = CARTESIAN_POINT('',(37.94,8.54,8.5));
#13069 = DIRECTION('',(0.,0.,-1.));
#13070 = DIRECTION('',(-1.,0.,0.));
#13071 = PCURVE('',#13026,#13072);
#13072 = DEFINITIONAL_REPRESENTATION('',(#13073),#13077);
#13073 = LINE('',#13074,#13075);
#13074 = CARTESIAN_POINT('',(0.,8.48));
#13075 = VECTOR('',#13076,1.);
#13076 = DIRECTION('',(1.,0.));
#13077 = ( GEOMETRIC_REPRESENTATION_CONTEXT(2) 
PARAMETRIC_REPRESENTATION_CONTEXT() REPRESENTATION_CONTEXT('2D SPACE',''
  ) );
#13078 = PCURVE('',#13079,#13084);
#13079 = PLANE('',#13080);
#13080 = AXIS2_PLACEMENT_3D('',#13081,#13082,#13083);
#13081 = CARTESIAN_POINT('',(37.94,8.54,8.5));
#13082 = DIRECTION('',(0.,0.,-1.));
#13083 = DIRECTION('',(-1.,0.,0.));
#13084 = DEFINITIONAL_REPRESENTATION('',(#13085),#13089);
#13085 = CIRCLE('',#13086,1.45);
#13086 = AXIS2_PLACEMENT_2D('',#13087,#13088);
#13087 = CARTESIAN_POINT('',(0.,0.));
#13088 = DIRECTION('',(1.,0.));
#13089 = ( GEOMETRIC_REPRESENTATION_CONTEXT(2) 
PARAMETRIC_REPRESENTATION_CONTEXT() REPRESENTATION_CONTEXT('2D SPACE',''
  ) );
#13090 = ORIENTED_EDGE('',*,*,#13041,.F.);
#13091 = ORIENTED_EDGE('',*,*,#13009,.T.);
#13092 = ADVANCED_FACE('',(#13093),#13079,.F.);
#13093 = FACE_BOUND('',#13094,.F.);
#13094 = EDGE_LOOP('',(#13095));
#13095 = ORIENTED_EDGE('',*,*,#13064,.T.);
#13096 = ADVANCED_FACE('',(#13097),#11085,.T.);
#13097 = FACE_BOUND('',#13098,.F.);
#13098 = EDGE_LOOP('',(#13099,#13122,#13149,#13150));
#13099 = ORIENTED_EDGE('',*,*,#13100,.T.);
#13100 = EDGE_CURVE('',#11069,#13101,#13103,.T.);
#13101 = VERTEX_POINT('',#13102);
#13102 = CARTESIAN_POINT('',(33.86,8.54,16.98));
#13103 = SEAM_CURVE('',#13104,(#13108,#13115),.PCURVE_S1.);
#13104 = LINE('',#13105,#13106);
#13105 = CARTESIAN_POINT('',(33.86,8.54,6.5));
#13106 = VECTOR('',#13107,1.);
#13107 = DIRECTION('',(0.,0.,1.));
#13108 = PCURVE('',#11085,#13109);
#13109 = DEFINITIONAL_REPRESENTATION('',(#13110),#13114);
#13110 = LINE('',#13111,#13112);
#13111 = CARTESIAN_POINT('',(-0.,0.));
#13112 = VECTOR('',#13113,1.);
#13113 = DIRECTION('',(-0.,-1.));
#13114 = ( GEOMETRIC_REPRESENTATION_CONTEXT(2) 
PARAMETRIC_REPRESENTATION_CONTEXT() REPRESENTATION_CONTEXT('2D SPACE',''
  ) );
#13115 = PCURVE('',#11085,#13116);
#13116 = DEFINITIONAL_REPRESENTATION('',(#13117),#13121);
#13117 = LINE('',#13118,#13119);
#13118 = CARTESIAN_POINT('',(-6.28318530718,0.));
#13119 = VECTOR('',#13120,1.);
#13120 = DIRECTION('',(-0.,-1.));
#13121 = ( GEOMETRIC_REPRESENTATION_CONTEXT(2) 
PARAMETRIC_REPRESENTATION_CONTEXT() REPRESENTATION_CONTEXT('2D SPACE',''
  ) );
#13122 = ORIENTED_EDGE('',*,*,#13123,.T.);
#13123 = EDGE_CURVE('',#13101,#13101,#13124,.T.);
#13124 = SURFACE_CURVE('',#13125,(#13130,#13137),.PCURVE_S1.);
#13125 = CIRCLE('',#13126,3.5);
#13126 = AXIS2_PLACEMENT_3D('',#13127,#13128,#13129);
#13127 = CARTESIAN_POINT('',(30.36,8.54,16.98));
#13128 = DIRECTION('',(0.,0.,1.));
#13129 = DIRECTION('',(1.,0.,0.));
#13130 = PCURVE('',#11085,#13131);
#13131 = DEFINITIONAL_REPRESENTATION('',(#13132),#13136);
#13132 = LINE('',#13133,#13134);
#13133 = CARTESIAN_POINT('',(-0.,-10.48));
#13134 = VECTOR('',#13135,1.);
#13135 = DIRECTION('',(-1.,0.));
#13136 = ( GEOMETRIC_REPRESENTATION_CONTEXT(2) 
PARAMETRIC_REPRESENTATION_CONTEXT() REPRESENTATION_CONTEXT('2D SPACE',''
  ) );
#13137 = PCURVE('',#13138,#13143);
#13138 = PLANE('',#13139);
#13139 = AXIS2_PLACEMENT_3D('',#13140,#13141,#13142);
#13140 = CARTESIAN_POINT('',(30.36,8.54,16.98));
#13141 = DIRECTION('',(0.,0.,1.));
#13142 = DIRECTION('',(1.,0.,-0.));
#13143 = DEFINITIONAL_REPRESENTATION('',(#13144),#13148);
#13144 = CIRCLE('',#13145,3.5);
#13145 = AXIS2_PLACEMENT_2D('',#13146,#13147);
#13146 = CARTESIAN_POINT('',(-3.552713678801E-15,0.));
#13147 = DIRECTION('',(1.,0.));
#13148 = ( GEOMETRIC_REPRESENTATION_CONTEXT(2) 
PARAMETRIC_REPRESENTATION_CONTEXT() REPRESENTATION_CONTEXT('2D SPACE',''
  ) );
#13149 = ORIENTED_EDGE('',*,*,#13100,.F.);
#13150 = ORIENTED_EDGE('',*,*,#11068,.F.);
#13151 = ADVANCED_FACE('',(#13152,#13155),#13138,.T.);
#13152 = FACE_BOUND('',#13153,.T.);
#13153 = EDGE_LOOP('',(#13154));
#13154 = ORIENTED_EDGE('',*,*,#13123,.T.);
#13155 = FACE_BOUND('',#13156,.T.);
#13156 = EDGE_LOOP('',(#13157));
#13157 = ORIENTED_EDGE('',*,*,#13158,.T.);
#13158 = EDGE_CURVE('',#13159,#13159,#13161,.T.);
#13159 = VERTEX_POINT('',#13160);
#13160 = CARTESIAN_POINT('',(28.775,8.54,16.98));
#13161 = SURFACE_CURVE('',#13162,(#13167,#13178),.PCURVE_S1.);
#13162 = CIRCLE('',#13163,1.585);
#13163 = AXIS2_PLACEMENT_3D('',#13164,#13165,#13166);
#13164 = CARTESIAN_POINT('',(30.36,8.54,16.98));
#13165 = DIRECTION('',(0.,0.,-1.));
#13166 = DIRECTION('',(-1.,0.,0.));
#13167 = PCURVE('',#13138,#13168);
#13168 = DEFINITIONAL_REPRESENTATION('',(#13169),#13177);
#13169 = ( BOUNDED_CURVE() B_SPLINE_CURVE(2,(#13170,#13171,#13172,#13173
    ,#13174,#13175,#13176),.UNSPECIFIED.,.T.,.F.) 
B_SPLINE_CURVE_WITH_KNOTS((1,2,2,2,2,1),(-2.094395102393,0.,
    2.094395102393,4.188790204786,6.28318530718,8.377580409573),
.UNSPECIFIED.) CURVE() GEOMETRIC_REPRESENTATION_ITEM() 
RATIONAL_B_SPLINE_CURVE((1.,0.5,1.,0.5,1.,0.5,1.)) REPRESENTATION_ITEM(
  '') );
#13170 = CARTESIAN_POINT('',(-1.585,0.));
#13171 = CARTESIAN_POINT('',(-1.585,2.745300529997));
#13172 = CARTESIAN_POINT('',(0.7925,1.372650264998));
#13173 = CARTESIAN_POINT('',(3.17,3.882130353297E-16));
#13174 = CARTESIAN_POINT('',(0.7925,-1.372650264998));
#13175 = CARTESIAN_POINT('',(-1.585,-2.745300529997));
#13176 = CARTESIAN_POINT('',(-1.585,0.));
#13177 = ( GEOMETRIC_REPRESENTATION_CONTEXT(2) 
PARAMETRIC_REPRESENTATION_CONTEXT() REPRESENTATION_CONTEXT('2D SPACE',''
  ) );
#13178 = PCURVE('',#13179,#13184);
#13179 = CYLINDRICAL_SURFACE('',#13180,1.585);
#13180 = AXIS2_PLACEMENT_3D('',#13181,#13182,#13183);
#13181 = CARTESIAN_POINT('',(30.36,8.54,16.98));
#13182 = DIRECTION('',(0.,0.,-1.));
#13183 = DIRECTION('',(-1.,0.,0.));
#13184 = DEFINITIONAL_REPRESENTATION('',(#13185),#13189);
#13185 = LINE('',#13186,#13187);
#13186 = CARTESIAN_POINT('',(0.,0.));
#13187 = VECTOR('',#13188,1.);
#13188 = DIRECTION('',(1.,0.));
#13189 = ( GEOMETRIC_REPRESENTATION_CONTEXT(2) 
PARAMETRIC_REPRESENTATION_CONTEXT() REPRESENTATION_CONTEXT('2D SPACE',''
  ) );
#13190 = ADVANCED_FACE('',(#13191),#13179,.F.);
#13191 = FACE_BOUND('',#13192,.F.);
#13192 = EDGE_LOOP('',(#13193,#13222,#13243,#13244));
#13193 = ORIENTED_EDGE('',*,*,#13194,.F.);
#13194 = EDGE_CURVE('',#13195,#13195,#13197,.T.);
#13195 = VERTEX_POINT('',#13196);
#13196 = CARTESIAN_POINT('',(28.775,8.54,12.5));
#13197 = SURFACE_CURVE('',#13198,(#13203,#13210),.PCURVE_S1.);
#13198 = CIRCLE('',#13199,1.585);
#13199 = AXIS2_PLACEMENT_3D('',#13200,#13201,#13202);
#13200 = CARTESIAN_POINT('',(30.36,8.54,12.5));
#13201 = DIRECTION('',(0.,0.,-1.));
#13202 = DIRECTION('',(-1.,0.,0.));
#13203 = PCURVE('',#13179,#13204);
#13204 = DEFINITIONAL_REPRESENTATION('',(#13205),#13209);
#13205 = LINE('',#13206,#13207);
#13206 = CARTESIAN_POINT('',(0.,4.48));
#13207 = VECTOR('',#13208,1.);
#13208 = DIRECTION('',(1.,0.));
#13209 = ( GEOMETRIC_REPRESENTATION_CONTEXT(2) 
PARAMETRIC_REPRESENTATION_CONTEXT() REPRESENTATION_CONTEXT('2D SPACE',''
  ) );
#13210 = PCURVE('',#13211,#13216);
#13211 = PLANE('',#13212);
#13212 = AXIS2_PLACEMENT_3D('',#13213,#13214,#13215);
#13213 = CARTESIAN_POINT('',(30.36,8.54,12.5));
#13214 = DIRECTION('',(0.,0.,-1.));
#13215 = DIRECTION('',(-1.,0.,0.));
#13216 = DEFINITIONAL_REPRESENTATION('',(#13217),#13221);
#13217 = CIRCLE('',#13218,1.585);
#13218 = AXIS2_PLACEMENT_2D('',#13219,#13220);
#13219 = CARTESIAN_POINT('',(0.,0.));
#13220 = DIRECTION('',(1.,0.));
#13221 = ( GEOMETRIC_REPRESENTATION_CONTEXT(2) 
PARAMETRIC_REPRESENTATION_CONTEXT() REPRESENTATION_CONTEXT('2D SPACE',''
  ) );
#13222 = ORIENTED_EDGE('',*,*,#13223,.F.);
#13223 = EDGE_CURVE('',#13159,#13195,#13224,.T.);
#13224 = SEAM_CURVE('',#13225,(#13229,#13236),.PCURVE_S1.);
#13225 = LINE('',#13226,#13227);
#13226 = CARTESIAN_POINT('',(28.775,8.54,16.98));
#13227 = VECTOR('',#13228,1.);
#13228 = DIRECTION('',(0.,0.,-1.));
#13229 = PCURVE('',#13179,#13230);
#13230 = DEFINITIONAL_REPRESENTATION('',(#13231),#13235);
#13231 = LINE('',#13232,#13233);
#13232 = CARTESIAN_POINT('',(6.28318530718,-0.));
#13233 = VECTOR('',#13234,1.);
#13234 = DIRECTION('',(0.,1.));
#13235 = ( GEOMETRIC_REPRESENTATION_CONTEXT(2) 
PARAMETRIC_REPRESENTATION_CONTEXT() REPRESENTATION_CONTEXT('2D SPACE',''
  ) );
#13236 = PCURVE('',#13179,#13237);
#13237 = DEFINITIONAL_REPRESENTATION('',(#13238),#13242);
#13238 = LINE('',#13239,#13240);
#13239 = CARTESIAN_POINT('',(0.,-0.));
#13240 = VECTOR('',#13241,1.);
#13241 = DIRECTION('',(0.,1.));
#13242 = ( GEOMETRIC_REPRESENTATION_CONTEXT(2) 
PARAMETRIC_REPRESENTATION_CONTEXT() REPRESENTATION_CONTEXT('2D SPACE',''
  ) );
#13243 = ORIENTED_EDGE('',*,*,#13158,.T.);
#13244 = ORIENTED_EDGE('',*,*,#13223,.T.);
#13245 = ADVANCED_FACE('',(#13246,#13249),#13211,.F.);
#13246 = FACE_BOUND('',#13247,.F.);
#13247 = EDGE_LOOP('',(#13248));
#13248 = ORIENTED_EDGE('',*,*,#13194,.T.);
#13249 = FACE_BOUND('',#13250,.F.);
#13250 = EDGE_LOOP('',(#13251));
#13251 = ORIENTED_EDGE('',*,*,#13252,.F.);
#13252 = EDGE_CURVE('',#13253,#13253,#13255,.T.);
#13253 = VERTEX_POINT('',#13254);
#13254 = CARTESIAN_POINT('',(28.91,8.54,12.5));
#13255 = SURFACE_CURVE('',#13256,(#13261,#13268),.PCURVE_S1.);
#13256 = CIRCLE('',#13257,1.45);
#13257 = AXIS2_PLACEMENT_3D('',#13258,#13259,#13260);
#13258 = CARTESIAN_POINT('',(30.36,8.54,12.5));
#13259 = DIRECTION('',(0.,0.,-1.));
#13260 = DIRECTION('',(-1.,0.,0.));
#13261 = PCURVE('',#13211,#13262);
#13262 = DEFINITIONAL_REPRESENTATION('',(#13263),#13267);
#13263 = CIRCLE('',#13264,1.45);
#13264 = AXIS2_PLACEMENT_2D('',#13265,#13266);
#13265 = CARTESIAN_POINT('',(0.,0.));
#13266 = DIRECTION('',(1.,0.));
#13267 = ( GEOMETRIC_REPRESENTATION_CONTEXT(2) 
PARAMETRIC_REPRESENTATION_CONTEXT() REPRESENTATION_CONTEXT('2D SPACE',''
  ) );
#13268 = PCURVE('',#13269,#13274);
#13269 = CYLINDRICAL_SURFACE('',#13270,1.45);
#13270 = AXIS2_PLACEMENT_3D('',#13271,#13272,#13273);
#13271 = CARTESIAN_POINT('',(30.36,8.54,16.98));
#13272 = DIRECTION('',(0.,0.,-1.));
#13273 = DIRECTION('',(-1.,0.,0.));
#13274 = DEFINITIONAL_REPRESENTATION('',(#13275),#13279);
#13275 = LINE('',#13276,#13277);
#13276 = CARTESIAN_POINT('',(0.,4.48));
#13277 = VECTOR('',#13278,1.);
#13278 = DIRECTION('',(1.,0.));
#13279 = ( GEOMETRIC_REPRESENTATION_CONTEXT(2) 
PARAMETRIC_REPRESENTATION_CONTEXT() REPRESENTATION_CONTEXT('2D SPACE',''
  ) );
#13280 = ADVANCED_FACE('',(#13281),#13269,.F.);
#13281 = FACE_BOUND('',#13282,.F.);
#13282 = EDGE_LOOP('',(#13283,#13306,#13333,#13334));
#13283 = ORIENTED_EDGE('',*,*,#13284,.T.);
#13284 = EDGE_CURVE('',#13253,#13285,#13287,.T.);
#13285 = VERTEX_POINT('',#13286);
#13286 = CARTESIAN_POINT('',(28.91,8.54,8.5));
#13287 = SEAM_CURVE('',#13288,(#13292,#13299),.PCURVE_S1.);
#13288 = LINE('',#13289,#13290);
#13289 = CARTESIAN_POINT('',(28.91,8.54,16.98));
#13290 = VECTOR('',#13291,1.);
#13291 = DIRECTION('',(0.,0.,-1.));
#13292 = PCURVE('',#13269,#13293);
#13293 = DEFINITIONAL_REPRESENTATION('',(#13294),#13298);
#13294 = LINE('',#13295,#13296);
#13295 = CARTESIAN_POINT('',(6.28318530718,-0.));
#13296 = VECTOR('',#13297,1.);
#13297 = DIRECTION('',(0.,1.));
#13298 = ( GEOMETRIC_REPRESENTATION_CONTEXT(2) 
PARAMETRIC_REPRESENTATION_CONTEXT() REPRESENTATION_CONTEXT('2D SPACE',''
  ) );
#13299 = PCURVE('',#13269,#13300);
#13300 = DEFINITIONAL_REPRESENTATION('',(#13301),#13305);
#13301 = LINE('',#13302,#13303);
#13302 = CARTESIAN_POINT('',(0.,-0.));
#13303 = VECTOR('',#13304,1.);
#13304 = DIRECTION('',(0.,1.));
#13305 = ( GEOMETRIC_REPRESENTATION_CONTEXT(2) 
PARAMETRIC_REPRESENTATION_CONTEXT() REPRESENTATION_CONTEXT('2D SPACE',''
  ) );
#13306 = ORIENTED_EDGE('',*,*,#13307,.F.);
#13307 = EDGE_CURVE('',#13285,#13285,#13308,.T.);
#13308 = SURFACE_CURVE('',#13309,(#13314,#13321),.PCURVE_S1.);
#13309 = CIRCLE('',#13310,1.45);
#13310 = AXIS2_PLACEMENT_3D('',#13311,#13312,#13313);
#13311 = CARTESIAN_POINT('',(30.36,8.54,8.5));
#13312 = DIRECTION('',(0.,0.,-1.));
#13313 = DIRECTION('',(-1.,0.,0.));
#13314 = PCURVE('',#13269,#13315);
#13315 = DEFINITIONAL_REPRESENTATION('',(#13316),#13320);
#13316 = LINE('',#13317,#13318);
#13317 = CARTESIAN_POINT('',(0.,8.48));
#13318 = VECTOR('',#13319,1.);
#13319 = DIRECTION('',(1.,0.));
#13320 = ( GEOMETRIC_REPRESENTATION_CONTEXT(2) 
PARAMETRIC_REPRESENTATION_CONTEXT() REPRESENTATION_CONTEXT('2D SPACE',''
  ) );
#13321 = PCURVE('',#13322,#13327);
#13322 = PLANE('',#13323);
#13323 = AXIS2_PLACEMENT_3D('',#13324,#13325,#13326);
#13324 = CARTESIAN_POINT('',(30.36,8.54,8.5));
#13325 = DIRECTION('',(0.,0.,-1.));
#13326 = DIRECTION('',(-1.,0.,0.));
#13327 = DEFINITIONAL_REPRESENTATION('',(#13328),#13332);
#13328 = CIRCLE('',#13329,1.45);
#13329 = AXIS2_PLACEMENT_2D('',#13330,#13331);
#13330 = CARTESIAN_POINT('',(0.,0.));
#13331 = DIRECTION('',(1.,0.));
#13332 = ( GEOMETRIC_REPRESENTATION_CONTEXT(2) 
PARAMETRIC_REPRESENTATION_CONTEXT() REPRESENTATION_CONTEXT('2D SPACE',''
  ) );
#13333 = ORIENTED_EDGE('',*,*,#13284,.F.);
#13334 = ORIENTED_EDGE('',*,*,#13252,.T.);
#13335 = ADVANCED_FACE('',(#13336),#13322,.F.);
#13336 = FACE_BOUND('',#13337,.F.);
#13337 = EDGE_LOOP('',(#13338));
#13338 = ORIENTED_EDGE('',*,*,#13307,.T.);
#13339 = ADVANCED_FACE('',(#13340),#11003,.T.);
#13340 = FACE_BOUND('',#13341,.F.);
#13341 = EDGE_LOOP('',(#13342,#13343,#13366,#13393,#13394,#13395));
#13342 = ORIENTED_EDGE('',*,*,#10986,.F.);
#13343 = ORIENTED_EDGE('',*,*,#13344,.T.);
#13344 = EDGE_CURVE('',#10987,#13345,#13347,.T.);
#13345 = VERTEX_POINT('',#13346);
#13346 = CARTESIAN_POINT('',(16.04,20.46,16.98));
#13347 = SEAM_CURVE('',#13348,(#13352,#13359),.PCURVE_S1.);
#13348 = LINE('',#13349,#13350);
#13349 = CARTESIAN_POINT('',(16.04,20.46,6.5));
#13350 = VECTOR('',#13351,1.);
#13351 = DIRECTION('',(0.,0.,1.));
#13352 = PCURVE('',#11003,#13353);
#13353 = DEFINITIONAL_REPRESENTATION('',(#13354),#13358);
#13354 = LINE('',#13355,#13356);
#13355 = CARTESIAN_POINT('',(-6.28318530718,0.));
#13356 = VECTOR('',#13357,1.);
#13357 = DIRECTION('',(-0.,-1.));
#13358 = ( GEOMETRIC_REPRESENTATION_CONTEXT(2) 
PARAMETRIC_REPRESENTATION_CONTEXT() REPRESENTATION_CONTEXT('2D SPACE',''
  ) );
#13359 = PCURVE('',#11003,#13360);
#13360 = DEFINITIONAL_REPRESENTATION('',(#13361),#13365);
#13361 = LINE('',#13362,#13363);
#13362 = CARTESIAN_POINT('',(-0.,0.));
#13363 = VECTOR('',#13364,1.);
#13364 = DIRECTION('',(-0.,-1.));
#13365 = ( GEOMETRIC_REPRESENTATION_CONTEXT(2) 
PARAMETRIC_REPRESENTATION_CONTEXT() REPRESENTATION_CONTEXT('2D SPACE',''
  ) );
#13366 = ORIENTED_EDGE('',*,*,#13367,.T.);
#13367 = EDGE_CURVE('',#13345,#13345,#13368,.T.);
#13368 = SURFACE_CURVE('',#13369,(#13374,#13381),.PCURVE_S1.);
#13369 = CIRCLE('',#13370,3.5);
#13370 = AXIS2_PLACEMENT_3D('',#13371,#13372,#13373);
#13371 = CARTESIAN_POINT('',(12.54,20.46,16.98));
#13372 = DIRECTION('',(0.,0.,1.));
#13373 = DIRECTION('',(1.,0.,0.));
#13374 = PCURVE('',#11003,#13375);
#13375 = DEFINITIONAL_REPRESENTATION('',(#13376),#13380);
#13376 = LINE('',#13377,#13378);
#13377 = CARTESIAN_POINT('',(-0.,-10.48));
#13378 = VECTOR('',#13379,1.);
#13379 = DIRECTION('',(-1.,0.));
#13380 = ( GEOMETRIC_REPRESENTATION_CONTEXT(2) 
PARAMETRIC_REPRESENTATION_CONTEXT() REPRESENTATION_CONTEXT('2D SPACE',''
  ) );
#13381 = PCURVE('',#13382,#13387);
#13382 = PLANE('',#13383);
#13383 = AXIS2_PLACEMENT_3D('',#13384,#13385,#13386);
#13384 = CARTESIAN_POINT('',(12.54,20.46,16.98));
#13385 = DIRECTION('',(0.,0.,1.));
#13386 = DIRECTION('',(1.,0.,-0.));
#13387 = DEFINITIONAL_REPRESENTATION('',(#13388),#13392);
#13388 = CIRCLE('',#13389,3.5);
#13389 = AXIS2_PLACEMENT_2D('',#13390,#13391);
#13390 = CARTESIAN_POINT('',(0.,0.));
#13391 = DIRECTION('',(1.,0.));
#13392 = ( GEOMETRIC_REPRESENTATION_CONTEXT(2) 
PARAMETRIC_REPRESENTATION_CONTEXT() REPRESENTATION_CONTEXT('2D SPACE',''
  ) );
#13393 = ORIENTED_EDGE('',*,*,#13344,.F.);
#13394 = ORIENTED_EDGE('',*,*,#11015,.F.);
#13395 = ORIENTED_EDGE('',*,*,#13396,.F.);
#13396 = EDGE_CURVE('',#10964,#11016,#13397,.T.);
#13397 = SURFACE_CURVE('',#13398,(#13403,#13410),.PCURVE_S1.);
#13398 = CIRCLE('',#13399,3.5);
#13399 = AXIS2_PLACEMENT_3D('',#13400,#13401,#13402);
#13400 = CARTESIAN_POINT('',(12.54,20.46,6.5));
#13401 = DIRECTION('',(0.,0.,1.));
#13402 = DIRECTION('',(1.,0.,0.));
#13403 = PCURVE('',#11003,#13404);
#13404 = DEFINITIONAL_REPRESENTATION('',(#13405),#13409);
#13405 = LINE('',#13406,#13407);
#13406 = CARTESIAN_POINT('',(-0.,0.));
#13407 = VECTOR('',#13408,1.);
#13408 = DIRECTION('',(-1.,0.));
#13409 = ( GEOMETRIC_REPRESENTATION_CONTEXT(2) 
PARAMETRIC_REPRESENTATION_CONTEXT() REPRESENTATION_CONTEXT('2D SPACE',''
  ) );
#13410 = PCURVE('',#13411,#13416);
#13411 = PLANE('',#13412);
#13412 = AXIS2_PLACEMENT_3D('',#13413,#13414,#13415);
#13413 = CARTESIAN_POINT('',(12.54,20.46,6.5));
#13414 = DIRECTION('',(0.,0.,1.));
#13415 = DIRECTION('',(1.,0.,-0.));
#13416 = DEFINITIONAL_REPRESENTATION('',(#13417),#13421);
#13417 = CIRCLE('',#13418,3.5);
#13418 = AXIS2_PLACEMENT_2D('',#13419,#13420);
#13419 = CARTESIAN_POINT('',(0.,0.));
#13420 = DIRECTION('',(1.,0.));
#13421 = ( GEOMETRIC_REPRESENTATION_CONTEXT(2) 
PARAMETRIC_REPRESENTATION_CONTEXT() REPRESENTATION_CONTEXT('2D SPACE',''
  ) );
#13422 = ADVANCED_FACE('',(#13423,#13426),#13382,.T.);
#13423 = FACE_BOUND('',#13424,.T.);
#13424 = EDGE_LOOP('',(#13425));
#13425 = ORIENTED_EDGE('',*,*,#13367,.T.);
#13426 = FACE_BOUND('',#13427,.T.);
#13427 = EDGE_LOOP('',(#13428));
#13428 = ORIENTED_EDGE('',*,*,#13429,.T.);
#13429 = EDGE_CURVE('',#13430,#13430,#13432,.T.);
#13430 = VERTEX_POINT('',#13431);
#13431 = CARTESIAN_POINT('',(10.955,20.46,16.98));
#13432 = SURFACE_CURVE('',#13433,(#13438,#13449),.PCURVE_S1.);
#13433 = CIRCLE('',#13434,1.585);
#13434 = AXIS2_PLACEMENT_3D('',#13435,#13436,#13437);
#13435 = CARTESIAN_POINT('',(12.54,20.46,16.98));
#13436 = DIRECTION('',(0.,0.,-1.));
#13437 = DIRECTION('',(-1.,0.,0.));
#13438 = PCURVE('',#13382,#13439);
#13439 = DEFINITIONAL_REPRESENTATION('',(#13440),#13448);
#13440 = ( BOUNDED_CURVE() B_SPLINE_CURVE(2,(#13441,#13442,#13443,#13444
    ,#13445,#13446,#13447),.UNSPECIFIED.,.T.,.F.) 
B_SPLINE_CURVE_WITH_KNOTS((1,2,2,2,2,1),(-2.094395102393,0.,
    2.094395102393,4.188790204786,6.28318530718,8.377580409573),
.UNSPECIFIED.) CURVE() GEOMETRIC_REPRESENTATION_ITEM() 
RATIONAL_B_SPLINE_CURVE((1.,0.5,1.,0.5,1.,0.5,1.)) REPRESENTATION_ITEM(
  '') );
#13441 = CARTESIAN_POINT('',(-1.585,0.));
#13442 = CARTESIAN_POINT('',(-1.585,2.745300529997));
#13443 = CARTESIAN_POINT('',(0.7925,1.372650264998));
#13444 = CARTESIAN_POINT('',(3.17,3.882130353297E-16));
#13445 = CARTESIAN_POINT('',(0.7925,-1.372650264998));
#13446 = CARTESIAN_POINT('',(-1.585,-2.745300529997));
#13447 = CARTESIAN_POINT('',(-1.585,0.));
#13448 = ( GEOMETRIC_REPRESENTATION_CONTEXT(2) 
PARAMETRIC_REPRESENTATION_CONTEXT() REPRESENTATION_CONTEXT('2D SPACE',''
  ) );
#13449 = PCURVE('',#13450,#13455);
#13450 = CYLINDRICAL_SURFACE('',#13451,1.585);
#13451 = AXIS2_PLACEMENT_3D('',#13452,#13453,#13454);
#13452 = CARTESIAN_POINT('',(12.54,20.46,16.98));
#13453 = DIRECTION('',(0.,0.,-1.));
#13454 = DIRECTION('',(-1.,0.,0.));
#13455 = DEFINITIONAL_REPRESENTATION('',(#13456),#13460);
#13456 = LINE('',#13457,#13458);
#13457 = CARTESIAN_POINT('',(0.,0.));
#13458 = VECTOR('',#13459,1.);
#13459 = DIRECTION('',(1.,0.));
#13460 = ( GEOMETRIC_REPRESENTATION_CONTEXT(2) 
PARAMETRIC_REPRESENTATION_CONTEXT() REPRESENTATION_CONTEXT('2D SPACE',''
  ) );
#13461 = ADVANCED_FACE('',(#13462),#13450,.F.);
#13462 = FACE_BOUND('',#13463,.F.);
#13463 = EDGE_LOOP('',(#13464,#13493,#13514,#13515));
#13464 = ORIENTED_EDGE('',*,*,#13465,.F.);
#13465 = EDGE_CURVE('',#13466,#13466,#13468,.T.);
#13466 = VERTEX_POINT('',#13467);
#13467 = CARTESIAN_POINT('',(10.955,20.46,12.5));
#13468 = SURFACE_CURVE('',#13469,(#13474,#13481),.PCURVE_S1.);
#13469 = CIRCLE('',#13470,1.585);
#13470 = AXIS2_PLACEMENT_3D('',#13471,#13472,#13473);
#13471 = CARTESIAN_POINT('',(12.54,20.46,12.5));
#13472 = DIRECTION('',(0.,0.,-1.));
#13473 = DIRECTION('',(-1.,0.,0.));
#13474 = PCURVE('',#13450,#13475);
#13475 = DEFINITIONAL_REPRESENTATION('',(#13476),#13480);
#13476 = LINE('',#13477,#13478);
#13477 = CARTESIAN_POINT('',(0.,4.48));
#13478 = VECTOR('',#13479,1.);
#13479 = DIRECTION('',(1.,0.));
#13480 = ( GEOMETRIC_REPRESENTATION_CONTEXT(2) 
PARAMETRIC_REPRESENTATION_CONTEXT() REPRESENTATION_CONTEXT('2D SPACE',''
  ) );
#13481 = PCURVE('',#13482,#13487);
#13482 = PLANE('',#13483);
#13483 = AXIS2_PLACEMENT_3D('',#13484,#13485,#13486);
#13484 = CARTESIAN_POINT('',(12.54,20.46,12.5));
#13485 = DIRECTION('',(0.,0.,-1.));
#13486 = DIRECTION('',(-1.,0.,0.));
#13487 = DEFINITIONAL_REPRESENTATION('',(#13488),#13492);
#13488 = CIRCLE('',#13489,1.585);
#13489 = AXIS2_PLACEMENT_2D('',#13490,#13491);
#13490 = CARTESIAN_POINT('',(0.,0.));
#13491 = DIRECTION('',(1.,0.));
#13492 = ( GEOMETRIC_REPRESENTATION_CONTEXT(2) 
PARAMETRIC_REPRESENTATION_CONTEXT() REPRESENTATION_CONTEXT('2D SPACE',''
  ) );
#13493 = ORIENTED_EDGE('',*,*,#13494,.F.);
#13494 = EDGE_CURVE('',#13430,#13466,#13495,.T.);
#13495 = SEAM_CURVE('',#13496,(#13500,#13507),.PCURVE_S1.);
#13496 = LINE('',#13497,#13498);
#13497 = CARTESIAN_POINT('',(10.955,20.46,16.98));
#13498 = VECTOR('',#13499,1.);
#13499 = DIRECTION('',(0.,0.,-1.));
#13500 = PCURVE('',#13450,#13501);
#13501 = DEFINITIONAL_REPRESENTATION('',(#13502),#13506);
#13502 = LINE('',#13503,#13504);
#13503 = CARTESIAN_POINT('',(6.28318530718,-0.));
#13504 = VECTOR('',#13505,1.);
#13505 = DIRECTION('',(0.,1.));
#13506 = ( GEOMETRIC_REPRESENTATION_CONTEXT(2) 
PARAMETRIC_REPRESENTATION_CONTEXT() REPRESENTATION_CONTEXT('2D SPACE',''
  ) );
#13507 = PCURVE('',#13450,#13508);
#13508 = DEFINITIONAL_REPRESENTATION('',(#13509),#13513);
#13509 = LINE('',#13510,#13511);
#13510 = CARTESIAN_POINT('',(0.,-0.));
#13511 = VECTOR('',#13512,1.);
#13512 = DIRECTION('',(0.,1.));
#13513 = ( GEOMETRIC_REPRESENTATION_CONTEXT(2) 
PARAMETRIC_REPRESENTATION_CONTEXT() REPRESENTATION_CONTEXT('2D SPACE',''
  ) );
#13514 = ORIENTED_EDGE('',*,*,#13429,.T.);
#13515 = ORIENTED_EDGE('',*,*,#13494,.T.);
#13516 = ADVANCED_FACE('',(#13517,#13520),#13482,.F.);
#13517 = FACE_BOUND('',#13518,.F.);
#13518 = EDGE_LOOP('',(#13519));
#13519 = ORIENTED_EDGE('',*,*,#13465,.T.);
#13520 = FACE_BOUND('',#13521,.F.);
#13521 = EDGE_LOOP('',(#13522));
#13522 = ORIENTED_EDGE('',*,*,#13523,.F.);
#13523 = EDGE_CURVE('',#13524,#13524,#13526,.T.);
#13524 = VERTEX_POINT('',#13525);
#13525 = CARTESIAN_POINT('',(11.09,20.46,12.5));
#13526 = SURFACE_CURVE('',#13527,(#13532,#13539),.PCURVE_S1.);
#13527 = CIRCLE('',#13528,1.45);
#13528 = AXIS2_PLACEMENT_3D('',#13529,#13530,#13531);
#13529 = CARTESIAN_POINT('',(12.54,20.46,12.5));
#13530 = DIRECTION('',(0.,0.,-1.));
#13531 = DIRECTION('',(-1.,0.,0.));
#13532 = PCURVE('',#13482,#13533);
#13533 = DEFINITIONAL_REPRESENTATION('',(#13534),#13538);
#13534 = CIRCLE('',#13535,1.45);
#13535 = AXIS2_PLACEMENT_2D('',#13536,#13537);
#13536 = CARTESIAN_POINT('',(0.,0.));
#13537 = DIRECTION('',(1.,0.));
#13538 = ( GEOMETRIC_REPRESENTATION_CONTEXT(2) 
PARAMETRIC_REPRESENTATION_CONTEXT() REPRESENTATION_CONTEXT('2D SPACE',''
  ) );
#13539 = PCURVE('',#13540,#13545);
#13540 = CYLINDRICAL_SURFACE('',#13541,1.45);
#13541 = AXIS2_PLACEMENT_3D('',#13542,#13543,#13544);
#13542 = CARTESIAN_POINT('',(12.54,20.46,16.98));
#13543 = DIRECTION('',(0.,0.,-1.));
#13544 = DIRECTION('',(-1.,0.,0.));
#13545 = DEFINITIONAL_REPRESENTATION('',(#13546),#13550);
#13546 = LINE('',#13547,#13548);
#13547 = CARTESIAN_POINT('',(0.,4.48));
#13548 = VECTOR('',#13549,1.);
#13549 = DIRECTION('',(1.,0.));
#13550 = ( GEOMETRIC_REPRESENTATION_CONTEXT(2) 
PARAMETRIC_REPRESENTATION_CONTEXT() REPRESENTATION_CONTEXT('2D SPACE',''
  ) );
#13551 = ADVANCED_FACE('',(#13552),#13540,.F.);
#13552 = FACE_BOUND('',#13553,.F.);
#13553 = EDGE_LOOP('',(#13554,#13577,#13604,#13605));
#13554 = ORIENTED_EDGE('',*,*,#13555,.T.);
#13555 = EDGE_CURVE('',#13524,#13556,#13558,.T.);
#13556 = VERTEX_POINT('',#13557);
#13557 = CARTESIAN_POINT('',(11.09,20.46,8.5));
#13558 = SEAM_CURVE('',#13559,(#13563,#13570),.PCURVE_S1.);
#13559 = LINE('',#13560,#13561);
#13560 = CARTESIAN_POINT('',(11.09,20.46,16.98));
#13561 = VECTOR('',#13562,1.);
#13562 = DIRECTION('',(0.,0.,-1.));
#13563 = PCURVE('',#13540,#13564);
#13564 = DEFINITIONAL_REPRESENTATION('',(#13565),#13569);
#13565 = LINE('',#13566,#13567);
#13566 = CARTESIAN_POINT('',(6.28318530718,-0.));
#13567 = VECTOR('',#13568,1.);
#13568 = DIRECTION('',(0.,1.));
#13569 = ( GEOMETRIC_REPRESENTATION_CONTEXT(2) 
PARAMETRIC_REPRESENTATION_CONTEXT() REPRESENTATION_CONTEXT('2D SPACE',''
  ) );
#13570 = PCURVE('',#13540,#13571);
#13571 = DEFINITIONAL_REPRESENTATION('',(#13572),#13576);
#13572 = LINE('',#13573,#13574);
#13573 = CARTESIAN_POINT('',(0.,-0.));
#13574 = VECTOR('',#13575,1.);
#13575 = DIRECTION('',(0.,1.));
#13576 = ( GEOMETRIC_REPRESENTATION_CONTEXT(2) 
PARAMETRIC_REPRESENTATION_CONTEXT() REPRESENTATION_CONTEXT('2D SPACE',''
  ) );
#13577 = ORIENTED_EDGE('',*,*,#13578,.F.);
#13578 = EDGE_CURVE('',#13556,#13556,#13579,.T.);
#13579 = SURFACE_CURVE('',#13580,(#13585,#13592),.PCURVE_S1.);
#13580 = CIRCLE('',#13581,1.45);
#13581 = AXIS2_PLACEMENT_3D('',#13582,#13583,#13584);
#13582 = CARTESIAN_POINT('',(12.54,20.46,8.5));
#13583 = DIRECTION('',(0.,0.,-1.));
#13584 = DIRECTION('',(-1.,0.,0.));
#13585 = PCURVE('',#13540,#13586);
#13586 = DEFINITIONAL_REPRESENTATION('',(#13587),#13591);
#13587 = LINE('',#13588,#13589);
#13588 = CARTESIAN_POINT('',(0.,8.48));
#13589 = VECTOR('',#13590,1.);
#13590 = DIRECTION('',(1.,0.));
#13591 = ( GEOMETRIC_REPRESENTATION_CONTEXT(2) 
PARAMETRIC_REPRESENTATION_CONTEXT() REPRESENTATION_CONTEXT('2D SPACE',''
  ) );
#13592 = PCURVE('',#13593,#13598);
#13593 = PLANE('',#13594);
#13594 = AXIS2_PLACEMENT_3D('',#13595,#13596,#13597);
#13595 = CARTESIAN_POINT('',(12.54,20.46,8.5));
#13596 = DIRECTION('',(0.,0.,-1.));
#13597 = DIRECTION('',(-1.,0.,0.));
#13598 = DEFINITIONAL_REPRESENTATION('',(#13599),#13603);
#13599 = CIRCLE('',#13600,1.45);
#13600 = AXIS2_PLACEMENT_2D('',#13601,#13602);
#13601 = CARTESIAN_POINT('',(0.,0.));
#13602 = DIRECTION('',(1.,0.));
#13603 = ( GEOMETRIC_REPRESENTATION_CONTEXT(2) 
PARAMETRIC_REPRESENTATION_CONTEXT() REPRESENTATION_CONTEXT('2D SPACE',''
  ) );
#13604 = ORIENTED_EDGE('',*,*,#13555,.F.);
#13605 = ORIENTED_EDGE('',*,*,#13523,.T.);
#13606 = ADVANCED_FACE('',(#13607),#13593,.F.);
#13607 = FACE_BOUND('',#13608,.F.);
#13608 = EDGE_LOOP('',(#13609));
#13609 = ORIENTED_EDGE('',*,*,#13578,.T.);
#13610 = ADVANCED_FACE('',(#13611),#13411,.F.);
#13611 = FACE_BOUND('',#13612,.F.);
#13612 = EDGE_LOOP('',(#13613,#13634));
#13613 = ORIENTED_EDGE('',*,*,#13614,.T.);
#13614 = EDGE_CURVE('',#11016,#10964,#13615,.T.);
#13615 = SURFACE_CURVE('',#13616,(#13620,#13627),.PCURVE_S1.);
#13616 = LINE('',#13617,#13618);
#13617 = CARTESIAN_POINT('',(10.,5.,6.5));
#13618 = VECTOR('',#13619,1.);
#13619 = DIRECTION('',(0.,1.,0.));
#13620 = PCURVE('',#13411,#13621);
#13621 = DEFINITIONAL_REPRESENTATION('',(#13622),#13626);
#13622 = LINE('',#13623,#13624);
#13623 = CARTESIAN_POINT('',(-2.54,-15.46));
#13624 = VECTOR('',#13625,1.);
#13625 = DIRECTION('',(0.,1.));
#13626 = ( GEOMETRIC_REPRESENTATION_CONTEXT(2) 
PARAMETRIC_REPRESENTATION_CONTEXT() REPRESENTATION_CONTEXT('2D SPACE',''
  ) );
#13627 = PCURVE('',#1031,#13628);
#13628 = DEFINITIONAL_REPRESENTATION('',(#13629),#13633);
#13629 = LINE('',#13630,#13631);
#13630 = CARTESIAN_POINT('',(4.,0.));
#13631 = VECTOR('',#13632,1.);
#13632 = DIRECTION('',(0.,-1.));
#13633 = ( GEOMETRIC_REPRESENTATION_CONTEXT(2) 
PARAMETRIC_REPRESENTATION_CONTEXT() REPRESENTATION_CONTEXT('2D SPACE',''
  ) );
#13634 = ORIENTED_EDGE('',*,*,#13396,.T.);
#13635 = ADVANCED_FACE('',(#13636),#1203,.F.);
#13636 = FACE_BOUND('',#13637,.F.);
#13637 = EDGE_LOOP('',(#13638,#13668,#13688,#13689,#13690,#13691));
#13638 = ORIENTED_EDGE('',*,*,#13639,.T.);
#13639 = EDGE_CURVE('',#13640,#13642,#13644,.T.);
#13640 = VERTEX_POINT('',#13641);
#13641 = CARTESIAN_POINT('',(221.4,6.,74.5));
#13642 = VERTEX_POINT('',#13643);
#13643 = CARTESIAN_POINT('',(221.4,-6.,74.5));
#13644 = SURFACE_CURVE('',#13645,(#13649,#13656),.PCURVE_S1.);
#13645 = LINE('',#13646,#13647);
#13646 = CARTESIAN_POINT('',(221.4,6.,74.5));
#13647 = VECTOR('',#13648,1.);
#13648 = DIRECTION('',(0.,-1.,0.));
#13649 = PCURVE('',#1203,#13650);
#13650 = DEFINITIONAL_REPRESENTATION('',(#13651),#13655);
#13651 = LINE('',#13652,#13653);
#13652 = CARTESIAN_POINT('',(71.,-6.));
#13653 = VECTOR('',#13654,1.);
#13654 = DIRECTION('',(0.,1.));
#13655 = ( GEOMETRIC_REPRESENTATION_CONTEXT(2) 
PARAMETRIC_REPRESENTATION_CONTEXT() REPRESENTATION_CONTEXT('2D SPACE',''
  ) );
#13656 = PCURVE('',#13657,#13662);
#13657 = PLANE('',#13658);
#13658 = AXIS2_PLACEMENT_3D('',#13659,#13660,#13661);
#13659 = CARTESIAN_POINT('',(3.5,0.,74.5));
#13660 = DIRECTION('',(0.,0.,1.));
#13661 = DIRECTION('',(1.,0.,0.));
#13662 = DEFINITIONAL_REPRESENTATION('',(#13663),#13667);
#13663 = LINE('',#13664,#13665);
#13664 = CARTESIAN_POINT('',(217.9,6.));
#13665 = VECTOR('',#13666,1.);
#13666 = DIRECTION('',(0.,-1.));
#13667 = ( GEOMETRIC_REPRESENTATION_CONTEXT(2) 
PARAMETRIC_REPRESENTATION_CONTEXT() REPRESENTATION_CONTEXT('2D SPACE',''
  ) );
#13668 = ORIENTED_EDGE('',*,*,#13669,.T.);
#13669 = EDGE_CURVE('',#13642,#1166,#13670,.T.);
#13670 = SURFACE_CURVE('',#13671,(#13675,#13682),.PCURVE_S1.);
#13671 = LINE('',#13672,#13673);
#13672 = CARTESIAN_POINT('',(221.4,-6.,3.));
#13673 = VECTOR('',#13674,1.);
#13674 = DIRECTION('',(0.,0.,-1.));
#13675 = PCURVE('',#1203,#13676);
#13676 = DEFINITIONAL_REPRESENTATION('',(#13677),#13681);
#13677 = LINE('',#13678,#13679);
#13678 = CARTESIAN_POINT('',(-0.5,6.));
#13679 = VECTOR('',#13680,1.);
#13680 = DIRECTION('',(-1.,0.));
#13681 = ( GEOMETRIC_REPRESENTATION_CONTEXT(2) 
PARAMETRIC_REPRESENTATION_CONTEXT() REPRESENTATION_CONTEXT('2D SPACE',''
  ) );
#13682 = PCURVE('',#765,#13683);
#13683 = DEFINITIONAL_REPRESENTATION('',(#13684),#13687);
#13684 = B_SPLINE_CURVE_WITH_KNOTS('',1,(#13685,#13686),.UNSPECIFIED.,
  .F.,.F.,(2,2),(-71.5,-0.5),.PIECEWISE_BEZIER_KNOTS.);
#13685 = CARTESIAN_POINT('',(72.,218.9));
#13686 = CARTESIAN_POINT('',(1.,218.9));
#13687 = ( GEOMETRIC_REPRESENTATION_CONTEXT(2) 
PARAMETRIC_REPRESENTATION_CONTEXT() REPRESENTATION_CONTEXT('2D SPACE',''
  ) );
#13688 = ORIENTED_EDGE('',*,*,#1187,.F.);
#13689 = ORIENTED_EDGE('',*,*,#2939,.T.);
#13690 = ORIENTED_EDGE('',*,*,#3229,.F.);
#13691 = ORIENTED_EDGE('',*,*,#13692,.F.);
#13692 = EDGE_CURVE('',#13640,#3230,#13693,.T.);
#13693 = SURFACE_CURVE('',#13694,(#13698,#13705),.PCURVE_S1.);
#13694 = LINE('',#13695,#13696);
#13695 = CARTESIAN_POINT('',(221.4,6.,3.));
#13696 = VECTOR('',#13697,1.);
#13697 = DIRECTION('',(0.,0.,-1.));
#13698 = PCURVE('',#1203,#13699);
#13699 = DEFINITIONAL_REPRESENTATION('',(#13700),#13704);
#13700 = LINE('',#13701,#13702);
#13701 = CARTESIAN_POINT('',(-0.5,-6.));
#13702 = VECTOR('',#13703,1.);
#13703 = DIRECTION('',(-1.,0.));
#13704 = ( GEOMETRIC_REPRESENTATION_CONTEXT(2) 
PARAMETRIC_REPRESENTATION_CONTEXT() REPRESENTATION_CONTEXT('2D SPACE',''
  ) );
#13705 = PCURVE('',#658,#13706);
#13706 = DEFINITIONAL_REPRESENTATION('',(#13707),#13710);
#13707 = B_SPLINE_CURVE_WITH_KNOTS('',1,(#13708,#13709),.UNSPECIFIED.,
  .F.,.F.,(2,2),(-71.5,-0.5),.PIECEWISE_BEZIER_KNOTS.);
#13708 = CARTESIAN_POINT('',(72.,218.9));
#13709 = CARTESIAN_POINT('',(1.,218.9));
#13710 = ( GEOMETRIC_REPRESENTATION_CONTEXT(2) 
PARAMETRIC_REPRESENTATION_CONTEXT() REPRESENTATION_CONTEXT('2D SPACE',''
  ) );
#13711 = ADVANCED_FACE('',(#13712,#13780,#13886,#13992,#14104,#14210,
    #14316,#14422),#13657,.F.);
#13712 = FACE_BOUND('',#13713,.F.);
#13713 = EDGE_LOOP('',(#13714,#13739,#13759,#13760));
#13714 = ORIENTED_EDGE('',*,*,#13715,.T.);
#13715 = EDGE_CURVE('',#13716,#13718,#13720,.T.);
#13716 = VERTEX_POINT('',#13717);
#13717 = CARTESIAN_POINT('',(3.5,6.,74.5));
#13718 = VERTEX_POINT('',#13719);
#13719 = CARTESIAN_POINT('',(3.5,-6.,74.5));
#13720 = SURFACE_CURVE('',#13721,(#13725,#13732),.PCURVE_S1.);
#13721 = LINE('',#13722,#13723);
#13722 = CARTESIAN_POINT('',(3.5,6.,74.5));
#13723 = VECTOR('',#13724,1.);
#13724 = DIRECTION('',(0.,-1.,0.));
#13725 = PCURVE('',#13657,#13726);
#13726 = DEFINITIONAL_REPRESENTATION('',(#13727),#13731);
#13727 = LINE('',#13728,#13729);
#13728 = CARTESIAN_POINT('',(0.,6.));
#13729 = VECTOR('',#13730,1.);
#13730 = DIRECTION('',(0.,-1.));
#13731 = ( GEOMETRIC_REPRESENTATION_CONTEXT(2) 
PARAMETRIC_REPRESENTATION_CONTEXT() REPRESENTATION_CONTEXT('2D SPACE',''
  ) );
#13732 = PCURVE('',#685,#13733);
#13733 = DEFINITIONAL_REPRESENTATION('',(#13734),#13738);
#13734 = LINE('',#13735,#13736);
#13735 = CARTESIAN_POINT('',(71.,-6.));
#13736 = VECTOR('',#13737,1.);
#13737 = DIRECTION('',(0.,1.));
#13738 = ( GEOMETRIC_REPRESENTATION_CONTEXT(2) 
PARAMETRIC_REPRESENTATION_CONTEXT() REPRESENTATION_CONTEXT('2D SPACE',''
  ) );
#13739 = ORIENTED_EDGE('',*,*,#13740,.T.);
#13740 = EDGE_CURVE('',#13718,#13642,#13741,.T.);
#13741 = SURFACE_CURVE('',#13742,(#13746,#13753),.PCURVE_S1.);
#13742 = LINE('',#13743,#13744);
#13743 = CARTESIAN_POINT('',(3.,-6.,74.5));
#13744 = VECTOR('',#13745,1.);
#13745 = DIRECTION('',(1.,0.,0.));
#13746 = PCURVE('',#13657,#13747);
#13747 = DEFINITIONAL_REPRESENTATION('',(#13748),#13752);
#13748 = LINE('',#13749,#13750);
#13749 = CARTESIAN_POINT('',(-0.5,-6.));
#13750 = VECTOR('',#13751,1.);
#13751 = DIRECTION('',(1.,0.));
#13752 = ( GEOMETRIC_REPRESENTATION_CONTEXT(2) 
PARAMETRIC_REPRESENTATION_CONTEXT() REPRESENTATION_CONTEXT('2D SPACE',''
  ) );
#13753 = PCURVE('',#765,#13754);
#13754 = DEFINITIONAL_REPRESENTATION('',(#13755),#13758);
#13755 = B_SPLINE_CURVE_WITH_KNOTS('',1,(#13756,#13757),.UNSPECIFIED.,
  .F.,.F.,(2,2),(0.5,218.4),.PIECEWISE_BEZIER_KNOTS.);
#13756 = CARTESIAN_POINT('',(72.,1.));
#13757 = CARTESIAN_POINT('',(72.,218.9));
#13758 = ( GEOMETRIC_REPRESENTATION_CONTEXT(2) 
PARAMETRIC_REPRESENTATION_CONTEXT() REPRESENTATION_CONTEXT('2D SPACE',''
  ) );
#13759 = ORIENTED_EDGE('',*,*,#13639,.F.);
#13760 = ORIENTED_EDGE('',*,*,#13761,.F.);
#13761 = EDGE_CURVE('',#13716,#13640,#13762,.T.);
#13762 = SURFACE_CURVE('',#13763,(#13767,#13774),.PCURVE_S1.);
#13763 = LINE('',#13764,#13765);
#13764 = CARTESIAN_POINT('',(3.,6.,74.5));
#13765 = VECTOR('',#13766,1.);
#13766 = DIRECTION('',(1.,0.,0.));
#13767 = PCURVE('',#13657,#13768);
#13768 = DEFINITIONAL_REPRESENTATION('',(#13769),#13773);
#13769 = LINE('',#13770,#13771);
#13770 = CARTESIAN_POINT('',(-0.5,6.));
#13771 = VECTOR('',#13772,1.);
#13772 = DIRECTION('',(1.,0.));
#13773 = ( GEOMETRIC_REPRESENTATION_CONTEXT(2) 
PARAMETRIC_REPRESENTATION_CONTEXT() REPRESENTATION_CONTEXT('2D SPACE',''
  ) );
#13774 = PCURVE('',#658,#13775);
#13775 = DEFINITIONAL_REPRESENTATION('',(#13776),#13779);
#13776 = B_SPLINE_CURVE_WITH_KNOTS('',1,(#13777,#13778),.UNSPECIFIED.,
  .F.,.F.,(2,2),(0.5,218.4),.PIECEWISE_BEZIER_KNOTS.);
#13777 = CARTESIAN_POINT('',(72.,1.));
#13778 = CARTESIAN_POINT('',(72.,218.9));
#13779 = ( GEOMETRIC_REPRESENTATION_CONTEXT(2) 
PARAMETRIC_REPRESENTATION_CONTEXT() REPRESENTATION_CONTEXT('2D SPACE',''
  ) );
#13780 = FACE_BOUND('',#13781,.F.);
#13781 = EDGE_LOOP('',(#13782,#13811,#13839,#13861));
#13782 = ORIENTED_EDGE('',*,*,#13783,.T.);
#13783 = EDGE_CURVE('',#13784,#13786,#13788,.T.);
#13784 = VERTEX_POINT('',#13785);
#13785 = CARTESIAN_POINT('',(213.30766968306,0.1,74.5));
#13786 = VERTEX_POINT('',#13787);
#13787 = CARTESIAN_POINT('',(213.30766968306,0.,74.5));
#13788 = SURFACE_CURVE('',#13789,(#13793,#13800),.PCURVE_S1.);
#13789 = LINE('',#13790,#13791);
#13790 = CARTESIAN_POINT('',(213.30766968306,-6.1,74.5));
#13791 = VECTOR('',#13792,1.);
#13792 = DIRECTION('',(0.,-1.,0.));
#13793 = PCURVE('',#13657,#13794);
#13794 = DEFINITIONAL_REPRESENTATION('',(#13795),#13799);
#13795 = LINE('',#13796,#13797);
#13796 = CARTESIAN_POINT('',(209.80766968306,-6.1));
#13797 = VECTOR('',#13798,1.);
#13798 = DIRECTION('',(0.,-1.));
#13799 = ( GEOMETRIC_REPRESENTATION_CONTEXT(2) 
PARAMETRIC_REPRESENTATION_CONTEXT() REPRESENTATION_CONTEXT('2D SPACE',''
  ) );
#13800 = PCURVE('',#13801,#13806);
#13801 = CYLINDRICAL_SURFACE('',#13802,1.4);
#13802 = AXIS2_PLACEMENT_3D('',#13803,#13804,#13805);
#13803 = CARTESIAN_POINT('',(212.,-6.1,75.));
#13804 = DIRECTION('',(0.,-1.,0.));
#13805 = DIRECTION('',(1.,0.,0.));
#13806 = DEFINITIONAL_REPRESENTATION('',(#13807),#13810);
#13807 = B_SPLINE_CURVE_WITH_KNOTS('',1,(#13808,#13809),.UNSPECIFIED.,
  .F.,.F.,(2,2),(-6.2,-6.1),.PIECEWISE_BEZIER_KNOTS.);
#13808 = CARTESIAN_POINT('',(5.917978085889,-6.2));
#13809 = CARTESIAN_POINT('',(5.917978085889,-6.1));
#13810 = ( GEOMETRIC_REPRESENTATION_CONTEXT(2) 
PARAMETRIC_REPRESENTATION_CONTEXT() REPRESENTATION_CONTEXT('2D SPACE',''
  ) );
#13811 = ORIENTED_EDGE('',*,*,#13812,.F.);
#13812 = EDGE_CURVE('',#13813,#13786,#13815,.T.);
#13813 = VERTEX_POINT('',#13814);
#13814 = CARTESIAN_POINT('',(210.69233031693,0.,74.5));
#13815 = SURFACE_CURVE('',#13816,(#13820,#13827),.PCURVE_S1.);
#13816 = LINE('',#13817,#13818);
#13817 = CARTESIAN_POINT('',(3.5,0.,74.5));
#13818 = VECTOR('',#13819,1.);
#13819 = DIRECTION('',(1.,0.,0.));
#13820 = PCURVE('',#13657,#13821);
#13821 = DEFINITIONAL_REPRESENTATION('',(#13822),#13826);
#13822 = LINE('',#13823,#13824);
#13823 = CARTESIAN_POINT('',(0.,0.));
#13824 = VECTOR('',#13825,1.);
#13825 = DIRECTION('',(1.,0.));
#13826 = ( GEOMETRIC_REPRESENTATION_CONTEXT(2) 
PARAMETRIC_REPRESENTATION_CONTEXT() REPRESENTATION_CONTEXT('2D SPACE',''
  ) );
#13827 = PCURVE('',#13828,#13833);
#13828 = PLANE('',#13829);
#13829 = AXIS2_PLACEMENT_3D('',#13830,#13831,#13832);
#13830 = CARTESIAN_POINT('',(-1.,0.,-1.));
#13831 = DIRECTION('',(0.,1.,0.));
#13832 = DIRECTION('',(0.,0.,1.));
#13833 = DEFINITIONAL_REPRESENTATION('',(#13834),#13838);
#13834 = LINE('',#13835,#13836);
#13835 = CARTESIAN_POINT('',(75.5,4.5));
#13836 = VECTOR('',#13837,1.);
#13837 = DIRECTION('',(0.,1.));
#13838 = ( GEOMETRIC_REPRESENTATION_CONTEXT(2) 
PARAMETRIC_REPRESENTATION_CONTEXT() REPRESENTATION_CONTEXT('2D SPACE',''
  ) );
#13839 = ORIENTED_EDGE('',*,*,#13840,.F.);
#13840 = EDGE_CURVE('',#13841,#13813,#13843,.T.);
#13841 = VERTEX_POINT('',#13842);
#13842 = CARTESIAN_POINT('',(210.69233031693,0.1,74.5));
#13843 = SURFACE_CURVE('',#13844,(#13848,#13855),.PCURVE_S1.);
#13844 = LINE('',#13845,#13846);
#13845 = CARTESIAN_POINT('',(210.69233031693,-6.1,74.5));
#13846 = VECTOR('',#13847,1.);
#13847 = DIRECTION('',(0.,-1.,0.));
#13848 = PCURVE('',#13657,#13849);
#13849 = DEFINITIONAL_REPRESENTATION('',(#13850),#13854);
#13850 = LINE('',#13851,#13852);
#13851 = CARTESIAN_POINT('',(207.19233031693,-6.1));
#13852 = VECTOR('',#13853,1.);
#13853 = DIRECTION('',(0.,-1.));
#13854 = ( GEOMETRIC_REPRESENTATION_CONTEXT(2) 
PARAMETRIC_REPRESENTATION_CONTEXT() REPRESENTATION_CONTEXT('2D SPACE',''
  ) );
#13855 = PCURVE('',#13801,#13856);
#13856 = DEFINITIONAL_REPRESENTATION('',(#13857),#13860);
#13857 = B_SPLINE_CURVE_WITH_KNOTS('',1,(#13858,#13859),.UNSPECIFIED.,
  .F.,.F.,(2,2),(-6.2,-6.1),.PIECEWISE_BEZIER_KNOTS.);
#13858 = CARTESIAN_POINT('',(9.78998518206,-6.2));
#13859 = CARTESIAN_POINT('',(9.78998518206,-6.1));
#13860 = ( GEOMETRIC_REPRESENTATION_CONTEXT(2) 
PARAMETRIC_REPRESENTATION_CONTEXT() REPRESENTATION_CONTEXT('2D SPACE',''
  ) );
#13861 = ORIENTED_EDGE('',*,*,#13862,.T.);
#13862 = EDGE_CURVE('',#13841,#13784,#13863,.T.);
#13863 = SURFACE_CURVE('',#13864,(#13868,#13875),.PCURVE_S1.);
#13864 = LINE('',#13865,#13866);
#13865 = CARTESIAN_POINT('',(107.75,0.1,74.5));
#13866 = VECTOR('',#13867,1.);
#13867 = DIRECTION('',(1.,0.,0.));
#13868 = PCURVE('',#13657,#13869);
#13869 = DEFINITIONAL_REPRESENTATION('',(#13870),#13874);
#13870 = LINE('',#13871,#13872);
#13871 = CARTESIAN_POINT('',(104.25,0.1));
#13872 = VECTOR('',#13873,1.);
#13873 = DIRECTION('',(1.,0.));
#13874 = ( GEOMETRIC_REPRESENTATION_CONTEXT(2) 
PARAMETRIC_REPRESENTATION_CONTEXT() REPRESENTATION_CONTEXT('2D SPACE',''
  ) );
#13875 = PCURVE('',#13876,#13881);
#13876 = PLANE('',#13877);
#13877 = AXIS2_PLACEMENT_3D('',#13878,#13879,#13880);
#13878 = CARTESIAN_POINT('',(212.,0.1,75.));
#13879 = DIRECTION('',(-0.,-1.,-0.));
#13880 = DIRECTION('',(0.,0.,-1.));
#13881 = DEFINITIONAL_REPRESENTATION('',(#13882),#13885);
#13882 = B_SPLINE_CURVE_WITH_KNOTS('',1,(#13883,#13884),.UNSPECIFIED.,
  .F.,.F.,(2,2),(102.85,105.65),.PIECEWISE_BEZIER_KNOTS.);
#13883 = CARTESIAN_POINT('',(0.5,-1.4));
#13884 = CARTESIAN_POINT('',(0.5,1.4));
#13885 = ( GEOMETRIC_REPRESENTATION_CONTEXT(2) 
PARAMETRIC_REPRESENTATION_CONTEXT() REPRESENTATION_CONTEXT('2D SPACE',''
  ) );
#13886 = FACE_BOUND('',#13887,.F.);
#13887 = EDGE_LOOP('',(#13888,#13917,#13945,#13967));
#13888 = ORIENTED_EDGE('',*,*,#13889,.T.);
#13889 = EDGE_CURVE('',#13890,#13892,#13894,.T.);
#13890 = VERTEX_POINT('',#13891);
#13891 = CARTESIAN_POINT('',(185.30766968306,0.1,74.5));
#13892 = VERTEX_POINT('',#13893);
#13893 = CARTESIAN_POINT('',(185.30766968306,0.,74.5));
#13894 = SURFACE_CURVE('',#13895,(#13899,#13906),.PCURVE_S1.);
#13895 = LINE('',#13896,#13897);
#13896 = CARTESIAN_POINT('',(185.30766968306,-6.1,74.5));
#13897 = VECTOR('',#13898,1.);
#13898 = DIRECTION('',(0.,-1.,0.));
#13899 = PCURVE('',#13657,#13900);
#13900 = DEFINITIONAL_REPRESENTATION('',(#13901),#13905);
#13901 = LINE('',#13902,#13903);
#13902 = CARTESIAN_POINT('',(181.80766968306,-6.1));
#13903 = VECTOR('',#13904,1.);
#13904 = DIRECTION('',(0.,-1.));
#13905 = ( GEOMETRIC_REPRESENTATION_CONTEXT(2) 
PARAMETRIC_REPRESENTATION_CONTEXT() REPRESENTATION_CONTEXT('2D SPACE',''
  ) );
#13906 = PCURVE('',#13907,#13912);
#13907 = CYLINDRICAL_SURFACE('',#13908,1.4);
#13908 = AXIS2_PLACEMENT_3D('',#13909,#13910,#13911);
#13909 = CARTESIAN_POINT('',(184.,-6.1,75.));
#13910 = DIRECTION('',(0.,-1.,0.));
#13911 = DIRECTION('',(1.,0.,0.));
#13912 = DEFINITIONAL_REPRESENTATION('',(#13913),#13916);
#13913 = B_SPLINE_CURVE_WITH_KNOTS('',1,(#13914,#13915),.UNSPECIFIED.,
  .F.,.F.,(2,2),(-6.2,-6.1),.PIECEWISE_BEZIER_KNOTS.);
#13914 = CARTESIAN_POINT('',(5.917978085889,-6.2));
#13915 = CARTESIAN_POINT('',(5.917978085889,-6.1));
#13916 = ( GEOMETRIC_REPRESENTATION_CONTEXT(2) 
PARAMETRIC_REPRESENTATION_CONTEXT() REPRESENTATION_CONTEXT('2D SPACE',''
  ) );
#13917 = ORIENTED_EDGE('',*,*,#13918,.F.);
#13918 = EDGE_CURVE('',#13919,#13892,#13921,.T.);
#13919 = VERTEX_POINT('',#13920);
#13920 = CARTESIAN_POINT('',(182.69233031693,0.,74.5));
#13921 = SURFACE_CURVE('',#13922,(#13926,#13933),.PCURVE_S1.);
#13922 = LINE('',#13923,#13924);
#13923 = CARTESIAN_POINT('',(3.5,0.,74.5));
#13924 = VECTOR('',#13925,1.);
#13925 = DIRECTION('',(1.,0.,0.));
#13926 = PCURVE('',#13657,#13927);
#13927 = DEFINITIONAL_REPRESENTATION('',(#13928),#13932);
#13928 = LINE('',#13929,#13930);
#13929 = CARTESIAN_POINT('',(0.,0.));
#13930 = VECTOR('',#13931,1.);
#13931 = DIRECTION('',(1.,0.));
#13932 = ( GEOMETRIC_REPRESENTATION_CONTEXT(2) 
PARAMETRIC_REPRESENTATION_CONTEXT() REPRESENTATION_CONTEXT('2D SPACE',''
  ) );
#13933 = PCURVE('',#13934,#13939);
#13934 = PLANE('',#13935);
#13935 = AXIS2_PLACEMENT_3D('',#13936,#13937,#13938);
#13936 = CARTESIAN_POINT('',(-1.,0.,-1.));
#13937 = DIRECTION('',(0.,1.,0.));
#13938 = DIRECTION('',(0.,0.,1.));
#13939 = DEFINITIONAL_REPRESENTATION('',(#13940),#13944);
#13940 = LINE('',#13941,#13942);
#13941 = CARTESIAN_POINT('',(75.5,4.5));
#13942 = VECTOR('',#13943,1.);
#13943 = DIRECTION('',(0.,1.));
#13944 = ( GEOMETRIC_REPRESENTATION_CONTEXT(2) 
PARAMETRIC_REPRESENTATION_CONTEXT() REPRESENTATION_CONTEXT('2D SPACE',''
  ) );
#13945 = ORIENTED_EDGE('',*,*,#13946,.F.);
#13946 = EDGE_CURVE('',#13947,#13919,#13949,.T.);
#13947 = VERTEX_POINT('',#13948);
#13948 = CARTESIAN_POINT('',(182.69233031693,0.1,74.5));
#13949 = SURFACE_CURVE('',#13950,(#13954,#13961),.PCURVE_S1.);
#13950 = LINE('',#13951,#13952);
#13951 = CARTESIAN_POINT('',(182.69233031693,-6.1,74.5));
#13952 = VECTOR('',#13953,1.);
#13953 = DIRECTION('',(0.,-1.,0.));
#13954 = PCURVE('',#13657,#13955);
#13955 = DEFINITIONAL_REPRESENTATION('',(#13956),#13960);
#13956 = LINE('',#13957,#13958);
#13957 = CARTESIAN_POINT('',(179.19233031693,-6.1));
#13958 = VECTOR('',#13959,1.);
#13959 = DIRECTION('',(0.,-1.));
#13960 = ( GEOMETRIC_REPRESENTATION_CONTEXT(2) 
PARAMETRIC_REPRESENTATION_CONTEXT() REPRESENTATION_CONTEXT('2D SPACE',''
  ) );
#13961 = PCURVE('',#13907,#13962);
#13962 = DEFINITIONAL_REPRESENTATION('',(#13963),#13966);
#13963 = B_SPLINE_CURVE_WITH_KNOTS('',1,(#13964,#13965),.UNSPECIFIED.,
  .F.,.F.,(2,2),(-6.2,-6.1),.PIECEWISE_BEZIER_KNOTS.);
#13964 = CARTESIAN_POINT('',(9.78998518206,-6.2));
#13965 = CARTESIAN_POINT('',(9.78998518206,-6.1));
#13966 = ( GEOMETRIC_REPRESENTATION_CONTEXT(2) 
PARAMETRIC_REPRESENTATION_CONTEXT() REPRESENTATION_CONTEXT('2D SPACE',''
  ) );
#13967 = ORIENTED_EDGE('',*,*,#13968,.T.);
#13968 = EDGE_CURVE('',#13947,#13890,#13969,.T.);
#13969 = SURFACE_CURVE('',#13970,(#13974,#13981),.PCURVE_S1.);
#13970 = LINE('',#13971,#13972);
#13971 = CARTESIAN_POINT('',(93.75,0.1,74.5));
#13972 = VECTOR('',#13973,1.);
#13973 = DIRECTION('',(1.,0.,0.));
#13974 = PCURVE('',#13657,#13975);
#13975 = DEFINITIONAL_REPRESENTATION('',(#13976),#13980);
#13976 = LINE('',#13977,#13978);
#13977 = CARTESIAN_POINT('',(90.25,0.1));
#13978 = VECTOR('',#13979,1.);
#13979 = DIRECTION('',(1.,0.));
#13980 = ( GEOMETRIC_REPRESENTATION_CONTEXT(2) 
PARAMETRIC_REPRESENTATION_CONTEXT() REPRESENTATION_CONTEXT('2D SPACE',''
  ) );
#13981 = PCURVE('',#13982,#13987);
#13982 = PLANE('',#13983);
#13983 = AXIS2_PLACEMENT_3D('',#13984,#13985,#13986);
#13984 = CARTESIAN_POINT('',(184.,0.1,75.));
#13985 = DIRECTION('',(-0.,-1.,-0.));
#13986 = DIRECTION('',(0.,0.,-1.));
#13987 = DEFINITIONAL_REPRESENTATION('',(#13988),#13991);
#13988 = B_SPLINE_CURVE_WITH_KNOTS('',1,(#13989,#13990),.UNSPECIFIED.,
  .F.,.F.,(2,2),(88.85,91.65),.PIECEWISE_BEZIER_KNOTS.);
#13989 = CARTESIAN_POINT('',(0.5,-1.4));
#13990 = CARTESIAN_POINT('',(0.5,1.4));
#13991 = ( GEOMETRIC_REPRESENTATION_CONTEXT(2) 
PARAMETRIC_REPRESENTATION_CONTEXT() REPRESENTATION_CONTEXT('2D SPACE',''
  ) );
#13992 = FACE_BOUND('',#13993,.F.);
#13993 = EDGE_LOOP('',(#13994,#14024,#14051,#14079));
#13994 = ORIENTED_EDGE('',*,*,#13995,.F.);
#13995 = EDGE_CURVE('',#13996,#13998,#14000,.T.);
#13996 = VERTEX_POINT('',#13997);
#13997 = CARTESIAN_POINT('',(160.5,-4.,74.5));
#13998 = VERTEX_POINT('',#13999);
#13999 = CARTESIAN_POINT('',(160.5,4.,74.5));
#14000 = SURFACE_CURVE('',#14001,(#14005,#14012),.PCURVE_S1.);
#14001 = LINE('',#14002,#14003);
#14002 = CARTESIAN_POINT('',(160.5,-4.,74.5));
#14003 = VECTOR('',#14004,1.);
#14004 = DIRECTION('',(0.,1.,0.));
#14005 = PCURVE('',#13657,#14006);
#14006 = DEFINITIONAL_REPRESENTATION('',(#14007),#14011);
#14007 = LINE('',#14008,#14009);
#14008 = CARTESIAN_POINT('',(157.,-4.));
#14009 = VECTOR('',#14010,1.);
#14010 = DIRECTION('',(0.,1.));
#14011 = ( GEOMETRIC_REPRESENTATION_CONTEXT(2) 
PARAMETRIC_REPRESENTATION_CONTEXT() REPRESENTATION_CONTEXT('2D SPACE',''
  ) );
#14012 = PCURVE('',#14013,#14018);
#14013 = PLANE('',#14014);
#14014 = AXIS2_PLACEMENT_3D('',#14015,#14016,#14017);
#14015 = CARTESIAN_POINT('',(160.5,-4.,3.));
#14016 = DIRECTION('',(1.,0.,0.));
#14017 = DIRECTION('',(0.,0.,1.));
#14018 = DEFINITIONAL_REPRESENTATION('',(#14019),#14023);
#14019 = LINE('',#14020,#14021);
#14020 = CARTESIAN_POINT('',(71.5,0.));
#14021 = VECTOR('',#14022,1.);
#14022 = DIRECTION('',(0.,-1.));
#14023 = ( GEOMETRIC_REPRESENTATION_CONTEXT(2) 
PARAMETRIC_REPRESENTATION_CONTEXT() REPRESENTATION_CONTEXT('2D SPACE',''
  ) );
#14024 = ORIENTED_EDGE('',*,*,#14025,.T.);
#14025 = EDGE_CURVE('',#13996,#14026,#14028,.T.);
#14026 = VERTEX_POINT('',#14027);
#14027 = CARTESIAN_POINT('',(108.5,-4.,74.5));
#14028 = SURFACE_CURVE('',#14029,(#14033,#14040),.PCURVE_S1.);
#14029 = LINE('',#14030,#14031);
#14030 = CARTESIAN_POINT('',(56.,-4.,74.5));
#14031 = VECTOR('',#14032,1.);
#14032 = DIRECTION('',(-1.,0.,0.));
#14033 = PCURVE('',#13657,#14034);
#14034 = DEFINITIONAL_REPRESENTATION('',(#14035),#14039);
#14035 = LINE('',#14036,#14037);
#14036 = CARTESIAN_POINT('',(52.5,-4.));
#14037 = VECTOR('',#14038,1.);
#14038 = DIRECTION('',(-1.,0.));
#14039 = ( GEOMETRIC_REPRESENTATION_CONTEXT(2) 
PARAMETRIC_REPRESENTATION_CONTEXT() REPRESENTATION_CONTEXT('2D SPACE',''
  ) );
#14040 = PCURVE('',#14041,#14046);
#14041 = PLANE('',#14042);
#14042 = AXIS2_PLACEMENT_3D('',#14043,#14044,#14045);
#14043 = CARTESIAN_POINT('',(108.5,-4.,3.));
#14044 = DIRECTION('',(0.,1.,0.));
#14045 = DIRECTION('',(0.,0.,1.));
#14046 = DEFINITIONAL_REPRESENTATION('',(#14047),#14050);
#14047 = B_SPLINE_CURVE_WITH_KNOTS('',1,(#14048,#14049),.UNSPECIFIED.,
  .F.,.F.,(2,2),(-104.5,-52.5),.PIECEWISE_BEZIER_KNOTS.);
#14048 = CARTESIAN_POINT('',(71.5,52.));
#14049 = CARTESIAN_POINT('',(71.5,0.));
#14050 = ( GEOMETRIC_REPRESENTATION_CONTEXT(2) 
PARAMETRIC_REPRESENTATION_CONTEXT() REPRESENTATION_CONTEXT('2D SPACE',''
  ) );
#14051 = ORIENTED_EDGE('',*,*,#14052,.F.);
#14052 = EDGE_CURVE('',#14053,#14026,#14055,.T.);
#14053 = VERTEX_POINT('',#14054);
#14054 = CARTESIAN_POINT('',(108.5,4.,74.5));
#14055 = SURFACE_CURVE('',#14056,(#14060,#14067),.PCURVE_S1.);
#14056 = LINE('',#14057,#14058);
#14057 = CARTESIAN_POINT('',(108.5,4.,74.5));
#14058 = VECTOR('',#14059,1.);
#14059 = DIRECTION('',(0.,-1.,0.));
#14060 = PCURVE('',#13657,#14061);
#14061 = DEFINITIONAL_REPRESENTATION('',(#14062),#14066);
#14062 = LINE('',#14063,#14064);
#14063 = CARTESIAN_POINT('',(105.,4.));
#14064 = VECTOR('',#14065,1.);
#14065 = DIRECTION('',(0.,-1.));
#14066 = ( GEOMETRIC_REPRESENTATION_CONTEXT(2) 
PARAMETRIC_REPRESENTATION_CONTEXT() REPRESENTATION_CONTEXT('2D SPACE',''
  ) );
#14067 = PCURVE('',#14068,#14073);
#14068 = PLANE('',#14069);
#14069 = AXIS2_PLACEMENT_3D('',#14070,#14071,#14072);
#14070 = CARTESIAN_POINT('',(108.5,-4.,3.));
#14071 = DIRECTION('',(1.,0.,0.));
#14072 = DIRECTION('',(0.,0.,1.));
#14073 = DEFINITIONAL_REPRESENTATION('',(#14074),#14078);
#14074 = LINE('',#14075,#14076);
#14075 = CARTESIAN_POINT('',(71.5,-8.));
#14076 = VECTOR('',#14077,1.);
#14077 = DIRECTION('',(0.,1.));
#14078 = ( GEOMETRIC_REPRESENTATION_CONTEXT(2) 
PARAMETRIC_REPRESENTATION_CONTEXT() REPRESENTATION_CONTEXT('2D SPACE',''
  ) );
#14079 = ORIENTED_EDGE('',*,*,#14080,.F.);
#14080 = EDGE_CURVE('',#13998,#14053,#14081,.T.);
#14081 = SURFACE_CURVE('',#14082,(#14086,#14093),.PCURVE_S1.);
#14082 = LINE('',#14083,#14084);
#14083 = CARTESIAN_POINT('',(56.,4.,74.5));
#14084 = VECTOR('',#14085,1.);
#14085 = DIRECTION('',(-1.,0.,0.));
#14086 = PCURVE('',#13657,#14087);
#14087 = DEFINITIONAL_REPRESENTATION('',(#14088),#14092);
#14088 = LINE('',#14089,#14090);
#14089 = CARTESIAN_POINT('',(52.5,4.));
#14090 = VECTOR('',#14091,1.);
#14091 = DIRECTION('',(-1.,0.));
#14092 = ( GEOMETRIC_REPRESENTATION_CONTEXT(2) 
PARAMETRIC_REPRESENTATION_CONTEXT() REPRESENTATION_CONTEXT('2D SPACE',''
  ) );
#14093 = PCURVE('',#14094,#14099);
#14094 = PLANE('',#14095);
#14095 = AXIS2_PLACEMENT_3D('',#14096,#14097,#14098);
#14096 = CARTESIAN_POINT('',(108.5,4.,3.));
#14097 = DIRECTION('',(0.,1.,0.));
#14098 = DIRECTION('',(0.,0.,1.));
#14099 = DEFINITIONAL_REPRESENTATION('',(#14100),#14103);
#14100 = B_SPLINE_CURVE_WITH_KNOTS('',1,(#14101,#14102),.UNSPECIFIED.,
  .F.,.F.,(2,2),(-104.5,-52.5),.PIECEWISE_BEZIER_KNOTS.);
#14101 = CARTESIAN_POINT('',(71.5,52.));
#14102 = CARTESIAN_POINT('',(71.5,0.));
#14103 = ( GEOMETRIC_REPRESENTATION_CONTEXT(2) 
PARAMETRIC_REPRESENTATION_CONTEXT() REPRESENTATION_CONTEXT('2D SPACE',''
  ) );
#14104 = FACE_BOUND('',#14105,.F.);
#14105 = EDGE_LOOP('',(#14106,#14135,#14163,#14185));
#14106 = ORIENTED_EDGE('',*,*,#14107,.T.);
#14107 = EDGE_CURVE('',#14108,#14110,#14112,.T.);
#14108 = VERTEX_POINT('',#14109);
#14109 = CARTESIAN_POINT('',(101.30766968306,0.1,74.5));
#14110 = VERTEX_POINT('',#14111);
#14111 = CARTESIAN_POINT('',(101.30766968306,0.,74.5));
#14112 = SURFACE_CURVE('',#14113,(#14117,#14124),.PCURVE_S1.);
#14113 = LINE('',#14114,#14115);
#14114 = CARTESIAN_POINT('',(101.30766968306,-6.1,74.5));
#14115 = VECTOR('',#14116,1.);
#14116 = DIRECTION('',(0.,-1.,0.));
#14117 = PCURVE('',#13657,#14118);
#14118 = DEFINITIONAL_REPRESENTATION('',(#14119),#14123);
#14119 = LINE('',#14120,#14121);
#14120 = CARTESIAN_POINT('',(97.807669683062,-6.1));
#14121 = VECTOR('',#14122,1.);
#14122 = DIRECTION('',(0.,-1.));
#14123 = ( GEOMETRIC_REPRESENTATION_CONTEXT(2) 
PARAMETRIC_REPRESENTATION_CONTEXT() REPRESENTATION_CONTEXT('2D SPACE',''
  ) );
#14124 = PCURVE('',#14125,#14130);
#14125 = CYLINDRICAL_SURFACE('',#14126,1.4);
#14126 = AXIS2_PLACEMENT_3D('',#14127,#14128,#14129);
#14127 = CARTESIAN_POINT('',(100.,-6.1,75.));
#14128 = DIRECTION('',(0.,-1.,0.));
#14129 = DIRECTION('',(1.,0.,0.));
#14130 = DEFINITIONAL_REPRESENTATION('',(#14131),#14134);
#14131 = B_SPLINE_CURVE_WITH_KNOTS('',1,(#14132,#14133),.UNSPECIFIED.,
  .F.,.F.,(2,2),(-6.2,-6.1),.PIECEWISE_BEZIER_KNOTS.);
#14132 = CARTESIAN_POINT('',(5.917978085889,-6.2));
#14133 = CARTESIAN_POINT('',(5.917978085889,-6.1));
#14134 = ( GEOMETRIC_REPRESENTATION_CONTEXT(2) 
PARAMETRIC_REPRESENTATION_CONTEXT() REPRESENTATION_CONTEXT('2D SPACE',''
  ) );
#14135 = ORIENTED_EDGE('',*,*,#14136,.F.);
#14136 = EDGE_CURVE('',#14137,#14110,#14139,.T.);
#14137 = VERTEX_POINT('',#14138);
#14138 = CARTESIAN_POINT('',(98.692330316938,0.,74.5));
#14139 = SURFACE_CURVE('',#14140,(#14144,#14151),.PCURVE_S1.);
#14140 = LINE('',#14141,#14142);
#14141 = CARTESIAN_POINT('',(3.5,0.,74.5));
#14142 = VECTOR('',#14143,1.);
#14143 = DIRECTION('',(1.,0.,0.));
#14144 = PCURVE('',#13657,#14145);
#14145 = DEFINITIONAL_REPRESENTATION('',(#14146),#14150);
#14146 = LINE('',#14147,#14148);
#14147 = CARTESIAN_POINT('',(0.,0.));
#14148 = VECTOR('',#14149,1.);
#14149 = DIRECTION('',(1.,0.));
#14150 = ( GEOMETRIC_REPRESENTATION_CONTEXT(2) 
PARAMETRIC_REPRESENTATION_CONTEXT() REPRESENTATION_CONTEXT('2D SPACE',''
  ) );
#14151 = PCURVE('',#14152,#14157);
#14152 = PLANE('',#14153);
#14153 = AXIS2_PLACEMENT_3D('',#14154,#14155,#14156);
#14154 = CARTESIAN_POINT('',(-1.,0.,-1.));
#14155 = DIRECTION('',(0.,1.,0.));
#14156 = DIRECTION('',(0.,0.,1.));
#14157 = DEFINITIONAL_REPRESENTATION('',(#14158),#14162);
#14158 = LINE('',#14159,#14160);
#14159 = CARTESIAN_POINT('',(75.5,4.5));
#14160 = VECTOR('',#14161,1.);
#14161 = DIRECTION('',(0.,1.));
#14162 = ( GEOMETRIC_REPRESENTATION_CONTEXT(2) 
PARAMETRIC_REPRESENTATION_CONTEXT() REPRESENTATION_CONTEXT('2D SPACE',''
  ) );
#14163 = ORIENTED_EDGE('',*,*,#14164,.F.);
#14164 = EDGE_CURVE('',#14165,#14137,#14167,.T.);
#14165 = VERTEX_POINT('',#14166);
#14166 = CARTESIAN_POINT('',(98.692330316938,0.1,74.5));
#14167 = SURFACE_CURVE('',#14168,(#14172,#14179),.PCURVE_S1.);
#14168 = LINE('',#14169,#14170);
#14169 = CARTESIAN_POINT('',(98.692330316938,-6.1,74.5));
#14170 = VECTOR('',#14171,1.);
#14171 = DIRECTION('',(0.,-1.,0.));
#14172 = PCURVE('',#13657,#14173);
#14173 = DEFINITIONAL_REPRESENTATION('',(#14174),#14178);
#14174 = LINE('',#14175,#14176);
#14175 = CARTESIAN_POINT('',(95.192330316938,-6.1));
#14176 = VECTOR('',#14177,1.);
#14177 = DIRECTION('',(0.,-1.));
#14178 = ( GEOMETRIC_REPRESENTATION_CONTEXT(2) 
PARAMETRIC_REPRESENTATION_CONTEXT() REPRESENTATION_CONTEXT('2D SPACE',''
  ) );
#14179 = PCURVE('',#14125,#14180);
#14180 = DEFINITIONAL_REPRESENTATION('',(#14181),#14184);
#14181 = B_SPLINE_CURVE_WITH_KNOTS('',1,(#14182,#14183),.UNSPECIFIED.,
  .F.,.F.,(2,2),(-6.2,-6.1),.PIECEWISE_BEZIER_KNOTS.);
#14182 = CARTESIAN_POINT('',(9.78998518206,-6.2));
#14183 = CARTESIAN_POINT('',(9.78998518206,-6.1));
#14184 = ( GEOMETRIC_REPRESENTATION_CONTEXT(2) 
PARAMETRIC_REPRESENTATION_CONTEXT() REPRESENTATION_CONTEXT('2D SPACE',''
  ) );
#14185 = ORIENTED_EDGE('',*,*,#14186,.T.);
#14186 = EDGE_CURVE('',#14165,#14108,#14187,.T.);
#14187 = SURFACE_CURVE('',#14188,(#14192,#14199),.PCURVE_S1.);
#14188 = LINE('',#14189,#14190);
#14189 = CARTESIAN_POINT('',(51.75,1.E-01,74.5));
#14190 = VECTOR('',#14191,1.);
#14191 = DIRECTION('',(1.,0.,0.));
#14192 = PCURVE('',#13657,#14193);
#14193 = DEFINITIONAL_REPRESENTATION('',(#14194),#14198);
#14194 = LINE('',#14195,#14196);
#14195 = CARTESIAN_POINT('',(48.25,1.E-01));
#14196 = VECTOR('',#14197,1.);
#14197 = DIRECTION('',(1.,0.));
#14198 = ( GEOMETRIC_REPRESENTATION_CONTEXT(2) 
PARAMETRIC_REPRESENTATION_CONTEXT() REPRESENTATION_CONTEXT('2D SPACE',''
  ) );
#14199 = PCURVE('',#14200,#14205);
#14200 = PLANE('',#14201);
#14201 = AXIS2_PLACEMENT_3D('',#14202,#14203,#14204);
#14202 = CARTESIAN_POINT('',(100.,1.E-01,75.));
#14203 = DIRECTION('',(-0.,-1.,-0.));
#14204 = DIRECTION('',(0.,0.,-1.));
#14205 = DEFINITIONAL_REPRESENTATION('',(#14206),#14209);
#14206 = B_SPLINE_CURVE_WITH_KNOTS('',1,(#14207,#14208),.UNSPECIFIED.,
  .F.,.F.,(2,2),(46.85,49.65),.PIECEWISE_BEZIER_KNOTS.);
#14207 = CARTESIAN_POINT('',(0.5,-1.4));
#14208 = CARTESIAN_POINT('',(0.5,1.4));
#14209 = ( GEOMETRIC_REPRESENTATION_CONTEXT(2) 
PARAMETRIC_REPRESENTATION_CONTEXT() REPRESENTATION_CONTEXT('2D SPACE',''
  ) );
#14210 = FACE_BOUND('',#14211,.F.);
#14211 = EDGE_LOOP('',(#14212,#14241,#14269,#14291));
#14212 = ORIENTED_EDGE('',*,*,#14213,.T.);
#14213 = EDGE_CURVE('',#14214,#14216,#14218,.T.);
#14214 = VERTEX_POINT('',#14215);
#14215 = CARTESIAN_POINT('',(73.307669683062,0.1,74.5));
#14216 = VERTEX_POINT('',#14217);
#14217 = CARTESIAN_POINT('',(73.307669683062,0.,74.5));
#14218 = SURFACE_CURVE('',#14219,(#14223,#14230),.PCURVE_S1.);
#14219 = LINE('',#14220,#14221);
#14220 = CARTESIAN_POINT('',(73.307669683062,-6.1,74.5));
#14221 = VECTOR('',#14222,1.);
#14222 = DIRECTION('',(0.,-1.,0.));
#14223 = PCURVE('',#13657,#14224);
#14224 = DEFINITIONAL_REPRESENTATION('',(#14225),#14229);
#14225 = LINE('',#14226,#14227);
#14226 = CARTESIAN_POINT('',(69.807669683062,-6.1));
#14227 = VECTOR('',#14228,1.);
#14228 = DIRECTION('',(0.,-1.));
#14229 = ( GEOMETRIC_REPRESENTATION_CONTEXT(2) 
PARAMETRIC_REPRESENTATION_CONTEXT() REPRESENTATION_CONTEXT('2D SPACE',''
  ) );
#14230 = PCURVE('',#14231,#14236);
#14231 = CYLINDRICAL_SURFACE('',#14232,1.4);
#14232 = AXIS2_PLACEMENT_3D('',#14233,#14234,#14235);
#14233 = CARTESIAN_POINT('',(72.,-6.1,75.));
#14234 = DIRECTION('',(0.,-1.,0.));
#14235 = DIRECTION('',(1.,0.,0.));
#14236 = DEFINITIONAL_REPRESENTATION('',(#14237),#14240);
#14237 = B_SPLINE_CURVE_WITH_KNOTS('',1,(#14238,#14239),.UNSPECIFIED.,
  .F.,.F.,(2,2),(-6.2,-6.1),.PIECEWISE_BEZIER_KNOTS.);
#14238 = CARTESIAN_POINT('',(5.917978085889,-6.2));
#14239 = CARTESIAN_POINT('',(5.917978085889,-6.1));
#14240 = ( GEOMETRIC_REPRESENTATION_CONTEXT(2) 
PARAMETRIC_REPRESENTATION_CONTEXT() REPRESENTATION_CONTEXT('2D SPACE',''
  ) );
#14241 = ORIENTED_EDGE('',*,*,#14242,.F.);
#14242 = EDGE_CURVE('',#14243,#14216,#14245,.T.);
#14243 = VERTEX_POINT('',#14244);
#14244 = CARTESIAN_POINT('',(70.692330316938,0.,74.5));
#14245 = SURFACE_CURVE('',#14246,(#14250,#14257),.PCURVE_S1.);
#14246 = LINE('',#14247,#14248);
#14247 = CARTESIAN_POINT('',(3.5,0.,74.5));
#14248 = VECTOR('',#14249,1.);
#14249 = DIRECTION('',(1.,0.,0.));
#14250 = PCURVE('',#13657,#14251);
#14251 = DEFINITIONAL_REPRESENTATION('',(#14252),#14256);
#14252 = LINE('',#14253,#14254);
#14253 = CARTESIAN_POINT('',(0.,0.));
#14254 = VECTOR('',#14255,1.);
#14255 = DIRECTION('',(1.,0.));
#14256 = ( GEOMETRIC_REPRESENTATION_CONTEXT(2) 
PARAMETRIC_REPRESENTATION_CONTEXT() REPRESENTATION_CONTEXT('2D SPACE',''
  ) );
#14257 = PCURVE('',#14258,#14263);
#14258 = PLANE('',#14259);
#14259 = AXIS2_PLACEMENT_3D('',#14260,#14261,#14262);
#14260 = CARTESIAN_POINT('',(-1.,0.,-1.));
#14261 = DIRECTION('',(0.,1.,0.));
#14262 = DIRECTION('',(0.,0.,1.));
#14263 = DEFINITIONAL_REPRESENTATION('',(#14264),#14268);
#14264 = LINE('',#14265,#14266);
#14265 = CARTESIAN_POINT('',(75.5,4.5));
#14266 = VECTOR('',#14267,1.);
#14267 = DIRECTION('',(0.,1.));
#14268 = ( GEOMETRIC_REPRESENTATION_CONTEXT(2) 
PARAMETRIC_REPRESENTATION_CONTEXT() REPRESENTATION_CONTEXT('2D SPACE',''
  ) );
#14269 = ORIENTED_EDGE('',*,*,#14270,.F.);
#14270 = EDGE_CURVE('',#14271,#14243,#14273,.T.);
#14271 = VERTEX_POINT('',#14272);
#14272 = CARTESIAN_POINT('',(70.692330316938,0.1,74.5));
#14273 = SURFACE_CURVE('',#14274,(#14278,#14285),.PCURVE_S1.);
#14274 = LINE('',#14275,#14276);
#14275 = CARTESIAN_POINT('',(70.692330316938,-6.1,74.5));
#14276 = VECTOR('',#14277,1.);
#14277 = DIRECTION('',(0.,-1.,0.));
#14278 = PCURVE('',#13657,#14279);
#14279 = DEFINITIONAL_REPRESENTATION('',(#14280),#14284);
#14280 = LINE('',#14281,#14282);
#14281 = CARTESIAN_POINT('',(67.192330316938,-6.1));
#14282 = VECTOR('',#14283,1.);
#14283 = DIRECTION('',(0.,-1.));
#14284 = ( GEOMETRIC_REPRESENTATION_CONTEXT(2) 
PARAMETRIC_REPRESENTATION_CONTEXT() REPRESENTATION_CONTEXT('2D SPACE',''
  ) );
#14285 = PCURVE('',#14231,#14286);
#14286 = DEFINITIONAL_REPRESENTATION('',(#14287),#14290);
#14287 = B_SPLINE_CURVE_WITH_KNOTS('',1,(#14288,#14289),.UNSPECIFIED.,
  .F.,.F.,(2,2),(-6.2,-6.1),.PIECEWISE_BEZIER_KNOTS.);
#14288 = CARTESIAN_POINT('',(9.78998518206,-6.2));
#14289 = CARTESIAN_POINT('',(9.78998518206,-6.1));
#14290 = ( GEOMETRIC_REPRESENTATION_CONTEXT(2) 
PARAMETRIC_REPRESENTATION_CONTEXT() REPRESENTATION_CONTEXT('2D SPACE',''
  ) );
#14291 = ORIENTED_EDGE('',*,*,#14292,.T.);
#14292 = EDGE_CURVE('',#14271,#14214,#14293,.T.);
#14293 = SURFACE_CURVE('',#14294,(#14298,#14305),.PCURVE_S1.);
#14294 = LINE('',#14295,#14296);
#14295 = CARTESIAN_POINT('',(37.75,1.E-01,74.5));
#14296 = VECTOR('',#14297,1.);
#14297 = DIRECTION('',(1.,0.,0.));
#14298 = PCURVE('',#13657,#14299);
#14299 = DEFINITIONAL_REPRESENTATION('',(#14300),#14304);
#14300 = LINE('',#14301,#14302);
#14301 = CARTESIAN_POINT('',(34.25,1.E-01));
#14302 = VECTOR('',#14303,1.);
#14303 = DIRECTION('',(1.,0.));
#14304 = ( GEOMETRIC_REPRESENTATION_CONTEXT(2) 
PARAMETRIC_REPRESENTATION_CONTEXT() REPRESENTATION_CONTEXT('2D SPACE',''
  ) );
#14305 = PCURVE('',#14306,#14311);
#14306 = PLANE('',#14307);
#14307 = AXIS2_PLACEMENT_3D('',#14308,#14309,#14310);
#14308 = CARTESIAN_POINT('',(72.,1.E-01,75.));
#14309 = DIRECTION('',(-0.,-1.,-0.));
#14310 = DIRECTION('',(0.,0.,-1.));
#14311 = DEFINITIONAL_REPRESENTATION('',(#14312),#14315);
#14312 = B_SPLINE_CURVE_WITH_KNOTS('',1,(#14313,#14314),.UNSPECIFIED.,
  .F.,.F.,(2,2),(32.85,35.65),.PIECEWISE_BEZIER_KNOTS.);
#14313 = CARTESIAN_POINT('',(0.5,-1.4));
#14314 = CARTESIAN_POINT('',(0.5,1.4));
#14315 = ( GEOMETRIC_REPRESENTATION_CONTEXT(2) 
PARAMETRIC_REPRESENTATION_CONTEXT() REPRESENTATION_CONTEXT('2D SPACE',''
  ) );
#14316 = FACE_BOUND('',#14317,.F.);
#14317 = EDGE_LOOP('',(#14318,#14347,#14375,#14397));
#14318 = ORIENTED_EDGE('',*,*,#14319,.T.);
#14319 = EDGE_CURVE('',#14320,#14322,#14324,.T.);
#14320 = VERTEX_POINT('',#14321);
#14321 = CARTESIAN_POINT('',(45.307669683062,0.1,74.5));
#14322 = VERTEX_POINT('',#14323);
#14323 = CARTESIAN_POINT('',(45.307669683062,0.,74.5));
#14324 = SURFACE_CURVE('',#14325,(#14329,#14336),.PCURVE_S1.);
#14325 = LINE('',#14326,#14327);
#14326 = CARTESIAN_POINT('',(45.307669683062,-6.1,74.5));
#14327 = VECTOR('',#14328,1.);
#14328 = DIRECTION('',(0.,-1.,0.));
#14329 = PCURVE('',#13657,#14330);
#14330 = DEFINITIONAL_REPRESENTATION('',(#14331),#14335);
#14331 = LINE('',#14332,#14333);
#14332 = CARTESIAN_POINT('',(41.807669683062,-6.1));
#14333 = VECTOR('',#14334,1.);
#14334 = DIRECTION('',(0.,-1.));
#14335 = ( GEOMETRIC_REPRESENTATION_CONTEXT(2) 
PARAMETRIC_REPRESENTATION_CONTEXT() REPRESENTATION_CONTEXT('2D SPACE',''
  ) );
#14336 = PCURVE('',#14337,#14342);
#14337 = CYLINDRICAL_SURFACE('',#14338,1.4);
#14338 = AXIS2_PLACEMENT_3D('',#14339,#14340,#14341);
#14339 = CARTESIAN_POINT('',(44.,-6.1,75.));
#14340 = DIRECTION('',(0.,-1.,0.));
#14341 = DIRECTION('',(1.,0.,0.));
#14342 = DEFINITIONAL_REPRESENTATION('',(#14343),#14346);
#14343 = B_SPLINE_CURVE_WITH_KNOTS('',1,(#14344,#14345),.UNSPECIFIED.,
  .F.,.F.,(2,2),(-6.2,-6.1),.PIECEWISE_BEZIER_KNOTS.);
#14344 = CARTESIAN_POINT('',(5.917978085889,-6.2));
#14345 = CARTESIAN_POINT('',(5.917978085889,-6.1));
#14346 = ( GEOMETRIC_REPRESENTATION_CONTEXT(2) 
PARAMETRIC_REPRESENTATION_CONTEXT() REPRESENTATION_CONTEXT('2D SPACE',''
  ) );
#14347 = ORIENTED_EDGE('',*,*,#14348,.F.);
#14348 = EDGE_CURVE('',#14349,#14322,#14351,.T.);
#14349 = VERTEX_POINT('',#14350);
#14350 = CARTESIAN_POINT('',(42.692330316938,0.,74.5));
#14351 = SURFACE_CURVE('',#14352,(#14356,#14363),.PCURVE_S1.);
#14352 = LINE('',#14353,#14354);
#14353 = CARTESIAN_POINT('',(3.5,0.,74.5));
#14354 = VECTOR('',#14355,1.);
#14355 = DIRECTION('',(1.,0.,0.));
#14356 = PCURVE('',#13657,#14357);
#14357 = DEFINITIONAL_REPRESENTATION('',(#14358),#14362);
#14358 = LINE('',#14359,#14360);
#14359 = CARTESIAN_POINT('',(0.,0.));
#14360 = VECTOR('',#14361,1.);
#14361 = DIRECTION('',(1.,0.));
#14362 = ( GEOMETRIC_REPRESENTATION_CONTEXT(2) 
PARAMETRIC_REPRESENTATION_CONTEXT() REPRESENTATION_CONTEXT('2D SPACE',''
  ) );
#14363 = PCURVE('',#14364,#14369);
#14364 = PLANE('',#14365);
#14365 = AXIS2_PLACEMENT_3D('',#14366,#14367,#14368);
#14366 = CARTESIAN_POINT('',(-1.,0.,-1.));
#14367 = DIRECTION('',(0.,1.,0.));
#14368 = DIRECTION('',(0.,0.,1.));
#14369 = DEFINITIONAL_REPRESENTATION('',(#14370),#14374);
#14370 = LINE('',#14371,#14372);
#14371 = CARTESIAN_POINT('',(75.5,4.5));
#14372 = VECTOR('',#14373,1.);
#14373 = DIRECTION('',(0.,1.));
#14374 = ( GEOMETRIC_REPRESENTATION_CONTEXT(2) 
PARAMETRIC_REPRESENTATION_CONTEXT() REPRESENTATION_CONTEXT('2D SPACE',''
  ) );
#14375 = ORIENTED_EDGE('',*,*,#14376,.F.);
#14376 = EDGE_CURVE('',#14377,#14349,#14379,.T.);
#14377 = VERTEX_POINT('',#14378);
#14378 = CARTESIAN_POINT('',(42.692330316938,0.1,74.5));
#14379 = SURFACE_CURVE('',#14380,(#14384,#14391),.PCURVE_S1.);
#14380 = LINE('',#14381,#14382);
#14381 = CARTESIAN_POINT('',(42.692330316938,-6.1,74.5));
#14382 = VECTOR('',#14383,1.);
#14383 = DIRECTION('',(0.,-1.,0.));
#14384 = PCURVE('',#13657,#14385);
#14385 = DEFINITIONAL_REPRESENTATION('',(#14386),#14390);
#14386 = LINE('',#14387,#14388);
#14387 = CARTESIAN_POINT('',(39.192330316938,-6.1));
#14388 = VECTOR('',#14389,1.);
#14389 = DIRECTION('',(0.,-1.));
#14390 = ( GEOMETRIC_REPRESENTATION_CONTEXT(2) 
PARAMETRIC_REPRESENTATION_CONTEXT() REPRESENTATION_CONTEXT('2D SPACE',''
  ) );
#14391 = PCURVE('',#14337,#14392);
#14392 = DEFINITIONAL_REPRESENTATION('',(#14393),#14396);
#14393 = B_SPLINE_CURVE_WITH_KNOTS('',1,(#14394,#14395),.UNSPECIFIED.,
  .F.,.F.,(2,2),(-6.2,-6.1),.PIECEWISE_BEZIER_KNOTS.);
#14394 = CARTESIAN_POINT('',(9.78998518206,-6.2));
#14395 = CARTESIAN_POINT('',(9.78998518206,-6.1));
#14396 = ( GEOMETRIC_REPRESENTATION_CONTEXT(2) 
PARAMETRIC_REPRESENTATION_CONTEXT() REPRESENTATION_CONTEXT('2D SPACE',''
  ) );
#14397 = ORIENTED_EDGE('',*,*,#14398,.T.);
#14398 = EDGE_CURVE('',#14377,#14320,#14399,.T.);
#14399 = SURFACE_CURVE('',#14400,(#14404,#14411),.PCURVE_S1.);
#14400 = LINE('',#14401,#14402);
#14401 = CARTESIAN_POINT('',(23.75,0.1,74.5));
#14402 = VECTOR('',#14403,1.);
#14403 = DIRECTION('',(1.,0.,0.));
#14404 = PCURVE('',#13657,#14405);
#14405 = DEFINITIONAL_REPRESENTATION('',(#14406),#14410);
#14406 = LINE('',#14407,#14408);
#14407 = CARTESIAN_POINT('',(20.25,0.1));
#14408 = VECTOR('',#14409,1.);
#14409 = DIRECTION('',(1.,0.));
#14410 = ( GEOMETRIC_REPRESENTATION_CONTEXT(2) 
PARAMETRIC_REPRESENTATION_CONTEXT() REPRESENTATION_CONTEXT('2D SPACE',''
  ) );
#14411 = PCURVE('',#14412,#14417);
#14412 = PLANE('',#14413);
#14413 = AXIS2_PLACEMENT_3D('',#14414,#14415,#14416);
#14414 = CARTESIAN_POINT('',(44.,0.1,75.));
#14415 = DIRECTION('',(-0.,-1.,-0.));
#14416 = DIRECTION('',(0.,0.,-1.));
#14417 = DEFINITIONAL_REPRESENTATION('',(#14418),#14421);
#14418 = B_SPLINE_CURVE_WITH_KNOTS('',1,(#14419,#14420),.UNSPECIFIED.,
  .F.,.F.,(2,2),(18.85,21.65),.PIECEWISE_BEZIER_KNOTS.);
#14419 = CARTESIAN_POINT('',(0.5,-1.4));
#14420 = CARTESIAN_POINT('',(0.5,1.4));
#14421 = ( GEOMETRIC_REPRESENTATION_CONTEXT(2) 
PARAMETRIC_REPRESENTATION_CONTEXT() REPRESENTATION_CONTEXT('2D SPACE',''
  ) );
#14422 = FACE_BOUND('',#14423,.F.);
#14423 = EDGE_LOOP('',(#14424,#14453,#14481,#14503));
#14424 = ORIENTED_EDGE('',*,*,#14425,.T.);
#14425 = EDGE_CURVE('',#14426,#14428,#14430,.T.);
#14426 = VERTEX_POINT('',#14427);
#14427 = CARTESIAN_POINT('',(17.307669683062,0.1,74.5));
#14428 = VERTEX_POINT('',#14429);
#14429 = CARTESIAN_POINT('',(17.307669683062,0.,74.5));
#14430 = SURFACE_CURVE('',#14431,(#14435,#14442),.PCURVE_S1.);
#14431 = LINE('',#14432,#14433);
#14432 = CARTESIAN_POINT('',(17.307669683062,-6.1,74.5));
#14433 = VECTOR('',#14434,1.);
#14434 = DIRECTION('',(0.,-1.,0.));
#14435 = PCURVE('',#13657,#14436);
#14436 = DEFINITIONAL_REPRESENTATION('',(#14437),#14441);
#14437 = LINE('',#14438,#14439);
#14438 = CARTESIAN_POINT('',(13.807669683062,-6.1));
#14439 = VECTOR('',#14440,1.);
#14440 = DIRECTION('',(0.,-1.));
#14441 = ( GEOMETRIC_REPRESENTATION_CONTEXT(2) 
PARAMETRIC_REPRESENTATION_CONTEXT() REPRESENTATION_CONTEXT('2D SPACE',''
  ) );
#14442 = PCURVE('',#14443,#14448);
#14443 = CYLINDRICAL_SURFACE('',#14444,1.4);
#14444 = AXIS2_PLACEMENT_3D('',#14445,#14446,#14447);
#14445 = CARTESIAN_POINT('',(16.,-6.1,75.));
#14446 = DIRECTION('',(0.,-1.,0.));
#14447 = DIRECTION('',(1.,0.,0.));
#14448 = DEFINITIONAL_REPRESENTATION('',(#14449),#14452);
#14449 = B_SPLINE_CURVE_WITH_KNOTS('',1,(#14450,#14451),.UNSPECIFIED.,
  .F.,.F.,(2,2),(-6.2,-6.1),.PIECEWISE_BEZIER_KNOTS.);
#14450 = CARTESIAN_POINT('',(5.917978085889,-6.2));
#14451 = CARTESIAN_POINT('',(5.917978085889,-6.1));
#14452 = ( GEOMETRIC_REPRESENTATION_CONTEXT(2) 
PARAMETRIC_REPRESENTATION_CONTEXT() REPRESENTATION_CONTEXT('2D SPACE',''
  ) );
#14453 = ORIENTED_EDGE('',*,*,#14454,.F.);
#14454 = EDGE_CURVE('',#14455,#14428,#14457,.T.);
#14455 = VERTEX_POINT('',#14456);
#14456 = CARTESIAN_POINT('',(14.692330316938,0.,74.5));
#14457 = SURFACE_CURVE('',#14458,(#14462,#14469),.PCURVE_S1.);
#14458 = LINE('',#14459,#14460);
#14459 = CARTESIAN_POINT('',(3.5,0.,74.5));
#14460 = VECTOR('',#14461,1.);
#14461 = DIRECTION('',(1.,0.,0.));
#14462 = PCURVE('',#13657,#14463);
#14463 = DEFINITIONAL_REPRESENTATION('',(#14464),#14468);
#14464 = LINE('',#14465,#14466);
#14465 = CARTESIAN_POINT('',(0.,0.));
#14466 = VECTOR('',#14467,1.);
#14467 = DIRECTION('',(1.,0.));
#14468 = ( GEOMETRIC_REPRESENTATION_CONTEXT(2) 
PARAMETRIC_REPRESENTATION_CONTEXT() REPRESENTATION_CONTEXT('2D SPACE',''
  ) );
#14469 = PCURVE('',#14470,#14475);
#14470 = PLANE('',#14471);
#14471 = AXIS2_PLACEMENT_3D('',#14472,#14473,#14474);
#14472 = CARTESIAN_POINT('',(-1.,0.,-1.));
#14473 = DIRECTION('',(0.,1.,0.));
#14474 = DIRECTION('',(0.,0.,1.));
#14475 = DEFINITIONAL_REPRESENTATION('',(#14476),#14480);
#14476 = LINE('',#14477,#14478);
#14477 = CARTESIAN_POINT('',(75.5,4.5));
#14478 = VECTOR('',#14479,1.);
#14479 = DIRECTION('',(0.,1.));
#14480 = ( GEOMETRIC_REPRESENTATION_CONTEXT(2) 
PARAMETRIC_REPRESENTATION_CONTEXT() REPRESENTATION_CONTEXT('2D SPACE',''
  ) );
#14481 = ORIENTED_EDGE('',*,*,#14482,.F.);
#14482 = EDGE_CURVE('',#14483,#14455,#14485,.T.);
#14483 = VERTEX_POINT('',#14484);
#14484 = CARTESIAN_POINT('',(14.692330316938,0.1,74.5));
#14485 = SURFACE_CURVE('',#14486,(#14490,#14497),.PCURVE_S1.);
#14486 = LINE('',#14487,#14488);
#14487 = CARTESIAN_POINT('',(14.692330316938,-6.1,74.5));
#14488 = VECTOR('',#14489,1.);
#14489 = DIRECTION('',(0.,-1.,0.));
#14490 = PCURVE('',#13657,#14491);
#14491 = DEFINITIONAL_REPRESENTATION('',(#14492),#14496);
#14492 = LINE('',#14493,#14494);
#14493 = CARTESIAN_POINT('',(11.192330316938,-6.1));
#14494 = VECTOR('',#14495,1.);
#14495 = DIRECTION('',(0.,-1.));
#14496 = ( GEOMETRIC_REPRESENTATION_CONTEXT(2) 
PARAMETRIC_REPRESENTATION_CONTEXT() REPRESENTATION_CONTEXT('2D SPACE',''
  ) );
#14497 = PCURVE('',#14443,#14498);
#14498 = DEFINITIONAL_REPRESENTATION('',(#14499),#14502);
#14499 = B_SPLINE_CURVE_WITH_KNOTS('',1,(#14500,#14501),.UNSPECIFIED.,
  .F.,.F.,(2,2),(-6.2,-6.1),.PIECEWISE_BEZIER_KNOTS.);
#14500 = CARTESIAN_POINT('',(9.78998518206,-6.2));
#14501 = CARTESIAN_POINT('',(9.78998518206,-6.1));
#14502 = ( GEOMETRIC_REPRESENTATION_CONTEXT(2) 
PARAMETRIC_REPRESENTATION_CONTEXT() REPRESENTATION_CONTEXT('2D SPACE',''
  ) );
#14503 = ORIENTED_EDGE('',*,*,#14504,.T.);
#14504 = EDGE_CURVE('',#14483,#14426,#14505,.T.);
#14505 = SURFACE_CURVE('',#14506,(#14510,#14517),.PCURVE_S1.);
#14506 = LINE('',#14507,#14508);
#14507 = CARTESIAN_POINT('',(9.75,1.E-01,74.5));
#14508 = VECTOR('',#14509,1.);
#14509 = DIRECTION('',(1.,0.,0.));
#14510 = PCURVE('',#13657,#14511);
#14511 = DEFINITIONAL_REPRESENTATION('',(#14512),#14516);
#14512 = LINE('',#14513,#14514);
#14513 = CARTESIAN_POINT('',(6.25,1.E-01));
#14514 = VECTOR('',#14515,1.);
#14515 = DIRECTION('',(1.,0.));
#14516 = ( GEOMETRIC_REPRESENTATION_CONTEXT(2) 
PARAMETRIC_REPRESENTATION_CONTEXT() REPRESENTATION_CONTEXT('2D SPACE',''
  ) );
#14517 = PCURVE('',#14518,#14523);
#14518 = PLANE('',#14519);
#14519 = AXIS2_PLACEMENT_3D('',#14520,#14521,#14522);
#14520 = CARTESIAN_POINT('',(16.,1.E-01,75.));
#14521 = DIRECTION('',(-0.,-1.,-0.));
#14522 = DIRECTION('',(0.,0.,-1.));
#14523 = DEFINITIONAL_REPRESENTATION('',(#14524),#14527);
#14524 = B_SPLINE_CURVE_WITH_KNOTS('',1,(#14525,#14526),.UNSPECIFIED.,
  .F.,.F.,(2,2),(4.85,7.65),.PIECEWISE_BEZIER_KNOTS.);
#14525 = CARTESIAN_POINT('',(0.5,-1.4));
#14526 = CARTESIAN_POINT('',(0.5,1.4));
#14527 = ( GEOMETRIC_REPRESENTATION_CONTEXT(2) 
PARAMETRIC_REPRESENTATION_CONTEXT() REPRESENTATION_CONTEXT('2D SPACE',''
  ) );
#14528 = ADVANCED_FACE('',(#14529),#14518,.T.);
#14529 = FACE_BOUND('',#14530,.T.);
#14530 = EDGE_LOOP('',(#14531,#14532));
#14531 = ORIENTED_EDGE('',*,*,#14504,.T.);
#14532 = ORIENTED_EDGE('',*,*,#14533,.F.);
#14533 = EDGE_CURVE('',#14483,#14426,#14534,.T.);
#14534 = SURFACE_CURVE('',#14535,(#14540,#14551),.PCURVE_S1.);
#14535 = CIRCLE('',#14536,1.4);
#14536 = AXIS2_PLACEMENT_3D('',#14537,#14538,#14539);
#14537 = CARTESIAN_POINT('',(16.,0.1,75.));
#14538 = DIRECTION('',(0.,1.,0.));
#14539 = DIRECTION('',(-0.934049773616,0.,-0.357142857143));
#14540 = PCURVE('',#14518,#14541);
#14541 = DEFINITIONAL_REPRESENTATION('',(#14542),#14550);
#14542 = ( BOUNDED_CURVE() B_SPLINE_CURVE(2,(#14543,#14544,#14545,#14546
    ,#14547,#14548,#14549),.UNSPECIFIED.,.T.,.F.) 
B_SPLINE_CURVE_WITH_KNOTS((1,2,2,2,2,1),(-2.094395102393,0.,
    2.094395102393,4.188790204786,6.28318530718,8.377580409573),
.UNSPECIFIED.) CURVE() GEOMETRIC_REPRESENTATION_ITEM() 
RATIONAL_B_SPLINE_CURVE((1.,0.5,1.,0.5,1.,0.5,1.)) REPRESENTATION_ITEM(
  '') );
#14543 = CARTESIAN_POINT('',(0.5,-1.307669683062));
#14544 = CARTESIAN_POINT('',(-1.764950330581,-2.173695086847));
#14545 = CARTESIAN_POINT('',(-1.382475165291,0.220822139639));
#14546 = CARTESIAN_POINT('',(-1.,2.615339366124));
#14547 = CARTESIAN_POINT('',(0.882475165291,1.086847543423));
#14548 = CARTESIAN_POINT('',(2.764950330581,-0.441644279278));
#14549 = CARTESIAN_POINT('',(0.5,-1.307669683062));
#14550 = ( GEOMETRIC_REPRESENTATION_CONTEXT(2) 
PARAMETRIC_REPRESENTATION_CONTEXT() REPRESENTATION_CONTEXT('2D SPACE',''
  ) );
#14551 = PCURVE('',#14443,#14552);
#14552 = DEFINITIONAL_REPRESENTATION('',(#14553),#14557);
#14553 = LINE('',#14554,#14555);
#14554 = CARTESIAN_POINT('',(9.78998518206,-6.2));
#14555 = VECTOR('',#14556,1.);
#14556 = DIRECTION('',(-1.,-0.));
#14557 = ( GEOMETRIC_REPRESENTATION_CONTEXT(2) 
PARAMETRIC_REPRESENTATION_CONTEXT() REPRESENTATION_CONTEXT('2D SPACE',''
  ) );
#14558 = ADVANCED_FACE('',(#14559),#14470,.T.);
#14559 = FACE_BOUND('',#14560,.T.);
#14560 = EDGE_LOOP('',(#14561,#14562));
#14561 = ORIENTED_EDGE('',*,*,#14454,.F.);
#14562 = ORIENTED_EDGE('',*,*,#14563,.T.);
#14563 = EDGE_CURVE('',#14455,#14428,#14564,.T.);
#14564 = SURFACE_CURVE('',#14565,(#14570,#14577),.PCURVE_S1.);
#14565 = CIRCLE('',#14566,1.4);
#14566 = AXIS2_PLACEMENT_3D('',#14567,#14568,#14569);
#14567 = CARTESIAN_POINT('',(16.,0.,75.));
#14568 = DIRECTION('',(0.,1.,0.));
#14569 = DIRECTION('',(-0.934049773616,0.,-0.357142857143));
#14570 = PCURVE('',#14470,#14571);
#14571 = DEFINITIONAL_REPRESENTATION('',(#14572),#14576);
#14572 = CIRCLE('',#14573,1.4);
#14573 = AXIS2_PLACEMENT_2D('',#14574,#14575);
#14574 = CARTESIAN_POINT('',(76.,17.));
#14575 = DIRECTION('',(-0.357142857143,-0.934049773616));
#14576 = ( GEOMETRIC_REPRESENTATION_CONTEXT(2) 
PARAMETRIC_REPRESENTATION_CONTEXT() REPRESENTATION_CONTEXT('2D SPACE',''
  ) );
#14577 = PCURVE('',#14443,#14578);
#14578 = DEFINITIONAL_REPRESENTATION('',(#14579),#14583);
#14579 = LINE('',#14580,#14581);
#14580 = CARTESIAN_POINT('',(9.78998518206,-6.1));
#14581 = VECTOR('',#14582,1.);
#14582 = DIRECTION('',(-1.,-0.));
#14583 = ( GEOMETRIC_REPRESENTATION_CONTEXT(2) 
PARAMETRIC_REPRESENTATION_CONTEXT() REPRESENTATION_CONTEXT('2D SPACE',''
  ) );
#14584 = ADVANCED_FACE('',(#14585),#14443,.F.);
#14585 = FACE_BOUND('',#14586,.F.);
#14586 = EDGE_LOOP('',(#14587,#14588,#14589,#14590));
#14587 = ORIENTED_EDGE('',*,*,#14563,.T.);
#14588 = ORIENTED_EDGE('',*,*,#14425,.F.);
#14589 = ORIENTED_EDGE('',*,*,#14533,.F.);
#14590 = ORIENTED_EDGE('',*,*,#14482,.T.);
#14591 = ADVANCED_FACE('',(#14592),#14412,.T.);
#14592 = FACE_BOUND('',#14593,.T.);
#14593 = EDGE_LOOP('',(#14594,#14595));
#14594 = ORIENTED_EDGE('',*,*,#14398,.T.);
#14595 = ORIENTED_EDGE('',*,*,#14596,.F.);
#14596 = EDGE_CURVE('',#14377,#14320,#14597,.T.);
#14597 = SURFACE_CURVE('',#14598,(#14603,#14614),.PCURVE_S1.);
#14598 = CIRCLE('',#14599,1.4);
#14599 = AXIS2_PLACEMENT_3D('',#14600,#14601,#14602);
#14600 = CARTESIAN_POINT('',(44.,0.1,75.));
#14601 = DIRECTION('',(0.,1.,0.));
#14602 = DIRECTION('',(-0.934049773616,0.,-0.357142857143));
#14603 = PCURVE('',#14412,#14604);
#14604 = DEFINITIONAL_REPRESENTATION('',(#14605),#14613);
#14605 = ( BOUNDED_CURVE() B_SPLINE_CURVE(2,(#14606,#14607,#14608,#14609
    ,#14610,#14611,#14612),.UNSPECIFIED.,.T.,.F.) 
B_SPLINE_CURVE_WITH_KNOTS((1,2,2,2,2,1),(-2.094395102393,0.,
    2.094395102393,4.188790204786,6.28318530718,8.377580409573),
.UNSPECIFIED.) CURVE() GEOMETRIC_REPRESENTATION_ITEM() 
RATIONAL_B_SPLINE_CURVE((1.,0.5,1.,0.5,1.,0.5,1.)) REPRESENTATION_ITEM(
  '') );
#14606 = CARTESIAN_POINT('',(0.5,-1.307669683062));
#14607 = CARTESIAN_POINT('',(-1.764950330581,-2.173695086847));
#14608 = CARTESIAN_POINT('',(-1.382475165291,0.220822139639));
#14609 = CARTESIAN_POINT('',(-1.,2.615339366124));
#14610 = CARTESIAN_POINT('',(0.882475165291,1.086847543423));
#14611 = CARTESIAN_POINT('',(2.764950330581,-0.441644279278));
#14612 = CARTESIAN_POINT('',(0.5,-1.307669683062));
#14613 = ( GEOMETRIC_REPRESENTATION_CONTEXT(2) 
PARAMETRIC_REPRESENTATION_CONTEXT() REPRESENTATION_CONTEXT('2D SPACE',''
  ) );
#14614 = PCURVE('',#14337,#14615);
#14615 = DEFINITIONAL_REPRESENTATION('',(#14616),#14620);
#14616 = LINE('',#14617,#14618);
#14617 = CARTESIAN_POINT('',(9.78998518206,-6.2));
#14618 = VECTOR('',#14619,1.);
#14619 = DIRECTION('',(-1.,-0.));
#14620 = ( GEOMETRIC_REPRESENTATION_CONTEXT(2) 
PARAMETRIC_REPRESENTATION_CONTEXT() REPRESENTATION_CONTEXT('2D SPACE',''
  ) );
#14621 = ADVANCED_FACE('',(#14622),#14364,.T.);
#14622 = FACE_BOUND('',#14623,.T.);
#14623 = EDGE_LOOP('',(#14624,#14625));
#14624 = ORIENTED_EDGE('',*,*,#14348,.F.);
#14625 = ORIENTED_EDGE('',*,*,#14626,.T.);
#14626 = EDGE_CURVE('',#14349,#14322,#14627,.T.);
#14627 = SURFACE_CURVE('',#14628,(#14633,#14640),.PCURVE_S1.);
#14628 = CIRCLE('',#14629,1.4);
#14629 = AXIS2_PLACEMENT_3D('',#14630,#14631,#14632);
#14630 = CARTESIAN_POINT('',(44.,0.,75.));
#14631 = DIRECTION('',(0.,1.,0.));
#14632 = DIRECTION('',(-0.934049773616,0.,-0.357142857143));
#14633 = PCURVE('',#14364,#14634);
#14634 = DEFINITIONAL_REPRESENTATION('',(#14635),#14639);
#14635 = CIRCLE('',#14636,1.4);
#14636 = AXIS2_PLACEMENT_2D('',#14637,#14638);
#14637 = CARTESIAN_POINT('',(76.,45.));
#14638 = DIRECTION('',(-0.357142857143,-0.934049773616));
#14639 = ( GEOMETRIC_REPRESENTATION_CONTEXT(2) 
PARAMETRIC_REPRESENTATION_CONTEXT() REPRESENTATION_CONTEXT('2D SPACE',''
  ) );
#14640 = PCURVE('',#14337,#14641);
#14641 = DEFINITIONAL_REPRESENTATION('',(#14642),#14646);
#14642 = LINE('',#14643,#14644);
#14643 = CARTESIAN_POINT('',(9.78998518206,-6.1));
#14644 = VECTOR('',#14645,1.);
#14645 = DIRECTION('',(-1.,-0.));
#14646 = ( GEOMETRIC_REPRESENTATION_CONTEXT(2) 
PARAMETRIC_REPRESENTATION_CONTEXT() REPRESENTATION_CONTEXT('2D SPACE',''
  ) );
#14647 = ADVANCED_FACE('',(#14648),#14337,.F.);
#14648 = FACE_BOUND('',#14649,.F.);
#14649 = EDGE_LOOP('',(#14650,#14651,#14652,#14653));
#14650 = ORIENTED_EDGE('',*,*,#14626,.T.);
#14651 = ORIENTED_EDGE('',*,*,#14319,.F.);
#14652 = ORIENTED_EDGE('',*,*,#14596,.F.);
#14653 = ORIENTED_EDGE('',*,*,#14376,.T.);
#14654 = ADVANCED_FACE('',(#14655),#14306,.T.);
#14655 = FACE_BOUND('',#14656,.T.);
#14656 = EDGE_LOOP('',(#14657,#14658));
#14657 = ORIENTED_EDGE('',*,*,#14292,.T.);
#14658 = ORIENTED_EDGE('',*,*,#14659,.F.);
#14659 = EDGE_CURVE('',#14271,#14214,#14660,.T.);
#14660 = SURFACE_CURVE('',#14661,(#14666,#14677),.PCURVE_S1.);
#14661 = CIRCLE('',#14662,1.4);
#14662 = AXIS2_PLACEMENT_3D('',#14663,#14664,#14665);
#14663 = CARTESIAN_POINT('',(72.,0.1,75.));
#14664 = DIRECTION('',(0.,1.,0.));
#14665 = DIRECTION('',(-0.934049773616,0.,-0.357142857143));
#14666 = PCURVE('',#14306,#14667);
#14667 = DEFINITIONAL_REPRESENTATION('',(#14668),#14676);
#14668 = ( BOUNDED_CURVE() B_SPLINE_CURVE(2,(#14669,#14670,#14671,#14672
    ,#14673,#14674,#14675),.UNSPECIFIED.,.T.,.F.) 
B_SPLINE_CURVE_WITH_KNOTS((1,2,2,2,2,1),(-2.094395102393,0.,
    2.094395102393,4.188790204786,6.28318530718,8.377580409573),
.UNSPECIFIED.) CURVE() GEOMETRIC_REPRESENTATION_ITEM() 
RATIONAL_B_SPLINE_CURVE((1.,0.5,1.,0.5,1.,0.5,1.)) REPRESENTATION_ITEM(
  '') );
#14669 = CARTESIAN_POINT('',(0.5,-1.307669683062));
#14670 = CARTESIAN_POINT('',(-1.764950330581,-2.173695086847));
#14671 = CARTESIAN_POINT('',(-1.382475165291,0.220822139639));
#14672 = CARTESIAN_POINT('',(-1.,2.615339366124));
#14673 = CARTESIAN_POINT('',(0.882475165291,1.086847543423));
#14674 = CARTESIAN_POINT('',(2.764950330581,-0.441644279278));
#14675 = CARTESIAN_POINT('',(0.5,-1.307669683062));
#14676 = ( GEOMETRIC_REPRESENTATION_CONTEXT(2) 
PARAMETRIC_REPRESENTATION_CONTEXT() REPRESENTATION_CONTEXT('2D SPACE',''
  ) );
#14677 = PCURVE('',#14231,#14678);
#14678 = DEFINITIONAL_REPRESENTATION('',(#14679),#14683);
#14679 = LINE('',#14680,#14681);
#14680 = CARTESIAN_POINT('',(9.78998518206,-6.2));
#14681 = VECTOR('',#14682,1.);
#14682 = DIRECTION('',(-1.,-0.));
#14683 = ( GEOMETRIC_REPRESENTATION_CONTEXT(2) 
PARAMETRIC_REPRESENTATION_CONTEXT() REPRESENTATION_CONTEXT('2D SPACE',''
  ) );
#14684 = ADVANCED_FACE('',(#14685),#14258,.T.);
#14685 = FACE_BOUND('',#14686,.T.);
#14686 = EDGE_LOOP('',(#14687,#14688));
#14687 = ORIENTED_EDGE('',*,*,#14242,.F.);
#14688 = ORIENTED_EDGE('',*,*,#14689,.T.);
#14689 = EDGE_CURVE('',#14243,#14216,#14690,.T.);
#14690 = SURFACE_CURVE('',#14691,(#14696,#14703),.PCURVE_S1.);
#14691 = CIRCLE('',#14692,1.4);
#14692 = AXIS2_PLACEMENT_3D('',#14693,#14694,#14695);
#14693 = CARTESIAN_POINT('',(72.,0.,75.));
#14694 = DIRECTION('',(0.,1.,0.));
#14695 = DIRECTION('',(-0.934049773616,0.,-0.357142857143));
#14696 = PCURVE('',#14258,#14697);
#14697 = DEFINITIONAL_REPRESENTATION('',(#14698),#14702);
#14698 = CIRCLE('',#14699,1.4);
#14699 = AXIS2_PLACEMENT_2D('',#14700,#14701);
#14700 = CARTESIAN_POINT('',(76.,73.));
#14701 = DIRECTION('',(-0.357142857143,-0.934049773616));
#14702 = ( GEOMETRIC_REPRESENTATION_CONTEXT(2) 
PARAMETRIC_REPRESENTATION_CONTEXT() REPRESENTATION_CONTEXT('2D SPACE',''
  ) );
#14703 = PCURVE('',#14231,#14704);
#14704 = DEFINITIONAL_REPRESENTATION('',(#14705),#14709);
#14705 = LINE('',#14706,#14707);
#14706 = CARTESIAN_POINT('',(9.78998518206,-6.1));
#14707 = VECTOR('',#14708,1.);
#14708 = DIRECTION('',(-1.,-0.));
#14709 = ( GEOMETRIC_REPRESENTATION_CONTEXT(2) 
PARAMETRIC_REPRESENTATION_CONTEXT() REPRESENTATION_CONTEXT('2D SPACE',''
  ) );
#14710 = ADVANCED_FACE('',(#14711),#14231,.F.);
#14711 = FACE_BOUND('',#14712,.F.);
#14712 = EDGE_LOOP('',(#14713,#14714,#14715,#14716));
#14713 = ORIENTED_EDGE('',*,*,#14689,.T.);
#14714 = ORIENTED_EDGE('',*,*,#14213,.F.);
#14715 = ORIENTED_EDGE('',*,*,#14659,.F.);
#14716 = ORIENTED_EDGE('',*,*,#14270,.T.);
#14717 = ADVANCED_FACE('',(#14718),#14200,.T.);
#14718 = FACE_BOUND('',#14719,.T.);
#14719 = EDGE_LOOP('',(#14720,#14721));
#14720 = ORIENTED_EDGE('',*,*,#14186,.T.);
#14721 = ORIENTED_EDGE('',*,*,#14722,.F.);
#14722 = EDGE_CURVE('',#14165,#14108,#14723,.T.);
#14723 = SURFACE_CURVE('',#14724,(#14729,#14740),.PCURVE_S1.);
#14724 = CIRCLE('',#14725,1.4);
#14725 = AXIS2_PLACEMENT_3D('',#14726,#14727,#14728);
#14726 = CARTESIAN_POINT('',(100.,0.1,75.));
#14727 = DIRECTION('',(0.,1.,0.));
#14728 = DIRECTION('',(-0.934049773616,0.,-0.357142857143));
#14729 = PCURVE('',#14200,#14730);
#14730 = DEFINITIONAL_REPRESENTATION('',(#14731),#14739);
#14731 = ( BOUNDED_CURVE() B_SPLINE_CURVE(2,(#14732,#14733,#14734,#14735
    ,#14736,#14737,#14738),.UNSPECIFIED.,.T.,.F.) 
B_SPLINE_CURVE_WITH_KNOTS((1,2,2,2,2,1),(-2.094395102393,0.,
    2.094395102393,4.188790204786,6.28318530718,8.377580409573),
.UNSPECIFIED.) CURVE() GEOMETRIC_REPRESENTATION_ITEM() 
RATIONAL_B_SPLINE_CURVE((1.,0.5,1.,0.5,1.,0.5,1.)) REPRESENTATION_ITEM(
  '') );
#14732 = CARTESIAN_POINT('',(0.5,-1.307669683062));
#14733 = CARTESIAN_POINT('',(-1.764950330581,-2.173695086847));
#14734 = CARTESIAN_POINT('',(-1.382475165291,0.220822139639));
#14735 = CARTESIAN_POINT('',(-1.,2.615339366124));
#14736 = CARTESIAN_POINT('',(0.882475165291,1.086847543423));
#14737 = CARTESIAN_POINT('',(2.764950330581,-0.441644279278));
#14738 = CARTESIAN_POINT('',(0.5,-1.307669683062));
#14739 = ( GEOMETRIC_REPRESENTATION_CONTEXT(2) 
PARAMETRIC_REPRESENTATION_CONTEXT() REPRESENTATION_CONTEXT('2D SPACE',''
  ) );
#14740 = PCURVE('',#14125,#14741);
#14741 = DEFINITIONAL_REPRESENTATION('',(#14742),#14746);
#14742 = LINE('',#14743,#14744);
#14743 = CARTESIAN_POINT('',(9.78998518206,-6.2));
#14744 = VECTOR('',#14745,1.);
#14745 = DIRECTION('',(-1.,-0.));
#14746 = ( GEOMETRIC_REPRESENTATION_CONTEXT(2) 
PARAMETRIC_REPRESENTATION_CONTEXT() REPRESENTATION_CONTEXT('2D SPACE',''
  ) );
#14747 = ADVANCED_FACE('',(#14748),#14152,.T.);
#14748 = FACE_BOUND('',#14749,.T.);
#14749 = EDGE_LOOP('',(#14750,#14751));
#14750 = ORIENTED_EDGE('',*,*,#14136,.F.);
#14751 = ORIENTED_EDGE('',*,*,#14752,.T.);
#14752 = EDGE_CURVE('',#14137,#14110,#14753,.T.);
#14753 = SURFACE_CURVE('',#14754,(#14759,#14766),.PCURVE_S1.);
#14754 = CIRCLE('',#14755,1.4);
#14755 = AXIS2_PLACEMENT_3D('',#14756,#14757,#14758);
#14756 = CARTESIAN_POINT('',(100.,0.,75.));
#14757 = DIRECTION('',(0.,1.,0.));
#14758 = DIRECTION('',(-0.934049773616,0.,-0.357142857143));
#14759 = PCURVE('',#14152,#14760);
#14760 = DEFINITIONAL_REPRESENTATION('',(#14761),#14765);
#14761 = CIRCLE('',#14762,1.4);
#14762 = AXIS2_PLACEMENT_2D('',#14763,#14764);
#14763 = CARTESIAN_POINT('',(76.,101.));
#14764 = DIRECTION('',(-0.357142857143,-0.934049773616));
#14765 = ( GEOMETRIC_REPRESENTATION_CONTEXT(2) 
PARAMETRIC_REPRESENTATION_CONTEXT() REPRESENTATION_CONTEXT('2D SPACE',''
  ) );
#14766 = PCURVE('',#14125,#14767);
#14767 = DEFINITIONAL_REPRESENTATION('',(#14768),#14772);
#14768 = LINE('',#14769,#14770);
#14769 = CARTESIAN_POINT('',(9.78998518206,-6.1));
#14770 = VECTOR('',#14771,1.);
#14771 = DIRECTION('',(-1.,-0.));
#14772 = ( GEOMETRIC_REPRESENTATION_CONTEXT(2) 
PARAMETRIC_REPRESENTATION_CONTEXT() REPRESENTATION_CONTEXT('2D SPACE',''
  ) );
#14773 = ADVANCED_FACE('',(#14774),#14125,.F.);
#14774 = FACE_BOUND('',#14775,.F.);
#14775 = EDGE_LOOP('',(#14776,#14777,#14778,#14779));
#14776 = ORIENTED_EDGE('',*,*,#14752,.T.);
#14777 = ORIENTED_EDGE('',*,*,#14107,.F.);
#14778 = ORIENTED_EDGE('',*,*,#14722,.F.);
#14779 = ORIENTED_EDGE('',*,*,#14164,.T.);
#14780 = ADVANCED_FACE('',(#14781),#14094,.F.);
#14781 = FACE_BOUND('',#14782,.F.);
#14782 = EDGE_LOOP('',(#14783,#14806,#14807,#14830));
#14783 = ORIENTED_EDGE('',*,*,#14784,.F.);
#14784 = EDGE_CURVE('',#13998,#14785,#14787,.T.);
#14785 = VERTEX_POINT('',#14786);
#14786 = CARTESIAN_POINT('',(160.5,4.,75.));
#14787 = SURFACE_CURVE('',#14788,(#14792,#14799),.PCURVE_S1.);
#14788 = LINE('',#14789,#14790);
#14789 = CARTESIAN_POINT('',(160.5,4.,3.));
#14790 = VECTOR('',#14791,1.);
#14791 = DIRECTION('',(0.,0.,1.));
#14792 = PCURVE('',#14094,#14793);
#14793 = DEFINITIONAL_REPRESENTATION('',(#14794),#14798);
#14794 = LINE('',#14795,#14796);
#14795 = CARTESIAN_POINT('',(0.,52.));
#14796 = VECTOR('',#14797,1.);
#14797 = DIRECTION('',(1.,0.));
#14798 = ( GEOMETRIC_REPRESENTATION_CONTEXT(2) 
PARAMETRIC_REPRESENTATION_CONTEXT() REPRESENTATION_CONTEXT('2D SPACE',''
  ) );
#14799 = PCURVE('',#14013,#14800);
#14800 = DEFINITIONAL_REPRESENTATION('',(#14801),#14805);
#14801 = LINE('',#14802,#14803);
#14802 = CARTESIAN_POINT('',(0.,-8.));
#14803 = VECTOR('',#14804,1.);
#14804 = DIRECTION('',(1.,0.));
#14805 = ( GEOMETRIC_REPRESENTATION_CONTEXT(2) 
PARAMETRIC_REPRESENTATION_CONTEXT() REPRESENTATION_CONTEXT('2D SPACE',''
  ) );
#14806 = ORIENTED_EDGE('',*,*,#14080,.T.);
#14807 = ORIENTED_EDGE('',*,*,#14808,.T.);
#14808 = EDGE_CURVE('',#14053,#14809,#14811,.T.);
#14809 = VERTEX_POINT('',#14810);
#14810 = CARTESIAN_POINT('',(108.5,4.,75.));
#14811 = SURFACE_CURVE('',#14812,(#14816,#14823),.PCURVE_S1.);
#14812 = LINE('',#14813,#14814);
#14813 = CARTESIAN_POINT('',(108.5,4.,3.));
#14814 = VECTOR('',#14815,1.);
#14815 = DIRECTION('',(0.,0.,1.));
#14816 = PCURVE('',#14094,#14817);
#14817 = DEFINITIONAL_REPRESENTATION('',(#14818),#14822);
#14818 = LINE('',#14819,#14820);
#14819 = CARTESIAN_POINT('',(0.,0.));
#14820 = VECTOR('',#14821,1.);
#14821 = DIRECTION('',(1.,0.));
#14822 = ( GEOMETRIC_REPRESENTATION_CONTEXT(2) 
PARAMETRIC_REPRESENTATION_CONTEXT() REPRESENTATION_CONTEXT('2D SPACE',''
  ) );
#14823 = PCURVE('',#14068,#14824);
#14824 = DEFINITIONAL_REPRESENTATION('',(#14825),#14829);
#14825 = LINE('',#14826,#14827);
#14826 = CARTESIAN_POINT('',(0.,-8.));
#14827 = VECTOR('',#14828,1.);
#14828 = DIRECTION('',(1.,0.));
#14829 = ( GEOMETRIC_REPRESENTATION_CONTEXT(2) 
PARAMETRIC_REPRESENTATION_CONTEXT() REPRESENTATION_CONTEXT('2D SPACE',''
  ) );
#14830 = ORIENTED_EDGE('',*,*,#14831,.T.);
#14831 = EDGE_CURVE('',#14809,#14785,#14832,.T.);
#14832 = SURFACE_CURVE('',#14833,(#14837,#14844),.PCURVE_S1.);
#14833 = LINE('',#14834,#14835);
#14834 = CARTESIAN_POINT('',(108.5,4.,75.));
#14835 = VECTOR('',#14836,1.);
#14836 = DIRECTION('',(1.,0.,0.));
#14837 = PCURVE('',#14094,#14838);
#14838 = DEFINITIONAL_REPRESENTATION('',(#14839),#14843);
#14839 = LINE('',#14840,#14841);
#14840 = CARTESIAN_POINT('',(72.,0.));
#14841 = VECTOR('',#14842,1.);
#14842 = DIRECTION('',(0.,1.));
#14843 = ( GEOMETRIC_REPRESENTATION_CONTEXT(2) 
PARAMETRIC_REPRESENTATION_CONTEXT() REPRESENTATION_CONTEXT('2D SPACE',''
  ) );
#14844 = PCURVE('',#14845,#14850);
#14845 = PLANE('',#14846);
#14846 = AXIS2_PLACEMENT_3D('',#14847,#14848,#14849);
#14847 = CARTESIAN_POINT('',(108.5,-4.,75.));
#14848 = DIRECTION('',(0.,0.,1.));
#14849 = DIRECTION('',(1.,0.,0.));
#14850 = DEFINITIONAL_REPRESENTATION('',(#14851),#14855);
#14851 = LINE('',#14852,#14853);
#14852 = CARTESIAN_POINT('',(0.,8.));
#14853 = VECTOR('',#14854,1.);
#14854 = DIRECTION('',(1.,0.));
#14855 = ( GEOMETRIC_REPRESENTATION_CONTEXT(2) 
PARAMETRIC_REPRESENTATION_CONTEXT() REPRESENTATION_CONTEXT('2D SPACE',''
  ) );
#14856 = ADVANCED_FACE('',(#14857,#14927,#15033),#14845,.F.);
#14857 = FACE_BOUND('',#14858,.F.);
#14858 = EDGE_LOOP('',(#14859,#14882,#14905,#14926));
#14859 = ORIENTED_EDGE('',*,*,#14860,.T.);
#14860 = EDGE_CURVE('',#14809,#14861,#14863,.T.);
#14861 = VERTEX_POINT('',#14862);
#14862 = CARTESIAN_POINT('',(108.5,-4.,75.));
#14863 = SURFACE_CURVE('',#14864,(#14868,#14875),.PCURVE_S1.);
#14864 = LINE('',#14865,#14866);
#14865 = CARTESIAN_POINT('',(108.5,4.,75.));
#14866 = VECTOR('',#14867,1.);
#14867 = DIRECTION('',(0.,-1.,0.));
#14868 = PCURVE('',#14845,#14869);
#14869 = DEFINITIONAL_REPRESENTATION('',(#14870),#14874);
#14870 = LINE('',#14871,#14872);
#14871 = CARTESIAN_POINT('',(0.,8.));
#14872 = VECTOR('',#14873,1.);
#14873 = DIRECTION('',(0.,-1.));
#14874 = ( GEOMETRIC_REPRESENTATION_CONTEXT(2) 
PARAMETRIC_REPRESENTATION_CONTEXT() REPRESENTATION_CONTEXT('2D SPACE',''
  ) );
#14875 = PCURVE('',#14068,#14876);
#14876 = DEFINITIONAL_REPRESENTATION('',(#14877),#14881);
#14877 = LINE('',#14878,#14879);
#14878 = CARTESIAN_POINT('',(72.,-8.));
#14879 = VECTOR('',#14880,1.);
#14880 = DIRECTION('',(0.,1.));
#14881 = ( GEOMETRIC_REPRESENTATION_CONTEXT(2) 
PARAMETRIC_REPRESENTATION_CONTEXT() REPRESENTATION_CONTEXT('2D SPACE',''
  ) );
#14882 = ORIENTED_EDGE('',*,*,#14883,.T.);
#14883 = EDGE_CURVE('',#14861,#14884,#14886,.T.);
#14884 = VERTEX_POINT('',#14885);
#14885 = CARTESIAN_POINT('',(160.5,-4.,75.));
#14886 = SURFACE_CURVE('',#14887,(#14891,#14898),.PCURVE_S1.);
#14887 = LINE('',#14888,#14889);
#14888 = CARTESIAN_POINT('',(108.5,-4.,75.));
#14889 = VECTOR('',#14890,1.);
#14890 = DIRECTION('',(1.,0.,0.));
#14891 = PCURVE('',#14845,#14892);
#14892 = DEFINITIONAL_REPRESENTATION('',(#14893),#14897);
#14893 = LINE('',#14894,#14895);
#14894 = CARTESIAN_POINT('',(0.,0.));
#14895 = VECTOR('',#14896,1.);
#14896 = DIRECTION('',(1.,0.));
#14897 = ( GEOMETRIC_REPRESENTATION_CONTEXT(2) 
PARAMETRIC_REPRESENTATION_CONTEXT() REPRESENTATION_CONTEXT('2D SPACE',''
  ) );
#14898 = PCURVE('',#14041,#14899);
#14899 = DEFINITIONAL_REPRESENTATION('',(#14900),#14904);
#14900 = LINE('',#14901,#14902);
#14901 = CARTESIAN_POINT('',(72.,0.));
#14902 = VECTOR('',#14903,1.);
#14903 = DIRECTION('',(0.,1.));
#14904 = ( GEOMETRIC_REPRESENTATION_CONTEXT(2) 
PARAMETRIC_REPRESENTATION_CONTEXT() REPRESENTATION_CONTEXT('2D SPACE',''
  ) );
#14905 = ORIENTED_EDGE('',*,*,#14906,.T.);
#14906 = EDGE_CURVE('',#14884,#14785,#14907,.T.);
#14907 = SURFACE_CURVE('',#14908,(#14912,#14919),.PCURVE_S1.);
#14908 = LINE('',#14909,#14910);
#14909 = CARTESIAN_POINT('',(160.5,-4.,75.));
#14910 = VECTOR('',#14911,1.);
#14911 = DIRECTION('',(0.,1.,0.));
#14912 = PCURVE('',#14845,#14913);
#14913 = DEFINITIONAL_REPRESENTATION('',(#14914),#14918);
#14914 = LINE('',#14915,#14916);
#14915 = CARTESIAN_POINT('',(52.,0.));
#14916 = VECTOR('',#14917,1.);
#14917 = DIRECTION('',(0.,1.));
#14918 = ( GEOMETRIC_REPRESENTATION_CONTEXT(2) 
PARAMETRIC_REPRESENTATION_CONTEXT() REPRESENTATION_CONTEXT('2D SPACE',''
  ) );
#14919 = PCURVE('',#14013,#14920);
#14920 = DEFINITIONAL_REPRESENTATION('',(#14921),#14925);
#14921 = LINE('',#14922,#14923);
#14922 = CARTESIAN_POINT('',(72.,0.));
#14923 = VECTOR('',#14924,1.);
#14924 = DIRECTION('',(0.,-1.));
#14925 = ( GEOMETRIC_REPRESENTATION_CONTEXT(2) 
PARAMETRIC_REPRESENTATION_CONTEXT() REPRESENTATION_CONTEXT('2D SPACE',''
  ) );
#14926 = ORIENTED_EDGE('',*,*,#14831,.F.);
#14927 = FACE_BOUND('',#14928,.F.);
#14928 = EDGE_LOOP('',(#14929,#14959,#14986,#15008));
#14929 = ORIENTED_EDGE('',*,*,#14930,.F.);
#14930 = EDGE_CURVE('',#14931,#14933,#14935,.T.);
#14931 = VERTEX_POINT('',#14932);
#14932 = CARTESIAN_POINT('',(157.4,0.,75.));
#14933 = VERTEX_POINT('',#14934);
#14934 = CARTESIAN_POINT('',(157.4,0.1,75.));
#14935 = SURFACE_CURVE('',#14936,(#14940,#14947),.PCURVE_S1.);
#14936 = LINE('',#14937,#14938);
#14937 = CARTESIAN_POINT('',(157.4,-6.1,75.));
#14938 = VECTOR('',#14939,1.);
#14939 = DIRECTION('',(-0.,1.,-0.));
#14940 = PCURVE('',#14845,#14941);
#14941 = DEFINITIONAL_REPRESENTATION('',(#14942),#14946);
#14942 = LINE('',#14943,#14944);
#14943 = CARTESIAN_POINT('',(48.9,-2.1));
#14944 = VECTOR('',#14945,1.);
#14945 = DIRECTION('',(0.,1.));
#14946 = ( GEOMETRIC_REPRESENTATION_CONTEXT(2) 
PARAMETRIC_REPRESENTATION_CONTEXT() REPRESENTATION_CONTEXT('2D SPACE',''
  ) );
#14947 = PCURVE('',#14948,#14953);
#14948 = CYLINDRICAL_SURFACE('',#14949,1.4);
#14949 = AXIS2_PLACEMENT_3D('',#14950,#14951,#14952);
#14950 = CARTESIAN_POINT('',(156.,-6.1,75.));
#14951 = DIRECTION('',(0.,-1.,0.));
#14952 = DIRECTION('',(1.,0.,0.));
#14953 = DEFINITIONAL_REPRESENTATION('',(#14954),#14958);
#14954 = LINE('',#14955,#14956);
#14955 = CARTESIAN_POINT('',(0.,0.));
#14956 = VECTOR('',#14957,1.);
#14957 = DIRECTION('',(0.,-1.));
#14958 = ( GEOMETRIC_REPRESENTATION_CONTEXT(2) 
PARAMETRIC_REPRESENTATION_CONTEXT() REPRESENTATION_CONTEXT('2D SPACE',''
  ) );
#14959 = ORIENTED_EDGE('',*,*,#14960,.F.);
#14960 = EDGE_CURVE('',#14961,#14931,#14963,.T.);
#14961 = VERTEX_POINT('',#14962);
#14962 = CARTESIAN_POINT('',(154.6,0.,75.));
#14963 = SURFACE_CURVE('',#14964,(#14968,#14975),.PCURVE_S1.);
#14964 = LINE('',#14965,#14966);
#14965 = CARTESIAN_POINT('',(53.75,0.,75.));
#14966 = VECTOR('',#14967,1.);
#14967 = DIRECTION('',(1.,0.,0.));
#14968 = PCURVE('',#14845,#14969);
#14969 = DEFINITIONAL_REPRESENTATION('',(#14970),#14974);
#14970 = LINE('',#14971,#14972);
#14971 = CARTESIAN_POINT('',(-54.75,4.));
#14972 = VECTOR('',#14973,1.);
#14973 = DIRECTION('',(1.,0.));
#14974 = ( GEOMETRIC_REPRESENTATION_CONTEXT(2) 
PARAMETRIC_REPRESENTATION_CONTEXT() REPRESENTATION_CONTEXT('2D SPACE',''
  ) );
#14975 = PCURVE('',#14976,#14981);
#14976 = PLANE('',#14977);
#14977 = AXIS2_PLACEMENT_3D('',#14978,#14979,#14980);
#14978 = CARTESIAN_POINT('',(-1.,0.,-1.));
#14979 = DIRECTION('',(0.,1.,0.));
#14980 = DIRECTION('',(0.,0.,1.));
#14981 = DEFINITIONAL_REPRESENTATION('',(#14982),#14985);
#14982 = B_SPLINE_CURVE_WITH_KNOTS('',1,(#14983,#14984),.UNSPECIFIED.,
  .F.,.F.,(2,2),(54.75,106.75),.PIECEWISE_BEZIER_KNOTS.);
#14983 = CARTESIAN_POINT('',(76.,109.5));
#14984 = CARTESIAN_POINT('',(76.,161.5));
#14985 = ( GEOMETRIC_REPRESENTATION_CONTEXT(2) 
PARAMETRIC_REPRESENTATION_CONTEXT() REPRESENTATION_CONTEXT('2D SPACE',''
  ) );
#14986 = ORIENTED_EDGE('',*,*,#14987,.F.);
#14987 = EDGE_CURVE('',#14988,#14961,#14990,.T.);
#14988 = VERTEX_POINT('',#14989);
#14989 = CARTESIAN_POINT('',(154.6,0.1,75.));
#14990 = SURFACE_CURVE('',#14991,(#14995,#15002),.PCURVE_S1.);
#14991 = LINE('',#14992,#14993);
#14992 = CARTESIAN_POINT('',(154.6,-6.1,75.));
#14993 = VECTOR('',#14994,1.);
#14994 = DIRECTION('',(0.,-1.,0.));
#14995 = PCURVE('',#14845,#14996);
#14996 = DEFINITIONAL_REPRESENTATION('',(#14997),#15001);
#14997 = LINE('',#14998,#14999);
#14998 = CARTESIAN_POINT('',(46.1,-2.1));
#14999 = VECTOR('',#15000,1.);
#15000 = DIRECTION('',(0.,-1.));
#15001 = ( GEOMETRIC_REPRESENTATION_CONTEXT(2) 
PARAMETRIC_REPRESENTATION_CONTEXT() REPRESENTATION_CONTEXT('2D SPACE',''
  ) );
#15002 = PCURVE('',#14948,#15003);
#15003 = DEFINITIONAL_REPRESENTATION('',(#15004),#15007);
#15004 = B_SPLINE_CURVE_WITH_KNOTS('',1,(#15005,#15006),.UNSPECIFIED.,
  .F.,.F.,(2,2),(-6.2000006,-5.7),.PIECEWISE_BEZIER_KNOTS.);
#15005 = CARTESIAN_POINT('',(3.14159265359,-6.2000006));
#15006 = CARTESIAN_POINT('',(3.14159265359,-5.7));
#15007 = ( GEOMETRIC_REPRESENTATION_CONTEXT(2) 
PARAMETRIC_REPRESENTATION_CONTEXT() REPRESENTATION_CONTEXT('2D SPACE',''
  ) );
#15008 = ORIENTED_EDGE('',*,*,#15009,.T.);
#15009 = EDGE_CURVE('',#14988,#14933,#15010,.T.);
#15010 = SURFACE_CURVE('',#15011,(#15015,#15022),.PCURVE_S1.);
#15011 = LINE('',#15012,#15013);
#15012 = CARTESIAN_POINT('',(132.25,0.1,75.));
#15013 = VECTOR('',#15014,1.);
#15014 = DIRECTION('',(1.,0.,0.));
#15015 = PCURVE('',#14845,#15016);
#15016 = DEFINITIONAL_REPRESENTATION('',(#15017),#15021);
#15017 = LINE('',#15018,#15019);
#15018 = CARTESIAN_POINT('',(23.75,4.1));
#15019 = VECTOR('',#15020,1.);
#15020 = DIRECTION('',(1.,0.));
#15021 = ( GEOMETRIC_REPRESENTATION_CONTEXT(2) 
PARAMETRIC_REPRESENTATION_CONTEXT() REPRESENTATION_CONTEXT('2D SPACE',''
  ) );
#15022 = PCURVE('',#15023,#15028);
#15023 = PLANE('',#15024);
#15024 = AXIS2_PLACEMENT_3D('',#15025,#15026,#15027);
#15025 = CARTESIAN_POINT('',(156.,0.1,75.));
#15026 = DIRECTION('',(-0.,-1.,-0.));
#15027 = DIRECTION('',(0.,0.,-1.));
#15028 = DEFINITIONAL_REPRESENTATION('',(#15029),#15032);
#15029 = B_SPLINE_CURVE_WITH_KNOTS('',1,(#15030,#15031),.UNSPECIFIED.,
  .F.,.F.,(2,2),(22.35,25.15),.PIECEWISE_BEZIER_KNOTS.);
#15030 = CARTESIAN_POINT('',(0.,-1.4));
#15031 = CARTESIAN_POINT('',(0.,1.4));
#15032 = ( GEOMETRIC_REPRESENTATION_CONTEXT(2) 
PARAMETRIC_REPRESENTATION_CONTEXT() REPRESENTATION_CONTEXT('2D SPACE',''
  ) );
#15033 = FACE_BOUND('',#15034,.F.);
#15034 = EDGE_LOOP('',(#15035,#15065,#15092,#15114));
#15035 = ORIENTED_EDGE('',*,*,#15036,.F.);
#15036 = EDGE_CURVE('',#15037,#15039,#15041,.T.);
#15037 = VERTEX_POINT('',#15038);
#15038 = CARTESIAN_POINT('',(129.4,0.,75.));
#15039 = VERTEX_POINT('',#15040);
#15040 = CARTESIAN_POINT('',(129.4,0.1,75.));
#15041 = SURFACE_CURVE('',#15042,(#15046,#15053),.PCURVE_S1.);
#15042 = LINE('',#15043,#15044);
#15043 = CARTESIAN_POINT('',(129.4,-6.1,75.));
#15044 = VECTOR('',#15045,1.);
#15045 = DIRECTION('',(-0.,1.,-0.));
#15046 = PCURVE('',#14845,#15047);
#15047 = DEFINITIONAL_REPRESENTATION('',(#15048),#15052);
#15048 = LINE('',#15049,#15050);
#15049 = CARTESIAN_POINT('',(20.9,-2.1));
#15050 = VECTOR('',#15051,1.);
#15051 = DIRECTION('',(0.,1.));
#15052 = ( GEOMETRIC_REPRESENTATION_CONTEXT(2) 
PARAMETRIC_REPRESENTATION_CONTEXT() REPRESENTATION_CONTEXT('2D SPACE',''
  ) );
#15053 = PCURVE('',#15054,#15059);
#15054 = CYLINDRICAL_SURFACE('',#15055,1.4);
#15055 = AXIS2_PLACEMENT_3D('',#15056,#15057,#15058);
#15056 = CARTESIAN_POINT('',(128.,-6.1,75.));
#15057 = DIRECTION('',(0.,-1.,0.));
#15058 = DIRECTION('',(1.,0.,0.));
#15059 = DEFINITIONAL_REPRESENTATION('',(#15060),#15064);
#15060 = LINE('',#15061,#15062);
#15061 = CARTESIAN_POINT('',(0.,0.));
#15062 = VECTOR('',#15063,1.);
#15063 = DIRECTION('',(0.,-1.));
#15064 = ( GEOMETRIC_REPRESENTATION_CONTEXT(2) 
PARAMETRIC_REPRESENTATION_CONTEXT() REPRESENTATION_CONTEXT('2D SPACE',''
  ) );
#15065 = ORIENTED_EDGE('',*,*,#15066,.F.);
#15066 = EDGE_CURVE('',#15067,#15037,#15069,.T.);
#15067 = VERTEX_POINT('',#15068);
#15068 = CARTESIAN_POINT('',(126.6,0.,75.));
#15069 = SURFACE_CURVE('',#15070,(#15074,#15081),.PCURVE_S1.);
#15070 = LINE('',#15071,#15072);
#15071 = CARTESIAN_POINT('',(53.75,0.,75.));
#15072 = VECTOR('',#15073,1.);
#15073 = DIRECTION('',(1.,0.,0.));
#15074 = PCURVE('',#14845,#15075);
#15075 = DEFINITIONAL_REPRESENTATION('',(#15076),#15080);
#15076 = LINE('',#15077,#15078);
#15077 = CARTESIAN_POINT('',(-54.75,4.));
#15078 = VECTOR('',#15079,1.);
#15079 = DIRECTION('',(1.,0.));
#15080 = ( GEOMETRIC_REPRESENTATION_CONTEXT(2) 
PARAMETRIC_REPRESENTATION_CONTEXT() REPRESENTATION_CONTEXT('2D SPACE',''
  ) );
#15081 = PCURVE('',#15082,#15087);
#15082 = PLANE('',#15083);
#15083 = AXIS2_PLACEMENT_3D('',#15084,#15085,#15086);
#15084 = CARTESIAN_POINT('',(-1.,0.,-1.));
#15085 = DIRECTION('',(0.,1.,0.));
#15086 = DIRECTION('',(0.,0.,1.));
#15087 = DEFINITIONAL_REPRESENTATION('',(#15088),#15091);
#15088 = B_SPLINE_CURVE_WITH_KNOTS('',1,(#15089,#15090),.UNSPECIFIED.,
  .F.,.F.,(2,2),(54.75,106.75),.PIECEWISE_BEZIER_KNOTS.);
#15089 = CARTESIAN_POINT('',(76.,109.5));
#15090 = CARTESIAN_POINT('',(76.,161.5));
#15091 = ( GEOMETRIC_REPRESENTATION_CONTEXT(2) 
PARAMETRIC_REPRESENTATION_CONTEXT() REPRESENTATION_CONTEXT('2D SPACE',''
  ) );
#15092 = ORIENTED_EDGE('',*,*,#15093,.F.);
#15093 = EDGE_CURVE('',#15094,#15067,#15096,.T.);
#15094 = VERTEX_POINT('',#15095);
#15095 = CARTESIAN_POINT('',(126.6,0.1,75.));
#15096 = SURFACE_CURVE('',#15097,(#15101,#15108),.PCURVE_S1.);
#15097 = LINE('',#15098,#15099);
#15098 = CARTESIAN_POINT('',(126.6,-6.1,75.));
#15099 = VECTOR('',#15100,1.);
#15100 = DIRECTION('',(0.,-1.,0.));
#15101 = PCURVE('',#14845,#15102);
#15102 = DEFINITIONAL_REPRESENTATION('',(#15103),#15107);
#15103 = LINE('',#15104,#15105);
#15104 = CARTESIAN_POINT('',(18.1,-2.1));
#15105 = VECTOR('',#15106,1.);
#15106 = DIRECTION('',(0.,-1.));
#15107 = ( GEOMETRIC_REPRESENTATION_CONTEXT(2) 
PARAMETRIC_REPRESENTATION_CONTEXT() REPRESENTATION_CONTEXT('2D SPACE',''
  ) );
#15108 = PCURVE('',#15054,#15109);
#15109 = DEFINITIONAL_REPRESENTATION('',(#15110),#15113);
#15110 = B_SPLINE_CURVE_WITH_KNOTS('',1,(#15111,#15112),.UNSPECIFIED.,
  .F.,.F.,(2,2),(-6.2000006,-5.7),.PIECEWISE_BEZIER_KNOTS.);
#15111 = CARTESIAN_POINT('',(3.14159265359,-6.2000006));
#15112 = CARTESIAN_POINT('',(3.14159265359,-5.7));
#15113 = ( GEOMETRIC_REPRESENTATION_CONTEXT(2) 
PARAMETRIC_REPRESENTATION_CONTEXT() REPRESENTATION_CONTEXT('2D SPACE',''
  ) );
#15114 = ORIENTED_EDGE('',*,*,#15115,.T.);
#15115 = EDGE_CURVE('',#15094,#15039,#15116,.T.);
#15116 = SURFACE_CURVE('',#15117,(#15121,#15128),.PCURVE_S1.);
#15117 = LINE('',#15118,#15119);
#15118 = CARTESIAN_POINT('',(118.25,1.E-01,75.));
#15119 = VECTOR('',#15120,1.);
#15120 = DIRECTION('',(1.,0.,0.));
#15121 = PCURVE('',#14845,#15122);
#15122 = DEFINITIONAL_REPRESENTATION('',(#15123),#15127);
#15123 = LINE('',#15124,#15125);
#15124 = CARTESIAN_POINT('',(9.75,4.1));
#15125 = VECTOR('',#15126,1.);
#15126 = DIRECTION('',(1.,0.));
#15127 = ( GEOMETRIC_REPRESENTATION_CONTEXT(2) 
PARAMETRIC_REPRESENTATION_CONTEXT() REPRESENTATION_CONTEXT('2D SPACE',''
  ) );
#15128 = PCURVE('',#15129,#15134);
#15129 = PLANE('',#15130);
#15130 = AXIS2_PLACEMENT_3D('',#15131,#15132,#15133);
#15131 = CARTESIAN_POINT('',(128.,1.E-01,75.));
#15132 = DIRECTION('',(-0.,-1.,-0.));
#15133 = DIRECTION('',(0.,0.,-1.));
#15134 = DEFINITIONAL_REPRESENTATION('',(#15135),#15138);
#15135 = B_SPLINE_CURVE_WITH_KNOTS('',1,(#15136,#15137),.UNSPECIFIED.,
  .F.,.F.,(2,2),(8.35,11.15),.PIECEWISE_BEZIER_KNOTS.);
#15136 = CARTESIAN_POINT('',(0.,-1.4));
#15137 = CARTESIAN_POINT('',(0.,1.4));
#15138 = ( GEOMETRIC_REPRESENTATION_CONTEXT(2) 
PARAMETRIC_REPRESENTATION_CONTEXT() REPRESENTATION_CONTEXT('2D SPACE',''
  ) );
#15139 = ADVANCED_FACE('',(#15140),#15129,.T.);
#15140 = FACE_BOUND('',#15141,.T.);
#15141 = EDGE_LOOP('',(#15142,#15143));
#15142 = ORIENTED_EDGE('',*,*,#15115,.T.);
#15143 = ORIENTED_EDGE('',*,*,#15144,.T.);
#15144 = EDGE_CURVE('',#15039,#15094,#15145,.T.);
#15145 = SURFACE_CURVE('',#15146,(#15151,#15158),.PCURVE_S1.);
#15146 = CIRCLE('',#15147,1.4);
#15147 = AXIS2_PLACEMENT_3D('',#15148,#15149,#15150);
#15148 = CARTESIAN_POINT('',(128.,0.1,75.));
#15149 = DIRECTION('',(0.,-1.,0.));
#15150 = DIRECTION('',(1.,0.,0.));
#15151 = PCURVE('',#15129,#15152);
#15152 = DEFINITIONAL_REPRESENTATION('',(#15153),#15157);
#15153 = CIRCLE('',#15154,1.4);
#15154 = AXIS2_PLACEMENT_2D('',#15155,#15156);
#15155 = CARTESIAN_POINT('',(0.,0.));
#15156 = DIRECTION('',(0.,1.));
#15157 = ( GEOMETRIC_REPRESENTATION_CONTEXT(2) 
PARAMETRIC_REPRESENTATION_CONTEXT() REPRESENTATION_CONTEXT('2D SPACE',''
  ) );
#15158 = PCURVE('',#15054,#15159);
#15159 = DEFINITIONAL_REPRESENTATION('',(#15160),#15164);
#15160 = LINE('',#15161,#15162);
#15161 = CARTESIAN_POINT('',(0.,-6.2));
#15162 = VECTOR('',#15163,1.);
#15163 = DIRECTION('',(1.,0.));
#15164 = ( GEOMETRIC_REPRESENTATION_CONTEXT(2) 
PARAMETRIC_REPRESENTATION_CONTEXT() REPRESENTATION_CONTEXT('2D SPACE',''
  ) );
#15165 = ADVANCED_FACE('',(#15166),#15082,.T.);
#15166 = FACE_BOUND('',#15167,.T.);
#15167 = EDGE_LOOP('',(#15168,#15169));
#15168 = ORIENTED_EDGE('',*,*,#15066,.F.);
#15169 = ORIENTED_EDGE('',*,*,#15170,.F.);
#15170 = EDGE_CURVE('',#15037,#15067,#15171,.T.);
#15171 = SURFACE_CURVE('',#15172,(#15177,#15188),.PCURVE_S1.);
#15172 = CIRCLE('',#15173,1.4);
#15173 = AXIS2_PLACEMENT_3D('',#15174,#15175,#15176);
#15174 = CARTESIAN_POINT('',(128.,0.,75.));
#15175 = DIRECTION('',(0.,-1.,0.));
#15176 = DIRECTION('',(1.,0.,0.));
#15177 = PCURVE('',#15082,#15178);
#15178 = DEFINITIONAL_REPRESENTATION('',(#15179),#15187);
#15179 = ( BOUNDED_CURVE() B_SPLINE_CURVE(2,(#15180,#15181,#15182,#15183
    ,#15184,#15185,#15186),.UNSPECIFIED.,.T.,.F.) 
B_SPLINE_CURVE_WITH_KNOTS((1,2,2,2,2,1),(-2.094395102393,0.,
    2.094395102393,4.188790204786,6.28318530718,8.377580409573),
.UNSPECIFIED.) CURVE() GEOMETRIC_REPRESENTATION_ITEM() 
RATIONAL_B_SPLINE_CURVE((1.,0.5,1.,0.5,1.,0.5,1.)) REPRESENTATION_ITEM(
  '') );
#15180 = CARTESIAN_POINT('',(76.,130.4));
#15181 = CARTESIAN_POINT('',(78.424871130596,130.4));
#15182 = CARTESIAN_POINT('',(77.212435565298,128.3));
#15183 = CARTESIAN_POINT('',(76.,126.2));
#15184 = CARTESIAN_POINT('',(74.787564434702,128.3));
#15185 = CARTESIAN_POINT('',(73.575128869404,130.4));
#15186 = CARTESIAN_POINT('',(76.,130.4));
#15187 = ( GEOMETRIC_REPRESENTATION_CONTEXT(2) 
PARAMETRIC_REPRESENTATION_CONTEXT() REPRESENTATION_CONTEXT('2D SPACE',''
  ) );
#15188 = PCURVE('',#15054,#15189);
#15189 = DEFINITIONAL_REPRESENTATION('',(#15190),#15194);
#15190 = LINE('',#15191,#15192);
#15191 = CARTESIAN_POINT('',(0.,-6.1));
#15192 = VECTOR('',#15193,1.);
#15193 = DIRECTION('',(1.,0.));
#15194 = ( GEOMETRIC_REPRESENTATION_CONTEXT(2) 
PARAMETRIC_REPRESENTATION_CONTEXT() REPRESENTATION_CONTEXT('2D SPACE',''
  ) );
#15195 = ADVANCED_FACE('',(#15196),#15054,.F.);
#15196 = FACE_BOUND('',#15197,.F.);
#15197 = EDGE_LOOP('',(#15198,#15199,#15200,#15201));
#15198 = ORIENTED_EDGE('',*,*,#15170,.F.);
#15199 = ORIENTED_EDGE('',*,*,#15036,.T.);
#15200 = ORIENTED_EDGE('',*,*,#15144,.T.);
#15201 = ORIENTED_EDGE('',*,*,#15093,.T.);
#15202 = ADVANCED_FACE('',(#15203),#15023,.T.);
#15203 = FACE_BOUND('',#15204,.T.);
#15204 = EDGE_LOOP('',(#15205,#15206));
#15205 = ORIENTED_EDGE('',*,*,#15009,.T.);
#15206 = ORIENTED_EDGE('',*,*,#15207,.T.);
#15207 = EDGE_CURVE('',#14933,#14988,#15208,.T.);
#15208 = SURFACE_CURVE('',#15209,(#15214,#15221),.PCURVE_S1.);
#15209 = CIRCLE('',#15210,1.4);
#15210 = AXIS2_PLACEMENT_3D('',#15211,#15212,#15213);
#15211 = CARTESIAN_POINT('',(156.,0.1,75.));
#15212 = DIRECTION('',(0.,-1.,0.));
#15213 = DIRECTION('',(1.,0.,0.));
#15214 = PCURVE('',#15023,#15215);
#15215 = DEFINITIONAL_REPRESENTATION('',(#15216),#15220);
#15216 = CIRCLE('',#15217,1.4);
#15217 = AXIS2_PLACEMENT_2D('',#15218,#15219);
#15218 = CARTESIAN_POINT('',(0.,0.));
#15219 = DIRECTION('',(0.,1.));
#15220 = ( GEOMETRIC_REPRESENTATION_CONTEXT(2) 
PARAMETRIC_REPRESENTATION_CONTEXT() REPRESENTATION_CONTEXT('2D SPACE',''
  ) );
#15221 = PCURVE('',#14948,#15222);
#15222 = DEFINITIONAL_REPRESENTATION('',(#15223),#15227);
#15223 = LINE('',#15224,#15225);
#15224 = CARTESIAN_POINT('',(0.,-6.2));
#15225 = VECTOR('',#15226,1.);
#15226 = DIRECTION('',(1.,0.));
#15227 = ( GEOMETRIC_REPRESENTATION_CONTEXT(2) 
PARAMETRIC_REPRESENTATION_CONTEXT() REPRESENTATION_CONTEXT('2D SPACE',''
  ) );
#15228 = ADVANCED_FACE('',(#15229),#14976,.T.);
#15229 = FACE_BOUND('',#15230,.T.);
#15230 = EDGE_LOOP('',(#15231,#15232));
#15231 = ORIENTED_EDGE('',*,*,#14960,.F.);
#15232 = ORIENTED_EDGE('',*,*,#15233,.F.);
#15233 = EDGE_CURVE('',#14931,#14961,#15234,.T.);
#15234 = SURFACE_CURVE('',#15235,(#15240,#15251),.PCURVE_S1.);
#15235 = CIRCLE('',#15236,1.4);
#15236 = AXIS2_PLACEMENT_3D('',#15237,#15238,#15239);
#15237 = CARTESIAN_POINT('',(156.,0.,75.));
#15238 = DIRECTION('',(0.,-1.,0.));
#15239 = DIRECTION('',(1.,0.,0.));
#15240 = PCURVE('',#14976,#15241);
#15241 = DEFINITIONAL_REPRESENTATION('',(#15242),#15250);
#15242 = ( BOUNDED_CURVE() B_SPLINE_CURVE(2,(#15243,#15244,#15245,#15246
    ,#15247,#15248,#15249),.UNSPECIFIED.,.T.,.F.) 
B_SPLINE_CURVE_WITH_KNOTS((1,2,2,2,2,1),(-2.094395102393,0.,
    2.094395102393,4.188790204786,6.28318530718,8.377580409573),
.UNSPECIFIED.) CURVE() GEOMETRIC_REPRESENTATION_ITEM() 
RATIONAL_B_SPLINE_CURVE((1.,0.5,1.,0.5,1.,0.5,1.)) REPRESENTATION_ITEM(
  '') );
#15243 = CARTESIAN_POINT('',(76.,158.4));
#15244 = CARTESIAN_POINT('',(78.424871130596,158.4));
#15245 = CARTESIAN_POINT('',(77.212435565298,156.3));
#15246 = CARTESIAN_POINT('',(76.,154.2));
#15247 = CARTESIAN_POINT('',(74.787564434702,156.3));
#15248 = CARTESIAN_POINT('',(73.575128869404,158.4));
#15249 = CARTESIAN_POINT('',(76.,158.4));
#15250 = ( GEOMETRIC_REPRESENTATION_CONTEXT(2) 
PARAMETRIC_REPRESENTATION_CONTEXT() REPRESENTATION_CONTEXT('2D SPACE',''
  ) );
#15251 = PCURVE('',#14948,#15252);
#15252 = DEFINITIONAL_REPRESENTATION('',(#15253),#15257);
#15253 = LINE('',#15254,#15255);
#15254 = CARTESIAN_POINT('',(0.,-6.1));
#15255 = VECTOR('',#15256,1.);
#15256 = DIRECTION('',(1.,0.));
#15257 = ( GEOMETRIC_REPRESENTATION_CONTEXT(2) 
PARAMETRIC_REPRESENTATION_CONTEXT() REPRESENTATION_CONTEXT('2D SPACE',''
  ) );
#15258 = ADVANCED_FACE('',(#15259),#14948,.F.);
#15259 = FACE_BOUND('',#15260,.F.);
#15260 = EDGE_LOOP('',(#15261,#15262,#15263,#15264));
#15261 = ORIENTED_EDGE('',*,*,#15233,.F.);
#15262 = ORIENTED_EDGE('',*,*,#14930,.T.);
#15263 = ORIENTED_EDGE('',*,*,#15207,.T.);
#15264 = ORIENTED_EDGE('',*,*,#14987,.T.);
#15265 = ADVANCED_FACE('',(#15266),#14068,.T.);
#15266 = FACE_BOUND('',#15267,.T.);
#15267 = EDGE_LOOP('',(#15268,#15269,#15290,#15291));
#15268 = ORIENTED_EDGE('',*,*,#14860,.T.);
#15269 = ORIENTED_EDGE('',*,*,#15270,.F.);
#15270 = EDGE_CURVE('',#14026,#14861,#15271,.T.);
#15271 = SURFACE_CURVE('',#15272,(#15276,#15283),.PCURVE_S1.);
#15272 = LINE('',#15273,#15274);
#15273 = CARTESIAN_POINT('',(108.5,-4.,3.));
#15274 = VECTOR('',#15275,1.);
#15275 = DIRECTION('',(0.,0.,1.));
#15276 = PCURVE('',#14068,#15277);
#15277 = DEFINITIONAL_REPRESENTATION('',(#15278),#15282);
#15278 = LINE('',#15279,#15280);
#15279 = CARTESIAN_POINT('',(0.,0.));
#15280 = VECTOR('',#15281,1.);
#15281 = DIRECTION('',(1.,0.));
#15282 = ( GEOMETRIC_REPRESENTATION_CONTEXT(2) 
PARAMETRIC_REPRESENTATION_CONTEXT() REPRESENTATION_CONTEXT('2D SPACE',''
  ) );
#15283 = PCURVE('',#14041,#15284);
#15284 = DEFINITIONAL_REPRESENTATION('',(#15285),#15289);
#15285 = LINE('',#15286,#15287);
#15286 = CARTESIAN_POINT('',(0.,0.));
#15287 = VECTOR('',#15288,1.);
#15288 = DIRECTION('',(1.,0.));
#15289 = ( GEOMETRIC_REPRESENTATION_CONTEXT(2) 
PARAMETRIC_REPRESENTATION_CONTEXT() REPRESENTATION_CONTEXT('2D SPACE',''
  ) );
#15290 = ORIENTED_EDGE('',*,*,#14052,.F.);
#15291 = ORIENTED_EDGE('',*,*,#14808,.T.);
#15292 = ADVANCED_FACE('',(#15293),#14041,.T.);
#15293 = FACE_BOUND('',#15294,.T.);
#15294 = EDGE_LOOP('',(#15295,#15316,#15317,#15318));
#15295 = ORIENTED_EDGE('',*,*,#15296,.F.);
#15296 = EDGE_CURVE('',#13996,#14884,#15297,.T.);
#15297 = SURFACE_CURVE('',#15298,(#15302,#15309),.PCURVE_S1.);
#15298 = LINE('',#15299,#15300);
#15299 = CARTESIAN_POINT('',(160.5,-4.,3.));
#15300 = VECTOR('',#15301,1.);
#15301 = DIRECTION('',(0.,0.,1.));
#15302 = PCURVE('',#14041,#15303);
#15303 = DEFINITIONAL_REPRESENTATION('',(#15304),#15308);
#15304 = LINE('',#15305,#15306);
#15305 = CARTESIAN_POINT('',(0.,52.));
#15306 = VECTOR('',#15307,1.);
#15307 = DIRECTION('',(1.,0.));
#15308 = ( GEOMETRIC_REPRESENTATION_CONTEXT(2) 
PARAMETRIC_REPRESENTATION_CONTEXT() REPRESENTATION_CONTEXT('2D SPACE',''
  ) );
#15309 = PCURVE('',#14013,#15310);
#15310 = DEFINITIONAL_REPRESENTATION('',(#15311),#15315);
#15311 = LINE('',#15312,#15313);
#15312 = CARTESIAN_POINT('',(0.,0.));
#15313 = VECTOR('',#15314,1.);
#15314 = DIRECTION('',(1.,0.));
#15315 = ( GEOMETRIC_REPRESENTATION_CONTEXT(2) 
PARAMETRIC_REPRESENTATION_CONTEXT() REPRESENTATION_CONTEXT('2D SPACE',''
  ) );
#15316 = ORIENTED_EDGE('',*,*,#14025,.T.);
#15317 = ORIENTED_EDGE('',*,*,#15270,.T.);
#15318 = ORIENTED_EDGE('',*,*,#14883,.T.);
#15319 = ADVANCED_FACE('',(#15320),#14013,.F.);
#15320 = FACE_BOUND('',#15321,.F.);
#15321 = EDGE_LOOP('',(#15322,#15323,#15324,#15325));
#15322 = ORIENTED_EDGE('',*,*,#14906,.F.);
#15323 = ORIENTED_EDGE('',*,*,#15296,.F.);
#15324 = ORIENTED_EDGE('',*,*,#13995,.T.);
#15325 = ORIENTED_EDGE('',*,*,#14784,.T.);
#15326 = ADVANCED_FACE('',(#15327),#13982,.T.);
#15327 = FACE_BOUND('',#15328,.T.);
#15328 = EDGE_LOOP('',(#15329,#15330));
#15329 = ORIENTED_EDGE('',*,*,#13968,.T.);
#15330 = ORIENTED_EDGE('',*,*,#15331,.F.);
#15331 = EDGE_CURVE('',#13947,#13890,#15332,.T.);
#15332 = SURFACE_CURVE('',#15333,(#15338,#15349),.PCURVE_S1.);
#15333 = CIRCLE('',#15334,1.4);
#15334 = AXIS2_PLACEMENT_3D('',#15335,#15336,#15337);
#15335 = CARTESIAN_POINT('',(184.,0.1,75.));
#15336 = DIRECTION('',(0.,1.,0.));
#15337 = DIRECTION('',(-0.934049773616,0.,-0.357142857143));
#15338 = PCURVE('',#13982,#15339);
#15339 = DEFINITIONAL_REPRESENTATION('',(#15340),#15348);
#15340 = ( BOUNDED_CURVE() B_SPLINE_CURVE(2,(#15341,#15342,#15343,#15344
    ,#15345,#15346,#15347),.UNSPECIFIED.,.T.,.F.) 
B_SPLINE_CURVE_WITH_KNOTS((1,2,2,2,2,1),(-2.094395102393,0.,
    2.094395102393,4.188790204786,6.28318530718,8.377580409573),
.UNSPECIFIED.) CURVE() GEOMETRIC_REPRESENTATION_ITEM() 
RATIONAL_B_SPLINE_CURVE((1.,0.5,1.,0.5,1.,0.5,1.)) REPRESENTATION_ITEM(
  '') );
#15341 = CARTESIAN_POINT('',(0.5,-1.307669683062));
#15342 = CARTESIAN_POINT('',(-1.764950330581,-2.173695086847));
#15343 = CARTESIAN_POINT('',(-1.382475165291,0.220822139639));
#15344 = CARTESIAN_POINT('',(-1.,2.615339366124));
#15345 = CARTESIAN_POINT('',(0.882475165291,1.086847543423));
#15346 = CARTESIAN_POINT('',(2.764950330581,-0.441644279278));
#15347 = CARTESIAN_POINT('',(0.5,-1.307669683062));
#15348 = ( GEOMETRIC_REPRESENTATION_CONTEXT(2) 
PARAMETRIC_REPRESENTATION_CONTEXT() REPRESENTATION_CONTEXT('2D SPACE',''
  ) );
#15349 = PCURVE('',#13907,#15350);
#15350 = DEFINITIONAL_REPRESENTATION('',(#15351),#15355);
#15351 = LINE('',#15352,#15353);
#15352 = CARTESIAN_POINT('',(9.78998518206,-6.2));
#15353 = VECTOR('',#15354,1.);
#15354 = DIRECTION('',(-1.,-0.));
#15355 = ( GEOMETRIC_REPRESENTATION_CONTEXT(2) 
PARAMETRIC_REPRESENTATION_CONTEXT() REPRESENTATION_CONTEXT('2D SPACE',''
  ) );
#15356 = ADVANCED_FACE('',(#15357),#13934,.T.);
#15357 = FACE_BOUND('',#15358,.T.);
#15358 = EDGE_LOOP('',(#15359,#15360));
#15359 = ORIENTED_EDGE('',*,*,#13918,.F.);
#15360 = ORIENTED_EDGE('',*,*,#15361,.T.);
#15361 = EDGE_CURVE('',#13919,#13892,#15362,.T.);
#15362 = SURFACE_CURVE('',#15363,(#15368,#15375),.PCURVE_S1.);
#15363 = CIRCLE('',#15364,1.4);
#15364 = AXIS2_PLACEMENT_3D('',#15365,#15366,#15367);
#15365 = CARTESIAN_POINT('',(184.,0.,75.));
#15366 = DIRECTION('',(0.,1.,0.));
#15367 = DIRECTION('',(-0.934049773616,0.,-0.357142857143));
#15368 = PCURVE('',#13934,#15369);
#15369 = DEFINITIONAL_REPRESENTATION('',(#15370),#15374);
#15370 = CIRCLE('',#15371,1.4);
#15371 = AXIS2_PLACEMENT_2D('',#15372,#15373);
#15372 = CARTESIAN_POINT('',(76.,185.));
#15373 = DIRECTION('',(-0.357142857143,-0.934049773616));
#15374 = ( GEOMETRIC_REPRESENTATION_CONTEXT(2) 
PARAMETRIC_REPRESENTATION_CONTEXT() REPRESENTATION_CONTEXT('2D SPACE',''
  ) );
#15375 = PCURVE('',#13907,#15376);
#15376 = DEFINITIONAL_REPRESENTATION('',(#15377),#15381);
#15377 = LINE('',#15378,#15379);
#15378 = CARTESIAN_POINT('',(9.78998518206,-6.1));
#15379 = VECTOR('',#15380,1.);
#15380 = DIRECTION('',(-1.,-0.));
#15381 = ( GEOMETRIC_REPRESENTATION_CONTEXT(2) 
PARAMETRIC_REPRESENTATION_CONTEXT() REPRESENTATION_CONTEXT('2D SPACE',''
  ) );
#15382 = ADVANCED_FACE('',(#15383),#13907,.F.);
#15383 = FACE_BOUND('',#15384,.F.);
#15384 = EDGE_LOOP('',(#15385,#15386,#15387,#15388));
#15385 = ORIENTED_EDGE('',*,*,#15361,.T.);
#15386 = ORIENTED_EDGE('',*,*,#13889,.F.);
#15387 = ORIENTED_EDGE('',*,*,#15331,.F.);
#15388 = ORIENTED_EDGE('',*,*,#13946,.T.);
#15389 = ADVANCED_FACE('',(#15390),#13876,.T.);
#15390 = FACE_BOUND('',#15391,.T.);
#15391 = EDGE_LOOP('',(#15392,#15393));
#15392 = ORIENTED_EDGE('',*,*,#13862,.T.);
#15393 = ORIENTED_EDGE('',*,*,#15394,.F.);
#15394 = EDGE_CURVE('',#13841,#13784,#15395,.T.);
#15395 = SURFACE_CURVE('',#15396,(#15401,#15412),.PCURVE_S1.);
#15396 = CIRCLE('',#15397,1.4);
#15397 = AXIS2_PLACEMENT_3D('',#15398,#15399,#15400);
#15398 = CARTESIAN_POINT('',(212.,0.1,75.));
#15399 = DIRECTION('',(0.,1.,0.));
#15400 = DIRECTION('',(-0.934049773616,0.,-0.357142857143));
#15401 = PCURVE('',#13876,#15402);
#15402 = DEFINITIONAL_REPRESENTATION('',(#15403),#15411);
#15403 = ( BOUNDED_CURVE() B_SPLINE_CURVE(2,(#15404,#15405,#15406,#15407
    ,#15408,#15409,#15410),.UNSPECIFIED.,.T.,.F.) 
B_SPLINE_CURVE_WITH_KNOTS((1,2,2,2,2,1),(-2.094395102393,0.,
    2.094395102393,4.188790204786,6.28318530718,8.377580409573),
.UNSPECIFIED.) CURVE() GEOMETRIC_REPRESENTATION_ITEM() 
RATIONAL_B_SPLINE_CURVE((1.,0.5,1.,0.5,1.,0.5,1.)) REPRESENTATION_ITEM(
  '') );
#15404 = CARTESIAN_POINT('',(0.5,-1.307669683062));
#15405 = CARTESIAN_POINT('',(-1.764950330581,-2.173695086847));
#15406 = CARTESIAN_POINT('',(-1.382475165291,0.220822139639));
#15407 = CARTESIAN_POINT('',(-1.,2.615339366124));
#15408 = CARTESIAN_POINT('',(0.882475165291,1.086847543423));
#15409 = CARTESIAN_POINT('',(2.764950330581,-0.441644279278));
#15410 = CARTESIAN_POINT('',(0.5,-1.307669683062));
#15411 = ( GEOMETRIC_REPRESENTATION_CONTEXT(2) 
PARAMETRIC_REPRESENTATION_CONTEXT() REPRESENTATION_CONTEXT('2D SPACE',''
  ) );
#15412 = PCURVE('',#13801,#15413);
#15413 = DEFINITIONAL_REPRESENTATION('',(#15414),#15418);
#15414 = LINE('',#15415,#15416);
#15415 = CARTESIAN_POINT('',(9.78998518206,-6.2));
#15416 = VECTOR('',#15417,1.);
#15417 = DIRECTION('',(-1.,-0.));
#15418 = ( GEOMETRIC_REPRESENTATION_CONTEXT(2) 
PARAMETRIC_REPRESENTATION_CONTEXT() REPRESENTATION_CONTEXT('2D SPACE',''
  ) );
#15419 = ADVANCED_FACE('',(#15420),#13828,.T.);
#15420 = FACE_BOUND('',#15421,.T.);
#15421 = EDGE_LOOP('',(#15422,#15423));
#15422 = ORIENTED_EDGE('',*,*,#13812,.F.);
#15423 = ORIENTED_EDGE('',*,*,#15424,.T.);
#15424 = EDGE_CURVE('',#13813,#13786,#15425,.T.);
#15425 = SURFACE_CURVE('',#15426,(#15431,#15438),.PCURVE_S1.);
#15426 = CIRCLE('',#15427,1.4);
#15427 = AXIS2_PLACEMENT_3D('',#15428,#15429,#15430);
#15428 = CARTESIAN_POINT('',(212.,0.,75.));
#15429 = DIRECTION('',(0.,1.,0.));
#15430 = DIRECTION('',(-0.934049773616,0.,-0.357142857143));
#15431 = PCURVE('',#13828,#15432);
#15432 = DEFINITIONAL_REPRESENTATION('',(#15433),#15437);
#15433 = CIRCLE('',#15434,1.4);
#15434 = AXIS2_PLACEMENT_2D('',#15435,#15436);
#15435 = CARTESIAN_POINT('',(76.,213.));
#15436 = DIRECTION('',(-0.357142857143,-0.934049773616));
#15437 = ( GEOMETRIC_REPRESENTATION_CONTEXT(2) 
PARAMETRIC_REPRESENTATION_CONTEXT() REPRESENTATION_CONTEXT('2D SPACE',''
  ) );
#15438 = PCURVE('',#13801,#15439);
#15439 = DEFINITIONAL_REPRESENTATION('',(#15440),#15444);
#15440 = LINE('',#15441,#15442);
#15441 = CARTESIAN_POINT('',(9.78998518206,-6.1));
#15442 = VECTOR('',#15443,1.);
#15443 = DIRECTION('',(-1.,-0.));
#15444 = ( GEOMETRIC_REPRESENTATION_CONTEXT(2) 
PARAMETRIC_REPRESENTATION_CONTEXT() REPRESENTATION_CONTEXT('2D SPACE',''
  ) );
#15445 = ADVANCED_FACE('',(#15446),#13801,.F.);
#15446 = FACE_BOUND('',#15447,.F.);
#15447 = EDGE_LOOP('',(#15448,#15449,#15450,#15451));
#15448 = ORIENTED_EDGE('',*,*,#15424,.T.);
#15449 = ORIENTED_EDGE('',*,*,#13783,.F.);
#15450 = ORIENTED_EDGE('',*,*,#15394,.F.);
#15451 = ORIENTED_EDGE('',*,*,#13840,.T.);
#15452 = ADVANCED_FACE('',(#15453),#1031,.F.);
#15453 = FACE_BOUND('',#15454,.F.);
#15454 = EDGE_LOOP('',(#15455,#15456,#15457,#15458,#15479,#15480,#15481,
    #15482,#15483,#15484));
#15455 = ORIENTED_EDGE('',*,*,#2963,.F.);
#15456 = ORIENTED_EDGE('',*,*,#1243,.T.);
#15457 = ORIENTED_EDGE('',*,*,#1016,.T.);
#15458 = ORIENTED_EDGE('',*,*,#15459,.T.);
#15459 = EDGE_CURVE('',#1017,#7033,#15460,.T.);
#15460 = SURFACE_CURVE('',#15461,(#15465,#15472),.PCURVE_S1.);
#15461 = LINE('',#15462,#15463);
#15462 = CARTESIAN_POINT('',(10.,5.,2.5));
#15463 = VECTOR('',#15464,1.);
#15464 = DIRECTION('',(0.,1.,0.));
#15465 = PCURVE('',#1031,#15466);
#15466 = DEFINITIONAL_REPRESENTATION('',(#15467),#15471);
#15467 = LINE('',#15468,#15469);
#15468 = CARTESIAN_POINT('',(0.,0.));
#15469 = VECTOR('',#15470,1.);
#15470 = DIRECTION('',(0.,-1.));
#15471 = ( GEOMETRIC_REPRESENTATION_CONTEXT(2) 
PARAMETRIC_REPRESENTATION_CONTEXT() REPRESENTATION_CONTEXT('2D SPACE',''
  ) );
#15472 = PCURVE('',#1056,#15473);
#15473 = DEFINITIONAL_REPRESENTATION('',(#15474),#15478);
#15474 = LINE('',#15475,#15476);
#15475 = CARTESIAN_POINT('',(7.5,6.));
#15476 = VECTOR('',#15477,1.);
#15477 = DIRECTION('',(0.,1.));
#15478 = ( GEOMETRIC_REPRESENTATION_CONTEXT(2) 
PARAMETRIC_REPRESENTATION_CONTEXT() REPRESENTATION_CONTEXT('2D SPACE',''
  ) );
#15479 = ORIENTED_EDGE('',*,*,#7032,.T.);
#15480 = ORIENTED_EDGE('',*,*,#6935,.T.);
#15481 = ORIENTED_EDGE('',*,*,#4309,.T.);
#15482 = ORIENTED_EDGE('',*,*,#10963,.F.);
#15483 = ORIENTED_EDGE('',*,*,#13614,.F.);
#15484 = ORIENTED_EDGE('',*,*,#11039,.F.);
#15485 = ADVANCED_FACE('',(#15486),#1056,.T.);
#15486 = FACE_BOUND('',#15487,.T.);
#15487 = EDGE_LOOP('',(#15488,#15489,#15490,#15491,#15492));
#15488 = ORIENTED_EDGE('',*,*,#7893,.F.);
#15489 = ORIENTED_EDGE('',*,*,#1042,.T.);
#15490 = ORIENTED_EDGE('',*,*,#15459,.T.);
#15491 = ORIENTED_EDGE('',*,*,#8170,.F.);
#15492 = ORIENTED_EDGE('',*,*,#7957,.T.);
#15493 = ADVANCED_FACE('',(#15494),#904,.F.);
#15494 = FACE_BOUND('',#15495,.F.);
#15495 = EDGE_LOOP('',(#15496,#15497,#15498,#15519));
#15496 = ORIENTED_EDGE('',*,*,#886,.F.);
#15497 = ORIENTED_EDGE('',*,*,#1117,.T.);
#15498 = ORIENTED_EDGE('',*,*,#15499,.T.);
#15499 = EDGE_CURVE('',#1095,#7772,#15500,.T.);
#15500 = SURFACE_CURVE('',#15501,(#15505,#15512),.PCURVE_S1.);
#15501 = LINE('',#15502,#15503);
#15502 = CARTESIAN_POINT('',(2.5,-6.,2.5));
#15503 = VECTOR('',#15504,1.);
#15504 = DIRECTION('',(1.,0.,0.));
#15505 = PCURVE('',#904,#15506);
#15506 = DEFINITIONAL_REPRESENTATION('',(#15507),#15511);
#15507 = LINE('',#15508,#15509);
#15508 = CARTESIAN_POINT('',(0.,-6.));
#15509 = VECTOR('',#15510,1.);
#15510 = DIRECTION('',(1.,0.));
#15511 = ( GEOMETRIC_REPRESENTATION_CONTEXT(2) 
PARAMETRIC_REPRESENTATION_CONTEXT() REPRESENTATION_CONTEXT('2D SPACE',''
  ) );
#15512 = PCURVE('',#765,#15513);
#15513 = DEFINITIONAL_REPRESENTATION('',(#15514),#15518);
#15514 = LINE('',#15515,#15516);
#15515 = CARTESIAN_POINT('',(0.,0.));
#15516 = VECTOR('',#15517,1.);
#15517 = DIRECTION('',(0.,1.));
#15518 = ( GEOMETRIC_REPRESENTATION_CONTEXT(2) 
PARAMETRIC_REPRESENTATION_CONTEXT() REPRESENTATION_CONTEXT('2D SPACE',''
  ) );
#15519 = ORIENTED_EDGE('',*,*,#7771,.F.);
#15520 = ADVANCED_FACE('',(#15521),#847,.T.);
#15521 = FACE_BOUND('',#15522,.T.);
#15522 = EDGE_LOOP('',(#15523,#15524,#15545,#15546));
#15523 = ORIENTED_EDGE('',*,*,#830,.F.);
#15524 = ORIENTED_EDGE('',*,*,#15525,.T.);
#15525 = EDGE_CURVE('',#810,#1143,#15526,.T.);
#15526 = SURFACE_CURVE('',#15527,(#15531,#15538),.PCURVE_S1.);
#15527 = LINE('',#15528,#15529);
#15528 = CARTESIAN_POINT('',(3.5,-6.,74.5));
#15529 = VECTOR('',#15530,1.);
#15530 = DIRECTION('',(0.,0.,-1.));
#15531 = PCURVE('',#847,#15532);
#15532 = DEFINITIONAL_REPRESENTATION('',(#15533),#15537);
#15533 = LINE('',#15534,#15535);
#15534 = CARTESIAN_POINT('',(71.,6.));
#15535 = VECTOR('',#15536,1.);
#15536 = DIRECTION('',(-1.,0.));
#15537 = ( GEOMETRIC_REPRESENTATION_CONTEXT(2) 
PARAMETRIC_REPRESENTATION_CONTEXT() REPRESENTATION_CONTEXT('2D SPACE',''
  ) );
#15538 = PCURVE('',#765,#15539);
#15539 = DEFINITIONAL_REPRESENTATION('',(#15540),#15544);
#15540 = LINE('',#15541,#15542);
#15541 = CARTESIAN_POINT('',(72.,1.));
#15542 = VECTOR('',#15543,1.);
#15543 = DIRECTION('',(-1.,0.));
#15544 = ( GEOMETRIC_REPRESENTATION_CONTEXT(2) 
PARAMETRIC_REPRESENTATION_CONTEXT() REPRESENTATION_CONTEXT('2D SPACE',''
  ) );
#15545 = ORIENTED_EDGE('',*,*,#1142,.T.);
#15546 = ORIENTED_EDGE('',*,*,#966,.F.);
#15547 = ADVANCED_FACE('',(#15548),#793,.T.);
#15548 = FACE_BOUND('',#15549,.T.);
#15549 = EDGE_LOOP('',(#15550,#15551,#15552,#15571,#15592,#15593,#15614)
  );
#15550 = ORIENTED_EDGE('',*,*,#8864,.F.);
#15551 = ORIENTED_EDGE('',*,*,#9869,.T.);
#15552 = ORIENTED_EDGE('',*,*,#15553,.T.);
#15553 = EDGE_CURVE('',#9829,#1072,#15554,.T.);
#15554 = SURFACE_CURVE('',#15555,(#15559,#15565),.PCURVE_S1.);
#15555 = LINE('',#15556,#15557);
#15556 = CARTESIAN_POINT('',(2.5,-43.,6.015640288664));
#15557 = VECTOR('',#15558,1.);
#15558 = DIRECTION('',(0.,1.,0.));
#15559 = PCURVE('',#793,#15560);
#15560 = DEFINITIONAL_REPRESENTATION('',(#15561),#15564);
#15561 = B_SPLINE_CURVE_WITH_KNOTS('',1,(#15562,#15563),.UNSPECIFIED.,
  .F.,.F.,(2,2),(1.1999994,43.0000006),.PIECEWISE_BEZIER_KNOTS.);
#15562 = CARTESIAN_POINT('',(3.515640288664,1.3000006));
#15563 = CARTESIAN_POINT('',(3.515640288664,-40.5000006));
#15564 = ( GEOMETRIC_REPRESENTATION_CONTEXT(2) 
PARAMETRIC_REPRESENTATION_CONTEXT() REPRESENTATION_CONTEXT('2D SPACE',''
  ) );
#15565 = PCURVE('',#540,#15566);
#15566 = DEFINITIONAL_REPRESENTATION('',(#15567),#15570);
#15567 = B_SPLINE_CURVE_WITH_KNOTS('',1,(#15568,#15569),.UNSPECIFIED.,
  .F.,.F.,(2,2),(1.1999994,43.0000006),.PIECEWISE_BEZIER_KNOTS.);
#15568 = CARTESIAN_POINT('',(-0.606884910677,1.1999994));
#15569 = CARTESIAN_POINT('',(-0.606884910677,43.0000006));
#15570 = ( GEOMETRIC_REPRESENTATION_CONTEXT(2) 
PARAMETRIC_REPRESENTATION_CONTEXT() REPRESENTATION_CONTEXT('2D SPACE',''
  ) );
#15571 = ORIENTED_EDGE('',*,*,#15572,.T.);
#15572 = EDGE_CURVE('',#1072,#777,#15573,.T.);
#15573 = SURFACE_CURVE('',#15574,(#15578,#15585),.PCURVE_S1.);
#15574 = LINE('',#15575,#15576);
#15575 = CARTESIAN_POINT('',(2.5,-6.,2.5));
#15576 = VECTOR('',#15577,1.);
#15577 = DIRECTION('',(0.,0.,1.));
#15578 = PCURVE('',#793,#15579);
#15579 = DEFINITIONAL_REPRESENTATION('',(#15580),#15584);
#15580 = LINE('',#15581,#15582);
#15581 = CARTESIAN_POINT('',(0.,-34.5));
#15582 = VECTOR('',#15583,1.);
#15583 = DIRECTION('',(1.,0.));
#15584 = ( GEOMETRIC_REPRESENTATION_CONTEXT(2) 
PARAMETRIC_REPRESENTATION_CONTEXT() REPRESENTATION_CONTEXT('2D SPACE',''
  ) );
#15585 = PCURVE('',#765,#15586);
#15586 = DEFINITIONAL_REPRESENTATION('',(#15587),#15591);
#15587 = LINE('',#15588,#15589);
#15588 = CARTESIAN_POINT('',(0.,0.));
#15589 = VECTOR('',#15590,1.);
#15590 = DIRECTION('',(1.,0.));
#15591 = ( GEOMETRIC_REPRESENTATION_CONTEXT(2) 
PARAMETRIC_REPRESENTATION_CONTEXT() REPRESENTATION_CONTEXT('2D SPACE',''
  ) );
#15592 = ORIENTED_EDGE('',*,*,#776,.T.);
#15593 = ORIENTED_EDGE('',*,*,#15594,.T.);
#15594 = EDGE_CURVE('',#751,#8632,#15595,.T.);
#15595 = SURFACE_CURVE('',#15596,(#15600,#15607),.PCURVE_S1.);
#15596 = LINE('',#15597,#15598);
#15597 = CARTESIAN_POINT('',(2.5,-6.,2.5));
#15598 = VECTOR('',#15599,1.);
#15599 = DIRECTION('',(0.,0.,1.));
#15600 = PCURVE('',#793,#15601);
#15601 = DEFINITIONAL_REPRESENTATION('',(#15602),#15606);
#15602 = LINE('',#15603,#15604);
#15603 = CARTESIAN_POINT('',(0.,-34.5));
#15604 = VECTOR('',#15605,1.);
#15605 = DIRECTION('',(1.,0.));
#15606 = ( GEOMETRIC_REPRESENTATION_CONTEXT(2) 
PARAMETRIC_REPRESENTATION_CONTEXT() REPRESENTATION_CONTEXT('2D SPACE',''
  ) );
#15607 = PCURVE('',#765,#15608);
#15608 = DEFINITIONAL_REPRESENTATION('',(#15609),#15613);
#15609 = LINE('',#15610,#15611);
#15610 = CARTESIAN_POINT('',(0.,0.));
#15611 = VECTOR('',#15612,1.);
#15612 = DIRECTION('',(1.,0.));
#15613 = ( GEOMETRIC_REPRESENTATION_CONTEXT(2) 
PARAMETRIC_REPRESENTATION_CONTEXT() REPRESENTATION_CONTEXT('2D SPACE',''
  ) );
#15614 = ORIENTED_EDGE('',*,*,#8629,.F.);
#15615 = ADVANCED_FACE('',(#15616),#765,.F.);
#15616 = FACE_BOUND('',#15617,.F.);
#15617 = EDGE_LOOP('',(#15618,#15619,#15620,#15621,#15622,#15623,#15624,
    #15625,#15626,#15647,#15648,#15649,#15650,#15651,#15652,#15653));
#15618 = ORIENTED_EDGE('',*,*,#15499,.F.);
#15619 = ORIENTED_EDGE('',*,*,#1094,.T.);
#15620 = ORIENTED_EDGE('',*,*,#15572,.T.);
#15621 = ORIENTED_EDGE('',*,*,#809,.F.);
#15622 = ORIENTED_EDGE('',*,*,#15525,.T.);
#15623 = ORIENTED_EDGE('',*,*,#1165,.T.);
#15624 = ORIENTED_EDGE('',*,*,#13669,.F.);
#15625 = ORIENTED_EDGE('',*,*,#13740,.F.);
#15626 = ORIENTED_EDGE('',*,*,#15627,.T.);
#15627 = EDGE_CURVE('',#13718,#723,#15628,.T.);
#15628 = SURFACE_CURVE('',#15629,(#15633,#15640),.PCURVE_S1.);
#15629 = LINE('',#15630,#15631);
#15630 = CARTESIAN_POINT('',(3.5,-6.,74.5));
#15631 = VECTOR('',#15632,1.);
#15632 = DIRECTION('',(0.,0.,-1.));
#15633 = PCURVE('',#765,#15634);
#15634 = DEFINITIONAL_REPRESENTATION('',(#15635),#15639);
#15635 = LINE('',#15636,#15637);
#15636 = CARTESIAN_POINT('',(72.,1.));
#15637 = VECTOR('',#15638,1.);
#15638 = DIRECTION('',(-1.,0.));
#15639 = ( GEOMETRIC_REPRESENTATION_CONTEXT(2) 
PARAMETRIC_REPRESENTATION_CONTEXT() REPRESENTATION_CONTEXT('2D SPACE',''
  ) );
#15640 = PCURVE('',#685,#15641);
#15641 = DEFINITIONAL_REPRESENTATION('',(#15642),#15646);
#15642 = LINE('',#15643,#15644);
#15643 = CARTESIAN_POINT('',(71.,6.));
#15644 = VECTOR('',#15645,1.);
#15645 = DIRECTION('',(-1.,0.));
#15646 = ( GEOMETRIC_REPRESENTATION_CONTEXT(2) 
PARAMETRIC_REPRESENTATION_CONTEXT() REPRESENTATION_CONTEXT('2D SPACE',''
  ) );
#15647 = ORIENTED_EDGE('',*,*,#750,.T.);
#15648 = ORIENTED_EDGE('',*,*,#15594,.T.);
#15649 = ORIENTED_EDGE('',*,*,#8676,.T.);
#15650 = ORIENTED_EDGE('',*,*,#8577,.F.);
#15651 = ORIENTED_EDGE('',*,*,#8196,.F.);
#15652 = ORIENTED_EDGE('',*,*,#7237,.F.);
#15653 = ORIENTED_EDGE('',*,*,#8097,.F.);
#15654 = ADVANCED_FACE('',(#15655),#685,.T.);
#15655 = FACE_BOUND('',#15656,.T.);
#15656 = EDGE_LOOP('',(#15657,#15658,#15659,#15660,#15661));
#15657 = ORIENTED_EDGE('',*,*,#13715,.T.);
#15658 = ORIENTED_EDGE('',*,*,#15627,.T.);
#15659 = ORIENTED_EDGE('',*,*,#722,.T.);
#15660 = ORIENTED_EDGE('',*,*,#669,.T.);
#15661 = ORIENTED_EDGE('',*,*,#15662,.F.);
#15662 = EDGE_CURVE('',#13716,#644,#15663,.T.);
#15663 = SURFACE_CURVE('',#15664,(#15668,#15675),.PCURVE_S1.);
#15664 = LINE('',#15665,#15666);
#15665 = CARTESIAN_POINT('',(3.5,6.,74.5));
#15666 = VECTOR('',#15667,1.);
#15667 = DIRECTION('',(0.,0.,-1.));
#15668 = PCURVE('',#685,#15669);
#15669 = DEFINITIONAL_REPRESENTATION('',(#15670),#15674);
#15670 = LINE('',#15671,#15672);
#15671 = CARTESIAN_POINT('',(71.,-6.));
#15672 = VECTOR('',#15673,1.);
#15673 = DIRECTION('',(-1.,0.));
#15674 = ( GEOMETRIC_REPRESENTATION_CONTEXT(2) 
PARAMETRIC_REPRESENTATION_CONTEXT() REPRESENTATION_CONTEXT('2D SPACE',''
  ) );
#15675 = PCURVE('',#658,#15676);
#15676 = DEFINITIONAL_REPRESENTATION('',(#15677),#15681);
#15677 = LINE('',#15678,#15679);
#15678 = CARTESIAN_POINT('',(72.,1.));
#15679 = VECTOR('',#15680,1.);
#15680 = DIRECTION('',(-1.,0.));
#15681 = ( GEOMETRIC_REPRESENTATION_CONTEXT(2) 
PARAMETRIC_REPRESENTATION_CONTEXT() REPRESENTATION_CONTEXT('2D SPACE',''
  ) );
#15682 = ADVANCED_FACE('',(#15683),#658,.T.);
#15683 = FACE_BOUND('',#15684,.T.);
#15684 = EDGE_LOOP('',(#15685,#15686,#15687,#15688,#15689,#15690,#15711,
    #15712));
#15685 = ORIENTED_EDGE('',*,*,#3251,.F.);
#15686 = ORIENTED_EDGE('',*,*,#13692,.F.);
#15687 = ORIENTED_EDGE('',*,*,#13761,.F.);
#15688 = ORIENTED_EDGE('',*,*,#15662,.T.);
#15689 = ORIENTED_EDGE('',*,*,#643,.T.);
#15690 = ORIENTED_EDGE('',*,*,#15691,.T.);
#15691 = EDGE_CURVE('',#615,#10121,#15692,.T.);
#15692 = SURFACE_CURVE('',#15693,(#15697,#15704),.PCURVE_S1.);
#15693 = LINE('',#15694,#15695);
#15694 = CARTESIAN_POINT('',(2.5,6.,2.5));
#15695 = VECTOR('',#15696,1.);
#15696 = DIRECTION('',(0.,0.,1.));
#15697 = PCURVE('',#658,#15698);
#15698 = DEFINITIONAL_REPRESENTATION('',(#15699),#15703);
#15699 = LINE('',#15700,#15701);
#15700 = CARTESIAN_POINT('',(0.,0.));
#15701 = VECTOR('',#15702,1.);
#15702 = DIRECTION('',(1.,0.));
#15703 = ( GEOMETRIC_REPRESENTATION_CONTEXT(2) 
PARAMETRIC_REPRESENTATION_CONTEXT() REPRESENTATION_CONTEXT('2D SPACE',''
  ) );
#15704 = PCURVE('',#631,#15705);
#15705 = DEFINITIONAL_REPRESENTATION('',(#15706),#15710);
#15706 = LINE('',#15707,#15708);
#15707 = CARTESIAN_POINT('',(0.,-7.));
#15708 = VECTOR('',#15709,1.);
#15709 = DIRECTION('',(1.,0.));
#15710 = ( GEOMETRIC_REPRESENTATION_CONTEXT(2) 
PARAMETRIC_REPRESENTATION_CONTEXT() REPRESENTATION_CONTEXT('2D SPACE',''
  ) );
#15711 = ORIENTED_EDGE('',*,*,#10143,.T.);
#15712 = ORIENTED_EDGE('',*,*,#10192,.F.);
#15713 = ADVANCED_FACE('',(#15714),#631,.T.);
#15714 = FACE_BOUND('',#15715,.T.);
#15715 = EDGE_LOOP('',(#15716,#15717,#15718,#15719,#15720,#15739,#15740)
  );
#15716 = ORIENTED_EDGE('',*,*,#10120,.F.);
#15717 = ORIENTED_EDGE('',*,*,#15691,.F.);
#15718 = ORIENTED_EDGE('',*,*,#612,.F.);
#15719 = ORIENTED_EDGE('',*,*,#944,.F.);
#15720 = ORIENTED_EDGE('',*,*,#15721,.T.);
#15721 = EDGE_CURVE('',#917,#10000,#15722,.T.);
#15722 = SURFACE_CURVE('',#15723,(#15727,#15733),.PCURVE_S1.);
#15723 = LINE('',#15724,#15725);
#15724 = CARTESIAN_POINT('',(2.5,-43.,6.015640288664));
#15725 = VECTOR('',#15726,1.);
#15726 = DIRECTION('',(0.,1.,0.));
#15727 = PCURVE('',#631,#15728);
#15728 = DEFINITIONAL_REPRESENTATION('',(#15729),#15732);
#15729 = B_SPLINE_CURVE_WITH_KNOTS('',1,(#15730,#15731),.UNSPECIFIED.,
  .F.,.F.,(2,2),(42.9999994,84.8000006),.PIECEWISE_BEZIER_KNOTS.);
#15730 = CARTESIAN_POINT('',(3.515640288664,-0.9999994));
#15731 = CARTESIAN_POINT('',(3.515640288664,-42.8000006));
#15732 = ( GEOMETRIC_REPRESENTATION_CONTEXT(2) 
PARAMETRIC_REPRESENTATION_CONTEXT() REPRESENTATION_CONTEXT('2D SPACE',''
  ) );
#15733 = PCURVE('',#540,#15734);
#15734 = DEFINITIONAL_REPRESENTATION('',(#15735),#15738);
#15735 = B_SPLINE_CURVE_WITH_KNOTS('',1,(#15736,#15737),.UNSPECIFIED.,
  .F.,.F.,(2,2),(42.9999994,84.8000006),.PIECEWISE_BEZIER_KNOTS.);
#15736 = CARTESIAN_POINT('',(-0.606884910677,42.9999994));
#15737 = CARTESIAN_POINT('',(-0.606884910677,84.8000006));
#15738 = ( GEOMETRIC_REPRESENTATION_CONTEXT(2) 
PARAMETRIC_REPRESENTATION_CONTEXT() REPRESENTATION_CONTEXT('2D SPACE',''
  ) );
#15739 = ORIENTED_EDGE('',*,*,#10040,.F.);
#15740 = ORIENTED_EDGE('',*,*,#4445,.T.);
#15741 = ADVANCED_FACE('',(#15742),#566,.T.);
#15742 = FACE_BOUND('',#15743,.F.);
#15743 = EDGE_LOOP('',(#15744,#15745,#15746,#15747));
#15744 = ORIENTED_EDGE('',*,*,#552,.F.);
#15745 = ORIENTED_EDGE('',*,*,#10090,.T.);
#15746 = ORIENTED_EDGE('',*,*,#9972,.T.);
#15747 = ORIENTED_EDGE('',*,*,#9742,.F.);
#15748 = ADVANCED_FACE('',(#15749),#540,.T.);
#15749 = FACE_BOUND('',#15750,.F.);
#15750 = EDGE_LOOP('',(#15751,#15752,#15753,#15754,#15755,#15756));
#15751 = ORIENTED_EDGE('',*,*,#524,.T.);
#15752 = ORIENTED_EDGE('',*,*,#9828,.F.);
#15753 = ORIENTED_EDGE('',*,*,#15553,.T.);
#15754 = ORIENTED_EDGE('',*,*,#1071,.F.);
#15755 = ORIENTED_EDGE('',*,*,#15721,.T.);
#15756 = ORIENTED_EDGE('',*,*,#9999,.T.);
#15757 = ADVANCED_FACE('',(#15758),#512,.T.);
#15758 = FACE_BOUND('',#15759,.T.);
#15759 = EDGE_LOOP('',(#15760,#15761,#15762,#15763));
#15760 = ORIENTED_EDGE('',*,*,#496,.F.);
#15761 = ORIENTED_EDGE('',*,*,#9919,.T.);
#15762 = ORIENTED_EDGE('',*,*,#9001,.T.);
#15763 = ORIENTED_EDGE('',*,*,#9674,.T.);
#15764 = ADVANCED_FACE('',(#15765),#484,.T.);
#15765 = FACE_BOUND('',#15766,.F.);
#15766 = EDGE_LOOP('',(#15767,#15768,#15769,#15770));
#15767 = ORIENTED_EDGE('',*,*,#9330,.F.);
#15768 = ORIENTED_EDGE('',*,*,#9654,.T.);
#15769 = ORIENTED_EDGE('',*,*,#461,.T.);
#15770 = ORIENTED_EDGE('',*,*,#9699,.F.);
#15771 = ( GEOMETRIC_REPRESENTATION_CONTEXT(3) 
GLOBAL_UNCERTAINTY_ASSIGNED_CONTEXT((#15775)) 
GLOBAL_UNIT_ASSIGNED_CONTEXT((#15772,#15773,#15774)) 
REPRESENTATION_CONTEXT('Context #1',
  '3D Context with UNIT and UNCERTAINTY') );
#15772 = ( LENGTH_UNIT() NAMED_UNIT(*) SI_UNIT(.MILLI.,.METRE.) );
#15773 = ( NAMED_UNIT(*) PLANE_ANGLE_UNIT() SI_UNIT($,.RADIAN.) );
#15774 = ( NAMED_UNIT(*) SI_UNIT($,.STERADIAN.) SOLID_ANGLE_UNIT() );
#15775 = UNCERTAINTY_MEASURE_WITH_UNIT(LENGTH_MEASURE(5.E-06),#15772,
  'distance_accuracy_value','confusion accuracy');
#15776 = CONTEXT_DEPENDENT_SHAPE_REPRESENTATION(#15777,#15779);
#15777 = ( REPRESENTATION_RELATIONSHIP('','',#454,#10) 
REPRESENTATION_RELATIONSHIP_WITH_TRANSFORMATION(#15778) 
SHAPE_REPRESENTATION_RELATIONSHIP() );
#15778 = ITEM_DEFINED_TRANSFORMATION('','',#11,#23);
#15779 = PRODUCT_DEFINITION_SHAPE('Placement','Placement of an item',
  #15780);
#15780 = NEXT_ASSEMBLY_USAGE_OCCURRENCE('9','','',#5,#449,$);
#15781 = PRODUCT_RELATED_PRODUCT_CATEGORY('part',$,(#451));
#15782 = SHAPE_DEFINITION_REPRESENTATION(#15783,#15789);
#15783 = PRODUCT_DEFINITION_SHAPE('','',#15784);
#15784 = PRODUCT_DEFINITION('design','',#15785,#15788);
#15785 = PRODUCT_DEFINITION_FORMATION('','',#15786);
#15786 = PRODUCT('Open CASCADE STEP translator 7.9 4.4',
  'Open CASCADE STEP translator 7.9 4.4','',(#15787));
#15787 = PRODUCT_CONTEXT('',#2,'mechanical');
#15788 = PRODUCT_DEFINITION_CONTEXT('part definition',#2,'design');
#15789 = ADVANCED_BREP_SHAPE_REPRESENTATION('',(#11,#15790),#16650);
#15790 = MANIFOLD_SOLID_BREP('',#15791);
#15791 = CLOSED_SHELL('',(#15792,#15880,#15915,#15970,#16100,#16294,
    #16367,#16422,#16500,#16550,#16577,#16633,#16640));
#15792 = ADVANCED_FACE('',(#15793),#15807,.T.);
#15793 = FACE_BOUND('',#15794,.F.);
#15794 = EDGE_LOOP('',(#15795,#15825,#15852,#15853));
#15795 = ORIENTED_EDGE('',*,*,#15796,.T.);
#15796 = EDGE_CURVE('',#15797,#15799,#15801,.T.);
#15797 = VERTEX_POINT('',#15798);
#15798 = CARTESIAN_POINT('',(104.,7.,28.));
#15799 = VERTEX_POINT('',#15800);
#15800 = CARTESIAN_POINT('',(106.5,7.,28.));
#15801 = SEAM_CURVE('',#15802,(#15806,#15818),.PCURVE_S1.);
#15802 = LINE('',#15803,#15804);
#15803 = CARTESIAN_POINT('',(104.,7.,28.));
#15804 = VECTOR('',#15805,1.);
#15805 = DIRECTION('',(1.,0.,0.));
#15806 = PCURVE('',#15807,#15812);
#15807 = CYLINDRICAL_SURFACE('',#15808,7.);
#15808 = AXIS2_PLACEMENT_3D('',#15809,#15810,#15811);
#15809 = CARTESIAN_POINT('',(104.,0.,28.));
#15810 = DIRECTION('',(-1.,-0.,-0.));
#15811 = DIRECTION('',(0.,1.,0.));
#15812 = DEFINITIONAL_REPRESENTATION('',(#15813),#15817);
#15813 = LINE('',#15814,#15815);
#15814 = CARTESIAN_POINT('',(-0.,0.));
#15815 = VECTOR('',#15816,1.);
#15816 = DIRECTION('',(-0.,-1.));
#15817 = ( GEOMETRIC_REPRESENTATION_CONTEXT(2) 
PARAMETRIC_REPRESENTATION_CONTEXT() REPRESENTATION_CONTEXT('2D SPACE',''
  ) );
#15818 = PCURVE('',#15807,#15819);
#15819 = DEFINITIONAL_REPRESENTATION('',(#15820),#15824);
#15820 = LINE('',#15821,#15822);
#15821 = CARTESIAN_POINT('',(-6.28318530718,0.));
#15822 = VECTOR('',#15823,1.);
#15823 = DIRECTION('',(-0.,-1.));
#15824 = ( GEOMETRIC_REPRESENTATION_CONTEXT(2) 
PARAMETRIC_REPRESENTATION_CONTEXT() REPRESENTATION_CONTEXT('2D SPACE',''
  ) );
#15825 = ORIENTED_EDGE('',*,*,#15826,.T.);
#15826 = EDGE_CURVE('',#15799,#15799,#15827,.T.);
#15827 = SURFACE_CURVE('',#15828,(#15833,#15840),.PCURVE_S1.);
#15828 = CIRCLE('',#15829,7.);
#15829 = AXIS2_PLACEMENT_3D('',#15830,#15831,#15832);
#15830 = CARTESIAN_POINT('',(106.5,0.,28.));
#15831 = DIRECTION('',(1.,0.,0.));
#15832 = DIRECTION('',(0.,1.,0.));
#15833 = PCURVE('',#15807,#15834);
#15834 = DEFINITIONAL_REPRESENTATION('',(#15835),#15839);
#15835 = LINE('',#15836,#15837);
#15836 = CARTESIAN_POINT('',(-0.,-2.5));
#15837 = VECTOR('',#15838,1.);
#15838 = DIRECTION('',(-1.,0.));
#15839 = ( GEOMETRIC_REPRESENTATION_CONTEXT(2) 
PARAMETRIC_REPRESENTATION_CONTEXT() REPRESENTATION_CONTEXT('2D SPACE',''
  ) );
#15840 = PCURVE('',#15841,#15846);
#15841 = PLANE('',#15842);
#15842 = AXIS2_PLACEMENT_3D('',#15843,#15844,#15845);
#15843 = CARTESIAN_POINT('',(106.5,-1.953485903628E-16,28.));
#15844 = DIRECTION('',(1.,0.,0.));
#15845 = DIRECTION('',(-0.,0.,1.));
#15846 = DEFINITIONAL_REPRESENTATION('',(#15847),#15851);
#15847 = CIRCLE('',#15848,7.);
#15848 = AXIS2_PLACEMENT_2D('',#15849,#15850);
#15849 = CARTESIAN_POINT('',(0.,-1.953485903628E-16));
#15850 = DIRECTION('',(0.,-1.));
#15851 = ( GEOMETRIC_REPRESENTATION_CONTEXT(2) 
PARAMETRIC_REPRESENTATION_CONTEXT() REPRESENTATION_CONTEXT('2D SPACE',''
  ) );
#15852 = ORIENTED_EDGE('',*,*,#15796,.F.);
#15853 = ORIENTED_EDGE('',*,*,#15854,.F.);
#15854 = EDGE_CURVE('',#15797,#15797,#15855,.T.);
#15855 = SURFACE_CURVE('',#15856,(#15861,#15868),.PCURVE_S1.);
#15856 = CIRCLE('',#15857,7.);
#15857 = AXIS2_PLACEMENT_3D('',#15858,#15859,#15860);
#15858 = CARTESIAN_POINT('',(104.,0.,28.));
#15859 = DIRECTION('',(1.,0.,0.));
#15860 = DIRECTION('',(0.,1.,0.));
#15861 = PCURVE('',#15807,#15862);
#15862 = DEFINITIONAL_REPRESENTATION('',(#15863),#15867);
#15863 = LINE('',#15864,#15865);
#15864 = CARTESIAN_POINT('',(-0.,0.));
#15865 = VECTOR('',#15866,1.);
#15866 = DIRECTION('',(-1.,0.));
#15867 = ( GEOMETRIC_REPRESENTATION_CONTEXT(2) 
PARAMETRIC_REPRESENTATION_CONTEXT() REPRESENTATION_CONTEXT('2D SPACE',''
  ) );
#15868 = PCURVE('',#15869,#15874);
#15869 = PLANE('',#15870);
#15870 = AXIS2_PLACEMENT_3D('',#15871,#15872,#15873);
#15871 = CARTESIAN_POINT('',(104.,-1.953485903628E-16,28.));
#15872 = DIRECTION('',(1.,0.,0.));
#15873 = DIRECTION('',(-0.,0.,1.));
#15874 = DEFINITIONAL_REPRESENTATION('',(#15875),#15879);
#15875 = CIRCLE('',#15876,7.);
#15876 = AXIS2_PLACEMENT_2D('',#15877,#15878);
#15877 = CARTESIAN_POINT('',(0.,-1.953485903628E-16));
#15878 = DIRECTION('',(0.,-1.));
#15879 = ( GEOMETRIC_REPRESENTATION_CONTEXT(2) 
PARAMETRIC_REPRESENTATION_CONTEXT() REPRESENTATION_CONTEXT('2D SPACE',''
  ) );
#15880 = ADVANCED_FACE('',(#15881,#15884),#15841,.T.);
#15881 = FACE_BOUND('',#15882,.T.);
#15882 = EDGE_LOOP('',(#15883));
#15883 = ORIENTED_EDGE('',*,*,#15826,.T.);
#15884 = FACE_BOUND('',#15885,.T.);
#15885 = EDGE_LOOP('',(#15886));
#15886 = ORIENTED_EDGE('',*,*,#15887,.F.);
#15887 = EDGE_CURVE('',#15888,#15888,#15890,.T.);
#15888 = VERTEX_POINT('',#15889);
#15889 = CARTESIAN_POINT('',(106.5,4.975,28.));
#15890 = SURFACE_CURVE('',#15891,(#15896,#15903),.PCURVE_S1.);
#15891 = CIRCLE('',#15892,4.975);
#15892 = AXIS2_PLACEMENT_3D('',#15893,#15894,#15895);
#15893 = CARTESIAN_POINT('',(106.5,0.,28.));
#15894 = DIRECTION('',(1.,0.,0.));
#15895 = DIRECTION('',(0.,1.,0.));
#15896 = PCURVE('',#15841,#15897);
#15897 = DEFINITIONAL_REPRESENTATION('',(#15898),#15902);
#15898 = CIRCLE('',#15899,4.975);
#15899 = AXIS2_PLACEMENT_2D('',#15900,#15901);
#15900 = CARTESIAN_POINT('',(0.,-1.953485903628E-16));
#15901 = DIRECTION('',(0.,-1.));
#15902 = ( GEOMETRIC_REPRESENTATION_CONTEXT(2) 
PARAMETRIC_REPRESENTATION_CONTEXT() REPRESENTATION_CONTEXT('2D SPACE',''
  ) );
#15903 = PCURVE('',#15904,#15909);
#15904 = CYLINDRICAL_SURFACE('',#15905,4.975);
#15905 = AXIS2_PLACEMENT_3D('',#15906,#15907,#15908);
#15906 = CARTESIAN_POINT('',(106.5,0.,28.));
#15907 = DIRECTION('',(-1.,-0.,-0.));
#15908 = DIRECTION('',(0.,1.,0.));
#15909 = DEFINITIONAL_REPRESENTATION('',(#15910),#15914);
#15910 = LINE('',#15911,#15912);
#15911 = CARTESIAN_POINT('',(-0.,0.));
#15912 = VECTOR('',#15913,1.);
#15913 = DIRECTION('',(-1.,0.));
#15914 = ( GEOMETRIC_REPRESENTATION_CONTEXT(2) 
PARAMETRIC_REPRESENTATION_CONTEXT() REPRESENTATION_CONTEXT('2D SPACE',''
  ) );
#15915 = ADVANCED_FACE('',(#15916),#15904,.T.);
#15916 = FACE_BOUND('',#15917,.F.);
#15917 = EDGE_LOOP('',(#15918,#15941,#15968,#15969));
#15918 = ORIENTED_EDGE('',*,*,#15919,.T.);
#15919 = EDGE_CURVE('',#15888,#15920,#15922,.T.);
#15920 = VERTEX_POINT('',#15921);
#15921 = CARTESIAN_POINT('',(120.5,4.975,28.));
#15922 = SEAM_CURVE('',#15923,(#15927,#15934),.PCURVE_S1.);
#15923 = LINE('',#15924,#15925);
#15924 = CARTESIAN_POINT('',(106.5,4.975,28.));
#15925 = VECTOR('',#15926,1.);
#15926 = DIRECTION('',(1.,0.,0.));
#15927 = PCURVE('',#15904,#15928);
#15928 = DEFINITIONAL_REPRESENTATION('',(#15929),#15933);
#15929 = LINE('',#15930,#15931);
#15930 = CARTESIAN_POINT('',(-0.,0.));
#15931 = VECTOR('',#15932,1.);
#15932 = DIRECTION('',(-0.,-1.));
#15933 = ( GEOMETRIC_REPRESENTATION_CONTEXT(2) 
PARAMETRIC_REPRESENTATION_CONTEXT() REPRESENTATION_CONTEXT('2D SPACE',''
  ) );
#15934 = PCURVE('',#15904,#15935);
#15935 = DEFINITIONAL_REPRESENTATION('',(#15936),#15940);
#15936 = LINE('',#15937,#15938);
#15937 = CARTESIAN_POINT('',(-6.28318530718,0.));
#15938 = VECTOR('',#15939,1.);
#15939 = DIRECTION('',(-0.,-1.));
#15940 = ( GEOMETRIC_REPRESENTATION_CONTEXT(2) 
PARAMETRIC_REPRESENTATION_CONTEXT() REPRESENTATION_CONTEXT('2D SPACE',''
  ) );
#15941 = ORIENTED_EDGE('',*,*,#15942,.T.);
#15942 = EDGE_CURVE('',#15920,#15920,#15943,.T.);
#15943 = SURFACE_CURVE('',#15944,(#15949,#15956),.PCURVE_S1.);
#15944 = CIRCLE('',#15945,4.975);
#15945 = AXIS2_PLACEMENT_3D('',#15946,#15947,#15948);
#15946 = CARTESIAN_POINT('',(120.5,0.,28.));
#15947 = DIRECTION('',(1.,0.,0.));
#15948 = DIRECTION('',(0.,1.,0.));
#15949 = PCURVE('',#15904,#15950);
#15950 = DEFINITIONAL_REPRESENTATION('',(#15951),#15955);
#15951 = LINE('',#15952,#15953);
#15952 = CARTESIAN_POINT('',(-0.,-14.));
#15953 = VECTOR('',#15954,1.);
#15954 = DIRECTION('',(-1.,0.));
#15955 = ( GEOMETRIC_REPRESENTATION_CONTEXT(2) 
PARAMETRIC_REPRESENTATION_CONTEXT() REPRESENTATION_CONTEXT('2D SPACE',''
  ) );
#15956 = PCURVE('',#15957,#15962);
#15957 = PLANE('',#15958);
#15958 = AXIS2_PLACEMENT_3D('',#15959,#15960,#15961);
#15959 = CARTESIAN_POINT('',(120.5,-1.374311690994E-16,28.));
#15960 = DIRECTION('',(1.,0.,0.));
#15961 = DIRECTION('',(-0.,0.,1.));
#15962 = DEFINITIONAL_REPRESENTATION('',(#15963),#15967);
#15963 = CIRCLE('',#15964,4.975);
#15964 = AXIS2_PLACEMENT_2D('',#15965,#15966);
#15965 = CARTESIAN_POINT('',(0.,-1.374311690994E-16));
#15966 = DIRECTION('',(0.,-1.));
#15967 = ( GEOMETRIC_REPRESENTATION_CONTEXT(2) 
PARAMETRIC_REPRESENTATION_CONTEXT() REPRESENTATION_CONTEXT('2D SPACE',''
  ) );
#15968 = ORIENTED_EDGE('',*,*,#15919,.F.);
#15969 = ORIENTED_EDGE('',*,*,#15887,.F.);
#15970 = ADVANCED_FACE('',(#15971,#15974),#15957,.T.);
#15971 = FACE_BOUND('',#15972,.T.);
#15972 = EDGE_LOOP('',(#15973));
#15973 = ORIENTED_EDGE('',*,*,#15942,.T.);
#15974 = FACE_BOUND('',#15975,.T.);
#15975 = EDGE_LOOP('',(#15976,#16011,#16040,#16073));
#15976 = ORIENTED_EDGE('',*,*,#15977,.T.);
#15977 = EDGE_CURVE('',#15978,#15980,#15982,.T.);
#15978 = VERTEX_POINT('',#15979);
#15979 = CARTESIAN_POINT('',(120.5,1.963043441829,30.054037235853));
#15980 = VERTEX_POINT('',#15981);
#15981 = CARTESIAN_POINT('',(120.5,0.436956558171,28.745962764147));
#15982 = SURFACE_CURVE('',#15983,(#15988,#15999),.PCURVE_S1.);
#15983 = CIRCLE('',#15984,2.1);
#15984 = AXIS2_PLACEMENT_3D('',#15985,#15986,#15987);
#15985 = CARTESIAN_POINT('',(120.5,2.4,28.));
#15986 = DIRECTION('',(-1.,0.,0.));
#15987 = DIRECTION('',(0.,-0.20807455151,0.978112969454));
#15988 = PCURVE('',#15957,#15989);
#15989 = DEFINITIONAL_REPRESENTATION('',(#15990),#15998);
#15990 = ( BOUNDED_CURVE() B_SPLINE_CURVE(2,(#15991,#15992,#15993,#15994
    ,#15995,#15996,#15997),.UNSPECIFIED.,.T.,.F.) 
B_SPLINE_CURVE_WITH_KNOTS((1,2,2,2,2,1),(-2.094395102393,0.,
    2.094395102393,4.188790204786,6.28318530718,8.377580409573),
.UNSPECIFIED.) CURVE() GEOMETRIC_REPRESENTATION_ITEM() 
RATIONAL_B_SPLINE_CURVE((1.,0.5,1.,0.5,1.,0.5,1.)) REPRESENTATION_ITEM(
  '') );
#15991 = CARTESIAN_POINT('',(2.054037235853,-1.963043441829));
#15992 = CARTESIAN_POINT('',(2.810868195306,-5.520740294964));
#15993 = CARTESIAN_POINT('',(-0.6486031382,-4.397326705654));
#15994 = CARTESIAN_POINT('',(-4.108074471706,-3.273913116343));
#15995 = CARTESIAN_POINT('',(-1.405434097653,-0.839629852518));
#15996 = CARTESIAN_POINT('',(1.2972062764,1.594653411307));
#15997 = CARTESIAN_POINT('',(2.054037235853,-1.963043441829));
#15998 = ( GEOMETRIC_REPRESENTATION_CONTEXT(2) 
PARAMETRIC_REPRESENTATION_CONTEXT() REPRESENTATION_CONTEXT('2D SPACE',''
  ) );
#15999 = PCURVE('',#16000,#16005);
#16000 = CYLINDRICAL_SURFACE('',#16001,2.1);
#16001 = AXIS2_PLACEMENT_3D('',#16002,#16003,#16004);
#16002 = CARTESIAN_POINT('',(120.6,2.4,28.));
#16003 = DIRECTION('',(1.,0.,0.));
#16004 = DIRECTION('',(0.,1.,0.));
#16005 = DEFINITIONAL_REPRESENTATION('',(#16006),#16010);
#16006 = LINE('',#16007,#16008);
#16007 = CARTESIAN_POINT('',(8.063587646258,-0.1));
#16008 = VECTOR('',#16009,1.);
#16009 = DIRECTION('',(-1.,-0.));
#16010 = ( GEOMETRIC_REPRESENTATION_CONTEXT(2) 
PARAMETRIC_REPRESENTATION_CONTEXT() REPRESENTATION_CONTEXT('2D SPACE',''
  ) );
#16011 = ORIENTED_EDGE('',*,*,#16012,.F.);
#16012 = EDGE_CURVE('',#16013,#15980,#16015,.T.);
#16013 = VERTEX_POINT('',#16014);
#16014 = CARTESIAN_POINT('',(120.5,-0.436956558171,28.745962764147));
#16015 = SURFACE_CURVE('',#16016,(#16021,#16028),.PCURVE_S1.);
#16016 = CIRCLE('',#16017,2.1);
#16017 = AXIS2_PLACEMENT_3D('',#16018,#16019,#16020);
#16018 = CARTESIAN_POINT('',(120.5,0.,30.8));
#16019 = DIRECTION('',(1.,0.,0.));
#16020 = DIRECTION('',(-0.,1.,0.));
#16021 = PCURVE('',#15957,#16022);
#16022 = DEFINITIONAL_REPRESENTATION('',(#16023),#16027);
#16023 = CIRCLE('',#16024,2.1);
#16024 = AXIS2_PLACEMENT_2D('',#16025,#16026);
#16025 = CARTESIAN_POINT('',(2.8,-1.374311690994E-16));
#16026 = DIRECTION('',(0.,-1.));
#16027 = ( GEOMETRIC_REPRESENTATION_CONTEXT(2) 
PARAMETRIC_REPRESENTATION_CONTEXT() REPRESENTATION_CONTEXT('2D SPACE',''
  ) );
#16028 = PCURVE('',#16029,#16034);
#16029 = CYLINDRICAL_SURFACE('',#16030,2.1);
#16030 = AXIS2_PLACEMENT_3D('',#16031,#16032,#16033);
#16031 = CARTESIAN_POINT('',(103.9,0.,30.8));
#16032 = DIRECTION('',(-1.,-0.,-0.));
#16033 = DIRECTION('',(0.,1.,0.));
#16034 = DEFINITIONAL_REPRESENTATION('',(#16035),#16039);
#16035 = LINE('',#16036,#16037);
#16036 = CARTESIAN_POINT('',(-0.,-16.6));
#16037 = VECTOR('',#16038,1.);
#16038 = DIRECTION('',(-1.,-0.));
#16039 = ( GEOMETRIC_REPRESENTATION_CONTEXT(2) 
PARAMETRIC_REPRESENTATION_CONTEXT() REPRESENTATION_CONTEXT('2D SPACE',''
  ) );
#16040 = ORIENTED_EDGE('',*,*,#16041,.T.);
#16041 = EDGE_CURVE('',#16013,#16042,#16044,.T.);
#16042 = VERTEX_POINT('',#16043);
#16043 = CARTESIAN_POINT('',(120.5,-1.963043441829,30.054037235853));
#16044 = SURFACE_CURVE('',#16045,(#16050,#16061),.PCURVE_S1.);
#16045 = CIRCLE('',#16046,2.1);
#16046 = AXIS2_PLACEMENT_3D('',#16047,#16048,#16049);
#16047 = CARTESIAN_POINT('',(120.5,-2.4,28.));
#16048 = DIRECTION('',(-1.,0.,0.));
#16049 = DIRECTION('',(0.,0.934782591347,0.355220363879));
#16050 = PCURVE('',#15957,#16051);
#16051 = DEFINITIONAL_REPRESENTATION('',(#16052),#16060);
#16052 = ( BOUNDED_CURVE() B_SPLINE_CURVE(2,(#16053,#16054,#16055,#16056
    ,#16057,#16058,#16059),.UNSPECIFIED.,.T.,.F.) 
B_SPLINE_CURVE_WITH_KNOTS((1,2,2,2,2,1),(-2.094395102393,0.,
    2.094395102393,4.188790204786,6.28318530718,8.377580409573),
.UNSPECIFIED.) CURVE() GEOMETRIC_REPRESENTATION_ITEM() 
RATIONAL_B_SPLINE_CURVE((1.,0.5,1.,0.5,1.,0.5,1.)) REPRESENTATION_ITEM(
  '') );
#16053 = CARTESIAN_POINT('',(0.745962764147,0.436956558171));
#16054 = CARTESIAN_POINT('',(-2.654128214565,-0.855088849886));
#16055 = CARTESIAN_POINT('',(-2.073026871429,2.735499016886));
#16056 = CARTESIAN_POINT('',(-1.491925528294,6.326086883657));
#16057 = CARTESIAN_POINT('',(1.327064107283,4.027544424943));
#16058 = CARTESIAN_POINT('',(4.146053742859,1.729001966228));
#16059 = CARTESIAN_POINT('',(0.745962764147,0.436956558171));
#16060 = ( GEOMETRIC_REPRESENTATION_CONTEXT(2) 
PARAMETRIC_REPRESENTATION_CONTEXT() REPRESENTATION_CONTEXT('2D SPACE',''
  ) );
#16061 = PCURVE('',#16062,#16067);
#16062 = CYLINDRICAL_SURFACE('',#16063,2.1);
#16063 = AXIS2_PLACEMENT_3D('',#16064,#16065,#16066);
#16064 = CARTESIAN_POINT('',(120.6,-2.4,28.));
#16065 = DIRECTION('',(1.,0.,0.));
#16066 = DIRECTION('',(0.,1.,0.));
#16067 = DEFINITIONAL_REPRESENTATION('',(#16068),#16072);
#16068 = LINE('',#16069,#16070);
#16069 = CARTESIAN_POINT('',(6.646335102003,-0.1));
#16070 = VECTOR('',#16071,1.);
#16071 = DIRECTION('',(-1.,-0.));
#16072 = ( GEOMETRIC_REPRESENTATION_CONTEXT(2) 
PARAMETRIC_REPRESENTATION_CONTEXT() REPRESENTATION_CONTEXT('2D SPACE',''
  ) );
#16073 = ORIENTED_EDGE('',*,*,#16074,.F.);
#16074 = EDGE_CURVE('',#15978,#16042,#16075,.T.);
#16075 = SURFACE_CURVE('',#16076,(#16081,#16088),.PCURVE_S1.);
#16076 = CIRCLE('',#16077,2.1);
#16077 = AXIS2_PLACEMENT_3D('',#16078,#16079,#16080);
#16078 = CARTESIAN_POINT('',(120.5,0.,30.8));
#16079 = DIRECTION('',(1.,0.,0.));
#16080 = DIRECTION('',(0.,0.934782591347,-0.355220363879));
#16081 = PCURVE('',#15957,#16082);
#16082 = DEFINITIONAL_REPRESENTATION('',(#16083),#16087);
#16083 = CIRCLE('',#16084,2.1);
#16084 = AXIS2_PLACEMENT_2D('',#16085,#16086);
#16085 = CARTESIAN_POINT('',(2.8,-1.374311690994E-16));
#16086 = DIRECTION('',(-0.355220363879,-0.934782591347));
#16087 = ( GEOMETRIC_REPRESENTATION_CONTEXT(2) 
PARAMETRIC_REPRESENTATION_CONTEXT() REPRESENTATION_CONTEXT('2D SPACE',''
  ) );
#16088 = PCURVE('',#16089,#16094);
#16089 = CYLINDRICAL_SURFACE('',#16090,2.1);
#16090 = AXIS2_PLACEMENT_3D('',#16091,#16092,#16093);
#16091 = CARTESIAN_POINT('',(103.9,0.,30.8));
#16092 = DIRECTION('',(-1.,-0.,-0.));
#16093 = DIRECTION('',(0.,1.,0.));
#16094 = DEFINITIONAL_REPRESENTATION('',(#16095),#16099);
#16095 = LINE('',#16096,#16097);
#16096 = CARTESIAN_POINT('',(-5.920035512356,-16.6));
#16097 = VECTOR('',#16098,1.);
#16098 = DIRECTION('',(-1.,-0.));
#16099 = ( GEOMETRIC_REPRESENTATION_CONTEXT(2) 
PARAMETRIC_REPRESENTATION_CONTEXT() REPRESENTATION_CONTEXT('2D SPACE',''
  ) );
#16100 = ADVANCED_FACE('',(#16101),#16089,.F.);
#16101 = FACE_BOUND('',#16102,.T.);
#16102 = EDGE_LOOP('',(#16103,#16133,#16166,#16187,#16188,#16211,#16244,
    #16272));
#16103 = ORIENTED_EDGE('',*,*,#16104,.T.);
#16104 = EDGE_CURVE('',#16105,#16107,#16109,.T.);
#16105 = VERTEX_POINT('',#16106);
#16106 = CARTESIAN_POINT('',(104.,1.823107465932,29.757752827941));
#16107 = VERTEX_POINT('',#16108);
#16108 = CARTESIAN_POINT('',(107.6,1.823107465932,29.757752827941));
#16109 = SURFACE_CURVE('',#16110,(#16114,#16121),.PCURVE_S1.);
#16110 = LINE('',#16111,#16112);
#16111 = CARTESIAN_POINT('',(104.,1.823107465932,29.757752827941));
#16112 = VECTOR('',#16113,1.);
#16113 = DIRECTION('',(1.,0.,0.));
#16114 = PCURVE('',#16089,#16115);
#16115 = DEFINITIONAL_REPRESENTATION('',(#16116),#16120);
#16116 = LINE('',#16117,#16118);
#16117 = CARTESIAN_POINT('',(-5.763844261084,-0.1));
#16118 = VECTOR('',#16119,1.);
#16119 = DIRECTION('',(-0.,-1.));
#16120 = ( GEOMETRIC_REPRESENTATION_CONTEXT(2) 
PARAMETRIC_REPRESENTATION_CONTEXT() REPRESENTATION_CONTEXT('2D SPACE',''
  ) );
#16121 = PCURVE('',#16122,#16127);
#16122 = CYLINDRICAL_SURFACE('',#16123,1.85);
#16123 = AXIS2_PLACEMENT_3D('',#16124,#16125,#16126);
#16124 = CARTESIAN_POINT('',(103.9,2.4,28.));
#16125 = DIRECTION('',(-1.,-0.,-0.));
#16126 = DIRECTION('',(0.,1.,0.));
#16127 = DEFINITIONAL_REPRESENTATION('',(#16128),#16132);
#16128 = LINE('',#16129,#16130);
#16129 = CARTESIAN_POINT('',(-8.171104097174,-0.1));
#16130 = VECTOR('',#16131,1.);
#16131 = DIRECTION('',(-0.,-1.));
#16132 = ( GEOMETRIC_REPRESENTATION_CONTEXT(2) 
PARAMETRIC_REPRESENTATION_CONTEXT() REPRESENTATION_CONTEXT('2D SPACE',''
  ) );
#16133 = ORIENTED_EDGE('',*,*,#16134,.F.);
#16134 = EDGE_CURVE('',#16135,#16107,#16137,.T.);
#16135 = VERTEX_POINT('',#16136);
#16136 = CARTESIAN_POINT('',(107.6,1.963043441829,30.054037235853));
#16137 = SURFACE_CURVE('',#16138,(#16143,#16150),.PCURVE_S1.);
#16138 = CIRCLE('',#16139,2.1);
#16139 = AXIS2_PLACEMENT_3D('',#16140,#16141,#16142);
#16140 = CARTESIAN_POINT('',(107.6,0.,30.8));
#16141 = DIRECTION('',(-1.,0.,0.));
#16142 = DIRECTION('',(0.,1.,0.));
#16143 = PCURVE('',#16089,#16144);
#16144 = DEFINITIONAL_REPRESENTATION('',(#16145),#16149);
#16145 = LINE('',#16146,#16147);
#16146 = CARTESIAN_POINT('',(-6.28318530718,-3.7));
#16147 = VECTOR('',#16148,1.);
#16148 = DIRECTION('',(1.,-0.));
#16149 = ( GEOMETRIC_REPRESENTATION_CONTEXT(2) 
PARAMETRIC_REPRESENTATION_CONTEXT() REPRESENTATION_CONTEXT('2D SPACE',''
  ) );
#16150 = PCURVE('',#16151,#16156);
#16151 = PLANE('',#16152);
#16152 = AXIS2_PLACEMENT_3D('',#16153,#16154,#16155);
#16153 = CARTESIAN_POINT('',(107.6,2.4,28.));
#16154 = DIRECTION('',(1.,0.,0.));
#16155 = DIRECTION('',(-0.,0.,1.));
#16156 = DEFINITIONAL_REPRESENTATION('',(#16157),#16165);
#16157 = ( BOUNDED_CURVE() B_SPLINE_CURVE(2,(#16158,#16159,#16160,#16161
    ,#16162,#16163,#16164),.UNSPECIFIED.,.T.,.F.) 
B_SPLINE_CURVE_WITH_KNOTS((1,2,2,2,2,1),(-2.094395102393,0.,
    2.094395102393,4.188790204786,6.28318530718,8.377580409573),
.UNSPECIFIED.) CURVE() GEOMETRIC_REPRESENTATION_ITEM() 
RATIONAL_B_SPLINE_CURVE((1.,0.5,1.,0.5,1.,0.5,1.)) REPRESENTATION_ITEM(
  '') );
#16158 = CARTESIAN_POINT('',(2.8,0.3));
#16159 = CARTESIAN_POINT('',(-0.837306695895,0.3));
#16160 = CARTESIAN_POINT('',(0.981346652053,3.45));
#16161 = CARTESIAN_POINT('',(2.8,6.6));
#16162 = CARTESIAN_POINT('',(4.618653347947,3.45));
#16163 = CARTESIAN_POINT('',(6.437306695895,0.3));
#16164 = CARTESIAN_POINT('',(2.8,0.3));
#16165 = ( GEOMETRIC_REPRESENTATION_CONTEXT(2) 
PARAMETRIC_REPRESENTATION_CONTEXT() REPRESENTATION_CONTEXT('2D SPACE',''
  ) );
#16166 = ORIENTED_EDGE('',*,*,#16167,.T.);
#16167 = EDGE_CURVE('',#16135,#15978,#16168,.T.);
#16168 = SURFACE_CURVE('',#16169,(#16173,#16180),.PCURVE_S1.);
#16169 = LINE('',#16170,#16171);
#16170 = CARTESIAN_POINT('',(107.6,1.963043441829,30.054037235853));
#16171 = VECTOR('',#16172,1.);
#16172 = DIRECTION('',(1.,0.,0.));
#16173 = PCURVE('',#16089,#16174);
#16174 = DEFINITIONAL_REPRESENTATION('',(#16175),#16179);
#16175 = LINE('',#16176,#16177);
#16176 = CARTESIAN_POINT('',(-5.920035512356,-3.7));
#16177 = VECTOR('',#16178,1.);
#16178 = DIRECTION('',(-0.,-1.));
#16179 = ( GEOMETRIC_REPRESENTATION_CONTEXT(2) 
PARAMETRIC_REPRESENTATION_CONTEXT() REPRESENTATION_CONTEXT('2D SPACE',''
  ) );
#16180 = PCURVE('',#16000,#16181);
#16181 = DEFINITIONAL_REPRESENTATION('',(#16182),#16186);
#16182 = LINE('',#16183,#16184);
#16183 = CARTESIAN_POINT('',(8.063587646258,-13.));
#16184 = VECTOR('',#16185,1.);
#16185 = DIRECTION('',(0.,1.));
#16186 = ( GEOMETRIC_REPRESENTATION_CONTEXT(2) 
PARAMETRIC_REPRESENTATION_CONTEXT() REPRESENTATION_CONTEXT('2D SPACE',''
  ) );
#16187 = ORIENTED_EDGE('',*,*,#16074,.T.);
#16188 = ORIENTED_EDGE('',*,*,#16189,.T.);
#16189 = EDGE_CURVE('',#16042,#16190,#16192,.T.);
#16190 = VERTEX_POINT('',#16191);
#16191 = CARTESIAN_POINT('',(107.6,-1.963043441829,30.054037235853));
#16192 = SURFACE_CURVE('',#16193,(#16197,#16204),.PCURVE_S1.);
#16193 = LINE('',#16194,#16195);
#16194 = CARTESIAN_POINT('',(120.5,-1.963043441829,30.054037235853));
#16195 = VECTOR('',#16196,1.);
#16196 = DIRECTION('',(-1.,0.,0.));
#16197 = PCURVE('',#16089,#16198);
#16198 = DEFINITIONAL_REPRESENTATION('',(#16199),#16203);
#16199 = LINE('',#16200,#16201);
#16200 = CARTESIAN_POINT('',(-9.787927755593,-16.6));
#16201 = VECTOR('',#16202,1.);
#16202 = DIRECTION('',(0.,1.));
#16203 = ( GEOMETRIC_REPRESENTATION_CONTEXT(2) 
PARAMETRIC_REPRESENTATION_CONTEXT() REPRESENTATION_CONTEXT('2D SPACE',''
  ) );
#16204 = PCURVE('',#16062,#16205);
#16205 = DEFINITIONAL_REPRESENTATION('',(#16206),#16210);
#16206 = LINE('',#16207,#16208);
#16207 = CARTESIAN_POINT('',(1.361190314511,-0.1));
#16208 = VECTOR('',#16209,1.);
#16209 = DIRECTION('',(-0.,-1.));
#16210 = ( GEOMETRIC_REPRESENTATION_CONTEXT(2) 
PARAMETRIC_REPRESENTATION_CONTEXT() REPRESENTATION_CONTEXT('2D SPACE',''
  ) );
#16211 = ORIENTED_EDGE('',*,*,#16212,.F.);
#16212 = EDGE_CURVE('',#16213,#16190,#16215,.T.);
#16213 = VERTEX_POINT('',#16214);
#16214 = CARTESIAN_POINT('',(107.6,-1.823107465932,29.757752827941));
#16215 = SURFACE_CURVE('',#16216,(#16221,#16228),.PCURVE_S1.);
#16216 = CIRCLE('',#16217,2.1);
#16217 = AXIS2_PLACEMENT_3D('',#16218,#16219,#16220);
#16218 = CARTESIAN_POINT('',(107.6,0.,30.8));
#16219 = DIRECTION('',(-1.,0.,0.));
#16220 = DIRECTION('',(0.,1.,0.));
#16221 = PCURVE('',#16089,#16222);
#16222 = DEFINITIONAL_REPRESENTATION('',(#16223),#16227);
#16223 = LINE('',#16224,#16225);
#16224 = CARTESIAN_POINT('',(-12.56637061435,-3.7));
#16225 = VECTOR('',#16226,1.);
#16226 = DIRECTION('',(1.,-0.));
#16227 = ( GEOMETRIC_REPRESENTATION_CONTEXT(2) 
PARAMETRIC_REPRESENTATION_CONTEXT() REPRESENTATION_CONTEXT('2D SPACE',''
  ) );
#16228 = PCURVE('',#16229,#16234);
#16229 = PLANE('',#16230);
#16230 = AXIS2_PLACEMENT_3D('',#16231,#16232,#16233);
#16231 = CARTESIAN_POINT('',(107.6,-2.4,28.));
#16232 = DIRECTION('',(1.,0.,0.));
#16233 = DIRECTION('',(-0.,0.,1.));
#16234 = DEFINITIONAL_REPRESENTATION('',(#16235),#16243);
#16235 = ( BOUNDED_CURVE() B_SPLINE_CURVE(2,(#16236,#16237,#16238,#16239
    ,#16240,#16241,#16242),.UNSPECIFIED.,.T.,.F.) 
B_SPLINE_CURVE_WITH_KNOTS((1,2,2,2,2,1),(-2.094395102393,0.,
    2.094395102393,4.188790204786,6.28318530718,8.377580409573),
.UNSPECIFIED.) CURVE() GEOMETRIC_REPRESENTATION_ITEM() 
RATIONAL_B_SPLINE_CURVE((1.,0.5,1.,0.5,1.,0.5,1.)) REPRESENTATION_ITEM(
  '') );
#16236 = CARTESIAN_POINT('',(2.8,-4.5));
#16237 = CARTESIAN_POINT('',(-0.837306695895,-4.5));
#16238 = CARTESIAN_POINT('',(0.981346652053,-1.35));
#16239 = CARTESIAN_POINT('',(2.8,1.8));
#16240 = CARTESIAN_POINT('',(4.618653347947,-1.35));
#16241 = CARTESIAN_POINT('',(6.437306695895,-4.5));
#16242 = CARTESIAN_POINT('',(2.8,-4.5));
#16243 = ( GEOMETRIC_REPRESENTATION_CONTEXT(2) 
PARAMETRIC_REPRESENTATION_CONTEXT() REPRESENTATION_CONTEXT('2D SPACE',''
  ) );
#16244 = ORIENTED_EDGE('',*,*,#16245,.T.);
#16245 = EDGE_CURVE('',#16213,#16246,#16248,.T.);
#16246 = VERTEX_POINT('',#16247);
#16247 = CARTESIAN_POINT('',(104.,-1.823107465932,29.757752827941));
#16248 = SURFACE_CURVE('',#16249,(#16253,#16260),.PCURVE_S1.);
#16249 = LINE('',#16250,#16251);
#16250 = CARTESIAN_POINT('',(107.6,-1.823107465932,29.757752827941));
#16251 = VECTOR('',#16252,1.);
#16252 = DIRECTION('',(-1.,0.,0.));
#16253 = PCURVE('',#16089,#16254);
#16254 = DEFINITIONAL_REPRESENTATION('',(#16255),#16259);
#16255 = LINE('',#16256,#16257);
#16256 = CARTESIAN_POINT('',(-9.944119006865,-3.7));
#16257 = VECTOR('',#16258,1.);
#16258 = DIRECTION('',(-0.,1.));
#16259 = ( GEOMETRIC_REPRESENTATION_CONTEXT(2) 
PARAMETRIC_REPRESENTATION_CONTEXT() REPRESENTATION_CONTEXT('2D SPACE',''
  ) );
#16260 = PCURVE('',#16261,#16266);
#16261 = CYLINDRICAL_SURFACE('',#16262,1.85);
#16262 = AXIS2_PLACEMENT_3D('',#16263,#16264,#16265);
#16263 = CARTESIAN_POINT('',(103.9,-2.4,28.));
#16264 = DIRECTION('',(-1.,-0.,-0.));
#16265 = DIRECTION('',(0.,1.,0.));
#16266 = DEFINITIONAL_REPRESENTATION('',(#16267),#16271);
#16267 = LINE('',#16268,#16269);
#16268 = CARTESIAN_POINT('',(-1.253673863595,-3.7));
#16269 = VECTOR('',#16270,1.);
#16270 = DIRECTION('',(-0.,1.));
#16271 = ( GEOMETRIC_REPRESENTATION_CONTEXT(2) 
PARAMETRIC_REPRESENTATION_CONTEXT() REPRESENTATION_CONTEXT('2D SPACE',''
  ) );
#16272 = ORIENTED_EDGE('',*,*,#16273,.F.);
#16273 = EDGE_CURVE('',#16105,#16246,#16274,.T.);
#16274 = SURFACE_CURVE('',#16275,(#16280,#16287),.PCURVE_S1.);
#16275 = CIRCLE('',#16276,2.1);
#16276 = AXIS2_PLACEMENT_3D('',#16277,#16278,#16279);
#16277 = CARTESIAN_POINT('',(104.,0.,30.8));
#16278 = DIRECTION('',(1.,-0.,0.));
#16279 = DIRECTION('',(0.,0.868146412348,-0.496308177171));
#16280 = PCURVE('',#16089,#16281);
#16281 = DEFINITIONAL_REPRESENTATION('',(#16282),#16286);
#16282 = LINE('',#16283,#16284);
#16283 = CARTESIAN_POINT('',(-5.763844261084,-0.1));
#16284 = VECTOR('',#16285,1.);
#16285 = DIRECTION('',(-1.,-0.));
#16286 = ( GEOMETRIC_REPRESENTATION_CONTEXT(2) 
PARAMETRIC_REPRESENTATION_CONTEXT() REPRESENTATION_CONTEXT('2D SPACE',''
  ) );
#16287 = PCURVE('',#15869,#16288);
#16288 = DEFINITIONAL_REPRESENTATION('',(#16289),#16293);
#16289 = CIRCLE('',#16290,2.1);
#16290 = AXIS2_PLACEMENT_2D('',#16291,#16292);
#16291 = CARTESIAN_POINT('',(2.8,-1.953485903628E-16));
#16292 = DIRECTION('',(-0.496308177171,-0.868146412348));
#16293 = ( GEOMETRIC_REPRESENTATION_CONTEXT(2) 
PARAMETRIC_REPRESENTATION_CONTEXT() REPRESENTATION_CONTEXT('2D SPACE',''
  ) );
#16294 = ADVANCED_FACE('',(#16295),#16261,.F.);
#16295 = FACE_BOUND('',#16296,.T.);
#16296 = EDGE_LOOP('',(#16297,#16321,#16344,#16366));
#16297 = ORIENTED_EDGE('',*,*,#16298,.T.);
#16298 = EDGE_CURVE('',#16213,#16299,#16301,.T.);
#16299 = VERTEX_POINT('',#16300);
#16300 = CARTESIAN_POINT('',(107.6,-0.751157239951,28.838938348529));
#16301 = SURFACE_CURVE('',#16302,(#16307,#16314),.PCURVE_S1.);
#16302 = CIRCLE('',#16303,1.85);
#16303 = AXIS2_PLACEMENT_3D('',#16304,#16305,#16306);
#16304 = CARTESIAN_POINT('',(107.6,-2.4,28.));
#16305 = DIRECTION('',(1.,0.,-0.));
#16306 = DIRECTION('',(0.,0.311833802199,0.950136663752));
#16307 = PCURVE('',#16261,#16308);
#16308 = DEFINITIONAL_REPRESENTATION('',(#16309),#16313);
#16309 = LINE('',#16310,#16311);
#16310 = CARTESIAN_POINT('',(-1.253673863595,-3.7));
#16311 = VECTOR('',#16312,1.);
#16312 = DIRECTION('',(-1.,-0.));
#16313 = ( GEOMETRIC_REPRESENTATION_CONTEXT(2) 
PARAMETRIC_REPRESENTATION_CONTEXT() REPRESENTATION_CONTEXT('2D SPACE',''
  ) );
#16314 = PCURVE('',#16229,#16315);
#16315 = DEFINITIONAL_REPRESENTATION('',(#16316),#16320);
#16316 = CIRCLE('',#16317,1.85);
#16317 = AXIS2_PLACEMENT_2D('',#16318,#16319);
#16318 = CARTESIAN_POINT('',(0.,0.));
#16319 = DIRECTION('',(0.950136663752,-0.311833802199));
#16320 = ( GEOMETRIC_REPRESENTATION_CONTEXT(2) 
PARAMETRIC_REPRESENTATION_CONTEXT() REPRESENTATION_CONTEXT('2D SPACE',''
  ) );
#16321 = ORIENTED_EDGE('',*,*,#16322,.F.);
#16322 = EDGE_CURVE('',#16323,#16299,#16325,.T.);
#16323 = VERTEX_POINT('',#16324);
#16324 = CARTESIAN_POINT('',(104.,-0.751157239951,28.838938348529));
#16325 = SURFACE_CURVE('',#16326,(#16330,#16337),.PCURVE_S1.);
#16326 = LINE('',#16327,#16328);
#16327 = CARTESIAN_POINT('',(104.,-0.751157239951,28.838938348529));
#16328 = VECTOR('',#16329,1.);
#16329 = DIRECTION('',(1.,0.,0.));
#16330 = PCURVE('',#16261,#16331);
#16331 = DEFINITIONAL_REPRESENTATION('',(#16332),#16336);
#16332 = LINE('',#16333,#16334);
#16333 = CARTESIAN_POINT('',(-6.753851552919,-0.1));
#16334 = VECTOR('',#16335,1.);
#16335 = DIRECTION('',(-0.,-1.));
#16336 = ( GEOMETRIC_REPRESENTATION_CONTEXT(2) 
PARAMETRIC_REPRESENTATION_CONTEXT() REPRESENTATION_CONTEXT('2D SPACE',''
  ) );
#16337 = PCURVE('',#16029,#16338);
#16338 = DEFINITIONAL_REPRESENTATION('',(#16339),#16343);
#16339 = LINE('',#16340,#16341);
#16340 = CARTESIAN_POINT('',(-4.346591716829,-0.1));
#16341 = VECTOR('',#16342,1.);
#16342 = DIRECTION('',(-0.,-1.));
#16343 = ( GEOMETRIC_REPRESENTATION_CONTEXT(2) 
PARAMETRIC_REPRESENTATION_CONTEXT() REPRESENTATION_CONTEXT('2D SPACE',''
  ) );
#16344 = ORIENTED_EDGE('',*,*,#16345,.F.);
#16345 = EDGE_CURVE('',#16246,#16323,#16346,.T.);
#16346 = SURFACE_CURVE('',#16347,(#16352,#16359),.PCURVE_S1.);
#16347 = CIRCLE('',#16348,1.85);
#16348 = AXIS2_PLACEMENT_3D('',#16349,#16350,#16351);
#16349 = CARTESIAN_POINT('',(104.,-2.4,28.));
#16350 = DIRECTION('',(1.,0.,-0.));
#16351 = DIRECTION('',(0.,0.311833802199,0.950136663752));
#16352 = PCURVE('',#16261,#16353);
#16353 = DEFINITIONAL_REPRESENTATION('',(#16354),#16358);
#16354 = LINE('',#16355,#16356);
#16355 = CARTESIAN_POINT('',(-1.253673863595,-0.1));
#16356 = VECTOR('',#16357,1.);
#16357 = DIRECTION('',(-1.,-0.));
#16358 = ( GEOMETRIC_REPRESENTATION_CONTEXT(2) 
PARAMETRIC_REPRESENTATION_CONTEXT() REPRESENTATION_CONTEXT('2D SPACE',''
  ) );
#16359 = PCURVE('',#15869,#16360);
#16360 = DEFINITIONAL_REPRESENTATION('',(#16361),#16365);
#16361 = CIRCLE('',#16362,1.85);
#16362 = AXIS2_PLACEMENT_2D('',#16363,#16364);
#16363 = CARTESIAN_POINT('',(0.,2.4));
#16364 = DIRECTION('',(0.950136663752,-0.311833802199));
#16365 = ( GEOMETRIC_REPRESENTATION_CONTEXT(2) 
PARAMETRIC_REPRESENTATION_CONTEXT() REPRESENTATION_CONTEXT('2D SPACE',''
  ) );
#16366 = ORIENTED_EDGE('',*,*,#16245,.F.);
#16367 = ADVANCED_FACE('',(#16368),#16229,.T.);
#16368 = FACE_BOUND('',#16369,.T.);
#16369 = EDGE_LOOP('',(#16370,#16394,#16420,#16421));
#16370 = ORIENTED_EDGE('',*,*,#16371,.T.);
#16371 = EDGE_CURVE('',#16190,#16372,#16374,.T.);
#16372 = VERTEX_POINT('',#16373);
#16373 = CARTESIAN_POINT('',(107.6,-0.436956558171,28.745962764147));
#16374 = SURFACE_CURVE('',#16375,(#16380,#16387),.PCURVE_S1.);
#16375 = CIRCLE('',#16376,2.1);
#16376 = AXIS2_PLACEMENT_3D('',#16377,#16378,#16379);
#16377 = CARTESIAN_POINT('',(107.6,-2.4,28.));
#16378 = DIRECTION('',(1.,0.,-0.));
#16379 = DIRECTION('',(0.,0.20807455151,0.978112969454));
#16380 = PCURVE('',#16229,#16381);
#16381 = DEFINITIONAL_REPRESENTATION('',(#16382),#16386);
#16382 = CIRCLE('',#16383,2.1);
#16383 = AXIS2_PLACEMENT_2D('',#16384,#16385);
#16384 = CARTESIAN_POINT('',(0.,0.));
#16385 = DIRECTION('',(0.978112969454,-0.20807455151));
#16386 = ( GEOMETRIC_REPRESENTATION_CONTEXT(2) 
PARAMETRIC_REPRESENTATION_CONTEXT() REPRESENTATION_CONTEXT('2D SPACE',''
  ) );
#16387 = PCURVE('',#16062,#16388);
#16388 = DEFINITIONAL_REPRESENTATION('',(#16389),#16393);
#16389 = LINE('',#16390,#16391);
#16390 = CARTESIAN_POINT('',(1.361190314511,-13.));
#16391 = VECTOR('',#16392,1.);
#16392 = DIRECTION('',(1.,0.));
#16393 = ( GEOMETRIC_REPRESENTATION_CONTEXT(2) 
PARAMETRIC_REPRESENTATION_CONTEXT() REPRESENTATION_CONTEXT('2D SPACE',''
  ) );
#16394 = ORIENTED_EDGE('',*,*,#16395,.T.);
#16395 = EDGE_CURVE('',#16372,#16299,#16396,.T.);
#16396 = SURFACE_CURVE('',#16397,(#16402,#16413),.PCURVE_S1.);
#16397 = CIRCLE('',#16398,2.1);
#16398 = AXIS2_PLACEMENT_3D('',#16399,#16400,#16401);
#16399 = CARTESIAN_POINT('',(107.6,0.,30.8));
#16400 = DIRECTION('',(-1.,0.,0.));
#16401 = DIRECTION('',(0.,1.,0.));
#16402 = PCURVE('',#16229,#16403);
#16403 = DEFINITIONAL_REPRESENTATION('',(#16404),#16412);
#16404 = ( BOUNDED_CURVE() B_SPLINE_CURVE(2,(#16405,#16406,#16407,#16408
    ,#16409,#16410,#16411),.UNSPECIFIED.,.T.,.F.) 
B_SPLINE_CURVE_WITH_KNOTS((1,2,2,2,2,1),(-2.094395102393,0.,
    2.094395102393,4.188790204786,6.28318530718,8.377580409573),
.UNSPECIFIED.) CURVE() GEOMETRIC_REPRESENTATION_ITEM() 
RATIONAL_B_SPLINE_CURVE((1.,0.5,1.,0.5,1.,0.5,1.)) REPRESENTATION_ITEM(
  '') );
#16405 = CARTESIAN_POINT('',(2.8,-4.5));
#16406 = CARTESIAN_POINT('',(-0.837306695895,-4.5));
#16407 = CARTESIAN_POINT('',(0.981346652053,-1.35));
#16408 = CARTESIAN_POINT('',(2.8,1.8));
#16409 = CARTESIAN_POINT('',(4.618653347947,-1.35));
#16410 = CARTESIAN_POINT('',(6.437306695895,-4.5));
#16411 = CARTESIAN_POINT('',(2.8,-4.5));
#16412 = ( GEOMETRIC_REPRESENTATION_CONTEXT(2) 
PARAMETRIC_REPRESENTATION_CONTEXT() REPRESENTATION_CONTEXT('2D SPACE',''
  ) );
#16413 = PCURVE('',#16029,#16414);
#16414 = DEFINITIONAL_REPRESENTATION('',(#16415),#16419);
#16415 = LINE('',#16416,#16417);
#16416 = CARTESIAN_POINT('',(-6.28318530718,-3.7));
#16417 = VECTOR('',#16418,1.);
#16418 = DIRECTION('',(1.,-0.));
#16419 = ( GEOMETRIC_REPRESENTATION_CONTEXT(2) 
PARAMETRIC_REPRESENTATION_CONTEXT() REPRESENTATION_CONTEXT('2D SPACE',''
  ) );
#16420 = ORIENTED_EDGE('',*,*,#16298,.F.);
#16421 = ORIENTED_EDGE('',*,*,#16212,.T.);
#16422 = ADVANCED_FACE('',(#16423),#16151,.T.);
#16423 = FACE_BOUND('',#16424,.T.);
#16424 = EDGE_LOOP('',(#16425,#16449,#16450,#16474));
#16425 = ORIENTED_EDGE('',*,*,#16426,.T.);
#16426 = EDGE_CURVE('',#16427,#16135,#16429,.T.);
#16427 = VERTEX_POINT('',#16428);
#16428 = CARTESIAN_POINT('',(107.6,0.436956558171,28.745962764147));
#16429 = SURFACE_CURVE('',#16430,(#16435,#16442),.PCURVE_S1.);
#16430 = CIRCLE('',#16431,2.1);
#16431 = AXIS2_PLACEMENT_3D('',#16432,#16433,#16434);
#16432 = CARTESIAN_POINT('',(107.6,2.4,28.));
#16433 = DIRECTION('',(1.,0.,0.));
#16434 = DIRECTION('',(0.,-0.934782591347,0.355220363879));
#16435 = PCURVE('',#16151,#16436);
#16436 = DEFINITIONAL_REPRESENTATION('',(#16437),#16441);
#16437 = CIRCLE('',#16438,2.1);
#16438 = AXIS2_PLACEMENT_2D('',#16439,#16440);
#16439 = CARTESIAN_POINT('',(0.,-4.440892098501E-16));
#16440 = DIRECTION('',(0.355220363879,0.934782591347));
#16441 = ( GEOMETRIC_REPRESENTATION_CONTEXT(2) 
PARAMETRIC_REPRESENTATION_CONTEXT() REPRESENTATION_CONTEXT('2D SPACE',''
  ) );
#16442 = PCURVE('',#16000,#16443);
#16443 = DEFINITIONAL_REPRESENTATION('',(#16444),#16448);
#16444 = LINE('',#16445,#16446);
#16445 = CARTESIAN_POINT('',(2.778442858767,-13.));
#16446 = VECTOR('',#16447,1.);
#16447 = DIRECTION('',(1.,0.));
#16448 = ( GEOMETRIC_REPRESENTATION_CONTEXT(2) 
PARAMETRIC_REPRESENTATION_CONTEXT() REPRESENTATION_CONTEXT('2D SPACE',''
  ) );
#16449 = ORIENTED_EDGE('',*,*,#16134,.T.);
#16450 = ORIENTED_EDGE('',*,*,#16451,.F.);
#16451 = EDGE_CURVE('',#16452,#16107,#16454,.T.);
#16452 = VERTEX_POINT('',#16453);
#16453 = CARTESIAN_POINT('',(107.6,0.751157239951,28.838938348529));
#16454 = SURFACE_CURVE('',#16455,(#16460,#16467),.PCURVE_S1.);
#16455 = CIRCLE('',#16456,1.85);
#16456 = AXIS2_PLACEMENT_3D('',#16457,#16458,#16459);
#16457 = CARTESIAN_POINT('',(107.6,2.4,28.));
#16458 = DIRECTION('',(1.,0.,0.));
#16459 = DIRECTION('',(0.,-0.891266356783,0.453480188394));
#16460 = PCURVE('',#16151,#16461);
#16461 = DEFINITIONAL_REPRESENTATION('',(#16462),#16466);
#16462 = CIRCLE('',#16463,1.85);
#16463 = AXIS2_PLACEMENT_2D('',#16464,#16465);
#16464 = CARTESIAN_POINT('',(0.,-4.440892098501E-16));
#16465 = DIRECTION('',(0.453480188394,0.891266356783));
#16466 = ( GEOMETRIC_REPRESENTATION_CONTEXT(2) 
PARAMETRIC_REPRESENTATION_CONTEXT() REPRESENTATION_CONTEXT('2D SPACE',''
  ) );
#16467 = PCURVE('',#16122,#16468);
#16468 = DEFINITIONAL_REPRESENTATION('',(#16469),#16473);
#16469 = LINE('',#16470,#16471);
#16470 = CARTESIAN_POINT('',(-2.67092640785,-3.7));
#16471 = VECTOR('',#16472,1.);
#16472 = DIRECTION('',(-1.,-0.));
#16473 = ( GEOMETRIC_REPRESENTATION_CONTEXT(2) 
PARAMETRIC_REPRESENTATION_CONTEXT() REPRESENTATION_CONTEXT('2D SPACE',''
  ) );
#16474 = ORIENTED_EDGE('',*,*,#16475,.T.);
#16475 = EDGE_CURVE('',#16452,#16427,#16476,.T.);
#16476 = SURFACE_CURVE('',#16477,(#16482,#16493),.PCURVE_S1.);
#16477 = CIRCLE('',#16478,2.1);
#16478 = AXIS2_PLACEMENT_3D('',#16479,#16480,#16481);
#16479 = CARTESIAN_POINT('',(107.6,0.,30.8));
#16480 = DIRECTION('',(-1.,0.,0.));
#16481 = DIRECTION('',(0.,1.,0.));
#16482 = PCURVE('',#16151,#16483);
#16483 = DEFINITIONAL_REPRESENTATION('',(#16484),#16492);
#16484 = ( BOUNDED_CURVE() B_SPLINE_CURVE(2,(#16485,#16486,#16487,#16488
    ,#16489,#16490,#16491),.UNSPECIFIED.,.T.,.F.) 
B_SPLINE_CURVE_WITH_KNOTS((1,2,2,2,2,1),(-2.094395102393,0.,
    2.094395102393,4.188790204786,6.28318530718,8.377580409573),
.UNSPECIFIED.) CURVE() GEOMETRIC_REPRESENTATION_ITEM() 
RATIONAL_B_SPLINE_CURVE((1.,0.5,1.,0.5,1.,0.5,1.)) REPRESENTATION_ITEM(
  '') );
#16485 = CARTESIAN_POINT('',(2.8,0.3));
#16486 = CARTESIAN_POINT('',(-0.837306695895,0.3));
#16487 = CARTESIAN_POINT('',(0.981346652053,3.45));
#16488 = CARTESIAN_POINT('',(2.8,6.6));
#16489 = CARTESIAN_POINT('',(4.618653347947,3.45));
#16490 = CARTESIAN_POINT('',(6.437306695895,0.3));
#16491 = CARTESIAN_POINT('',(2.8,0.3));
#16492 = ( GEOMETRIC_REPRESENTATION_CONTEXT(2) 
PARAMETRIC_REPRESENTATION_CONTEXT() REPRESENTATION_CONTEXT('2D SPACE',''
  ) );
#16493 = PCURVE('',#16029,#16494);
#16494 = DEFINITIONAL_REPRESENTATION('',(#16495),#16499);
#16495 = LINE('',#16496,#16497);
#16496 = CARTESIAN_POINT('',(-6.28318530718,-3.7));
#16497 = VECTOR('',#16498,1.);
#16498 = DIRECTION('',(1.,-0.));
#16499 = ( GEOMETRIC_REPRESENTATION_CONTEXT(2) 
PARAMETRIC_REPRESENTATION_CONTEXT() REPRESENTATION_CONTEXT('2D SPACE',''
  ) );
#16500 = ADVANCED_FACE('',(#16501),#16122,.F.);
#16501 = FACE_BOUND('',#16502,.T.);
#16502 = EDGE_LOOP('',(#16503,#16527,#16548,#16549));
#16503 = ORIENTED_EDGE('',*,*,#16504,.F.);
#16504 = EDGE_CURVE('',#16505,#16105,#16507,.T.);
#16505 = VERTEX_POINT('',#16506);
#16506 = CARTESIAN_POINT('',(104.,0.751157239951,28.838938348529));
#16507 = SURFACE_CURVE('',#16508,(#16513,#16520),.PCURVE_S1.);
#16508 = CIRCLE('',#16509,1.85);
#16509 = AXIS2_PLACEMENT_3D('',#16510,#16511,#16512);
#16510 = CARTESIAN_POINT('',(104.,2.4,28.));
#16511 = DIRECTION('',(1.,0.,0.));
#16512 = DIRECTION('',(0.,-0.891266356783,0.453480188394));
#16513 = PCURVE('',#16122,#16514);
#16514 = DEFINITIONAL_REPRESENTATION('',(#16515),#16519);
#16515 = LINE('',#16516,#16517);
#16516 = CARTESIAN_POINT('',(-2.67092640785,-0.1));
#16517 = VECTOR('',#16518,1.);
#16518 = DIRECTION('',(-1.,-0.));
#16519 = ( GEOMETRIC_REPRESENTATION_CONTEXT(2) 
PARAMETRIC_REPRESENTATION_CONTEXT() REPRESENTATION_CONTEXT('2D SPACE',''
  ) );
#16520 = PCURVE('',#15869,#16521);
#16521 = DEFINITIONAL_REPRESENTATION('',(#16522),#16526);
#16522 = CIRCLE('',#16523,1.85);
#16523 = AXIS2_PLACEMENT_2D('',#16524,#16525);
#16524 = CARTESIAN_POINT('',(0.,-2.4));
#16525 = DIRECTION('',(0.453480188394,0.891266356783));
#16526 = ( GEOMETRIC_REPRESENTATION_CONTEXT(2) 
PARAMETRIC_REPRESENTATION_CONTEXT() REPRESENTATION_CONTEXT('2D SPACE',''
  ) );
#16527 = ORIENTED_EDGE('',*,*,#16528,.T.);
#16528 = EDGE_CURVE('',#16505,#16452,#16529,.T.);
#16529 = SURFACE_CURVE('',#16530,(#16534,#16541),.PCURVE_S1.);
#16530 = LINE('',#16531,#16532);
#16531 = CARTESIAN_POINT('',(104.,0.751157239951,28.838938348529));
#16532 = VECTOR('',#16533,1.);
#16533 = DIRECTION('',(1.,0.,0.));
#16534 = PCURVE('',#16122,#16535);
#16535 = DEFINITIONAL_REPRESENTATION('',(#16536),#16540);
#16536 = LINE('',#16537,#16538);
#16537 = CARTESIAN_POINT('',(-2.67092640785,-0.1));
#16538 = VECTOR('',#16539,1.);
#16539 = DIRECTION('',(-0.,-1.));
#16540 = ( GEOMETRIC_REPRESENTATION_CONTEXT(2) 
PARAMETRIC_REPRESENTATION_CONTEXT() REPRESENTATION_CONTEXT('2D SPACE',''
  ) );
#16541 = PCURVE('',#16029,#16542);
#16542 = DEFINITIONAL_REPRESENTATION('',(#16543),#16547);
#16543 = LINE('',#16544,#16545);
#16544 = CARTESIAN_POINT('',(-5.078186243941,-0.1));
#16545 = VECTOR('',#16546,1.);
#16546 = DIRECTION('',(-0.,-1.));
#16547 = ( GEOMETRIC_REPRESENTATION_CONTEXT(2) 
PARAMETRIC_REPRESENTATION_CONTEXT() REPRESENTATION_CONTEXT('2D SPACE',''
  ) );
#16548 = ORIENTED_EDGE('',*,*,#16451,.T.);
#16549 = ORIENTED_EDGE('',*,*,#16104,.F.);
#16550 = ADVANCED_FACE('',(#16551),#16062,.F.);
#16551 = FACE_BOUND('',#16552,.F.);
#16552 = EDGE_LOOP('',(#16553,#16554,#16575,#16576));
#16553 = ORIENTED_EDGE('',*,*,#16371,.T.);
#16554 = ORIENTED_EDGE('',*,*,#16555,.T.);
#16555 = EDGE_CURVE('',#16372,#16013,#16556,.T.);
#16556 = SURFACE_CURVE('',#16557,(#16561,#16568),.PCURVE_S1.);
#16557 = LINE('',#16558,#16559);
#16558 = CARTESIAN_POINT('',(107.6,-0.436956558171,28.745962764147));
#16559 = VECTOR('',#16560,1.);
#16560 = DIRECTION('',(1.,0.,0.));
#16561 = PCURVE('',#16062,#16562);
#16562 = DEFINITIONAL_REPRESENTATION('',(#16563),#16567);
#16563 = LINE('',#16564,#16565);
#16564 = CARTESIAN_POINT('',(6.646335102003,-13.));
#16565 = VECTOR('',#16566,1.);
#16566 = DIRECTION('',(0.,1.));
#16567 = ( GEOMETRIC_REPRESENTATION_CONTEXT(2) 
PARAMETRIC_REPRESENTATION_CONTEXT() REPRESENTATION_CONTEXT('2D SPACE',''
  ) );
#16568 = PCURVE('',#16029,#16569);
#16569 = DEFINITIONAL_REPRESENTATION('',(#16570),#16574);
#16570 = LINE('',#16571,#16572);
#16571 = CARTESIAN_POINT('',(-4.502782968101,-3.7));
#16572 = VECTOR('',#16573,1.);
#16573 = DIRECTION('',(-0.,-1.));
#16574 = ( GEOMETRIC_REPRESENTATION_CONTEXT(2) 
PARAMETRIC_REPRESENTATION_CONTEXT() REPRESENTATION_CONTEXT('2D SPACE',''
  ) );
#16575 = ORIENTED_EDGE('',*,*,#16041,.T.);
#16576 = ORIENTED_EDGE('',*,*,#16189,.T.);
#16577 = ADVANCED_FACE('',(#16578),#16029,.F.);
#16578 = FACE_BOUND('',#16579,.T.);
#16579 = EDGE_LOOP('',(#16580,#16581,#16582,#16583,#16584,#16605,#16606,
    #16607));
#16580 = ORIENTED_EDGE('',*,*,#16322,.T.);
#16581 = ORIENTED_EDGE('',*,*,#16395,.F.);
#16582 = ORIENTED_EDGE('',*,*,#16555,.T.);
#16583 = ORIENTED_EDGE('',*,*,#16012,.T.);
#16584 = ORIENTED_EDGE('',*,*,#16585,.T.);
#16585 = EDGE_CURVE('',#15980,#16427,#16586,.T.);
#16586 = SURFACE_CURVE('',#16587,(#16591,#16598),.PCURVE_S1.);
#16587 = LINE('',#16588,#16589);
#16588 = CARTESIAN_POINT('',(120.5,0.436956558171,28.745962764147));
#16589 = VECTOR('',#16590,1.);
#16590 = DIRECTION('',(-1.,0.,0.));
#16591 = PCURVE('',#16029,#16592);
#16592 = DEFINITIONAL_REPRESENTATION('',(#16593),#16597);
#16593 = LINE('',#16594,#16595);
#16594 = CARTESIAN_POINT('',(-4.921994992668,-16.6));
#16595 = VECTOR('',#16596,1.);
#16596 = DIRECTION('',(0.,1.));
#16597 = ( GEOMETRIC_REPRESENTATION_CONTEXT(2) 
PARAMETRIC_REPRESENTATION_CONTEXT() REPRESENTATION_CONTEXT('2D SPACE',''
  ) );
#16598 = PCURVE('',#16000,#16599);
#16599 = DEFINITIONAL_REPRESENTATION('',(#16600),#16604);
#16600 = LINE('',#16601,#16602);
#16601 = CARTESIAN_POINT('',(2.778442858767,-0.1));
#16602 = VECTOR('',#16603,1.);
#16603 = DIRECTION('',(-0.,-1.));
#16604 = ( GEOMETRIC_REPRESENTATION_CONTEXT(2) 
PARAMETRIC_REPRESENTATION_CONTEXT() REPRESENTATION_CONTEXT('2D SPACE',''
  ) );
#16605 = ORIENTED_EDGE('',*,*,#16475,.F.);
#16606 = ORIENTED_EDGE('',*,*,#16528,.F.);
#16607 = ORIENTED_EDGE('',*,*,#16608,.T.);
#16608 = EDGE_CURVE('',#16505,#16323,#16609,.T.);
#16609 = SURFACE_CURVE('',#16610,(#16615,#16622),.PCURVE_S1.);
#16610 = CIRCLE('',#16611,2.1);
#16611 = AXIS2_PLACEMENT_3D('',#16612,#16613,#16614);
#16612 = CARTESIAN_POINT('',(104.,0.,30.8));
#16613 = DIRECTION('',(-1.,0.,0.));
#16614 = DIRECTION('',(0.,1.,0.));
#16615 = PCURVE('',#16029,#16616);
#16616 = DEFINITIONAL_REPRESENTATION('',(#16617),#16621);
#16617 = LINE('',#16618,#16619);
#16618 = CARTESIAN_POINT('',(-6.28318530718,-0.1));
#16619 = VECTOR('',#16620,1.);
#16620 = DIRECTION('',(1.,-0.));
#16621 = ( GEOMETRIC_REPRESENTATION_CONTEXT(2) 
PARAMETRIC_REPRESENTATION_CONTEXT() REPRESENTATION_CONTEXT('2D SPACE',''
  ) );
#16622 = PCURVE('',#15869,#16623);
#16623 = DEFINITIONAL_REPRESENTATION('',(#16624),#16632);
#16624 = ( BOUNDED_CURVE() B_SPLINE_CURVE(2,(#16625,#16626,#16627,#16628
    ,#16629,#16630,#16631),.UNSPECIFIED.,.T.,.F.) 
B_SPLINE_CURVE_WITH_KNOTS((1,2,2,2,2,1),(-2.094395102393,0.,
    2.094395102393,4.188790204786,6.28318530718,8.377580409573),
.UNSPECIFIED.) CURVE() GEOMETRIC_REPRESENTATION_ITEM() 
RATIONAL_B_SPLINE_CURVE((1.,0.5,1.,0.5,1.,0.5,1.)) REPRESENTATION_ITEM(
  '') );
#16625 = CARTESIAN_POINT('',(2.8,-2.1));
#16626 = CARTESIAN_POINT('',(-0.837306695895,-2.1));
#16627 = CARTESIAN_POINT('',(0.981346652053,1.05));
#16628 = CARTESIAN_POINT('',(2.8,4.2));
#16629 = CARTESIAN_POINT('',(4.618653347947,1.05));
#16630 = CARTESIAN_POINT('',(6.437306695895,-2.1));
#16631 = CARTESIAN_POINT('',(2.8,-2.1));
#16632 = ( GEOMETRIC_REPRESENTATION_CONTEXT(2) 
PARAMETRIC_REPRESENTATION_CONTEXT() REPRESENTATION_CONTEXT('2D SPACE',''
  ) );
#16633 = ADVANCED_FACE('',(#16634),#16000,.F.);
#16634 = FACE_BOUND('',#16635,.F.);
#16635 = EDGE_LOOP('',(#16636,#16637,#16638,#16639));
#16636 = ORIENTED_EDGE('',*,*,#15977,.T.);
#16637 = ORIENTED_EDGE('',*,*,#16585,.T.);
#16638 = ORIENTED_EDGE('',*,*,#16426,.T.);
#16639 = ORIENTED_EDGE('',*,*,#16167,.T.);
#16640 = ADVANCED_FACE('',(#16641,#16644),#15869,.F.);
#16641 = FACE_BOUND('',#16642,.F.);
#16642 = EDGE_LOOP('',(#16643));
#16643 = ORIENTED_EDGE('',*,*,#15854,.T.);
#16644 = FACE_BOUND('',#16645,.F.);
#16645 = EDGE_LOOP('',(#16646,#16647,#16648,#16649));
#16646 = ORIENTED_EDGE('',*,*,#16273,.F.);
#16647 = ORIENTED_EDGE('',*,*,#16504,.F.);
#16648 = ORIENTED_EDGE('',*,*,#16608,.T.);
#16649 = ORIENTED_EDGE('',*,*,#16345,.F.);
#16650 = ( GEOMETRIC_REPRESENTATION_CONTEXT(3) 
GLOBAL_UNCERTAINTY_ASSIGNED_CONTEXT((#16654)) 
GLOBAL_UNIT_ASSIGNED_CONTEXT((#16651,#16652,#16653)) 
REPRESENTATION_CONTEXT('Context #1',
  '3D Context with UNIT and UNCERTAINTY') );
#16651 = ( LENGTH_UNIT() NAMED_UNIT(*) SI_UNIT(.MILLI.,.METRE.) );
#16652 = ( NAMED_UNIT(*) PLANE_ANGLE_UNIT() SI_UNIT($,.RADIAN.) );
#16653 = ( NAMED_UNIT(*) SI_UNIT($,.STERADIAN.) SOLID_ANGLE_UNIT() );
#16654 = UNCERTAINTY_MEASURE_WITH_UNIT(LENGTH_MEASURE(1.E-07),#16651,
  'distance_accuracy_value','confusion accuracy');
#16655 = CONTEXT_DEPENDENT_SHAPE_REPRESENTATION(#16656,#16658);
#16656 = ( REPRESENTATION_RELATIONSHIP('','',#15789,#10) 
REPRESENTATION_RELATIONSHIP_WITH_TRANSFORMATION(#16657) 
SHAPE_REPRESENTATION_RELATIONSHIP() );
#16657 = ITEM_DEFINED_TRANSFORMATION('','',#11,#27);
#16658 = PRODUCT_DEFINITION_SHAPE('Placement','Placement of an item',
  #16659);
#16659 = NEXT_ASSEMBLY_USAGE_OCCURRENCE('10','','',#5,#15784,$);
#16660 = PRODUCT_RELATED_PRODUCT_CATEGORY('part',$,(#15786));
ENDSEC;
END-ISO-10303-21;
