ISO-10303-21;
HEADER;
FILE_DESCRIPTION(('Open CASCADE Model'),'2;1');
FILE_NAME('Open CASCADE Shape Model','2026-07-17T02:02:56',('Author'),(
    'Open CASCADE'),'Open CASCADE STEP processor 7.9','Open CASCADE 7.9'
  ,'Unknown');
FILE_SCHEMA(('AUTOMOTIVE_DESIGN { 1 0 10303 214 1 1 1 1 }'));
ENDSEC;
DATA;
#1 = APPLICATION_PROTOCOL_DEFINITION('international standard',
  'automotive_design',2000,#2);
#2 = APPLICATION_CONTEXT(
  'core data for automotive mechanical design processes');
#3 = SHAPE_DEFINITION_REPRESENTATION(#4,#10);
#4 = PRODUCT_DEFINITION_SHAPE('','',#5);
#5 = PRODUCT_DEFINITION('design','',#6,#9);
#6 = PRODUCT_DEFINITION_FORMATION('','',#7);
#7 = PRODUCT('a0986118-8183-11f1-92f0-996d33123546',
  'a0986118-8183-11f1-92f0-996d33123546','',(#8));
#8 = PRODUCT_CONTEXT('',#2,'mechanical');
#9 = PRODUCT_DEFINITION_CONTEXT('part definition',#2,'design');
#10 = SHAPE_REPRESENTATION('',(#11,#15,#19),#23);
#11 = AXIS2_PLACEMENT_3D('',#12,#13,#14);
#12 = CARTESIAN_POINT('',(0.,0.,0.));
#13 = DIRECTION('',(0.,0.,1.));
#14 = DIRECTION('',(1.,0.,-0.));
#15 = AXIS2_PLACEMENT_3D('',#16,#17,#18);
#16 = CARTESIAN_POINT('',(0.,0.,0.));
#17 = DIRECTION('',(0.,0.,1.));
#18 = DIRECTION('',(1.,0.,-0.));
#19 = AXIS2_PLACEMENT_3D('',#20,#21,#22);
#20 = CARTESIAN_POINT('',(0.,0.,0.));
#21 = DIRECTION('',(0.,0.,1.));
#22 = DIRECTION('',(1.,0.,-0.));
#23 = ( GEOMETRIC_REPRESENTATION_CONTEXT(3) 
GLOBAL_UNCERTAINTY_ASSIGNED_CONTEXT((#27)) GLOBAL_UNIT_ASSIGNED_CONTEXT(
(#24,#25,#26)) REPRESENTATION_CONTEXT('Context #1',
  '3D Context with UNIT and UNCERTAINTY') );
#24 = ( LENGTH_UNIT() NAMED_UNIT(*) SI_UNIT(.MILLI.,.METRE.) );
#25 = ( NAMED_UNIT(*) PLANE_ANGLE_UNIT() SI_UNIT($,.RADIAN.) );
#26 = ( NAMED_UNIT(*) SI_UNIT($,.STERADIAN.) SOLID_ANGLE_UNIT() );
#27 = UNCERTAINTY_MEASURE_WITH_UNIT(LENGTH_MEASURE(2.E-06),#24,
  'distance_accuracy_value','confusion accuracy');
#28 = PRODUCT_RELATED_PRODUCT_CATEGORY('part',$,(#7));
#29 = SHAPE_DEFINITION_REPRESENTATION(#30,#36);
#30 = PRODUCT_DEFINITION_SHAPE('','',#31);
#31 = PRODUCT_DEFINITION('design','',#32,#35);
#32 = PRODUCT_DEFINITION_FORMATION('','',#33);
#33 = PRODUCT('base','base','',(#34));
#34 = PRODUCT_CONTEXT('',#2,'mechanical');
#35 = PRODUCT_DEFINITION_CONTEXT('part definition',#2,'design');
#36 = ADVANCED_BREP_SHAPE_REPRESENTATION('',(#11,#37),#10335);
#37 = MANIFOLD_SOLID_BREP('',#38);
#38 = CLOSED_SHELL('',(#39,#300,#588,#1231,#1420,#1447,#1501,#1570,#1617
    ,#1664,#1689,#2508,#2577,#2624,#2671,#2696,#2772,#2821,#2870,#2897,
    #3176,#3224,#3507,#3577,#4411,#4481,#4626,#4654,#4776,#4863,#4891,
    #4964,#5061,#5128,#5201,#5298,#5365,#5487,#5574,#5602,#5657,#5712,
    #5767,#5822,#5849,#5896,#5923,#5950,#5957,#6004,#6031,#6058,#6065,
    #6112,#6139,#6166,#6173,#6220,#6247,#6274,#6281,#6308,#6355,#6382,
    #6409,#6416,#6463,#6490,#6517,#6524,#6571,#6598,#6625,#6632,#6745,
    #6800,#6855,#7353,#7408,#7457,#7506,#7580,#7635,#7663,#7695,#7701,
    #7729,#7756,#7763,#7791,#7818,#7825,#7853,#7881,#7887,#7926,#7965,
    #8004,#8043,#8112,#8159,#8206,#8231,#8235,#8239,#8292,#8324,#8379,
    #8434,#8489,#8544,#8599,#8654,#8709,#8764,#8819,#8874,#8929,#8933,
    #8969,#8973,#9027,#9054,#9108,#9162,#9169,#9176,#9215,#9254,#9293,
    #9300,#9339,#9378,#9417,#9421,#9425,#9480,#9535,#9590,#9645,#9700,
    #9755,#9790,#9825,#9860,#9895,#9930,#9965,#10024,#10083,#10142,
    #10197,#10252,#10311,#10315,#10319,#10323,#10327,#10331));
#39 = ADVANCED_FACE('',(#40,#159,#194),#54,.T.);
#40 = FACE_BOUND('',#41,.T.);
#41 = EDGE_LOOP('',(#42,#77,#105,#133));
#42 = ORIENTED_EDGE('',*,*,#43,.F.);
#43 = EDGE_CURVE('',#44,#46,#48,.T.);
#44 = VERTEX_POINT('',#45);
#45 = CARTESIAN_POINT('',(97.,0.,0.));
#46 = VERTEX_POINT('',#47);
#47 = CARTESIAN_POINT('',(97.,0.,72.2));
#48 = SURFACE_CURVE('',#49,(#53,#65),.PCURVE_S1.);
#49 = LINE('',#50,#51);
#50 = CARTESIAN_POINT('',(97.,0.,0.));
#51 = VECTOR('',#52,1.);
#52 = DIRECTION('',(0.,0.,1.));
#53 = PCURVE('',#54,#59);
#54 = PLANE('',#55);
#55 = AXIS2_PLACEMENT_3D('',#56,#57,#58);
#56 = CARTESIAN_POINT('',(97.,0.,0.));
#57 = DIRECTION('',(1.,0.,0.));
#58 = DIRECTION('',(0.,0.,1.));
#59 = DEFINITIONAL_REPRESENTATION('',(#60),#64);
#60 = LINE('',#61,#62);
#61 = CARTESIAN_POINT('',(0.,0.));
#62 = VECTOR('',#63,1.);
#63 = DIRECTION('',(1.,0.));
#64 = ( GEOMETRIC_REPRESENTATION_CONTEXT(2) 
PARAMETRIC_REPRESENTATION_CONTEXT() REPRESENTATION_CONTEXT('2D SPACE',''
  ) );
#65 = PCURVE('',#66,#71);
#66 = PLANE('',#67);
#67 = AXIS2_PLACEMENT_3D('',#68,#69,#70);
#68 = CARTESIAN_POINT('',(0.,0.,0.));
#69 = DIRECTION('',(0.,1.,0.));
#70 = DIRECTION('',(0.,0.,1.));
#71 = DEFINITIONAL_REPRESENTATION('',(#72),#76);
#72 = LINE('',#73,#74);
#73 = CARTESIAN_POINT('',(0.,97.));
#74 = VECTOR('',#75,1.);
#75 = DIRECTION('',(1.,0.));
#76 = ( GEOMETRIC_REPRESENTATION_CONTEXT(2) 
PARAMETRIC_REPRESENTATION_CONTEXT() REPRESENTATION_CONTEXT('2D SPACE',''
  ) );
#77 = ORIENTED_EDGE('',*,*,#78,.T.);
#78 = EDGE_CURVE('',#44,#79,#81,.T.);
#79 = VERTEX_POINT('',#80);
#80 = CARTESIAN_POINT('',(97.,113.13,0.));
#81 = SURFACE_CURVE('',#82,(#86,#93),.PCURVE_S1.);
#82 = LINE('',#83,#84);
#83 = CARTESIAN_POINT('',(97.,0.,0.));
#84 = VECTOR('',#85,1.);
#85 = DIRECTION('',(0.,1.,0.));
#86 = PCURVE('',#54,#87);
#87 = DEFINITIONAL_REPRESENTATION('',(#88),#92);
#88 = LINE('',#89,#90);
#89 = CARTESIAN_POINT('',(0.,0.));
#90 = VECTOR('',#91,1.);
#91 = DIRECTION('',(0.,-1.));
#92 = ( GEOMETRIC_REPRESENTATION_CONTEXT(2) 
PARAMETRIC_REPRESENTATION_CONTEXT() REPRESENTATION_CONTEXT('2D SPACE',''
  ) );
#93 = PCURVE('',#94,#99);
#94 = PLANE('',#95);
#95 = AXIS2_PLACEMENT_3D('',#96,#97,#98);
#96 = CARTESIAN_POINT('',(0.,0.,0.));
#97 = DIRECTION('',(0.,0.,1.));
#98 = DIRECTION('',(1.,0.,0.));
#99 = DEFINITIONAL_REPRESENTATION('',(#100),#104);
#100 = LINE('',#101,#102);
#101 = CARTESIAN_POINT('',(97.,0.));
#102 = VECTOR('',#103,1.);
#103 = DIRECTION('',(0.,1.));
#104 = ( GEOMETRIC_REPRESENTATION_CONTEXT(2) 
PARAMETRIC_REPRESENTATION_CONTEXT() REPRESENTATION_CONTEXT('2D SPACE',''
  ) );
#105 = ORIENTED_EDGE('',*,*,#106,.T.);
#106 = EDGE_CURVE('',#79,#107,#109,.T.);
#107 = VERTEX_POINT('',#108);
#108 = CARTESIAN_POINT('',(97.,113.13,72.2));
#109 = SURFACE_CURVE('',#110,(#114,#121),.PCURVE_S1.);
#110 = LINE('',#111,#112);
#111 = CARTESIAN_POINT('',(97.,113.13,0.));
#112 = VECTOR('',#113,1.);
#113 = DIRECTION('',(0.,0.,1.));
#114 = PCURVE('',#54,#115);
#115 = DEFINITIONAL_REPRESENTATION('',(#116),#120);
#116 = LINE('',#117,#118);
#117 = CARTESIAN_POINT('',(0.,-113.13));
#118 = VECTOR('',#119,1.);
#119 = DIRECTION('',(1.,0.));
#120 = ( GEOMETRIC_REPRESENTATION_CONTEXT(2) 
PARAMETRIC_REPRESENTATION_CONTEXT() REPRESENTATION_CONTEXT('2D SPACE',''
  ) );
#121 = PCURVE('',#122,#127);
#122 = PLANE('',#123);
#123 = AXIS2_PLACEMENT_3D('',#124,#125,#126);
#124 = CARTESIAN_POINT('',(0.,113.13,0.));
#125 = DIRECTION('',(0.,1.,0.));
#126 = DIRECTION('',(0.,0.,1.));
#127 = DEFINITIONAL_REPRESENTATION('',(#128),#132);
#128 = LINE('',#129,#130);
#129 = CARTESIAN_POINT('',(0.,97.));
#130 = VECTOR('',#131,1.);
#131 = DIRECTION('',(1.,0.));
#132 = ( GEOMETRIC_REPRESENTATION_CONTEXT(2) 
PARAMETRIC_REPRESENTATION_CONTEXT() REPRESENTATION_CONTEXT('2D SPACE',''
  ) );
#133 = ORIENTED_EDGE('',*,*,#134,.F.);
#134 = EDGE_CURVE('',#46,#107,#135,.T.);
#135 = SURFACE_CURVE('',#136,(#140,#147),.PCURVE_S1.);
#136 = LINE('',#137,#138);
#137 = CARTESIAN_POINT('',(97.,0.,72.2));
#138 = VECTOR('',#139,1.);
#139 = DIRECTION('',(0.,1.,0.));
#140 = PCURVE('',#54,#141);
#141 = DEFINITIONAL_REPRESENTATION('',(#142),#146);
#142 = LINE('',#143,#144);
#143 = CARTESIAN_POINT('',(72.2,0.));
#144 = VECTOR('',#145,1.);
#145 = DIRECTION('',(0.,-1.));
#146 = ( GEOMETRIC_REPRESENTATION_CONTEXT(2) 
PARAMETRIC_REPRESENTATION_CONTEXT() REPRESENTATION_CONTEXT('2D SPACE',''
  ) );
#147 = PCURVE('',#148,#153);
#148 = PLANE('',#149);
#149 = AXIS2_PLACEMENT_3D('',#150,#151,#152);
#150 = CARTESIAN_POINT('',(0.,0.,72.2));
#151 = DIRECTION('',(0.,0.,1.));
#152 = DIRECTION('',(1.,0.,0.));
#153 = DEFINITIONAL_REPRESENTATION('',(#154),#158);
#154 = LINE('',#155,#156);
#155 = CARTESIAN_POINT('',(97.,0.));
#156 = VECTOR('',#157,1.);
#157 = DIRECTION('',(0.,1.));
#158 = ( GEOMETRIC_REPRESENTATION_CONTEXT(2) 
PARAMETRIC_REPRESENTATION_CONTEXT() REPRESENTATION_CONTEXT('2D SPACE',''
  ) );
#159 = FACE_BOUND('',#160,.T.);
#160 = EDGE_LOOP('',(#161));
#161 = ORIENTED_EDGE('',*,*,#162,.T.);
#162 = EDGE_CURVE('',#163,#163,#165,.T.);
#163 = VERTEX_POINT('',#164);
#164 = CARTESIAN_POINT('',(97.,96.2,8.));
#165 = SURFACE_CURVE('',#166,(#171,#182),.PCURVE_S1.);
#166 = CIRCLE('',#167,3.25);
#167 = AXIS2_PLACEMENT_3D('',#168,#169,#170);
#168 = CARTESIAN_POINT('',(97.,92.95,8.));
#169 = DIRECTION('',(-1.,0.,0.));
#170 = DIRECTION('',(0.,1.,0.));
#171 = PCURVE('',#54,#172);
#172 = DEFINITIONAL_REPRESENTATION('',(#173),#181);
#173 = ( BOUNDED_CURVE() B_SPLINE_CURVE(2,(#174,#175,#176,#177,#178,#179
,#180),.UNSPECIFIED.,.T.,.F.) B_SPLINE_CURVE_WITH_KNOTS((1,2,2,2,2,1),(
    -2.094395102393,0.,2.094395102393,4.188790204786,6.28318530718,
8.377580409573),.UNSPECIFIED.) CURVE() GEOMETRIC_REPRESENTATION_ITEM() 
RATIONAL_B_SPLINE_CURVE((1.,0.5,1.,0.5,1.,0.5,1.)) REPRESENTATION_ITEM(
  '') );
#174 = CARTESIAN_POINT('',(8.,-96.2));
#175 = CARTESIAN_POINT('',(2.370834875401,-96.2));
#176 = CARTESIAN_POINT('',(5.185417437701,-91.325));
#177 = CARTESIAN_POINT('',(8.,-86.45));
#178 = CARTESIAN_POINT('',(10.814582562299,-91.325));
#179 = CARTESIAN_POINT('',(13.629165124599,-96.2));
#180 = CARTESIAN_POINT('',(8.,-96.2));
#181 = ( GEOMETRIC_REPRESENTATION_CONTEXT(2) 
PARAMETRIC_REPRESENTATION_CONTEXT() REPRESENTATION_CONTEXT('2D SPACE',''
  ) );
#182 = PCURVE('',#183,#188);
#183 = CYLINDRICAL_SURFACE('',#184,3.25);
#184 = AXIS2_PLACEMENT_3D('',#185,#186,#187);
#185 = CARTESIAN_POINT('',(92.5,92.95,8.));
#186 = DIRECTION('',(-1.,-0.,-0.));
#187 = DIRECTION('',(0.,1.,0.));
#188 = DEFINITIONAL_REPRESENTATION('',(#189),#193);
#189 = LINE('',#190,#191);
#190 = CARTESIAN_POINT('',(-6.28318530718,-4.5));
#191 = VECTOR('',#192,1.);
#192 = DIRECTION('',(1.,-0.));
#193 = ( GEOMETRIC_REPRESENTATION_CONTEXT(2) 
PARAMETRIC_REPRESENTATION_CONTEXT() REPRESENTATION_CONTEXT('2D SPACE',''
  ) );
#194 = FACE_BOUND('',#195,.T.);
#195 = EDGE_LOOP('',(#196,#224,#250,#276));
#196 = ORIENTED_EDGE('',*,*,#197,.T.);
#197 = EDGE_CURVE('',#198,#200,#202,.T.);
#198 = VERTEX_POINT('',#199);
#199 = CARTESIAN_POINT('',(97.,62.3,31.1));
#200 = VERTEX_POINT('',#201);
#201 = CARTESIAN_POINT('',(97.,9.3,31.1));
#202 = SURFACE_CURVE('',#203,(#207,#213),.PCURVE_S1.);
#203 = LINE('',#204,#205);
#204 = CARTESIAN_POINT('',(97.,4.65,31.1));
#205 = VECTOR('',#206,1.);
#206 = DIRECTION('',(0.,-1.,0.));
#207 = PCURVE('',#54,#208);
#208 = DEFINITIONAL_REPRESENTATION('',(#209),#212);
#209 = B_SPLINE_CURVE_WITH_KNOTS('',1,(#210,#211),.UNSPECIFIED.,.F.,.F.,
  (2,2),(-57.65,-4.65),.PIECEWISE_BEZIER_KNOTS.);
#210 = CARTESIAN_POINT('',(31.1,-62.3));
#211 = CARTESIAN_POINT('',(31.1,-9.3));
#212 = ( GEOMETRIC_REPRESENTATION_CONTEXT(2) 
PARAMETRIC_REPRESENTATION_CONTEXT() REPRESENTATION_CONTEXT('2D SPACE',''
  ) );
#213 = PCURVE('',#214,#219);
#214 = PLANE('',#215);
#215 = AXIS2_PLACEMENT_3D('',#216,#217,#218);
#216 = CARTESIAN_POINT('',(89.5,9.3,31.1));
#217 = DIRECTION('',(0.,0.,1.));
#218 = DIRECTION('',(1.,0.,0.));
#219 = DEFINITIONAL_REPRESENTATION('',(#220),#223);
#220 = B_SPLINE_CURVE_WITH_KNOTS('',1,(#221,#222),.UNSPECIFIED.,.F.,.F.,
  (2,2),(-57.65,-4.65),.PIECEWISE_BEZIER_KNOTS.);
#221 = CARTESIAN_POINT('',(7.5,53.));
#222 = CARTESIAN_POINT('',(7.5,0.));
#223 = ( GEOMETRIC_REPRESENTATION_CONTEXT(2) 
PARAMETRIC_REPRESENTATION_CONTEXT() REPRESENTATION_CONTEXT('2D SPACE',''
  ) );
#224 = ORIENTED_EDGE('',*,*,#225,.T.);
#225 = EDGE_CURVE('',#200,#226,#228,.T.);
#226 = VERTEX_POINT('',#227);
#227 = CARTESIAN_POINT('',(97.,9.3,49.1));
#228 = SURFACE_CURVE('',#229,(#233,#239),.PCURVE_S1.);
#229 = LINE('',#230,#231);
#230 = CARTESIAN_POINT('',(97.,9.3,15.55));
#231 = VECTOR('',#232,1.);
#232 = DIRECTION('',(0.,0.,1.));
#233 = PCURVE('',#54,#234);
#234 = DEFINITIONAL_REPRESENTATION('',(#235),#238);
#235 = B_SPLINE_CURVE_WITH_KNOTS('',1,(#236,#237),.UNSPECIFIED.,.F.,.F.,
  (2,2),(15.55,33.55),.PIECEWISE_BEZIER_KNOTS.);
#236 = CARTESIAN_POINT('',(31.1,-9.3));
#237 = CARTESIAN_POINT('',(49.1,-9.3));
#238 = ( GEOMETRIC_REPRESENTATION_CONTEXT(2) 
PARAMETRIC_REPRESENTATION_CONTEXT() REPRESENTATION_CONTEXT('2D SPACE',''
  ) );
#239 = PCURVE('',#240,#245);
#240 = PLANE('',#241);
#241 = AXIS2_PLACEMENT_3D('',#242,#243,#244);
#242 = CARTESIAN_POINT('',(89.5,9.3,31.1));
#243 = DIRECTION('',(0.,1.,0.));
#244 = DIRECTION('',(0.,0.,1.));
#245 = DEFINITIONAL_REPRESENTATION('',(#246),#249);
#246 = B_SPLINE_CURVE_WITH_KNOTS('',1,(#247,#248),.UNSPECIFIED.,.F.,.F.,
  (2,2),(15.55,33.55),.PIECEWISE_BEZIER_KNOTS.);
#247 = CARTESIAN_POINT('',(0.,7.5));
#248 = CARTESIAN_POINT('',(18.,7.5));
#249 = ( GEOMETRIC_REPRESENTATION_CONTEXT(2) 
PARAMETRIC_REPRESENTATION_CONTEXT() REPRESENTATION_CONTEXT('2D SPACE',''
  ) );
#250 = ORIENTED_EDGE('',*,*,#251,.F.);
#251 = EDGE_CURVE('',#252,#226,#254,.T.);
#252 = VERTEX_POINT('',#253);
#253 = CARTESIAN_POINT('',(97.,62.3,49.1));
#254 = SURFACE_CURVE('',#255,(#259,#265),.PCURVE_S1.);
#255 = LINE('',#256,#257);
#256 = CARTESIAN_POINT('',(97.,4.65,49.1));
#257 = VECTOR('',#258,1.);
#258 = DIRECTION('',(0.,-1.,0.));
#259 = PCURVE('',#54,#260);
#260 = DEFINITIONAL_REPRESENTATION('',(#261),#264);
#261 = B_SPLINE_CURVE_WITH_KNOTS('',1,(#262,#263),.UNSPECIFIED.,.F.,.F.,
  (2,2),(-57.65,-4.65),.PIECEWISE_BEZIER_KNOTS.);
#262 = CARTESIAN_POINT('',(49.1,-62.3));
#263 = CARTESIAN_POINT('',(49.1,-9.3));
#264 = ( GEOMETRIC_REPRESENTATION_CONTEXT(2) 
PARAMETRIC_REPRESENTATION_CONTEXT() REPRESENTATION_CONTEXT('2D SPACE',''
  ) );
#265 = PCURVE('',#266,#271);
#266 = PLANE('',#267);
#267 = AXIS2_PLACEMENT_3D('',#268,#269,#270);
#268 = CARTESIAN_POINT('',(89.5,9.3,49.1));
#269 = DIRECTION('',(0.,0.,1.));
#270 = DIRECTION('',(1.,0.,0.));
#271 = DEFINITIONAL_REPRESENTATION('',(#272),#275);
#272 = B_SPLINE_CURVE_WITH_KNOTS('',1,(#273,#274),.UNSPECIFIED.,.F.,.F.,
  (2,2),(-57.65,-4.65),.PIECEWISE_BEZIER_KNOTS.);
#273 = CARTESIAN_POINT('',(7.5,53.));
#274 = CARTESIAN_POINT('',(7.5,0.));
#275 = ( GEOMETRIC_REPRESENTATION_CONTEXT(2) 
PARAMETRIC_REPRESENTATION_CONTEXT() REPRESENTATION_CONTEXT('2D SPACE',''
  ) );
#276 = ORIENTED_EDGE('',*,*,#277,.F.);
#277 = EDGE_CURVE('',#198,#252,#278,.T.);
#278 = SURFACE_CURVE('',#279,(#283,#289),.PCURVE_S1.);
#279 = LINE('',#280,#281);
#280 = CARTESIAN_POINT('',(97.,62.3,15.55));
#281 = VECTOR('',#282,1.);
#282 = DIRECTION('',(0.,0.,1.));
#283 = PCURVE('',#54,#284);
#284 = DEFINITIONAL_REPRESENTATION('',(#285),#288);
#285 = B_SPLINE_CURVE_WITH_KNOTS('',1,(#286,#287),.UNSPECIFIED.,.F.,.F.,
  (2,2),(15.55,33.55),.PIECEWISE_BEZIER_KNOTS.);
#286 = CARTESIAN_POINT('',(31.1,-62.3));
#287 = CARTESIAN_POINT('',(49.1,-62.3));
#288 = ( GEOMETRIC_REPRESENTATION_CONTEXT(2) 
PARAMETRIC_REPRESENTATION_CONTEXT() REPRESENTATION_CONTEXT('2D SPACE',''
  ) );
#289 = PCURVE('',#290,#295);
#290 = PLANE('',#291);
#291 = AXIS2_PLACEMENT_3D('',#292,#293,#294);
#292 = CARTESIAN_POINT('',(89.5,62.3,31.1));
#293 = DIRECTION('',(0.,1.,0.));
#294 = DIRECTION('',(0.,0.,1.));
#295 = DEFINITIONAL_REPRESENTATION('',(#296),#299);
#296 = B_SPLINE_CURVE_WITH_KNOTS('',1,(#297,#298),.UNSPECIFIED.,.F.,.F.,
  (2,2),(15.55,33.55),.PIECEWISE_BEZIER_KNOTS.);
#297 = CARTESIAN_POINT('',(0.,7.5));
#298 = CARTESIAN_POINT('',(18.,7.5));
#299 = ( GEOMETRIC_REPRESENTATION_CONTEXT(2) 
PARAMETRIC_REPRESENTATION_CONTEXT() REPRESENTATION_CONTEXT('2D SPACE',''
  ) );
#300 = ADVANCED_FACE('',(#301,#376,#482),#66,.F.);
#301 = FACE_BOUND('',#302,.F.);
#302 = EDGE_LOOP('',(#303,#326,#354,#375));
#303 = ORIENTED_EDGE('',*,*,#304,.F.);
#304 = EDGE_CURVE('',#305,#44,#307,.T.);
#305 = VERTEX_POINT('',#306);
#306 = CARTESIAN_POINT('',(0.,0.,0.));
#307 = SURFACE_CURVE('',#308,(#312,#319),.PCURVE_S1.);
#308 = LINE('',#309,#310);
#309 = CARTESIAN_POINT('',(0.,0.,0.));
#310 = VECTOR('',#311,1.);
#311 = DIRECTION('',(1.,0.,0.));
#312 = PCURVE('',#66,#313);
#313 = DEFINITIONAL_REPRESENTATION('',(#314),#318);
#314 = LINE('',#315,#316);
#315 = CARTESIAN_POINT('',(0.,0.));
#316 = VECTOR('',#317,1.);
#317 = DIRECTION('',(0.,1.));
#318 = ( GEOMETRIC_REPRESENTATION_CONTEXT(2) 
PARAMETRIC_REPRESENTATION_CONTEXT() REPRESENTATION_CONTEXT('2D SPACE',''
  ) );
#319 = PCURVE('',#94,#320);
#320 = DEFINITIONAL_REPRESENTATION('',(#321),#325);
#321 = LINE('',#322,#323);
#322 = CARTESIAN_POINT('',(0.,0.));
#323 = VECTOR('',#324,1.);
#324 = DIRECTION('',(1.,0.));
#325 = ( GEOMETRIC_REPRESENTATION_CONTEXT(2) 
PARAMETRIC_REPRESENTATION_CONTEXT() REPRESENTATION_CONTEXT('2D SPACE',''
  ) );
#326 = ORIENTED_EDGE('',*,*,#327,.T.);
#327 = EDGE_CURVE('',#305,#328,#330,.T.);
#328 = VERTEX_POINT('',#329);
#329 = CARTESIAN_POINT('',(0.,0.,72.2));
#330 = SURFACE_CURVE('',#331,(#335,#342),.PCURVE_S1.);
#331 = LINE('',#332,#333);
#332 = CARTESIAN_POINT('',(0.,0.,0.));
#333 = VECTOR('',#334,1.);
#334 = DIRECTION('',(0.,0.,1.));
#335 = PCURVE('',#66,#336);
#336 = DEFINITIONAL_REPRESENTATION('',(#337),#341);
#337 = LINE('',#338,#339);
#338 = CARTESIAN_POINT('',(0.,0.));
#339 = VECTOR('',#340,1.);
#340 = DIRECTION('',(1.,0.));
#341 = ( GEOMETRIC_REPRESENTATION_CONTEXT(2) 
PARAMETRIC_REPRESENTATION_CONTEXT() REPRESENTATION_CONTEXT('2D SPACE',''
  ) );
#342 = PCURVE('',#343,#348);
#343 = PLANE('',#344);
#344 = AXIS2_PLACEMENT_3D('',#345,#346,#347);
#345 = CARTESIAN_POINT('',(0.,0.,0.));
#346 = DIRECTION('',(1.,0.,0.));
#347 = DIRECTION('',(0.,0.,1.));
#348 = DEFINITIONAL_REPRESENTATION('',(#349),#353);
#349 = LINE('',#350,#351);
#350 = CARTESIAN_POINT('',(0.,0.));
#351 = VECTOR('',#352,1.);
#352 = DIRECTION('',(1.,0.));
#353 = ( GEOMETRIC_REPRESENTATION_CONTEXT(2) 
PARAMETRIC_REPRESENTATION_CONTEXT() REPRESENTATION_CONTEXT('2D SPACE',''
  ) );
#354 = ORIENTED_EDGE('',*,*,#355,.T.);
#355 = EDGE_CURVE('',#328,#46,#356,.T.);
#356 = SURFACE_CURVE('',#357,(#361,#368),.PCURVE_S1.);
#357 = LINE('',#358,#359);
#358 = CARTESIAN_POINT('',(0.,0.,72.2));
#359 = VECTOR('',#360,1.);
#360 = DIRECTION('',(1.,0.,0.));
#361 = PCURVE('',#66,#362);
#362 = DEFINITIONAL_REPRESENTATION('',(#363),#367);
#363 = LINE('',#364,#365);
#364 = CARTESIAN_POINT('',(72.2,0.));
#365 = VECTOR('',#366,1.);
#366 = DIRECTION('',(0.,1.));
#367 = ( GEOMETRIC_REPRESENTATION_CONTEXT(2) 
PARAMETRIC_REPRESENTATION_CONTEXT() REPRESENTATION_CONTEXT('2D SPACE',''
  ) );
#368 = PCURVE('',#148,#369);
#369 = DEFINITIONAL_REPRESENTATION('',(#370),#374);
#370 = LINE('',#371,#372);
#371 = CARTESIAN_POINT('',(0.,0.));
#372 = VECTOR('',#373,1.);
#373 = DIRECTION('',(1.,0.));
#374 = ( GEOMETRIC_REPRESENTATION_CONTEXT(2) 
PARAMETRIC_REPRESENTATION_CONTEXT() REPRESENTATION_CONTEXT('2D SPACE',''
  ) );
#375 = ORIENTED_EDGE('',*,*,#43,.F.);
#376 = FACE_BOUND('',#377,.F.);
#377 = EDGE_LOOP('',(#378,#406,#432,#458));
#378 = ORIENTED_EDGE('',*,*,#379,.F.);
#379 = EDGE_CURVE('',#380,#382,#384,.T.);
#380 = VERTEX_POINT('',#381);
#381 = CARTESIAN_POINT('',(13.7,0.,39.6));
#382 = VERTEX_POINT('',#383);
#383 = CARTESIAN_POINT('',(26.7,0.,39.6));
#384 = SURFACE_CURVE('',#385,(#389,#395),.PCURVE_S1.);
#385 = LINE('',#386,#387);
#386 = CARTESIAN_POINT('',(6.85,0.,39.6));
#387 = VECTOR('',#388,1.);
#388 = DIRECTION('',(1.,0.,0.));
#389 = PCURVE('',#66,#390);
#390 = DEFINITIONAL_REPRESENTATION('',(#391),#394);
#391 = B_SPLINE_CURVE_WITH_KNOTS('',1,(#392,#393),.UNSPECIFIED.,.F.,.F.,
  (2,2),(6.85,19.85),.PIECEWISE_BEZIER_KNOTS.);
#392 = CARTESIAN_POINT('',(39.6,13.7));
#393 = CARTESIAN_POINT('',(39.6,26.7));
#394 = ( GEOMETRIC_REPRESENTATION_CONTEXT(2) 
PARAMETRIC_REPRESENTATION_CONTEXT() REPRESENTATION_CONTEXT('2D SPACE',''
  ) );
#395 = PCURVE('',#396,#401);
#396 = PLANE('',#397);
#397 = AXIS2_PLACEMENT_3D('',#398,#399,#400);
#398 = CARTESIAN_POINT('',(13.7,-1.5,39.6));
#399 = DIRECTION('',(0.,0.,1.));
#400 = DIRECTION('',(1.,0.,0.));
#401 = DEFINITIONAL_REPRESENTATION('',(#402),#405);
#402 = B_SPLINE_CURVE_WITH_KNOTS('',1,(#403,#404),.UNSPECIFIED.,.F.,.F.,
  (2,2),(6.85,19.85),.PIECEWISE_BEZIER_KNOTS.);
#403 = CARTESIAN_POINT('',(0.,1.5));
#404 = CARTESIAN_POINT('',(13.,1.5));
#405 = ( GEOMETRIC_REPRESENTATION_CONTEXT(2) 
PARAMETRIC_REPRESENTATION_CONTEXT() REPRESENTATION_CONTEXT('2D SPACE',''
  ) );
#406 = ORIENTED_EDGE('',*,*,#407,.T.);
#407 = EDGE_CURVE('',#380,#408,#410,.T.);
#408 = VERTEX_POINT('',#409);
#409 = CARTESIAN_POINT('',(13.7,0.,30.6));
#410 = SURFACE_CURVE('',#411,(#415,#421),.PCURVE_S1.);
#411 = LINE('',#412,#413);
#412 = CARTESIAN_POINT('',(13.7,0.,15.3));
#413 = VECTOR('',#414,1.);
#414 = DIRECTION('',(0.,0.,-1.));
#415 = PCURVE('',#66,#416);
#416 = DEFINITIONAL_REPRESENTATION('',(#417),#420);
#417 = B_SPLINE_CURVE_WITH_KNOTS('',1,(#418,#419),.UNSPECIFIED.,.F.,.F.,
  (2,2),(-24.3,-15.3),.PIECEWISE_BEZIER_KNOTS.);
#418 = CARTESIAN_POINT('',(39.6,13.7));
#419 = CARTESIAN_POINT('',(30.6,13.7));
#420 = ( GEOMETRIC_REPRESENTATION_CONTEXT(2) 
PARAMETRIC_REPRESENTATION_CONTEXT() REPRESENTATION_CONTEXT('2D SPACE',''
  ) );
#421 = PCURVE('',#422,#427);
#422 = PLANE('',#423);
#423 = AXIS2_PLACEMENT_3D('',#424,#425,#426);
#424 = CARTESIAN_POINT('',(13.7,-1.5,30.6));
#425 = DIRECTION('',(1.,0.,0.));
#426 = DIRECTION('',(0.,0.,1.));
#427 = DEFINITIONAL_REPRESENTATION('',(#428),#431);
#428 = B_SPLINE_CURVE_WITH_KNOTS('',1,(#429,#430),.UNSPECIFIED.,.F.,.F.,
  (2,2),(-24.3,-15.3),.PIECEWISE_BEZIER_KNOTS.);
#429 = CARTESIAN_POINT('',(9.,-1.5));
#430 = CARTESIAN_POINT('',(0.,-1.5));
#431 = ( GEOMETRIC_REPRESENTATION_CONTEXT(2) 
PARAMETRIC_REPRESENTATION_CONTEXT() REPRESENTATION_CONTEXT('2D SPACE',''
  ) );
#432 = ORIENTED_EDGE('',*,*,#433,.T.);
#433 = EDGE_CURVE('',#408,#434,#436,.T.);
#434 = VERTEX_POINT('',#435);
#435 = CARTESIAN_POINT('',(26.7,0.,30.6));
#436 = SURFACE_CURVE('',#437,(#441,#447),.PCURVE_S1.);
#437 = LINE('',#438,#439);
#438 = CARTESIAN_POINT('',(6.85,0.,30.6));
#439 = VECTOR('',#440,1.);
#440 = DIRECTION('',(1.,0.,0.));
#441 = PCURVE('',#66,#442);
#442 = DEFINITIONAL_REPRESENTATION('',(#443),#446);
#443 = B_SPLINE_CURVE_WITH_KNOTS('',1,(#444,#445),.UNSPECIFIED.,.F.,.F.,
  (2,2),(6.85,19.85),.PIECEWISE_BEZIER_KNOTS.);
#444 = CARTESIAN_POINT('',(30.6,13.7));
#445 = CARTESIAN_POINT('',(30.6,26.7));
#446 = ( GEOMETRIC_REPRESENTATION_CONTEXT(2) 
PARAMETRIC_REPRESENTATION_CONTEXT() REPRESENTATION_CONTEXT('2D SPACE',''
  ) );
#447 = PCURVE('',#448,#453);
#448 = PLANE('',#449);
#449 = AXIS2_PLACEMENT_3D('',#450,#451,#452);
#450 = CARTESIAN_POINT('',(13.7,-1.5,30.6));
#451 = DIRECTION('',(0.,0.,1.));
#452 = DIRECTION('',(1.,0.,0.));
#453 = DEFINITIONAL_REPRESENTATION('',(#454),#457);
#454 = B_SPLINE_CURVE_WITH_KNOTS('',1,(#455,#456),.UNSPECIFIED.,.F.,.F.,
  (2,2),(6.85,19.85),.PIECEWISE_BEZIER_KNOTS.);
#455 = CARTESIAN_POINT('',(0.,1.5));
#456 = CARTESIAN_POINT('',(13.,1.5));
#457 = ( GEOMETRIC_REPRESENTATION_CONTEXT(2) 
PARAMETRIC_REPRESENTATION_CONTEXT() REPRESENTATION_CONTEXT('2D SPACE',''
  ) );
#458 = ORIENTED_EDGE('',*,*,#459,.F.);
#459 = EDGE_CURVE('',#382,#434,#460,.T.);
#460 = SURFACE_CURVE('',#461,(#465,#471),.PCURVE_S1.);
#461 = LINE('',#462,#463);
#462 = CARTESIAN_POINT('',(26.7,0.,15.3));
#463 = VECTOR('',#464,1.);
#464 = DIRECTION('',(0.,0.,-1.));
#465 = PCURVE('',#66,#466);
#466 = DEFINITIONAL_REPRESENTATION('',(#467),#470);
#467 = B_SPLINE_CURVE_WITH_KNOTS('',1,(#468,#469),.UNSPECIFIED.,.F.,.F.,
  (2,2),(-24.3,-15.3),.PIECEWISE_BEZIER_KNOTS.);
#468 = CARTESIAN_POINT('',(39.6,26.7));
#469 = CARTESIAN_POINT('',(30.6,26.7));
#470 = ( GEOMETRIC_REPRESENTATION_CONTEXT(2) 
PARAMETRIC_REPRESENTATION_CONTEXT() REPRESENTATION_CONTEXT('2D SPACE',''
  ) );
#471 = PCURVE('',#472,#477);
#472 = PLANE('',#473);
#473 = AXIS2_PLACEMENT_3D('',#474,#475,#476);
#474 = CARTESIAN_POINT('',(26.7,-1.5,30.6));
#475 = DIRECTION('',(1.,0.,0.));
#476 = DIRECTION('',(0.,0.,1.));
#477 = DEFINITIONAL_REPRESENTATION('',(#478),#481);
#478 = B_SPLINE_CURVE_WITH_KNOTS('',1,(#479,#480),.UNSPECIFIED.,.F.,.F.,
  (2,2),(-24.3,-15.3),.PIECEWISE_BEZIER_KNOTS.);
#479 = CARTESIAN_POINT('',(9.,-1.5));
#480 = CARTESIAN_POINT('',(0.,-1.5));
#481 = ( GEOMETRIC_REPRESENTATION_CONTEXT(2) 
PARAMETRIC_REPRESENTATION_CONTEXT() REPRESENTATION_CONTEXT('2D SPACE',''
  ) );
#482 = FACE_BOUND('',#483,.F.);
#483 = EDGE_LOOP('',(#484,#512,#538,#564));
#484 = ORIENTED_EDGE('',*,*,#485,.F.);
#485 = EDGE_CURVE('',#486,#488,#490,.T.);
#486 = VERTEX_POINT('',#487);
#487 = CARTESIAN_POINT('',(53.5,0.,33.15));
#488 = VERTEX_POINT('',#489);
#489 = CARTESIAN_POINT('',(69.5,0.,33.15));
#490 = SURFACE_CURVE('',#491,(#495,#501),.PCURVE_S1.);
#491 = LINE('',#492,#493);
#492 = CARTESIAN_POINT('',(26.75,0.,33.15));
#493 = VECTOR('',#494,1.);
#494 = DIRECTION('',(1.,0.,0.));
#495 = PCURVE('',#66,#496);
#496 = DEFINITIONAL_REPRESENTATION('',(#497),#500);
#497 = B_SPLINE_CURVE_WITH_KNOTS('',1,(#498,#499),.UNSPECIFIED.,.F.,.F.,
  (2,2),(26.75,42.75),.PIECEWISE_BEZIER_KNOTS.);
#498 = CARTESIAN_POINT('',(33.15,53.5));
#499 = CARTESIAN_POINT('',(33.15,69.5));
#500 = ( GEOMETRIC_REPRESENTATION_CONTEXT(2) 
PARAMETRIC_REPRESENTATION_CONTEXT() REPRESENTATION_CONTEXT('2D SPACE',''
  ) );
#501 = PCURVE('',#502,#507);
#502 = PLANE('',#503);
#503 = AXIS2_PLACEMENT_3D('',#504,#505,#506);
#504 = CARTESIAN_POINT('',(53.5,-1.2,33.15));
#505 = DIRECTION('',(0.,0.,1.));
#506 = DIRECTION('',(1.,0.,0.));
#507 = DEFINITIONAL_REPRESENTATION('',(#508),#511);
#508 = B_SPLINE_CURVE_WITH_KNOTS('',1,(#509,#510),.UNSPECIFIED.,.F.,.F.,
  (2,2),(26.75,42.75),.PIECEWISE_BEZIER_KNOTS.);
#509 = CARTESIAN_POINT('',(0.,1.2));
#510 = CARTESIAN_POINT('',(16.,1.2));
#511 = ( GEOMETRIC_REPRESENTATION_CONTEXT(2) 
PARAMETRIC_REPRESENTATION_CONTEXT() REPRESENTATION_CONTEXT('2D SPACE',''
  ) );
#512 = ORIENTED_EDGE('',*,*,#513,.T.);
#513 = EDGE_CURVE('',#486,#514,#516,.T.);
#514 = VERTEX_POINT('',#515);
#515 = CARTESIAN_POINT('',(53.5,0.,23.15));
#516 = SURFACE_CURVE('',#517,(#521,#527),.PCURVE_S1.);
#517 = LINE('',#518,#519);
#518 = CARTESIAN_POINT('',(53.5,0.,11.575));
#519 = VECTOR('',#520,1.);
#520 = DIRECTION('',(0.,0.,-1.));
#521 = PCURVE('',#66,#522);
#522 = DEFINITIONAL_REPRESENTATION('',(#523),#526);
#523 = B_SPLINE_CURVE_WITH_KNOTS('',1,(#524,#525),.UNSPECIFIED.,.F.,.F.,
  (2,2),(-21.575,-11.575),.PIECEWISE_BEZIER_KNOTS.);
#524 = CARTESIAN_POINT('',(33.15,53.5));
#525 = CARTESIAN_POINT('',(23.15,53.5));
#526 = ( GEOMETRIC_REPRESENTATION_CONTEXT(2) 
PARAMETRIC_REPRESENTATION_CONTEXT() REPRESENTATION_CONTEXT('2D SPACE',''
  ) );
#527 = PCURVE('',#528,#533);
#528 = PLANE('',#529);
#529 = AXIS2_PLACEMENT_3D('',#530,#531,#532);
#530 = CARTESIAN_POINT('',(53.5,-1.2,23.15));
#531 = DIRECTION('',(1.,0.,0.));
#532 = DIRECTION('',(0.,0.,1.));
#533 = DEFINITIONAL_REPRESENTATION('',(#534),#537);
#534 = B_SPLINE_CURVE_WITH_KNOTS('',1,(#535,#536),.UNSPECIFIED.,.F.,.F.,
  (2,2),(-21.575,-11.575),.PIECEWISE_BEZIER_KNOTS.);
#535 = CARTESIAN_POINT('',(10.,-1.2));
#536 = CARTESIAN_POINT('',(0.,-1.2));
#537 = ( GEOMETRIC_REPRESENTATION_CONTEXT(2) 
PARAMETRIC_REPRESENTATION_CONTEXT() REPRESENTATION_CONTEXT('2D SPACE',''
  ) );
#538 = ORIENTED_EDGE('',*,*,#539,.T.);
#539 = EDGE_CURVE('',#514,#540,#542,.T.);
#540 = VERTEX_POINT('',#541);
#541 = CARTESIAN_POINT('',(69.5,0.,23.15));
#542 = SURFACE_CURVE('',#543,(#547,#553),.PCURVE_S1.);
#543 = LINE('',#544,#545);
#544 = CARTESIAN_POINT('',(26.75,0.,23.15));
#545 = VECTOR('',#546,1.);
#546 = DIRECTION('',(1.,0.,0.));
#547 = PCURVE('',#66,#548);
#548 = DEFINITIONAL_REPRESENTATION('',(#549),#552);
#549 = B_SPLINE_CURVE_WITH_KNOTS('',1,(#550,#551),.UNSPECIFIED.,.F.,.F.,
  (2,2),(26.75,42.75),.PIECEWISE_BEZIER_KNOTS.);
#550 = CARTESIAN_POINT('',(23.15,53.5));
#551 = CARTESIAN_POINT('',(23.15,69.5));
#552 = ( GEOMETRIC_REPRESENTATION_CONTEXT(2) 
PARAMETRIC_REPRESENTATION_CONTEXT() REPRESENTATION_CONTEXT('2D SPACE',''
  ) );
#553 = PCURVE('',#554,#559);
#554 = PLANE('',#555);
#555 = AXIS2_PLACEMENT_3D('',#556,#557,#558);
#556 = CARTESIAN_POINT('',(53.5,-1.2,23.15));
#557 = DIRECTION('',(0.,0.,1.));
#558 = DIRECTION('',(1.,0.,0.));
#559 = DEFINITIONAL_REPRESENTATION('',(#560),#563);
#560 = B_SPLINE_CURVE_WITH_KNOTS('',1,(#561,#562),.UNSPECIFIED.,.F.,.F.,
  (2,2),(26.75,42.75),.PIECEWISE_BEZIER_KNOTS.);
#561 = CARTESIAN_POINT('',(0.,1.2));
#562 = CARTESIAN_POINT('',(16.,1.2));
#563 = ( GEOMETRIC_REPRESENTATION_CONTEXT(2) 
PARAMETRIC_REPRESENTATION_CONTEXT() REPRESENTATION_CONTEXT('2D SPACE',''
  ) );
#564 = ORIENTED_EDGE('',*,*,#565,.F.);
#565 = EDGE_CURVE('',#488,#540,#566,.T.);
#566 = SURFACE_CURVE('',#567,(#571,#577),.PCURVE_S1.);
#567 = LINE('',#568,#569);
#568 = CARTESIAN_POINT('',(69.5,0.,11.575));
#569 = VECTOR('',#570,1.);
#570 = DIRECTION('',(0.,0.,-1.));
#571 = PCURVE('',#66,#572);
#572 = DEFINITIONAL_REPRESENTATION('',(#573),#576);
#573 = B_SPLINE_CURVE_WITH_KNOTS('',1,(#574,#575),.UNSPECIFIED.,.F.,.F.,
  (2,2),(-21.575,-11.575),.PIECEWISE_BEZIER_KNOTS.);
#574 = CARTESIAN_POINT('',(33.15,69.5));
#575 = CARTESIAN_POINT('',(23.15,69.5));
#576 = ( GEOMETRIC_REPRESENTATION_CONTEXT(2) 
PARAMETRIC_REPRESENTATION_CONTEXT() REPRESENTATION_CONTEXT('2D SPACE',''
  ) );
#577 = PCURVE('',#578,#583);
#578 = PLANE('',#579);
#579 = AXIS2_PLACEMENT_3D('',#580,#581,#582);
#580 = CARTESIAN_POINT('',(69.5,-1.2,23.15));
#581 = DIRECTION('',(1.,0.,0.));
#582 = DIRECTION('',(0.,0.,1.));
#583 = DEFINITIONAL_REPRESENTATION('',(#584),#587);
#584 = B_SPLINE_CURVE_WITH_KNOTS('',1,(#585,#586),.UNSPECIFIED.,.F.,.F.,
  (2,2),(-21.575,-11.575),.PIECEWISE_BEZIER_KNOTS.);
#585 = CARTESIAN_POINT('',(10.,-1.2));
#586 = CARTESIAN_POINT('',(0.,-1.2));
#587 = ( GEOMETRIC_REPRESENTATION_CONTEXT(2) 
PARAMETRIC_REPRESENTATION_CONTEXT() REPRESENTATION_CONTEXT('2D SPACE',''
  ) );
#588 = ADVANCED_FACE('',(#589,#637,#867,#958,#1049,#1140),#148,.T.);
#589 = FACE_BOUND('',#590,.T.);
#590 = EDGE_LOOP('',(#591,#614,#615,#616));
#591 = ORIENTED_EDGE('',*,*,#592,.F.);
#592 = EDGE_CURVE('',#328,#593,#595,.T.);
#593 = VERTEX_POINT('',#594);
#594 = CARTESIAN_POINT('',(0.,113.13,72.2));
#595 = SURFACE_CURVE('',#596,(#600,#607),.PCURVE_S1.);
#596 = LINE('',#597,#598);
#597 = CARTESIAN_POINT('',(0.,0.,72.2));
#598 = VECTOR('',#599,1.);
#599 = DIRECTION('',(0.,1.,0.));
#600 = PCURVE('',#148,#601);
#601 = DEFINITIONAL_REPRESENTATION('',(#602),#606);
#602 = LINE('',#603,#604);
#603 = CARTESIAN_POINT('',(0.,0.));
#604 = VECTOR('',#605,1.);
#605 = DIRECTION('',(0.,1.));
#606 = ( GEOMETRIC_REPRESENTATION_CONTEXT(2) 
PARAMETRIC_REPRESENTATION_CONTEXT() REPRESENTATION_CONTEXT('2D SPACE',''
  ) );
#607 = PCURVE('',#343,#608);
#608 = DEFINITIONAL_REPRESENTATION('',(#609),#613);
#609 = LINE('',#610,#611);
#610 = CARTESIAN_POINT('',(72.2,0.));
#611 = VECTOR('',#612,1.);
#612 = DIRECTION('',(0.,-1.));
#613 = ( GEOMETRIC_REPRESENTATION_CONTEXT(2) 
PARAMETRIC_REPRESENTATION_CONTEXT() REPRESENTATION_CONTEXT('2D SPACE',''
  ) );
#614 = ORIENTED_EDGE('',*,*,#355,.T.);
#615 = ORIENTED_EDGE('',*,*,#134,.T.);
#616 = ORIENTED_EDGE('',*,*,#617,.F.);
#617 = EDGE_CURVE('',#593,#107,#618,.T.);
#618 = SURFACE_CURVE('',#619,(#623,#630),.PCURVE_S1.);
#619 = LINE('',#620,#621);
#620 = CARTESIAN_POINT('',(0.,113.13,72.2));
#621 = VECTOR('',#622,1.);
#622 = DIRECTION('',(1.,0.,0.));
#623 = PCURVE('',#148,#624);
#624 = DEFINITIONAL_REPRESENTATION('',(#625),#629);
#625 = LINE('',#626,#627);
#626 = CARTESIAN_POINT('',(0.,113.13));
#627 = VECTOR('',#628,1.);
#628 = DIRECTION('',(1.,0.));
#629 = ( GEOMETRIC_REPRESENTATION_CONTEXT(2) 
PARAMETRIC_REPRESENTATION_CONTEXT() REPRESENTATION_CONTEXT('2D SPACE',''
  ) );
#630 = PCURVE('',#122,#631);
#631 = DEFINITIONAL_REPRESENTATION('',(#632),#636);
#632 = LINE('',#633,#634);
#633 = CARTESIAN_POINT('',(72.2,0.));
#634 = VECTOR('',#635,1.);
#635 = DIRECTION('',(0.,1.));
#636 = ( GEOMETRIC_REPRESENTATION_CONTEXT(2) 
PARAMETRIC_REPRESENTATION_CONTEXT() REPRESENTATION_CONTEXT('2D SPACE',''
  ) );
#637 = FACE_BOUND('',#638,.T.);
#638 = EDGE_LOOP('',(#639,#669,#698,#726,#755,#783,#812,#840));
#639 = ORIENTED_EDGE('',*,*,#640,.F.);
#640 = EDGE_CURVE('',#641,#643,#645,.T.);
#641 = VERTEX_POINT('',#642);
#642 = CARTESIAN_POINT('',(94.,6.828427124746,72.2));
#643 = VERTEX_POINT('',#644);
#644 = CARTESIAN_POINT('',(94.,106.30157287525,72.2));
#645 = SURFACE_CURVE('',#646,(#650,#657),.PCURVE_S1.);
#646 = LINE('',#647,#648);
#647 = CARTESIAN_POINT('',(94.,0.,72.2));
#648 = VECTOR('',#649,1.);
#649 = DIRECTION('',(0.,1.,0.));
#650 = PCURVE('',#148,#651);
#651 = DEFINITIONAL_REPRESENTATION('',(#652),#656);
#652 = LINE('',#653,#654);
#653 = CARTESIAN_POINT('',(94.,0.));
#654 = VECTOR('',#655,1.);
#655 = DIRECTION('',(0.,1.));
#656 = ( GEOMETRIC_REPRESENTATION_CONTEXT(2) 
PARAMETRIC_REPRESENTATION_CONTEXT() REPRESENTATION_CONTEXT('2D SPACE',''
  ) );
#657 = PCURVE('',#658,#663);
#658 = PLANE('',#659);
#659 = AXIS2_PLACEMENT_3D('',#660,#661,#662);
#660 = CARTESIAN_POINT('',(94.,0.,0.));
#661 = DIRECTION('',(1.,0.,0.));
#662 = DIRECTION('',(0.,0.,1.));
#663 = DEFINITIONAL_REPRESENTATION('',(#664),#668);
#664 = LINE('',#665,#666);
#665 = CARTESIAN_POINT('',(72.2,0.));
#666 = VECTOR('',#667,1.);
#667 = DIRECTION('',(0.,-1.));
#668 = ( GEOMETRIC_REPRESENTATION_CONTEXT(2) 
PARAMETRIC_REPRESENTATION_CONTEXT() REPRESENTATION_CONTEXT('2D SPACE',''
  ) );
#669 = ORIENTED_EDGE('',*,*,#670,.T.);
#670 = EDGE_CURVE('',#641,#671,#673,.T.);
#671 = VERTEX_POINT('',#672);
#672 = CARTESIAN_POINT('',(90.171572875254,3.,72.2));
#673 = SURFACE_CURVE('',#674,(#679,#686),.PCURVE_S1.);
#674 = CIRCLE('',#675,3.);
#675 = AXIS2_PLACEMENT_3D('',#676,#677,#678);
#676 = CARTESIAN_POINT('',(93.,4.,72.2));
#677 = DIRECTION('',(0.,0.,1.));
#678 = DIRECTION('',(1.,0.,0.));
#679 = PCURVE('',#148,#680);
#680 = DEFINITIONAL_REPRESENTATION('',(#681),#685);
#681 = CIRCLE('',#682,3.);
#682 = AXIS2_PLACEMENT_2D('',#683,#684);
#683 = CARTESIAN_POINT('',(93.,4.));
#684 = DIRECTION('',(1.,0.));
#685 = ( GEOMETRIC_REPRESENTATION_CONTEXT(2) 
PARAMETRIC_REPRESENTATION_CONTEXT() REPRESENTATION_CONTEXT('2D SPACE',''
  ) );
#686 = PCURVE('',#687,#692);
#687 = CYLINDRICAL_SURFACE('',#688,3.);
#688 = AXIS2_PLACEMENT_3D('',#689,#690,#691);
#689 = CARTESIAN_POINT('',(93.,4.,59.2));
#690 = DIRECTION('',(-0.,-0.,-1.));
#691 = DIRECTION('',(1.,0.,0.));
#692 = DEFINITIONAL_REPRESENTATION('',(#693),#697);
#693 = LINE('',#694,#695);
#694 = CARTESIAN_POINT('',(-0.,-13.));
#695 = VECTOR('',#696,1.);
#696 = DIRECTION('',(-1.,0.));
#697 = ( GEOMETRIC_REPRESENTATION_CONTEXT(2) 
PARAMETRIC_REPRESENTATION_CONTEXT() REPRESENTATION_CONTEXT('2D SPACE',''
  ) );
#698 = ORIENTED_EDGE('',*,*,#699,.F.);
#699 = EDGE_CURVE('',#700,#671,#702,.T.);
#700 = VERTEX_POINT('',#701);
#701 = CARTESIAN_POINT('',(6.828427124746,3.,72.2));
#702 = SURFACE_CURVE('',#703,(#707,#714),.PCURVE_S1.);
#703 = LINE('',#704,#705);
#704 = CARTESIAN_POINT('',(0.,3.,72.2));
#705 = VECTOR('',#706,1.);
#706 = DIRECTION('',(1.,0.,0.));
#707 = PCURVE('',#148,#708);
#708 = DEFINITIONAL_REPRESENTATION('',(#709),#713);
#709 = LINE('',#710,#711);
#710 = CARTESIAN_POINT('',(0.,3.));
#711 = VECTOR('',#712,1.);
#712 = DIRECTION('',(1.,0.));
#713 = ( GEOMETRIC_REPRESENTATION_CONTEXT(2) 
PARAMETRIC_REPRESENTATION_CONTEXT() REPRESENTATION_CONTEXT('2D SPACE',''
  ) );
#714 = PCURVE('',#715,#720);
#715 = PLANE('',#716);
#716 = AXIS2_PLACEMENT_3D('',#717,#718,#719);
#717 = CARTESIAN_POINT('',(0.,3.,0.));
#718 = DIRECTION('',(0.,1.,0.));
#719 = DIRECTION('',(0.,0.,1.));
#720 = DEFINITIONAL_REPRESENTATION('',(#721),#725);
#721 = LINE('',#722,#723);
#722 = CARTESIAN_POINT('',(72.2,0.));
#723 = VECTOR('',#724,1.);
#724 = DIRECTION('',(0.,1.));
#725 = ( GEOMETRIC_REPRESENTATION_CONTEXT(2) 
PARAMETRIC_REPRESENTATION_CONTEXT() REPRESENTATION_CONTEXT('2D SPACE',''
  ) );
#726 = ORIENTED_EDGE('',*,*,#727,.T.);
#727 = EDGE_CURVE('',#700,#728,#730,.T.);
#728 = VERTEX_POINT('',#729);
#729 = CARTESIAN_POINT('',(3.,6.828427124746,72.2));
#730 = SURFACE_CURVE('',#731,(#736,#743),.PCURVE_S1.);
#731 = CIRCLE('',#732,3.);
#732 = AXIS2_PLACEMENT_3D('',#733,#734,#735);
#733 = CARTESIAN_POINT('',(4.,4.,72.2));
#734 = DIRECTION('',(0.,0.,1.));
#735 = DIRECTION('',(0.942809041582,-0.333333333333,0.));
#736 = PCURVE('',#148,#737);
#737 = DEFINITIONAL_REPRESENTATION('',(#738),#742);
#738 = CIRCLE('',#739,3.);
#739 = AXIS2_PLACEMENT_2D('',#740,#741);
#740 = CARTESIAN_POINT('',(4.,4.));
#741 = DIRECTION('',(0.942809041582,-0.333333333333));
#742 = ( GEOMETRIC_REPRESENTATION_CONTEXT(2) 
PARAMETRIC_REPRESENTATION_CONTEXT() REPRESENTATION_CONTEXT('2D SPACE',''
  ) );
#743 = PCURVE('',#744,#749);
#744 = CYLINDRICAL_SURFACE('',#745,3.);
#745 = AXIS2_PLACEMENT_3D('',#746,#747,#748);
#746 = CARTESIAN_POINT('',(4.,4.,59.2));
#747 = DIRECTION('',(-0.,-0.,-1.));
#748 = DIRECTION('',(1.,0.,0.));
#749 = DEFINITIONAL_REPRESENTATION('',(#750),#754);
#750 = LINE('',#751,#752);
#751 = CARTESIAN_POINT('',(-5.943348397725,-13.));
#752 = VECTOR('',#753,1.);
#753 = DIRECTION('',(-1.,0.));
#754 = ( GEOMETRIC_REPRESENTATION_CONTEXT(2) 
PARAMETRIC_REPRESENTATION_CONTEXT() REPRESENTATION_CONTEXT('2D SPACE',''
  ) );
#755 = ORIENTED_EDGE('',*,*,#756,.T.);
#756 = EDGE_CURVE('',#728,#757,#759,.T.);
#757 = VERTEX_POINT('',#758);
#758 = CARTESIAN_POINT('',(3.,106.30157287525,72.2));
#759 = SURFACE_CURVE('',#760,(#764,#771),.PCURVE_S1.);
#760 = LINE('',#761,#762);
#761 = CARTESIAN_POINT('',(3.,0.,72.2));
#762 = VECTOR('',#763,1.);
#763 = DIRECTION('',(0.,1.,0.));
#764 = PCURVE('',#148,#765);
#765 = DEFINITIONAL_REPRESENTATION('',(#766),#770);
#766 = LINE('',#767,#768);
#767 = CARTESIAN_POINT('',(3.,0.));
#768 = VECTOR('',#769,1.);
#769 = DIRECTION('',(0.,1.));
#770 = ( GEOMETRIC_REPRESENTATION_CONTEXT(2) 
PARAMETRIC_REPRESENTATION_CONTEXT() REPRESENTATION_CONTEXT('2D SPACE',''
  ) );
#771 = PCURVE('',#772,#777);
#772 = PLANE('',#773);
#773 = AXIS2_PLACEMENT_3D('',#774,#775,#776);
#774 = CARTESIAN_POINT('',(3.,0.,0.));
#775 = DIRECTION('',(1.,0.,0.));
#776 = DIRECTION('',(0.,0.,1.));
#777 = DEFINITIONAL_REPRESENTATION('',(#778),#782);
#778 = LINE('',#779,#780);
#779 = CARTESIAN_POINT('',(72.2,0.));
#780 = VECTOR('',#781,1.);
#781 = DIRECTION('',(0.,-1.));
#782 = ( GEOMETRIC_REPRESENTATION_CONTEXT(2) 
PARAMETRIC_REPRESENTATION_CONTEXT() REPRESENTATION_CONTEXT('2D SPACE',''
  ) );
#783 = ORIENTED_EDGE('',*,*,#784,.T.);
#784 = EDGE_CURVE('',#757,#785,#787,.T.);
#785 = VERTEX_POINT('',#786);
#786 = CARTESIAN_POINT('',(6.828427124746,110.13,72.2));
#787 = SURFACE_CURVE('',#788,(#793,#800),.PCURVE_S1.);
#788 = CIRCLE('',#789,3.);
#789 = AXIS2_PLACEMENT_3D('',#790,#791,#792);
#790 = CARTESIAN_POINT('',(4.,109.13,72.2));
#791 = DIRECTION('',(0.,0.,1.));
#792 = DIRECTION('',(-0.333333333333,-0.942809041582,0.));
#793 = PCURVE('',#148,#794);
#794 = DEFINITIONAL_REPRESENTATION('',(#795),#799);
#795 = CIRCLE('',#796,3.);
#796 = AXIS2_PLACEMENT_2D('',#797,#798);
#797 = CARTESIAN_POINT('',(4.,109.13));
#798 = DIRECTION('',(-0.333333333333,-0.942809041582));
#799 = ( GEOMETRIC_REPRESENTATION_CONTEXT(2) 
PARAMETRIC_REPRESENTATION_CONTEXT() REPRESENTATION_CONTEXT('2D SPACE',''
  ) );
#800 = PCURVE('',#801,#806);
#801 = CYLINDRICAL_SURFACE('',#802,3.);
#802 = AXIS2_PLACEMENT_3D('',#803,#804,#805);
#803 = CARTESIAN_POINT('',(4.,109.13,59.2));
#804 = DIRECTION('',(-0.,-0.,-1.));
#805 = DIRECTION('',(1.,0.,0.));
#806 = DEFINITIONAL_REPRESENTATION('',(#807),#811);
#807 = LINE('',#808,#809);
#808 = CARTESIAN_POINT('',(-4.372552070931,-13.));
#809 = VECTOR('',#810,1.);
#810 = DIRECTION('',(-1.,0.));
#811 = ( GEOMETRIC_REPRESENTATION_CONTEXT(2) 
PARAMETRIC_REPRESENTATION_CONTEXT() REPRESENTATION_CONTEXT('2D SPACE',''
  ) );
#812 = ORIENTED_EDGE('',*,*,#813,.T.);
#813 = EDGE_CURVE('',#785,#814,#816,.T.);
#814 = VERTEX_POINT('',#815);
#815 = CARTESIAN_POINT('',(90.171572875254,110.13,72.2));
#816 = SURFACE_CURVE('',#817,(#821,#828),.PCURVE_S1.);
#817 = LINE('',#818,#819);
#818 = CARTESIAN_POINT('',(0.,110.13,72.2));
#819 = VECTOR('',#820,1.);
#820 = DIRECTION('',(1.,0.,0.));
#821 = PCURVE('',#148,#822);
#822 = DEFINITIONAL_REPRESENTATION('',(#823),#827);
#823 = LINE('',#824,#825);
#824 = CARTESIAN_POINT('',(0.,110.13));
#825 = VECTOR('',#826,1.);
#826 = DIRECTION('',(1.,0.));
#827 = ( GEOMETRIC_REPRESENTATION_CONTEXT(2) 
PARAMETRIC_REPRESENTATION_CONTEXT() REPRESENTATION_CONTEXT('2D SPACE',''
  ) );
#828 = PCURVE('',#829,#834);
#829 = PLANE('',#830);
#830 = AXIS2_PLACEMENT_3D('',#831,#832,#833);
#831 = CARTESIAN_POINT('',(0.,110.13,0.));
#832 = DIRECTION('',(0.,1.,0.));
#833 = DIRECTION('',(0.,0.,1.));
#834 = DEFINITIONAL_REPRESENTATION('',(#835),#839);
#835 = LINE('',#836,#837);
#836 = CARTESIAN_POINT('',(72.2,0.));
#837 = VECTOR('',#838,1.);
#838 = DIRECTION('',(0.,1.));
#839 = ( GEOMETRIC_REPRESENTATION_CONTEXT(2) 
PARAMETRIC_REPRESENTATION_CONTEXT() REPRESENTATION_CONTEXT('2D SPACE',''
  ) );
#840 = ORIENTED_EDGE('',*,*,#841,.T.);
#841 = EDGE_CURVE('',#814,#643,#842,.T.);
#842 = SURFACE_CURVE('',#843,(#848,#855),.PCURVE_S1.);
#843 = CIRCLE('',#844,3.);
#844 = AXIS2_PLACEMENT_3D('',#845,#846,#847);
#845 = CARTESIAN_POINT('',(93.,109.13,72.2));
#846 = DIRECTION('',(0.,0.,1.));
#847 = DIRECTION('',(1.,0.,0.));
#848 = PCURVE('',#148,#849);
#849 = DEFINITIONAL_REPRESENTATION('',(#850),#854);
#850 = CIRCLE('',#851,3.);
#851 = AXIS2_PLACEMENT_2D('',#852,#853);
#852 = CARTESIAN_POINT('',(93.,109.13));
#853 = DIRECTION('',(1.,0.));
#854 = ( GEOMETRIC_REPRESENTATION_CONTEXT(2) 
PARAMETRIC_REPRESENTATION_CONTEXT() REPRESENTATION_CONTEXT('2D SPACE',''
  ) );
#855 = PCURVE('',#856,#861);
#856 = CYLINDRICAL_SURFACE('',#857,3.);
#857 = AXIS2_PLACEMENT_3D('',#858,#859,#860);
#858 = CARTESIAN_POINT('',(93.,109.13,59.2));
#859 = DIRECTION('',(-0.,-0.,-1.));
#860 = DIRECTION('',(1.,0.,0.));
#861 = DEFINITIONAL_REPRESENTATION('',(#862),#866);
#862 = LINE('',#863,#864);
#863 = CARTESIAN_POINT('',(-0.,-13.));
#864 = VECTOR('',#865,1.);
#865 = DIRECTION('',(-1.,0.));
#866 = ( GEOMETRIC_REPRESENTATION_CONTEXT(2) 
PARAMETRIC_REPRESENTATION_CONTEXT() REPRESENTATION_CONTEXT('2D SPACE',''
  ) );
#867 = FACE_BOUND('',#868,.T.);
#868 = EDGE_LOOP('',(#869,#899,#927));
#869 = ORIENTED_EDGE('',*,*,#870,.T.);
#870 = EDGE_CURVE('',#871,#873,#875,.T.);
#871 = VERTEX_POINT('',#872);
#872 = CARTESIAN_POINT('',(91.770274420856,110.13,72.2));
#873 = VERTEX_POINT('',#874);
#874 = CARTESIAN_POINT('',(94.,110.13,72.2));
#875 = SURFACE_CURVE('',#876,(#880,#887),.PCURVE_S1.);
#876 = LINE('',#877,#878);
#877 = CARTESIAN_POINT('',(0.,110.13,72.2));
#878 = VECTOR('',#879,1.);
#879 = DIRECTION('',(1.,0.,0.));
#880 = PCURVE('',#148,#881);
#881 = DEFINITIONAL_REPRESENTATION('',(#882),#886);
#882 = LINE('',#883,#884);
#883 = CARTESIAN_POINT('',(0.,110.13));
#884 = VECTOR('',#885,1.);
#885 = DIRECTION('',(1.,0.));
#886 = ( GEOMETRIC_REPRESENTATION_CONTEXT(2) 
PARAMETRIC_REPRESENTATION_CONTEXT() REPRESENTATION_CONTEXT('2D SPACE',''
  ) );
#887 = PCURVE('',#888,#893);
#888 = PLANE('',#889);
#889 = AXIS2_PLACEMENT_3D('',#890,#891,#892);
#890 = CARTESIAN_POINT('',(0.,110.13,0.));
#891 = DIRECTION('',(0.,1.,0.));
#892 = DIRECTION('',(0.,0.,1.));
#893 = DEFINITIONAL_REPRESENTATION('',(#894),#898);
#894 = LINE('',#895,#896);
#895 = CARTESIAN_POINT('',(72.2,0.));
#896 = VECTOR('',#897,1.);
#897 = DIRECTION('',(0.,1.));
#898 = ( GEOMETRIC_REPRESENTATION_CONTEXT(2) 
PARAMETRIC_REPRESENTATION_CONTEXT() REPRESENTATION_CONTEXT('2D SPACE',''
  ) );
#899 = ORIENTED_EDGE('',*,*,#900,.F.);
#900 = EDGE_CURVE('',#901,#873,#903,.T.);
#901 = VERTEX_POINT('',#902);
#902 = CARTESIAN_POINT('',(94.,107.90027442085,72.2));
#903 = SURFACE_CURVE('',#904,(#908,#915),.PCURVE_S1.);
#904 = LINE('',#905,#906);
#905 = CARTESIAN_POINT('',(94.,0.,72.2));
#906 = VECTOR('',#907,1.);
#907 = DIRECTION('',(0.,1.,0.));
#908 = PCURVE('',#148,#909);
#909 = DEFINITIONAL_REPRESENTATION('',(#910),#914);
#910 = LINE('',#911,#912);
#911 = CARTESIAN_POINT('',(94.,0.));
#912 = VECTOR('',#913,1.);
#913 = DIRECTION('',(0.,1.));
#914 = ( GEOMETRIC_REPRESENTATION_CONTEXT(2) 
PARAMETRIC_REPRESENTATION_CONTEXT() REPRESENTATION_CONTEXT('2D SPACE',''
  ) );
#915 = PCURVE('',#916,#921);
#916 = PLANE('',#917);
#917 = AXIS2_PLACEMENT_3D('',#918,#919,#920);
#918 = CARTESIAN_POINT('',(94.,0.,0.));
#919 = DIRECTION('',(1.,0.,0.));
#920 = DIRECTION('',(0.,0.,1.));
#921 = DEFINITIONAL_REPRESENTATION('',(#922),#926);
#922 = LINE('',#923,#924);
#923 = CARTESIAN_POINT('',(72.2,0.));
#924 = VECTOR('',#925,1.);
#925 = DIRECTION('',(0.,-1.));
#926 = ( GEOMETRIC_REPRESENTATION_CONTEXT(2) 
PARAMETRIC_REPRESENTATION_CONTEXT() REPRESENTATION_CONTEXT('2D SPACE',''
  ) );
#927 = ORIENTED_EDGE('',*,*,#928,.T.);
#928 = EDGE_CURVE('',#901,#871,#929,.T.);
#929 = SURFACE_CURVE('',#930,(#935,#946),.PCURVE_S1.);
#930 = CIRCLE('',#931,1.585);
#931 = AXIS2_PLACEMENT_3D('',#932,#933,#934);
#932 = CARTESIAN_POINT('',(93.,109.13,72.2));
#933 = DIRECTION('',(0.,-0.,-1.));
#934 = DIRECTION('',(0.630914826498,-0.775852100406,0.));
#935 = PCURVE('',#148,#936);
#936 = DEFINITIONAL_REPRESENTATION('',(#937),#945);
#937 = ( BOUNDED_CURVE() B_SPLINE_CURVE(2,(#938,#939,#940,#941,#942,#943
,#944),.UNSPECIFIED.,.T.,.F.) B_SPLINE_CURVE_WITH_KNOTS((1,2,2,2,2,1),(
    -2.094395102393,0.,2.094395102393,4.188790204786,6.28318530718,
8.377580409573),.UNSPECIFIED.) CURVE() GEOMETRIC_REPRESENTATION_ITEM() 
RATIONAL_B_SPLINE_CURVE((1.,0.5,1.,0.5,1.,0.5,1.)) REPRESENTATION_ITEM(
  '') );
#938 = CARTESIAN_POINT('',(94.,107.90027442085));
#939 = CARTESIAN_POINT('',(91.870052817556,106.16822361328));
#940 = CARTESIAN_POINT('',(91.435026408778,108.87883738578));
#941 = CARTESIAN_POINT('',(91.,111.58945115828));
#942 = CARTESIAN_POINT('',(93.564973591222,110.61088819335));
#943 = CARTESIAN_POINT('',(96.129947182444,109.63232522842));
#944 = CARTESIAN_POINT('',(94.,107.90027442085));
#945 = ( GEOMETRIC_REPRESENTATION_CONTEXT(2) 
PARAMETRIC_REPRESENTATION_CONTEXT() REPRESENTATION_CONTEXT('2D SPACE',''
  ) );
#946 = PCURVE('',#947,#952);
#947 = CYLINDRICAL_SURFACE('',#948,1.585);
#948 = AXIS2_PLACEMENT_3D('',#949,#950,#951);
#949 = CARTESIAN_POINT('',(93.,109.13,72.2));
#950 = DIRECTION('',(0.,0.,-1.));
#951 = DIRECTION('',(-1.,0.,0.));
#952 = DEFINITIONAL_REPRESENTATION('',(#953),#957);
#953 = LINE('',#954,#955);
#954 = CARTESIAN_POINT('',(4.029657208452,0.));
#955 = VECTOR('',#956,1.);
#956 = DIRECTION('',(1.,0.));
#957 = ( GEOMETRIC_REPRESENTATION_CONTEXT(2) 
PARAMETRIC_REPRESENTATION_CONTEXT() REPRESENTATION_CONTEXT('2D SPACE',''
  ) );
#958 = FACE_BOUND('',#959,.T.);
#959 = EDGE_LOOP('',(#960,#995,#1023));
#960 = ORIENTED_EDGE('',*,*,#961,.T.);
#961 = EDGE_CURVE('',#962,#964,#966,.T.);
#962 = VERTEX_POINT('',#963);
#963 = CARTESIAN_POINT('',(5.229725579144,110.13,72.2));
#964 = VERTEX_POINT('',#965);
#965 = CARTESIAN_POINT('',(3.,107.90027442085,72.2));
#966 = SURFACE_CURVE('',#967,(#972,#983),.PCURVE_S1.);
#967 = CIRCLE('',#968,1.585);
#968 = AXIS2_PLACEMENT_3D('',#969,#970,#971);
#969 = CARTESIAN_POINT('',(4.,109.13,72.2));
#970 = DIRECTION('',(0.,0.,-1.));
#971 = DIRECTION('',(-1.,0.,0.));
#972 = PCURVE('',#148,#973);
#973 = DEFINITIONAL_REPRESENTATION('',(#974),#982);
#974 = ( BOUNDED_CURVE() B_SPLINE_CURVE(2,(#975,#976,#977,#978,#979,#980
,#981),.UNSPECIFIED.,.T.,.F.) B_SPLINE_CURVE_WITH_KNOTS((1,2,2,2,2,1),(
    -2.094395102393,0.,2.094395102393,4.188790204786,6.28318530718,
8.377580409573),.UNSPECIFIED.) CURVE() GEOMETRIC_REPRESENTATION_ITEM() 
RATIONAL_B_SPLINE_CURVE((1.,0.5,1.,0.5,1.,0.5,1.)) REPRESENTATION_ITEM(
  '') );
#975 = CARTESIAN_POINT('',(2.415,109.13));
#976 = CARTESIAN_POINT('',(2.415,111.87530052999));
#977 = CARTESIAN_POINT('',(4.7925,110.50265026499));
#978 = CARTESIAN_POINT('',(7.17,109.13));
#979 = CARTESIAN_POINT('',(4.7925,107.757349735));
#980 = CARTESIAN_POINT('',(2.415,106.38469947));
#981 = CARTESIAN_POINT('',(2.415,109.13));
#982 = ( GEOMETRIC_REPRESENTATION_CONTEXT(2) 
PARAMETRIC_REPRESENTATION_CONTEXT() REPRESENTATION_CONTEXT('2D SPACE',''
  ) );
#983 = PCURVE('',#984,#989);
#984 = CYLINDRICAL_SURFACE('',#985,1.585);
#985 = AXIS2_PLACEMENT_3D('',#986,#987,#988);
#986 = CARTESIAN_POINT('',(4.,109.13,72.2));
#987 = DIRECTION('',(0.,0.,-1.));
#988 = DIRECTION('',(-1.,0.,0.));
#989 = DEFINITIONAL_REPRESENTATION('',(#990),#994);
#990 = LINE('',#991,#992);
#991 = CARTESIAN_POINT('',(0.,0.));
#992 = VECTOR('',#993,1.);
#993 = DIRECTION('',(1.,0.));
#994 = ( GEOMETRIC_REPRESENTATION_CONTEXT(2) 
PARAMETRIC_REPRESENTATION_CONTEXT() REPRESENTATION_CONTEXT('2D SPACE',''
  ) );
#995 = ORIENTED_EDGE('',*,*,#996,.T.);
#996 = EDGE_CURVE('',#964,#997,#999,.T.);
#997 = VERTEX_POINT('',#998);
#998 = CARTESIAN_POINT('',(3.,110.13,72.2));
#999 = SURFACE_CURVE('',#1000,(#1004,#1011),.PCURVE_S1.);
#1000 = LINE('',#1001,#1002);
#1001 = CARTESIAN_POINT('',(3.,0.,72.2));
#1002 = VECTOR('',#1003,1.);
#1003 = DIRECTION('',(0.,1.,0.));
#1004 = PCURVE('',#148,#1005);
#1005 = DEFINITIONAL_REPRESENTATION('',(#1006),#1010);
#1006 = LINE('',#1007,#1008);
#1007 = CARTESIAN_POINT('',(3.,0.));
#1008 = VECTOR('',#1009,1.);
#1009 = DIRECTION('',(0.,1.));
#1010 = ( GEOMETRIC_REPRESENTATION_CONTEXT(2) 
PARAMETRIC_REPRESENTATION_CONTEXT() REPRESENTATION_CONTEXT('2D SPACE',''
  ) );
#1011 = PCURVE('',#1012,#1017);
#1012 = PLANE('',#1013);
#1013 = AXIS2_PLACEMENT_3D('',#1014,#1015,#1016);
#1014 = CARTESIAN_POINT('',(3.,0.,0.));
#1015 = DIRECTION('',(1.,0.,0.));
#1016 = DIRECTION('',(0.,0.,1.));
#1017 = DEFINITIONAL_REPRESENTATION('',(#1018),#1022);
#1018 = LINE('',#1019,#1020);
#1019 = CARTESIAN_POINT('',(72.2,0.));
#1020 = VECTOR('',#1021,1.);
#1021 = DIRECTION('',(0.,-1.));
#1022 = ( GEOMETRIC_REPRESENTATION_CONTEXT(2) 
PARAMETRIC_REPRESENTATION_CONTEXT() REPRESENTATION_CONTEXT('2D SPACE',''
  ) );
#1023 = ORIENTED_EDGE('',*,*,#1024,.T.);
#1024 = EDGE_CURVE('',#997,#962,#1025,.T.);
#1025 = SURFACE_CURVE('',#1026,(#1030,#1037),.PCURVE_S1.);
#1026 = LINE('',#1027,#1028);
#1027 = CARTESIAN_POINT('',(0.,110.13,72.2));
#1028 = VECTOR('',#1029,1.);
#1029 = DIRECTION('',(1.,0.,0.));
#1030 = PCURVE('',#148,#1031);
#1031 = DEFINITIONAL_REPRESENTATION('',(#1032),#1036);
#1032 = LINE('',#1033,#1034);
#1033 = CARTESIAN_POINT('',(0.,110.13));
#1034 = VECTOR('',#1035,1.);
#1035 = DIRECTION('',(1.,0.));
#1036 = ( GEOMETRIC_REPRESENTATION_CONTEXT(2) 
PARAMETRIC_REPRESENTATION_CONTEXT() REPRESENTATION_CONTEXT('2D SPACE',''
  ) );
#1037 = PCURVE('',#1038,#1043);
#1038 = PLANE('',#1039);
#1039 = AXIS2_PLACEMENT_3D('',#1040,#1041,#1042);
#1040 = CARTESIAN_POINT('',(0.,110.13,0.));
#1041 = DIRECTION('',(0.,1.,0.));
#1042 = DIRECTION('',(0.,0.,1.));
#1043 = DEFINITIONAL_REPRESENTATION('',(#1044),#1048);
#1044 = LINE('',#1045,#1046);
#1045 = CARTESIAN_POINT('',(72.2,0.));
#1046 = VECTOR('',#1047,1.);
#1047 = DIRECTION('',(0.,1.));
#1048 = ( GEOMETRIC_REPRESENTATION_CONTEXT(2) 
PARAMETRIC_REPRESENTATION_CONTEXT() REPRESENTATION_CONTEXT('2D SPACE',''
  ) );
#1049 = FACE_BOUND('',#1050,.T.);
#1050 = EDGE_LOOP('',(#1051,#1086,#1114));
#1051 = ORIENTED_EDGE('',*,*,#1052,.T.);
#1052 = EDGE_CURVE('',#1053,#1055,#1057,.T.);
#1053 = VERTEX_POINT('',#1054);
#1054 = CARTESIAN_POINT('',(3.,5.229725579144,72.2));
#1055 = VERTEX_POINT('',#1056);
#1056 = CARTESIAN_POINT('',(5.229725579144,3.,72.2));
#1057 = SURFACE_CURVE('',#1058,(#1063,#1074),.PCURVE_S1.);
#1058 = CIRCLE('',#1059,1.585);
#1059 = AXIS2_PLACEMENT_3D('',#1060,#1061,#1062);
#1060 = CARTESIAN_POINT('',(4.,4.,72.2));
#1061 = DIRECTION('',(0.,0.,-1.));
#1062 = DIRECTION('',(-1.,0.,0.));
#1063 = PCURVE('',#148,#1064);
#1064 = DEFINITIONAL_REPRESENTATION('',(#1065),#1073);
#1065 = ( BOUNDED_CURVE() B_SPLINE_CURVE(2,(#1066,#1067,#1068,#1069,
#1070,#1071,#1072),.UNSPECIFIED.,.T.,.F.) B_SPLINE_CURVE_WITH_KNOTS((1,2
    ,2,2,2,1),(-2.094395102393,0.,2.094395102393,4.188790204786,
6.28318530718,8.377580409573),.UNSPECIFIED.) CURVE() 
GEOMETRIC_REPRESENTATION_ITEM() RATIONAL_B_SPLINE_CURVE((1.,0.5,1.,0.5,
1.,0.5,1.)) REPRESENTATION_ITEM('') );
#1066 = CARTESIAN_POINT('',(2.415,4.));
#1067 = CARTESIAN_POINT('',(2.415,6.745300529997));
#1068 = CARTESIAN_POINT('',(4.7925,5.372650264998));
#1069 = CARTESIAN_POINT('',(7.17,4.));
#1070 = CARTESIAN_POINT('',(4.7925,2.627349735002));
#1071 = CARTESIAN_POINT('',(2.415,1.254699470003));
#1072 = CARTESIAN_POINT('',(2.415,4.));
#1073 = ( GEOMETRIC_REPRESENTATION_CONTEXT(2) 
PARAMETRIC_REPRESENTATION_CONTEXT() REPRESENTATION_CONTEXT('2D SPACE',''
  ) );
#1074 = PCURVE('',#1075,#1080);
#1075 = CYLINDRICAL_SURFACE('',#1076,1.585);
#1076 = AXIS2_PLACEMENT_3D('',#1077,#1078,#1079);
#1077 = CARTESIAN_POINT('',(4.,4.,72.2));
#1078 = DIRECTION('',(0.,0.,-1.));
#1079 = DIRECTION('',(-1.,0.,0.));
#1080 = DEFINITIONAL_REPRESENTATION('',(#1081),#1085);
#1081 = LINE('',#1082,#1083);
#1082 = CARTESIAN_POINT('',(0.,0.));
#1083 = VECTOR('',#1084,1.);
#1084 = DIRECTION('',(1.,0.));
#1085 = ( GEOMETRIC_REPRESENTATION_CONTEXT(2) 
PARAMETRIC_REPRESENTATION_CONTEXT() REPRESENTATION_CONTEXT('2D SPACE',''
  ) );
#1086 = ORIENTED_EDGE('',*,*,#1087,.F.);
#1087 = EDGE_CURVE('',#1088,#1055,#1090,.T.);
#1088 = VERTEX_POINT('',#1089);
#1089 = CARTESIAN_POINT('',(3.,3.,72.2));
#1090 = SURFACE_CURVE('',#1091,(#1095,#1102),.PCURVE_S1.);
#1091 = LINE('',#1092,#1093);
#1092 = CARTESIAN_POINT('',(0.,3.,72.2));
#1093 = VECTOR('',#1094,1.);
#1094 = DIRECTION('',(1.,0.,0.));
#1095 = PCURVE('',#148,#1096);
#1096 = DEFINITIONAL_REPRESENTATION('',(#1097),#1101);
#1097 = LINE('',#1098,#1099);
#1098 = CARTESIAN_POINT('',(0.,3.));
#1099 = VECTOR('',#1100,1.);
#1100 = DIRECTION('',(1.,0.));
#1101 = ( GEOMETRIC_REPRESENTATION_CONTEXT(2) 
PARAMETRIC_REPRESENTATION_CONTEXT() REPRESENTATION_CONTEXT('2D SPACE',''
  ) );
#1102 = PCURVE('',#1103,#1108);
#1103 = PLANE('',#1104);
#1104 = AXIS2_PLACEMENT_3D('',#1105,#1106,#1107);
#1105 = CARTESIAN_POINT('',(0.,3.,0.));
#1106 = DIRECTION('',(0.,1.,0.));
#1107 = DIRECTION('',(0.,0.,1.));
#1108 = DEFINITIONAL_REPRESENTATION('',(#1109),#1113);
#1109 = LINE('',#1110,#1111);
#1110 = CARTESIAN_POINT('',(72.2,0.));
#1111 = VECTOR('',#1112,1.);
#1112 = DIRECTION('',(0.,1.));
#1113 = ( GEOMETRIC_REPRESENTATION_CONTEXT(2) 
PARAMETRIC_REPRESENTATION_CONTEXT() REPRESENTATION_CONTEXT('2D SPACE',''
  ) );
#1114 = ORIENTED_EDGE('',*,*,#1115,.T.);
#1115 = EDGE_CURVE('',#1088,#1053,#1116,.T.);
#1116 = SURFACE_CURVE('',#1117,(#1121,#1128),.PCURVE_S1.);
#1117 = LINE('',#1118,#1119);
#1118 = CARTESIAN_POINT('',(3.,0.,72.2));
#1119 = VECTOR('',#1120,1.);
#1120 = DIRECTION('',(0.,1.,0.));
#1121 = PCURVE('',#148,#1122);
#1122 = DEFINITIONAL_REPRESENTATION('',(#1123),#1127);
#1123 = LINE('',#1124,#1125);
#1124 = CARTESIAN_POINT('',(3.,0.));
#1125 = VECTOR('',#1126,1.);
#1126 = DIRECTION('',(0.,1.));
#1127 = ( GEOMETRIC_REPRESENTATION_CONTEXT(2) 
PARAMETRIC_REPRESENTATION_CONTEXT() REPRESENTATION_CONTEXT('2D SPACE',''
  ) );
#1128 = PCURVE('',#1129,#1134);
#1129 = PLANE('',#1130);
#1130 = AXIS2_PLACEMENT_3D('',#1131,#1132,#1133);
#1131 = CARTESIAN_POINT('',(3.,0.,0.));
#1132 = DIRECTION('',(1.,0.,0.));
#1133 = DIRECTION('',(0.,0.,1.));
#1134 = DEFINITIONAL_REPRESENTATION('',(#1135),#1139);
#1135 = LINE('',#1136,#1137);
#1136 = CARTESIAN_POINT('',(72.2,0.));
#1137 = VECTOR('',#1138,1.);
#1138 = DIRECTION('',(0.,-1.));
#1139 = ( GEOMETRIC_REPRESENTATION_CONTEXT(2) 
PARAMETRIC_REPRESENTATION_CONTEXT() REPRESENTATION_CONTEXT('2D SPACE',''
  ) );
#1140 = FACE_BOUND('',#1141,.T.);
#1141 = EDGE_LOOP('',(#1142,#1172,#1200));
#1142 = ORIENTED_EDGE('',*,*,#1143,.F.);
#1143 = EDGE_CURVE('',#1144,#1146,#1148,.T.);
#1144 = VERTEX_POINT('',#1145);
#1145 = CARTESIAN_POINT('',(94.,3.,72.2));
#1146 = VERTEX_POINT('',#1147);
#1147 = CARTESIAN_POINT('',(94.,5.229725579144,72.2));
#1148 = SURFACE_CURVE('',#1149,(#1153,#1160),.PCURVE_S1.);
#1149 = LINE('',#1150,#1151);
#1150 = CARTESIAN_POINT('',(94.,0.,72.2));
#1151 = VECTOR('',#1152,1.);
#1152 = DIRECTION('',(0.,1.,0.));
#1153 = PCURVE('',#148,#1154);
#1154 = DEFINITIONAL_REPRESENTATION('',(#1155),#1159);
#1155 = LINE('',#1156,#1157);
#1156 = CARTESIAN_POINT('',(94.,0.));
#1157 = VECTOR('',#1158,1.);
#1158 = DIRECTION('',(0.,1.));
#1159 = ( GEOMETRIC_REPRESENTATION_CONTEXT(2) 
PARAMETRIC_REPRESENTATION_CONTEXT() REPRESENTATION_CONTEXT('2D SPACE',''
  ) );
#1160 = PCURVE('',#1161,#1166);
#1161 = PLANE('',#1162);
#1162 = AXIS2_PLACEMENT_3D('',#1163,#1164,#1165);
#1163 = CARTESIAN_POINT('',(94.,0.,0.));
#1164 = DIRECTION('',(1.,0.,0.));
#1165 = DIRECTION('',(0.,0.,1.));
#1166 = DEFINITIONAL_REPRESENTATION('',(#1167),#1171);
#1167 = LINE('',#1168,#1169);
#1168 = CARTESIAN_POINT('',(72.2,0.));
#1169 = VECTOR('',#1170,1.);
#1170 = DIRECTION('',(0.,-1.));
#1171 = ( GEOMETRIC_REPRESENTATION_CONTEXT(2) 
PARAMETRIC_REPRESENTATION_CONTEXT() REPRESENTATION_CONTEXT('2D SPACE',''
  ) );
#1172 = ORIENTED_EDGE('',*,*,#1173,.F.);
#1173 = EDGE_CURVE('',#1174,#1144,#1176,.T.);
#1174 = VERTEX_POINT('',#1175);
#1175 = CARTESIAN_POINT('',(91.770274420856,3.,72.2));
#1176 = SURFACE_CURVE('',#1177,(#1181,#1188),.PCURVE_S1.);
#1177 = LINE('',#1178,#1179);
#1178 = CARTESIAN_POINT('',(0.,3.,72.2));
#1179 = VECTOR('',#1180,1.);
#1180 = DIRECTION('',(1.,0.,0.));
#1181 = PCURVE('',#148,#1182);
#1182 = DEFINITIONAL_REPRESENTATION('',(#1183),#1187);
#1183 = LINE('',#1184,#1185);
#1184 = CARTESIAN_POINT('',(0.,3.));
#1185 = VECTOR('',#1186,1.);
#1186 = DIRECTION('',(1.,0.));
#1187 = ( GEOMETRIC_REPRESENTATION_CONTEXT(2) 
PARAMETRIC_REPRESENTATION_CONTEXT() REPRESENTATION_CONTEXT('2D SPACE',''
  ) );
#1188 = PCURVE('',#1189,#1194);
#1189 = PLANE('',#1190);
#1190 = AXIS2_PLACEMENT_3D('',#1191,#1192,#1193);
#1191 = CARTESIAN_POINT('',(0.,3.,0.));
#1192 = DIRECTION('',(0.,1.,0.));
#1193 = DIRECTION('',(0.,0.,1.));
#1194 = DEFINITIONAL_REPRESENTATION('',(#1195),#1199);
#1195 = LINE('',#1196,#1197);
#1196 = CARTESIAN_POINT('',(72.2,0.));
#1197 = VECTOR('',#1198,1.);
#1198 = DIRECTION('',(0.,1.));
#1199 = ( GEOMETRIC_REPRESENTATION_CONTEXT(2) 
PARAMETRIC_REPRESENTATION_CONTEXT() REPRESENTATION_CONTEXT('2D SPACE',''
  ) );
#1200 = ORIENTED_EDGE('',*,*,#1201,.T.);
#1201 = EDGE_CURVE('',#1174,#1146,#1202,.T.);
#1202 = SURFACE_CURVE('',#1203,(#1208,#1219),.PCURVE_S1.);
#1203 = CIRCLE('',#1204,1.585);
#1204 = AXIS2_PLACEMENT_3D('',#1205,#1206,#1207);
#1205 = CARTESIAN_POINT('',(93.,4.,72.2));
#1206 = DIRECTION('',(0.,0.,-1.));
#1207 = DIRECTION('',(-0.775852100406,-0.630914826498,-0.));
#1208 = PCURVE('',#148,#1209);
#1209 = DEFINITIONAL_REPRESENTATION('',(#1210),#1218);
#1210 = ( BOUNDED_CURVE() B_SPLINE_CURVE(2,(#1211,#1212,#1213,#1214,
#1215,#1216,#1217),.UNSPECIFIED.,.T.,.F.) B_SPLINE_CURVE_WITH_KNOTS((1,2
    ,2,2,2,1),(-2.094395102393,0.,2.094395102393,4.188790204786,
6.28318530718,8.377580409573),.UNSPECIFIED.) CURVE() 
GEOMETRIC_REPRESENTATION_ITEM() RATIONAL_B_SPLINE_CURVE((1.,0.5,1.,0.5,
1.,0.5,1.)) REPRESENTATION_ITEM('') );
#1211 = CARTESIAN_POINT('',(91.770274420856,3.));
#1212 = CARTESIAN_POINT('',(90.038223613288,5.129947182444));
#1213 = CARTESIAN_POINT('',(92.748837385787,5.564973591222));
#1214 = CARTESIAN_POINT('',(95.459451158287,6.));
#1215 = CARTESIAN_POINT('',(94.480888193356,3.435026408778));
#1216 = CARTESIAN_POINT('',(93.502325228425,0.870052817556));
#1217 = CARTESIAN_POINT('',(91.770274420856,3.));
#1218 = ( GEOMETRIC_REPRESENTATION_CONTEXT(2) 
PARAMETRIC_REPRESENTATION_CONTEXT() REPRESENTATION_CONTEXT('2D SPACE',''
  ) );
#1219 = PCURVE('',#1220,#1225);
#1220 = CYLINDRICAL_SURFACE('',#1221,1.585);
#1221 = AXIS2_PLACEMENT_3D('',#1222,#1223,#1224);
#1222 = CARTESIAN_POINT('',(93.,4.,72.2));
#1223 = DIRECTION('',(0.,0.,-1.));
#1224 = DIRECTION('',(-1.,0.,0.));
#1225 = DEFINITIONAL_REPRESENTATION('',(#1226),#1230);
#1226 = LINE('',#1227,#1228);
#1227 = CARTESIAN_POINT('',(5.600453535247,0.));
#1228 = VECTOR('',#1229,1.);
#1229 = DIRECTION('',(1.,0.));
#1230 = ( GEOMETRIC_REPRESENTATION_CONTEXT(2) 
PARAMETRIC_REPRESENTATION_CONTEXT() REPRESENTATION_CONTEXT('2D SPACE',''
  ) );
#1231 = ADVANCED_FACE('',(#1232,#1280,#1315,#1350,#1385),#94,.F.);
#1232 = FACE_BOUND('',#1233,.F.);
#1233 = EDGE_LOOP('',(#1234,#1257,#1258,#1259));
#1234 = ORIENTED_EDGE('',*,*,#1235,.F.);
#1235 = EDGE_CURVE('',#305,#1236,#1238,.T.);
#1236 = VERTEX_POINT('',#1237);
#1237 = CARTESIAN_POINT('',(0.,113.13,0.));
#1238 = SURFACE_CURVE('',#1239,(#1243,#1250),.PCURVE_S1.);
#1239 = LINE('',#1240,#1241);
#1240 = CARTESIAN_POINT('',(0.,0.,0.));
#1241 = VECTOR('',#1242,1.);
#1242 = DIRECTION('',(0.,1.,0.));
#1243 = PCURVE('',#94,#1244);
#1244 = DEFINITIONAL_REPRESENTATION('',(#1245),#1249);
#1245 = LINE('',#1246,#1247);
#1246 = CARTESIAN_POINT('',(0.,0.));
#1247 = VECTOR('',#1248,1.);
#1248 = DIRECTION('',(0.,1.));
#1249 = ( GEOMETRIC_REPRESENTATION_CONTEXT(2) 
PARAMETRIC_REPRESENTATION_CONTEXT() REPRESENTATION_CONTEXT('2D SPACE',''
  ) );
#1250 = PCURVE('',#343,#1251);
#1251 = DEFINITIONAL_REPRESENTATION('',(#1252),#1256);
#1252 = LINE('',#1253,#1254);
#1253 = CARTESIAN_POINT('',(0.,0.));
#1254 = VECTOR('',#1255,1.);
#1255 = DIRECTION('',(0.,-1.));
#1256 = ( GEOMETRIC_REPRESENTATION_CONTEXT(2) 
PARAMETRIC_REPRESENTATION_CONTEXT() REPRESENTATION_CONTEXT('2D SPACE',''
  ) );
#1257 = ORIENTED_EDGE('',*,*,#304,.T.);
#1258 = ORIENTED_EDGE('',*,*,#78,.T.);
#1259 = ORIENTED_EDGE('',*,*,#1260,.F.);
#1260 = EDGE_CURVE('',#1236,#79,#1261,.T.);
#1261 = SURFACE_CURVE('',#1262,(#1266,#1273),.PCURVE_S1.);
#1262 = LINE('',#1263,#1264);
#1263 = CARTESIAN_POINT('',(0.,113.13,0.));
#1264 = VECTOR('',#1265,1.);
#1265 = DIRECTION('',(1.,0.,0.));
#1266 = PCURVE('',#94,#1267);
#1267 = DEFINITIONAL_REPRESENTATION('',(#1268),#1272);
#1268 = LINE('',#1269,#1270);
#1269 = CARTESIAN_POINT('',(0.,113.13));
#1270 = VECTOR('',#1271,1.);
#1271 = DIRECTION('',(1.,0.));
#1272 = ( GEOMETRIC_REPRESENTATION_CONTEXT(2) 
PARAMETRIC_REPRESENTATION_CONTEXT() REPRESENTATION_CONTEXT('2D SPACE',''
  ) );
#1273 = PCURVE('',#122,#1274);
#1274 = DEFINITIONAL_REPRESENTATION('',(#1275),#1279);
#1275 = LINE('',#1276,#1277);
#1276 = CARTESIAN_POINT('',(0.,0.));
#1277 = VECTOR('',#1278,1.);
#1278 = DIRECTION('',(0.,1.));
#1279 = ( GEOMETRIC_REPRESENTATION_CONTEXT(2) 
PARAMETRIC_REPRESENTATION_CONTEXT() REPRESENTATION_CONTEXT('2D SPACE',''
  ) );
#1280 = FACE_BOUND('',#1281,.F.);
#1281 = EDGE_LOOP('',(#1282));
#1282 = ORIENTED_EDGE('',*,*,#1283,.T.);
#1283 = EDGE_CURVE('',#1284,#1284,#1286,.T.);
#1284 = VERTEX_POINT('',#1285);
#1285 = CARTESIAN_POINT('',(15.3,10.8,0.));
#1286 = SURFACE_CURVE('',#1287,(#1292,#1303),.PCURVE_S1.);
#1287 = CIRCLE('',#1288,2.8);
#1288 = AXIS2_PLACEMENT_3D('',#1289,#1290,#1291);
#1289 = CARTESIAN_POINT('',(12.5,10.8,0.));
#1290 = DIRECTION('',(0.,0.,-1.));
#1291 = DIRECTION('',(1.,0.,0.));
#1292 = PCURVE('',#94,#1293);
#1293 = DEFINITIONAL_REPRESENTATION('',(#1294),#1302);
#1294 = ( BOUNDED_CURVE() B_SPLINE_CURVE(2,(#1295,#1296,#1297,#1298,
#1299,#1300,#1301),.UNSPECIFIED.,.T.,.F.) B_SPLINE_CURVE_WITH_KNOTS((1,2
    ,2,2,2,1),(-2.094395102393,0.,2.094395102393,4.188790204786,
6.28318530718,8.377580409573),.UNSPECIFIED.) CURVE() 
GEOMETRIC_REPRESENTATION_ITEM() RATIONAL_B_SPLINE_CURVE((1.,0.5,1.,0.5,
1.,0.5,1.)) REPRESENTATION_ITEM('') );
#1295 = CARTESIAN_POINT('',(15.3,10.8));
#1296 = CARTESIAN_POINT('',(15.3,5.950257738807));
#1297 = CARTESIAN_POINT('',(11.1,8.375128869404));
#1298 = CARTESIAN_POINT('',(6.9,10.8));
#1299 = CARTESIAN_POINT('',(11.1,13.224871130596));
#1300 = CARTESIAN_POINT('',(15.3,15.649742261193));
#1301 = CARTESIAN_POINT('',(15.3,10.8));
#1302 = ( GEOMETRIC_REPRESENTATION_CONTEXT(2) 
PARAMETRIC_REPRESENTATION_CONTEXT() REPRESENTATION_CONTEXT('2D SPACE',''
  ) );
#1303 = PCURVE('',#1304,#1309);
#1304 = CYLINDRICAL_SURFACE('',#1305,2.8);
#1305 = AXIS2_PLACEMENT_3D('',#1306,#1307,#1308);
#1306 = CARTESIAN_POINT('',(12.5,10.8,-1.));
#1307 = DIRECTION('',(-0.,-0.,-1.));
#1308 = DIRECTION('',(1.,0.,0.));
#1309 = DEFINITIONAL_REPRESENTATION('',(#1310),#1314);
#1310 = LINE('',#1311,#1312);
#1311 = CARTESIAN_POINT('',(-6.28318530718,-1.));
#1312 = VECTOR('',#1313,1.);
#1313 = DIRECTION('',(1.,-0.));
#1314 = ( GEOMETRIC_REPRESENTATION_CONTEXT(2) 
PARAMETRIC_REPRESENTATION_CONTEXT() REPRESENTATION_CONTEXT('2D SPACE',''
  ) );
#1315 = FACE_BOUND('',#1316,.F.);
#1316 = EDGE_LOOP('',(#1317));
#1317 = ORIENTED_EDGE('',*,*,#1318,.T.);
#1318 = EDGE_CURVE('',#1319,#1319,#1321,.T.);
#1319 = VERTEX_POINT('',#1320);
#1320 = CARTESIAN_POINT('',(73.3,10.8,0.));
#1321 = SURFACE_CURVE('',#1322,(#1327,#1338),.PCURVE_S1.);
#1322 = CIRCLE('',#1323,2.8);
#1323 = AXIS2_PLACEMENT_3D('',#1324,#1325,#1326);
#1324 = CARTESIAN_POINT('',(70.5,10.8,0.));
#1325 = DIRECTION('',(0.,0.,-1.));
#1326 = DIRECTION('',(1.,0.,0.));
#1327 = PCURVE('',#94,#1328);
#1328 = DEFINITIONAL_REPRESENTATION('',(#1329),#1337);
#1329 = ( BOUNDED_CURVE() B_SPLINE_CURVE(2,(#1330,#1331,#1332,#1333,
#1334,#1335,#1336),.UNSPECIFIED.,.T.,.F.) B_SPLINE_CURVE_WITH_KNOTS((1,2
    ,2,2,2,1),(-2.094395102393,0.,2.094395102393,4.188790204786,
6.28318530718,8.377580409573),.UNSPECIFIED.) CURVE() 
GEOMETRIC_REPRESENTATION_ITEM() RATIONAL_B_SPLINE_CURVE((1.,0.5,1.,0.5,
1.,0.5,1.)) REPRESENTATION_ITEM('') );
#1330 = CARTESIAN_POINT('',(73.3,10.8));
#1331 = CARTESIAN_POINT('',(73.3,5.950257738807));
#1332 = CARTESIAN_POINT('',(69.1,8.375128869404));
#1333 = CARTESIAN_POINT('',(64.9,10.8));
#1334 = CARTESIAN_POINT('',(69.1,13.224871130596));
#1335 = CARTESIAN_POINT('',(73.3,15.649742261193));
#1336 = CARTESIAN_POINT('',(73.3,10.8));
#1337 = ( GEOMETRIC_REPRESENTATION_CONTEXT(2) 
PARAMETRIC_REPRESENTATION_CONTEXT() REPRESENTATION_CONTEXT('2D SPACE',''
  ) );
#1338 = PCURVE('',#1339,#1344);
#1339 = CYLINDRICAL_SURFACE('',#1340,2.8);
#1340 = AXIS2_PLACEMENT_3D('',#1341,#1342,#1343);
#1341 = CARTESIAN_POINT('',(70.5,10.8,-1.));
#1342 = DIRECTION('',(-0.,-0.,-1.));
#1343 = DIRECTION('',(1.,0.,0.));
#1344 = DEFINITIONAL_REPRESENTATION('',(#1345),#1349);
#1345 = LINE('',#1346,#1347);
#1346 = CARTESIAN_POINT('',(-6.28318530718,-1.));
#1347 = VECTOR('',#1348,1.);
#1348 = DIRECTION('',(1.,-0.));
#1349 = ( GEOMETRIC_REPRESENTATION_CONTEXT(2) 
PARAMETRIC_REPRESENTATION_CONTEXT() REPRESENTATION_CONTEXT('2D SPACE',''
  ) );
#1350 = FACE_BOUND('',#1351,.F.);
#1351 = EDGE_LOOP('',(#1352));
#1352 = ORIENTED_EDGE('',*,*,#1353,.T.);
#1353 = EDGE_CURVE('',#1354,#1354,#1356,.T.);
#1354 = VERTEX_POINT('',#1355);
#1355 = CARTESIAN_POINT('',(15.3,59.8,0.));
#1356 = SURFACE_CURVE('',#1357,(#1362,#1373),.PCURVE_S1.);
#1357 = CIRCLE('',#1358,2.8);
#1358 = AXIS2_PLACEMENT_3D('',#1359,#1360,#1361);
#1359 = CARTESIAN_POINT('',(12.5,59.8,0.));
#1360 = DIRECTION('',(0.,0.,-1.));
#1361 = DIRECTION('',(1.,0.,0.));
#1362 = PCURVE('',#94,#1363);
#1363 = DEFINITIONAL_REPRESENTATION('',(#1364),#1372);
#1364 = ( BOUNDED_CURVE() B_SPLINE_CURVE(2,(#1365,#1366,#1367,#1368,
#1369,#1370,#1371),.UNSPECIFIED.,.T.,.F.) B_SPLINE_CURVE_WITH_KNOTS((1,2
    ,2,2,2,1),(-2.094395102393,0.,2.094395102393,4.188790204786,
6.28318530718,8.377580409573),.UNSPECIFIED.) CURVE() 
GEOMETRIC_REPRESENTATION_ITEM() RATIONAL_B_SPLINE_CURVE((1.,0.5,1.,0.5,
1.,0.5,1.)) REPRESENTATION_ITEM('') );
#1365 = CARTESIAN_POINT('',(15.3,59.8));
#1366 = CARTESIAN_POINT('',(15.3,54.950257738807));
#1367 = CARTESIAN_POINT('',(11.1,57.375128869404));
#1368 = CARTESIAN_POINT('',(6.9,59.8));
#1369 = CARTESIAN_POINT('',(11.1,62.224871130596));
#1370 = CARTESIAN_POINT('',(15.3,64.649742261193));
#1371 = CARTESIAN_POINT('',(15.3,59.8));
#1372 = ( GEOMETRIC_REPRESENTATION_CONTEXT(2) 
PARAMETRIC_REPRESENTATION_CONTEXT() REPRESENTATION_CONTEXT('2D SPACE',''
  ) );
#1373 = PCURVE('',#1374,#1379);
#1374 = CYLINDRICAL_SURFACE('',#1375,2.8);
#1375 = AXIS2_PLACEMENT_3D('',#1376,#1377,#1378);
#1376 = CARTESIAN_POINT('',(12.5,59.8,-1.));
#1377 = DIRECTION('',(-0.,-0.,-1.));
#1378 = DIRECTION('',(1.,0.,0.));
#1379 = DEFINITIONAL_REPRESENTATION('',(#1380),#1384);
#1380 = LINE('',#1381,#1382);
#1381 = CARTESIAN_POINT('',(-6.28318530718,-1.));
#1382 = VECTOR('',#1383,1.);
#1383 = DIRECTION('',(1.,-0.));
#1384 = ( GEOMETRIC_REPRESENTATION_CONTEXT(2) 
PARAMETRIC_REPRESENTATION_CONTEXT() REPRESENTATION_CONTEXT('2D SPACE',''
  ) );
#1385 = FACE_BOUND('',#1386,.F.);
#1386 = EDGE_LOOP('',(#1387));
#1387 = ORIENTED_EDGE('',*,*,#1388,.T.);
#1388 = EDGE_CURVE('',#1389,#1389,#1391,.T.);
#1389 = VERTEX_POINT('',#1390);
#1390 = CARTESIAN_POINT('',(73.3,59.8,0.));
#1391 = SURFACE_CURVE('',#1392,(#1397,#1408),.PCURVE_S1.);
#1392 = CIRCLE('',#1393,2.8);
#1393 = AXIS2_PLACEMENT_3D('',#1394,#1395,#1396);
#1394 = CARTESIAN_POINT('',(70.5,59.8,0.));
#1395 = DIRECTION('',(0.,0.,-1.));
#1396 = DIRECTION('',(1.,0.,0.));
#1397 = PCURVE('',#94,#1398);
#1398 = DEFINITIONAL_REPRESENTATION('',(#1399),#1407);
#1399 = ( BOUNDED_CURVE() B_SPLINE_CURVE(2,(#1400,#1401,#1402,#1403,
#1404,#1405,#1406),.UNSPECIFIED.,.T.,.F.) B_SPLINE_CURVE_WITH_KNOTS((1,2
    ,2,2,2,1),(-2.094395102393,0.,2.094395102393,4.188790204786,
6.28318530718,8.377580409573),.UNSPECIFIED.) CURVE() 
GEOMETRIC_REPRESENTATION_ITEM() RATIONAL_B_SPLINE_CURVE((1.,0.5,1.,0.5,
1.,0.5,1.)) REPRESENTATION_ITEM('') );
#1400 = CARTESIAN_POINT('',(73.3,59.8));
#1401 = CARTESIAN_POINT('',(73.3,54.950257738807));
#1402 = CARTESIAN_POINT('',(69.1,57.375128869404));
#1403 = CARTESIAN_POINT('',(64.9,59.8));
#1404 = CARTESIAN_POINT('',(69.1,62.224871130596));
#1405 = CARTESIAN_POINT('',(73.3,64.649742261193));
#1406 = CARTESIAN_POINT('',(73.3,59.8));
#1407 = ( GEOMETRIC_REPRESENTATION_CONTEXT(2) 
PARAMETRIC_REPRESENTATION_CONTEXT() REPRESENTATION_CONTEXT('2D SPACE',''
  ) );
#1408 = PCURVE('',#1409,#1414);
#1409 = CYLINDRICAL_SURFACE('',#1410,2.8);
#1410 = AXIS2_PLACEMENT_3D('',#1411,#1412,#1413);
#1411 = CARTESIAN_POINT('',(70.5,59.8,-1.));
#1412 = DIRECTION('',(-0.,-0.,-1.));
#1413 = DIRECTION('',(1.,0.,0.));
#1414 = DEFINITIONAL_REPRESENTATION('',(#1415),#1419);
#1415 = LINE('',#1416,#1417);
#1416 = CARTESIAN_POINT('',(-6.28318530718,-1.));
#1417 = VECTOR('',#1418,1.);
#1418 = DIRECTION('',(1.,-0.));
#1419 = ( GEOMETRIC_REPRESENTATION_CONTEXT(2) 
PARAMETRIC_REPRESENTATION_CONTEXT() REPRESENTATION_CONTEXT('2D SPACE',''
  ) );
#1420 = ADVANCED_FACE('',(#1421),#122,.T.);
#1421 = FACE_BOUND('',#1422,.T.);
#1422 = EDGE_LOOP('',(#1423,#1424,#1445,#1446));
#1423 = ORIENTED_EDGE('',*,*,#1260,.F.);
#1424 = ORIENTED_EDGE('',*,*,#1425,.T.);
#1425 = EDGE_CURVE('',#1236,#593,#1426,.T.);
#1426 = SURFACE_CURVE('',#1427,(#1431,#1438),.PCURVE_S1.);
#1427 = LINE('',#1428,#1429);
#1428 = CARTESIAN_POINT('',(0.,113.13,0.));
#1429 = VECTOR('',#1430,1.);
#1430 = DIRECTION('',(0.,0.,1.));
#1431 = PCURVE('',#122,#1432);
#1432 = DEFINITIONAL_REPRESENTATION('',(#1433),#1437);
#1433 = LINE('',#1434,#1435);
#1434 = CARTESIAN_POINT('',(0.,0.));
#1435 = VECTOR('',#1436,1.);
#1436 = DIRECTION('',(1.,0.));
#1437 = ( GEOMETRIC_REPRESENTATION_CONTEXT(2) 
PARAMETRIC_REPRESENTATION_CONTEXT() REPRESENTATION_CONTEXT('2D SPACE',''
  ) );
#1438 = PCURVE('',#343,#1439);
#1439 = DEFINITIONAL_REPRESENTATION('',(#1440),#1444);
#1440 = LINE('',#1441,#1442);
#1441 = CARTESIAN_POINT('',(0.,-113.13));
#1442 = VECTOR('',#1443,1.);
#1443 = DIRECTION('',(1.,0.));
#1444 = ( GEOMETRIC_REPRESENTATION_CONTEXT(2) 
PARAMETRIC_REPRESENTATION_CONTEXT() REPRESENTATION_CONTEXT('2D SPACE',''
  ) );
#1445 = ORIENTED_EDGE('',*,*,#617,.T.);
#1446 = ORIENTED_EDGE('',*,*,#106,.F.);
#1447 = ADVANCED_FACE('',(#1448),#183,.F.);
#1448 = FACE_BOUND('',#1449,.T.);
#1449 = EDGE_LOOP('',(#1450,#1478,#1499,#1500));
#1450 = ORIENTED_EDGE('',*,*,#1451,.T.);
#1451 = EDGE_CURVE('',#1452,#1452,#1454,.T.);
#1452 = VERTEX_POINT('',#1453);
#1453 = CARTESIAN_POINT('',(94.,96.2,8.));
#1454 = SURFACE_CURVE('',#1455,(#1460,#1467),.PCURVE_S1.);
#1455 = CIRCLE('',#1456,3.25);
#1456 = AXIS2_PLACEMENT_3D('',#1457,#1458,#1459);
#1457 = CARTESIAN_POINT('',(94.,92.95,8.));
#1458 = DIRECTION('',(-1.,0.,0.));
#1459 = DIRECTION('',(0.,1.,0.));
#1460 = PCURVE('',#183,#1461);
#1461 = DEFINITIONAL_REPRESENTATION('',(#1462),#1466);
#1462 = LINE('',#1463,#1464);
#1463 = CARTESIAN_POINT('',(-6.28318530718,-1.5));
#1464 = VECTOR('',#1465,1.);
#1465 = DIRECTION('',(1.,-0.));
#1466 = ( GEOMETRIC_REPRESENTATION_CONTEXT(2) 
PARAMETRIC_REPRESENTATION_CONTEXT() REPRESENTATION_CONTEXT('2D SPACE',''
  ) );
#1467 = PCURVE('',#658,#1468);
#1468 = DEFINITIONAL_REPRESENTATION('',(#1469),#1477);
#1469 = ( BOUNDED_CURVE() B_SPLINE_CURVE(2,(#1470,#1471,#1472,#1473,
#1474,#1475,#1476),.UNSPECIFIED.,.T.,.F.) B_SPLINE_CURVE_WITH_KNOTS((1,2
    ,2,2,2,1),(-2.094395102393,0.,2.094395102393,4.188790204786,
6.28318530718,8.377580409573),.UNSPECIFIED.) CURVE() 
GEOMETRIC_REPRESENTATION_ITEM() RATIONAL_B_SPLINE_CURVE((1.,0.5,1.,0.5,
1.,0.5,1.)) REPRESENTATION_ITEM('') );
#1470 = CARTESIAN_POINT('',(8.,-96.2));
#1471 = CARTESIAN_POINT('',(2.370834875401,-96.2));
#1472 = CARTESIAN_POINT('',(5.185417437701,-91.325));
#1473 = CARTESIAN_POINT('',(8.,-86.45));
#1474 = CARTESIAN_POINT('',(10.814582562299,-91.325));
#1475 = CARTESIAN_POINT('',(13.629165124599,-96.2));
#1476 = CARTESIAN_POINT('',(8.,-96.2));
#1477 = ( GEOMETRIC_REPRESENTATION_CONTEXT(2) 
PARAMETRIC_REPRESENTATION_CONTEXT() REPRESENTATION_CONTEXT('2D SPACE',''
  ) );
#1478 = ORIENTED_EDGE('',*,*,#1479,.T.);
#1479 = EDGE_CURVE('',#1452,#163,#1480,.T.);
#1480 = SEAM_CURVE('',#1481,(#1485,#1492),.PCURVE_S1.);
#1481 = LINE('',#1482,#1483);
#1482 = CARTESIAN_POINT('',(92.5,96.2,8.));
#1483 = VECTOR('',#1484,1.);
#1484 = DIRECTION('',(1.,0.,0.));
#1485 = PCURVE('',#183,#1486);
#1486 = DEFINITIONAL_REPRESENTATION('',(#1487),#1491);
#1487 = LINE('',#1488,#1489);
#1488 = CARTESIAN_POINT('',(-6.28318530718,0.));
#1489 = VECTOR('',#1490,1.);
#1490 = DIRECTION('',(-0.,-1.));
#1491 = ( GEOMETRIC_REPRESENTATION_CONTEXT(2) 
PARAMETRIC_REPRESENTATION_CONTEXT() REPRESENTATION_CONTEXT('2D SPACE',''
  ) );
#1492 = PCURVE('',#183,#1493);
#1493 = DEFINITIONAL_REPRESENTATION('',(#1494),#1498);
#1494 = LINE('',#1495,#1496);
#1495 = CARTESIAN_POINT('',(-0.,0.));
#1496 = VECTOR('',#1497,1.);
#1497 = DIRECTION('',(-0.,-1.));
#1498 = ( GEOMETRIC_REPRESENTATION_CONTEXT(2) 
PARAMETRIC_REPRESENTATION_CONTEXT() REPRESENTATION_CONTEXT('2D SPACE',''
  ) );
#1499 = ORIENTED_EDGE('',*,*,#162,.F.);
#1500 = ORIENTED_EDGE('',*,*,#1479,.F.);
#1501 = ADVANCED_FACE('',(#1502),#214,.T.);
#1502 = FACE_BOUND('',#1503,.T.);
#1503 = EDGE_LOOP('',(#1504,#1527,#1548,#1569));
#1504 = ORIENTED_EDGE('',*,*,#1505,.F.);
#1505 = EDGE_CURVE('',#1506,#198,#1508,.T.);
#1506 = VERTEX_POINT('',#1507);
#1507 = CARTESIAN_POINT('',(94.,62.3,31.1));
#1508 = SURFACE_CURVE('',#1509,(#1513,#1520),.PCURVE_S1.);
#1509 = LINE('',#1510,#1511);
#1510 = CARTESIAN_POINT('',(89.5,62.3,31.1));
#1511 = VECTOR('',#1512,1.);
#1512 = DIRECTION('',(1.,0.,0.));
#1513 = PCURVE('',#214,#1514);
#1514 = DEFINITIONAL_REPRESENTATION('',(#1515),#1519);
#1515 = LINE('',#1516,#1517);
#1516 = CARTESIAN_POINT('',(0.,53.));
#1517 = VECTOR('',#1518,1.);
#1518 = DIRECTION('',(1.,0.));
#1519 = ( GEOMETRIC_REPRESENTATION_CONTEXT(2) 
PARAMETRIC_REPRESENTATION_CONTEXT() REPRESENTATION_CONTEXT('2D SPACE',''
  ) );
#1520 = PCURVE('',#290,#1521);
#1521 = DEFINITIONAL_REPRESENTATION('',(#1522),#1526);
#1522 = LINE('',#1523,#1524);
#1523 = CARTESIAN_POINT('',(0.,0.));
#1524 = VECTOR('',#1525,1.);
#1525 = DIRECTION('',(0.,1.));
#1526 = ( GEOMETRIC_REPRESENTATION_CONTEXT(2) 
PARAMETRIC_REPRESENTATION_CONTEXT() REPRESENTATION_CONTEXT('2D SPACE',''
  ) );
#1527 = ORIENTED_EDGE('',*,*,#1528,.T.);
#1528 = EDGE_CURVE('',#1506,#1529,#1531,.T.);
#1529 = VERTEX_POINT('',#1530);
#1530 = CARTESIAN_POINT('',(94.,9.3,31.1));
#1531 = SURFACE_CURVE('',#1532,(#1536,#1542),.PCURVE_S1.);
#1532 = LINE('',#1533,#1534);
#1533 = CARTESIAN_POINT('',(94.,4.65,31.1));
#1534 = VECTOR('',#1535,1.);
#1535 = DIRECTION('',(0.,-1.,0.));
#1536 = PCURVE('',#214,#1537);
#1537 = DEFINITIONAL_REPRESENTATION('',(#1538),#1541);
#1538 = B_SPLINE_CURVE_WITH_KNOTS('',1,(#1539,#1540),.UNSPECIFIED.,.F.,
  .F.,(2,2),(-57.65,-4.65),.PIECEWISE_BEZIER_KNOTS.);
#1539 = CARTESIAN_POINT('',(4.5,53.));
#1540 = CARTESIAN_POINT('',(4.5,0.));
#1541 = ( GEOMETRIC_REPRESENTATION_CONTEXT(2) 
PARAMETRIC_REPRESENTATION_CONTEXT() REPRESENTATION_CONTEXT('2D SPACE',''
  ) );
#1542 = PCURVE('',#658,#1543);
#1543 = DEFINITIONAL_REPRESENTATION('',(#1544),#1547);
#1544 = B_SPLINE_CURVE_WITH_KNOTS('',1,(#1545,#1546),.UNSPECIFIED.,.F.,
  .F.,(2,2),(-57.65,-4.65),.PIECEWISE_BEZIER_KNOTS.);
#1545 = CARTESIAN_POINT('',(31.1,-62.3));
#1546 = CARTESIAN_POINT('',(31.1,-9.3));
#1547 = ( GEOMETRIC_REPRESENTATION_CONTEXT(2) 
PARAMETRIC_REPRESENTATION_CONTEXT() REPRESENTATION_CONTEXT('2D SPACE',''
  ) );
#1548 = ORIENTED_EDGE('',*,*,#1549,.T.);
#1549 = EDGE_CURVE('',#1529,#200,#1550,.T.);
#1550 = SURFACE_CURVE('',#1551,(#1555,#1562),.PCURVE_S1.);
#1551 = LINE('',#1552,#1553);
#1552 = CARTESIAN_POINT('',(89.5,9.3,31.1));
#1553 = VECTOR('',#1554,1.);
#1554 = DIRECTION('',(1.,0.,0.));
#1555 = PCURVE('',#214,#1556);
#1556 = DEFINITIONAL_REPRESENTATION('',(#1557),#1561);
#1557 = LINE('',#1558,#1559);
#1558 = CARTESIAN_POINT('',(0.,0.));
#1559 = VECTOR('',#1560,1.);
#1560 = DIRECTION('',(1.,0.));
#1561 = ( GEOMETRIC_REPRESENTATION_CONTEXT(2) 
PARAMETRIC_REPRESENTATION_CONTEXT() REPRESENTATION_CONTEXT('2D SPACE',''
  ) );
#1562 = PCURVE('',#240,#1563);
#1563 = DEFINITIONAL_REPRESENTATION('',(#1564),#1568);
#1564 = LINE('',#1565,#1566);
#1565 = CARTESIAN_POINT('',(0.,0.));
#1566 = VECTOR('',#1567,1.);
#1567 = DIRECTION('',(0.,1.));
#1568 = ( GEOMETRIC_REPRESENTATION_CONTEXT(2) 
PARAMETRIC_REPRESENTATION_CONTEXT() REPRESENTATION_CONTEXT('2D SPACE',''
  ) );
#1569 = ORIENTED_EDGE('',*,*,#197,.F.);
#1570 = ADVANCED_FACE('',(#1571),#290,.F.);
#1571 = FACE_BOUND('',#1572,.F.);
#1572 = EDGE_LOOP('',(#1573,#1574,#1595,#1616));
#1573 = ORIENTED_EDGE('',*,*,#1505,.F.);
#1574 = ORIENTED_EDGE('',*,*,#1575,.T.);
#1575 = EDGE_CURVE('',#1506,#1576,#1578,.T.);
#1576 = VERTEX_POINT('',#1577);
#1577 = CARTESIAN_POINT('',(94.,62.3,49.1));
#1578 = SURFACE_CURVE('',#1579,(#1583,#1589),.PCURVE_S1.);
#1579 = LINE('',#1580,#1581);
#1580 = CARTESIAN_POINT('',(94.,62.3,15.55));
#1581 = VECTOR('',#1582,1.);
#1582 = DIRECTION('',(0.,0.,1.));
#1583 = PCURVE('',#290,#1584);
#1584 = DEFINITIONAL_REPRESENTATION('',(#1585),#1588);
#1585 = B_SPLINE_CURVE_WITH_KNOTS('',1,(#1586,#1587),.UNSPECIFIED.,.F.,
  .F.,(2,2),(15.55,33.55),.PIECEWISE_BEZIER_KNOTS.);
#1586 = CARTESIAN_POINT('',(0.,4.5));
#1587 = CARTESIAN_POINT('',(18.,4.5));
#1588 = ( GEOMETRIC_REPRESENTATION_CONTEXT(2) 
PARAMETRIC_REPRESENTATION_CONTEXT() REPRESENTATION_CONTEXT('2D SPACE',''
  ) );
#1589 = PCURVE('',#658,#1590);
#1590 = DEFINITIONAL_REPRESENTATION('',(#1591),#1594);
#1591 = B_SPLINE_CURVE_WITH_KNOTS('',1,(#1592,#1593),.UNSPECIFIED.,.F.,
  .F.,(2,2),(15.55,33.55),.PIECEWISE_BEZIER_KNOTS.);
#1592 = CARTESIAN_POINT('',(31.1,-62.3));
#1593 = CARTESIAN_POINT('',(49.1,-62.3));
#1594 = ( GEOMETRIC_REPRESENTATION_CONTEXT(2) 
PARAMETRIC_REPRESENTATION_CONTEXT() REPRESENTATION_CONTEXT('2D SPACE',''
  ) );
#1595 = ORIENTED_EDGE('',*,*,#1596,.T.);
#1596 = EDGE_CURVE('',#1576,#252,#1597,.T.);
#1597 = SURFACE_CURVE('',#1598,(#1602,#1609),.PCURVE_S1.);
#1598 = LINE('',#1599,#1600);
#1599 = CARTESIAN_POINT('',(89.5,62.3,49.1));
#1600 = VECTOR('',#1601,1.);
#1601 = DIRECTION('',(1.,0.,0.));
#1602 = PCURVE('',#290,#1603);
#1603 = DEFINITIONAL_REPRESENTATION('',(#1604),#1608);
#1604 = LINE('',#1605,#1606);
#1605 = CARTESIAN_POINT('',(18.,0.));
#1606 = VECTOR('',#1607,1.);
#1607 = DIRECTION('',(0.,1.));
#1608 = ( GEOMETRIC_REPRESENTATION_CONTEXT(2) 
PARAMETRIC_REPRESENTATION_CONTEXT() REPRESENTATION_CONTEXT('2D SPACE',''
  ) );
#1609 = PCURVE('',#266,#1610);
#1610 = DEFINITIONAL_REPRESENTATION('',(#1611),#1615);
#1611 = LINE('',#1612,#1613);
#1612 = CARTESIAN_POINT('',(0.,53.));
#1613 = VECTOR('',#1614,1.);
#1614 = DIRECTION('',(1.,0.));
#1615 = ( GEOMETRIC_REPRESENTATION_CONTEXT(2) 
PARAMETRIC_REPRESENTATION_CONTEXT() REPRESENTATION_CONTEXT('2D SPACE',''
  ) );
#1616 = ORIENTED_EDGE('',*,*,#277,.F.);
#1617 = ADVANCED_FACE('',(#1618),#240,.T.);
#1618 = FACE_BOUND('',#1619,.T.);
#1619 = EDGE_LOOP('',(#1620,#1621,#1642,#1663));
#1620 = ORIENTED_EDGE('',*,*,#1549,.F.);
#1621 = ORIENTED_EDGE('',*,*,#1622,.T.);
#1622 = EDGE_CURVE('',#1529,#1623,#1625,.T.);
#1623 = VERTEX_POINT('',#1624);
#1624 = CARTESIAN_POINT('',(94.,9.3,49.1));
#1625 = SURFACE_CURVE('',#1626,(#1630,#1636),.PCURVE_S1.);
#1626 = LINE('',#1627,#1628);
#1627 = CARTESIAN_POINT('',(94.,9.3,15.55));
#1628 = VECTOR('',#1629,1.);
#1629 = DIRECTION('',(0.,0.,1.));
#1630 = PCURVE('',#240,#1631);
#1631 = DEFINITIONAL_REPRESENTATION('',(#1632),#1635);
#1632 = B_SPLINE_CURVE_WITH_KNOTS('',1,(#1633,#1634),.UNSPECIFIED.,.F.,
  .F.,(2,2),(15.55,33.55),.PIECEWISE_BEZIER_KNOTS.);
#1633 = CARTESIAN_POINT('',(0.,4.5));
#1634 = CARTESIAN_POINT('',(18.,4.5));
#1635 = ( GEOMETRIC_REPRESENTATION_CONTEXT(2) 
PARAMETRIC_REPRESENTATION_CONTEXT() REPRESENTATION_CONTEXT('2D SPACE',''
  ) );
#1636 = PCURVE('',#658,#1637);
#1637 = DEFINITIONAL_REPRESENTATION('',(#1638),#1641);
#1638 = B_SPLINE_CURVE_WITH_KNOTS('',1,(#1639,#1640),.UNSPECIFIED.,.F.,
  .F.,(2,2),(15.55,33.55),.PIECEWISE_BEZIER_KNOTS.);
#1639 = CARTESIAN_POINT('',(31.1,-9.3));
#1640 = CARTESIAN_POINT('',(49.1,-9.3));
#1641 = ( GEOMETRIC_REPRESENTATION_CONTEXT(2) 
PARAMETRIC_REPRESENTATION_CONTEXT() REPRESENTATION_CONTEXT('2D SPACE',''
  ) );
#1642 = ORIENTED_EDGE('',*,*,#1643,.T.);
#1643 = EDGE_CURVE('',#1623,#226,#1644,.T.);
#1644 = SURFACE_CURVE('',#1645,(#1649,#1656),.PCURVE_S1.);
#1645 = LINE('',#1646,#1647);
#1646 = CARTESIAN_POINT('',(89.5,9.3,49.1));
#1647 = VECTOR('',#1648,1.);
#1648 = DIRECTION('',(1.,0.,0.));
#1649 = PCURVE('',#240,#1650);
#1650 = DEFINITIONAL_REPRESENTATION('',(#1651),#1655);
#1651 = LINE('',#1652,#1653);
#1652 = CARTESIAN_POINT('',(18.,0.));
#1653 = VECTOR('',#1654,1.);
#1654 = DIRECTION('',(0.,1.));
#1655 = ( GEOMETRIC_REPRESENTATION_CONTEXT(2) 
PARAMETRIC_REPRESENTATION_CONTEXT() REPRESENTATION_CONTEXT('2D SPACE',''
  ) );
#1656 = PCURVE('',#266,#1657);
#1657 = DEFINITIONAL_REPRESENTATION('',(#1658),#1662);
#1658 = LINE('',#1659,#1660);
#1659 = CARTESIAN_POINT('',(0.,0.));
#1660 = VECTOR('',#1661,1.);
#1661 = DIRECTION('',(1.,0.));
#1662 = ( GEOMETRIC_REPRESENTATION_CONTEXT(2) 
PARAMETRIC_REPRESENTATION_CONTEXT() REPRESENTATION_CONTEXT('2D SPACE',''
  ) );
#1663 = ORIENTED_EDGE('',*,*,#225,.F.);
#1664 = ADVANCED_FACE('',(#1665),#266,.F.);
#1665 = FACE_BOUND('',#1666,.F.);
#1666 = EDGE_LOOP('',(#1667,#1668,#1687,#1688));
#1667 = ORIENTED_EDGE('',*,*,#1596,.F.);
#1668 = ORIENTED_EDGE('',*,*,#1669,.T.);
#1669 = EDGE_CURVE('',#1576,#1623,#1670,.T.);
#1670 = SURFACE_CURVE('',#1671,(#1675,#1681),.PCURVE_S1.);
#1671 = LINE('',#1672,#1673);
#1672 = CARTESIAN_POINT('',(94.,4.65,49.1));
#1673 = VECTOR('',#1674,1.);
#1674 = DIRECTION('',(0.,-1.,0.));
#1675 = PCURVE('',#266,#1676);
#1676 = DEFINITIONAL_REPRESENTATION('',(#1677),#1680);
#1677 = B_SPLINE_CURVE_WITH_KNOTS('',1,(#1678,#1679),.UNSPECIFIED.,.F.,
  .F.,(2,2),(-57.65,-4.65),.PIECEWISE_BEZIER_KNOTS.);
#1678 = CARTESIAN_POINT('',(4.5,53.));
#1679 = CARTESIAN_POINT('',(4.5,0.));
#1680 = ( GEOMETRIC_REPRESENTATION_CONTEXT(2) 
PARAMETRIC_REPRESENTATION_CONTEXT() REPRESENTATION_CONTEXT('2D SPACE',''
  ) );
#1681 = PCURVE('',#658,#1682);
#1682 = DEFINITIONAL_REPRESENTATION('',(#1683),#1686);
#1683 = B_SPLINE_CURVE_WITH_KNOTS('',1,(#1684,#1685),.UNSPECIFIED.,.F.,
  .F.,(2,2),(-57.65,-4.65),.PIECEWISE_BEZIER_KNOTS.);
#1684 = CARTESIAN_POINT('',(49.1,-62.3));
#1685 = CARTESIAN_POINT('',(49.1,-9.3));
#1686 = ( GEOMETRIC_REPRESENTATION_CONTEXT(2) 
PARAMETRIC_REPRESENTATION_CONTEXT() REPRESENTATION_CONTEXT('2D SPACE',''
  ) );
#1687 = ORIENTED_EDGE('',*,*,#1643,.T.);
#1688 = ORIENTED_EDGE('',*,*,#251,.F.);
#1689 = ADVANCED_FACE('',(#1690,#1696,#1731,#1837,#1943,#2049,#2155,
    #2190,#2296,#2402),#343,.F.);
#1690 = FACE_BOUND('',#1691,.F.);
#1691 = EDGE_LOOP('',(#1692,#1693,#1694,#1695));
#1692 = ORIENTED_EDGE('',*,*,#327,.F.);
#1693 = ORIENTED_EDGE('',*,*,#1235,.T.);
#1694 = ORIENTED_EDGE('',*,*,#1425,.T.);
#1695 = ORIENTED_EDGE('',*,*,#592,.F.);
#1696 = FACE_BOUND('',#1697,.F.);
#1697 = EDGE_LOOP('',(#1698));
#1698 = ORIENTED_EDGE('',*,*,#1699,.T.);
#1699 = EDGE_CURVE('',#1700,#1700,#1702,.T.);
#1700 = VERTEX_POINT('',#1701);
#1701 = CARTESIAN_POINT('',(0.,57.8,21.));
#1702 = SURFACE_CURVE('',#1703,(#1708,#1719),.PCURVE_S1.);
#1703 = CIRCLE('',#1704,8.5);
#1704 = AXIS2_PLACEMENT_3D('',#1705,#1706,#1707);
#1705 = CARTESIAN_POINT('',(0.,49.3,21.));
#1706 = DIRECTION('',(-1.,0.,0.));
#1707 = DIRECTION('',(0.,1.,0.));
#1708 = PCURVE('',#343,#1709);
#1709 = DEFINITIONAL_REPRESENTATION('',(#1710),#1718);
#1710 = ( BOUNDED_CURVE() B_SPLINE_CURVE(2,(#1711,#1712,#1713,#1714,
#1715,#1716,#1717),.UNSPECIFIED.,.T.,.F.) B_SPLINE_CURVE_WITH_KNOTS((1,2
    ,2,2,2,1),(-2.094395102393,0.,2.094395102393,4.188790204786,
6.28318530718,8.377580409573),.UNSPECIFIED.) CURVE() 
GEOMETRIC_REPRESENTATION_ITEM() RATIONAL_B_SPLINE_CURVE((1.,0.5,1.,0.5,
1.,0.5,1.)) REPRESENTATION_ITEM('') );
#1711 = CARTESIAN_POINT('',(21.,-57.8));
#1712 = CARTESIAN_POINT('',(6.277568135665,-57.8));
#1713 = CARTESIAN_POINT('',(13.638784067832,-45.05));
#1714 = CARTESIAN_POINT('',(21.,-32.3));
#1715 = CARTESIAN_POINT('',(28.361215932168,-45.05));
#1716 = CARTESIAN_POINT('',(35.722431864335,-57.8));
#1717 = CARTESIAN_POINT('',(21.,-57.8));
#1718 = ( GEOMETRIC_REPRESENTATION_CONTEXT(2) 
PARAMETRIC_REPRESENTATION_CONTEXT() REPRESENTATION_CONTEXT('2D SPACE',''
  ) );
#1719 = PCURVE('',#1720,#1725);
#1720 = CYLINDRICAL_SURFACE('',#1721,8.5);
#1721 = AXIS2_PLACEMENT_3D('',#1722,#1723,#1724);
#1722 = CARTESIAN_POINT('',(-1.,49.3,21.));
#1723 = DIRECTION('',(-1.,-0.,-0.));
#1724 = DIRECTION('',(0.,1.,0.));
#1725 = DEFINITIONAL_REPRESENTATION('',(#1726),#1730);
#1726 = LINE('',#1727,#1728);
#1727 = CARTESIAN_POINT('',(-6.28318530718,-1.));
#1728 = VECTOR('',#1729,1.);
#1729 = DIRECTION('',(1.,-0.));
#1730 = ( GEOMETRIC_REPRESENTATION_CONTEXT(2) 
PARAMETRIC_REPRESENTATION_CONTEXT() REPRESENTATION_CONTEXT('2D SPACE',''
  ) );
#1731 = FACE_BOUND('',#1732,.F.);
#1732 = EDGE_LOOP('',(#1733,#1761,#1787,#1813));
#1733 = ORIENTED_EDGE('',*,*,#1734,.T.);
#1734 = EDGE_CURVE('',#1735,#1737,#1739,.T.);
#1735 = VERTEX_POINT('',#1736);
#1736 = CARTESIAN_POINT('',(0.,59.3,33.5));
#1737 = VERTEX_POINT('',#1738);
#1738 = CARTESIAN_POINT('',(0.,56.3,33.5));
#1739 = SURFACE_CURVE('',#1740,(#1744,#1750),.PCURVE_S1.);
#1740 = LINE('',#1741,#1742);
#1741 = CARTESIAN_POINT('',(0.,28.15,33.5));
#1742 = VECTOR('',#1743,1.);
#1743 = DIRECTION('',(0.,-1.,0.));
#1744 = PCURVE('',#343,#1745);
#1745 = DEFINITIONAL_REPRESENTATION('',(#1746),#1749);
#1746 = B_SPLINE_CURVE_WITH_KNOTS('',1,(#1747,#1748),.UNSPECIFIED.,.F.,
  .F.,(2,2),(-31.15,-28.15),.PIECEWISE_BEZIER_KNOTS.);
#1747 = CARTESIAN_POINT('',(33.5,-59.3));
#1748 = CARTESIAN_POINT('',(33.5,-56.3));
#1749 = ( GEOMETRIC_REPRESENTATION_CONTEXT(2) 
PARAMETRIC_REPRESENTATION_CONTEXT() REPRESENTATION_CONTEXT('2D SPACE',''
  ) );
#1750 = PCURVE('',#1751,#1756);
#1751 = PLANE('',#1752);
#1752 = AXIS2_PLACEMENT_3D('',#1753,#1754,#1755);
#1753 = CARTESIAN_POINT('',(-4.5,56.3,33.5));
#1754 = DIRECTION('',(0.,0.,1.));
#1755 = DIRECTION('',(1.,0.,0.));
#1756 = DEFINITIONAL_REPRESENTATION('',(#1757),#1760);
#1757 = B_SPLINE_CURVE_WITH_KNOTS('',1,(#1758,#1759),.UNSPECIFIED.,.F.,
  .F.,(2,2),(-31.15,-28.15),.PIECEWISE_BEZIER_KNOTS.);
#1758 = CARTESIAN_POINT('',(4.5,3.));
#1759 = CARTESIAN_POINT('',(4.5,0.));
#1760 = ( GEOMETRIC_REPRESENTATION_CONTEXT(2) 
PARAMETRIC_REPRESENTATION_CONTEXT() REPRESENTATION_CONTEXT('2D SPACE',''
  ) );
#1761 = ORIENTED_EDGE('',*,*,#1762,.T.);
#1762 = EDGE_CURVE('',#1737,#1763,#1765,.T.);
#1763 = VERTEX_POINT('',#1764);
#1764 = CARTESIAN_POINT('',(0.,56.3,46.7));
#1765 = SURFACE_CURVE('',#1766,(#1770,#1776),.PCURVE_S1.);
#1766 = LINE('',#1767,#1768);
#1767 = CARTESIAN_POINT('',(0.,56.3,16.75));
#1768 = VECTOR('',#1769,1.);
#1769 = DIRECTION('',(0.,0.,1.));
#1770 = PCURVE('',#343,#1771);
#1771 = DEFINITIONAL_REPRESENTATION('',(#1772),#1775);
#1772 = B_SPLINE_CURVE_WITH_KNOTS('',1,(#1773,#1774),.UNSPECIFIED.,.F.,
  .F.,(2,2),(16.75,29.95),.PIECEWISE_BEZIER_KNOTS.);
#1773 = CARTESIAN_POINT('',(33.5,-56.3));
#1774 = CARTESIAN_POINT('',(46.7,-56.3));
#1775 = ( GEOMETRIC_REPRESENTATION_CONTEXT(2) 
PARAMETRIC_REPRESENTATION_CONTEXT() REPRESENTATION_CONTEXT('2D SPACE',''
  ) );
#1776 = PCURVE('',#1777,#1782);
#1777 = PLANE('',#1778);
#1778 = AXIS2_PLACEMENT_3D('',#1779,#1780,#1781);
#1779 = CARTESIAN_POINT('',(-4.5,56.3,33.5));
#1780 = DIRECTION('',(0.,1.,0.));
#1781 = DIRECTION('',(0.,0.,1.));
#1782 = DEFINITIONAL_REPRESENTATION('',(#1783),#1786);
#1783 = B_SPLINE_CURVE_WITH_KNOTS('',1,(#1784,#1785),.UNSPECIFIED.,.F.,
  .F.,(2,2),(16.75,29.95),.PIECEWISE_BEZIER_KNOTS.);
#1784 = CARTESIAN_POINT('',(0.,4.5));
#1785 = CARTESIAN_POINT('',(13.2,4.5));
#1786 = ( GEOMETRIC_REPRESENTATION_CONTEXT(2) 
PARAMETRIC_REPRESENTATION_CONTEXT() REPRESENTATION_CONTEXT('2D SPACE',''
  ) );
#1787 = ORIENTED_EDGE('',*,*,#1788,.F.);
#1788 = EDGE_CURVE('',#1789,#1763,#1791,.T.);
#1789 = VERTEX_POINT('',#1790);
#1790 = CARTESIAN_POINT('',(0.,59.3,46.7));
#1791 = SURFACE_CURVE('',#1792,(#1796,#1802),.PCURVE_S1.);
#1792 = LINE('',#1793,#1794);
#1793 = CARTESIAN_POINT('',(0.,28.15,46.7));
#1794 = VECTOR('',#1795,1.);
#1795 = DIRECTION('',(0.,-1.,0.));
#1796 = PCURVE('',#343,#1797);
#1797 = DEFINITIONAL_REPRESENTATION('',(#1798),#1801);
#1798 = B_SPLINE_CURVE_WITH_KNOTS('',1,(#1799,#1800),.UNSPECIFIED.,.F.,
  .F.,(2,2),(-31.15,-28.15),.PIECEWISE_BEZIER_KNOTS.);
#1799 = CARTESIAN_POINT('',(46.7,-59.3));
#1800 = CARTESIAN_POINT('',(46.7,-56.3));
#1801 = ( GEOMETRIC_REPRESENTATION_CONTEXT(2) 
PARAMETRIC_REPRESENTATION_CONTEXT() REPRESENTATION_CONTEXT('2D SPACE',''
  ) );
#1802 = PCURVE('',#1803,#1808);
#1803 = PLANE('',#1804);
#1804 = AXIS2_PLACEMENT_3D('',#1805,#1806,#1807);
#1805 = CARTESIAN_POINT('',(-4.5,56.3,46.7));
#1806 = DIRECTION('',(0.,0.,1.));
#1807 = DIRECTION('',(1.,0.,0.));
#1808 = DEFINITIONAL_REPRESENTATION('',(#1809),#1812);
#1809 = B_SPLINE_CURVE_WITH_KNOTS('',1,(#1810,#1811),.UNSPECIFIED.,.F.,
  .F.,(2,2),(-31.15,-28.15),.PIECEWISE_BEZIER_KNOTS.);
#1810 = CARTESIAN_POINT('',(4.5,3.));
#1811 = CARTESIAN_POINT('',(4.5,0.));
#1812 = ( GEOMETRIC_REPRESENTATION_CONTEXT(2) 
PARAMETRIC_REPRESENTATION_CONTEXT() REPRESENTATION_CONTEXT('2D SPACE',''
  ) );
#1813 = ORIENTED_EDGE('',*,*,#1814,.F.);
#1814 = EDGE_CURVE('',#1735,#1789,#1815,.T.);
#1815 = SURFACE_CURVE('',#1816,(#1820,#1826),.PCURVE_S1.);
#1816 = LINE('',#1817,#1818);
#1817 = CARTESIAN_POINT('',(0.,59.3,16.75));
#1818 = VECTOR('',#1819,1.);
#1819 = DIRECTION('',(0.,0.,1.));
#1820 = PCURVE('',#343,#1821);
#1821 = DEFINITIONAL_REPRESENTATION('',(#1822),#1825);
#1822 = B_SPLINE_CURVE_WITH_KNOTS('',1,(#1823,#1824),.UNSPECIFIED.,.F.,
  .F.,(2,2),(16.75,29.95),.PIECEWISE_BEZIER_KNOTS.);
#1823 = CARTESIAN_POINT('',(33.5,-59.3));
#1824 = CARTESIAN_POINT('',(46.7,-59.3));
#1825 = ( GEOMETRIC_REPRESENTATION_CONTEXT(2) 
PARAMETRIC_REPRESENTATION_CONTEXT() REPRESENTATION_CONTEXT('2D SPACE',''
  ) );
#1826 = PCURVE('',#1827,#1832);
#1827 = PLANE('',#1828);
#1828 = AXIS2_PLACEMENT_3D('',#1829,#1830,#1831);
#1829 = CARTESIAN_POINT('',(-4.5,59.3,33.5));
#1830 = DIRECTION('',(0.,1.,0.));
#1831 = DIRECTION('',(0.,0.,1.));
#1832 = DEFINITIONAL_REPRESENTATION('',(#1833),#1836);
#1833 = B_SPLINE_CURVE_WITH_KNOTS('',1,(#1834,#1835),.UNSPECIFIED.,.F.,
  .F.,(2,2),(16.75,29.95),.PIECEWISE_BEZIER_KNOTS.);
#1834 = CARTESIAN_POINT('',(0.,4.5));
#1835 = CARTESIAN_POINT('',(13.2,4.5));
#1836 = ( GEOMETRIC_REPRESENTATION_CONTEXT(2) 
PARAMETRIC_REPRESENTATION_CONTEXT() REPRESENTATION_CONTEXT('2D SPACE',''
  ) );
#1837 = FACE_BOUND('',#1838,.F.);
#1838 = EDGE_LOOP('',(#1839,#1867,#1893,#1919));
#1839 = ORIENTED_EDGE('',*,*,#1840,.T.);
#1840 = EDGE_CURVE('',#1841,#1843,#1845,.T.);
#1841 = VERTEX_POINT('',#1842);
#1842 = CARTESIAN_POINT('',(0.,51.8,33.5));
#1843 = VERTEX_POINT('',#1844);
#1844 = CARTESIAN_POINT('',(0.,48.8,33.5));
#1845 = SURFACE_CURVE('',#1846,(#1850,#1856),.PCURVE_S1.);
#1846 = LINE('',#1847,#1848);
#1847 = CARTESIAN_POINT('',(0.,24.4,33.5));
#1848 = VECTOR('',#1849,1.);
#1849 = DIRECTION('',(0.,-1.,0.));
#1850 = PCURVE('',#343,#1851);
#1851 = DEFINITIONAL_REPRESENTATION('',(#1852),#1855);
#1852 = B_SPLINE_CURVE_WITH_KNOTS('',1,(#1853,#1854),.UNSPECIFIED.,.F.,
  .F.,(2,2),(-27.4,-24.4),.PIECEWISE_BEZIER_KNOTS.);
#1853 = CARTESIAN_POINT('',(33.5,-51.8));
#1854 = CARTESIAN_POINT('',(33.5,-48.8));
#1855 = ( GEOMETRIC_REPRESENTATION_CONTEXT(2) 
PARAMETRIC_REPRESENTATION_CONTEXT() REPRESENTATION_CONTEXT('2D SPACE',''
  ) );
#1856 = PCURVE('',#1857,#1862);
#1857 = PLANE('',#1858);
#1858 = AXIS2_PLACEMENT_3D('',#1859,#1860,#1861);
#1859 = CARTESIAN_POINT('',(-4.5,48.8,33.5));
#1860 = DIRECTION('',(0.,0.,1.));
#1861 = DIRECTION('',(1.,0.,0.));
#1862 = DEFINITIONAL_REPRESENTATION('',(#1863),#1866);
#1863 = B_SPLINE_CURVE_WITH_KNOTS('',1,(#1864,#1865),.UNSPECIFIED.,.F.,
  .F.,(2,2),(-27.4,-24.4),.PIECEWISE_BEZIER_KNOTS.);
#1864 = CARTESIAN_POINT('',(4.5,3.));
#1865 = CARTESIAN_POINT('',(4.5,0.));
#1866 = ( GEOMETRIC_REPRESENTATION_CONTEXT(2) 
PARAMETRIC_REPRESENTATION_CONTEXT() REPRESENTATION_CONTEXT('2D SPACE',''
  ) );
#1867 = ORIENTED_EDGE('',*,*,#1868,.T.);
#1868 = EDGE_CURVE('',#1843,#1869,#1871,.T.);
#1869 = VERTEX_POINT('',#1870);
#1870 = CARTESIAN_POINT('',(0.,48.8,46.7));
#1871 = SURFACE_CURVE('',#1872,(#1876,#1882),.PCURVE_S1.);
#1872 = LINE('',#1873,#1874);
#1873 = CARTESIAN_POINT('',(0.,48.8,16.75));
#1874 = VECTOR('',#1875,1.);
#1875 = DIRECTION('',(0.,0.,1.));
#1876 = PCURVE('',#343,#1877);
#1877 = DEFINITIONAL_REPRESENTATION('',(#1878),#1881);
#1878 = B_SPLINE_CURVE_WITH_KNOTS('',1,(#1879,#1880),.UNSPECIFIED.,.F.,
  .F.,(2,2),(16.75,29.95),.PIECEWISE_BEZIER_KNOTS.);
#1879 = CARTESIAN_POINT('',(33.5,-48.8));
#1880 = CARTESIAN_POINT('',(46.7,-48.8));
#1881 = ( GEOMETRIC_REPRESENTATION_CONTEXT(2) 
PARAMETRIC_REPRESENTATION_CONTEXT() REPRESENTATION_CONTEXT('2D SPACE',''
  ) );
#1882 = PCURVE('',#1883,#1888);
#1883 = PLANE('',#1884);
#1884 = AXIS2_PLACEMENT_3D('',#1885,#1886,#1887);
#1885 = CARTESIAN_POINT('',(-4.5,48.8,33.5));
#1886 = DIRECTION('',(0.,1.,0.));
#1887 = DIRECTION('',(0.,0.,1.));
#1888 = DEFINITIONAL_REPRESENTATION('',(#1889),#1892);
#1889 = B_SPLINE_CURVE_WITH_KNOTS('',1,(#1890,#1891),.UNSPECIFIED.,.F.,
  .F.,(2,2),(16.75,29.95),.PIECEWISE_BEZIER_KNOTS.);
#1890 = CARTESIAN_POINT('',(0.,4.5));
#1891 = CARTESIAN_POINT('',(13.2,4.5));
#1892 = ( GEOMETRIC_REPRESENTATION_CONTEXT(2) 
PARAMETRIC_REPRESENTATION_CONTEXT() REPRESENTATION_CONTEXT('2D SPACE',''
  ) );
#1893 = ORIENTED_EDGE('',*,*,#1894,.F.);
#1894 = EDGE_CURVE('',#1895,#1869,#1897,.T.);
#1895 = VERTEX_POINT('',#1896);
#1896 = CARTESIAN_POINT('',(0.,51.8,46.7));
#1897 = SURFACE_CURVE('',#1898,(#1902,#1908),.PCURVE_S1.);
#1898 = LINE('',#1899,#1900);
#1899 = CARTESIAN_POINT('',(0.,24.4,46.7));
#1900 = VECTOR('',#1901,1.);
#1901 = DIRECTION('',(0.,-1.,0.));
#1902 = PCURVE('',#343,#1903);
#1903 = DEFINITIONAL_REPRESENTATION('',(#1904),#1907);
#1904 = B_SPLINE_CURVE_WITH_KNOTS('',1,(#1905,#1906),.UNSPECIFIED.,.F.,
  .F.,(2,2),(-27.4,-24.4),.PIECEWISE_BEZIER_KNOTS.);
#1905 = CARTESIAN_POINT('',(46.7,-51.8));
#1906 = CARTESIAN_POINT('',(46.7,-48.8));
#1907 = ( GEOMETRIC_REPRESENTATION_CONTEXT(2) 
PARAMETRIC_REPRESENTATION_CONTEXT() REPRESENTATION_CONTEXT('2D SPACE',''
  ) );
#1908 = PCURVE('',#1909,#1914);
#1909 = PLANE('',#1910);
#1910 = AXIS2_PLACEMENT_3D('',#1911,#1912,#1913);
#1911 = CARTESIAN_POINT('',(-4.5,48.8,46.7));
#1912 = DIRECTION('',(0.,0.,1.));
#1913 = DIRECTION('',(1.,0.,0.));
#1914 = DEFINITIONAL_REPRESENTATION('',(#1915),#1918);
#1915 = B_SPLINE_CURVE_WITH_KNOTS('',1,(#1916,#1917),.UNSPECIFIED.,.F.,
  .F.,(2,2),(-27.4,-24.4),.PIECEWISE_BEZIER_KNOTS.);
#1916 = CARTESIAN_POINT('',(4.5,3.));
#1917 = CARTESIAN_POINT('',(4.5,0.));
#1918 = ( GEOMETRIC_REPRESENTATION_CONTEXT(2) 
PARAMETRIC_REPRESENTATION_CONTEXT() REPRESENTATION_CONTEXT('2D SPACE',''
  ) );
#1919 = ORIENTED_EDGE('',*,*,#1920,.F.);
#1920 = EDGE_CURVE('',#1841,#1895,#1921,.T.);
#1921 = SURFACE_CURVE('',#1922,(#1926,#1932),.PCURVE_S1.);
#1922 = LINE('',#1923,#1924);
#1923 = CARTESIAN_POINT('',(0.,51.8,16.75));
#1924 = VECTOR('',#1925,1.);
#1925 = DIRECTION('',(0.,0.,1.));
#1926 = PCURVE('',#343,#1927);
#1927 = DEFINITIONAL_REPRESENTATION('',(#1928),#1931);
#1928 = B_SPLINE_CURVE_WITH_KNOTS('',1,(#1929,#1930),.UNSPECIFIED.,.F.,
  .F.,(2,2),(16.75,29.95),.PIECEWISE_BEZIER_KNOTS.);
#1929 = CARTESIAN_POINT('',(33.5,-51.8));
#1930 = CARTESIAN_POINT('',(46.7,-51.8));
#1931 = ( GEOMETRIC_REPRESENTATION_CONTEXT(2) 
PARAMETRIC_REPRESENTATION_CONTEXT() REPRESENTATION_CONTEXT('2D SPACE',''
  ) );
#1932 = PCURVE('',#1933,#1938);
#1933 = PLANE('',#1934);
#1934 = AXIS2_PLACEMENT_3D('',#1935,#1936,#1937);
#1935 = CARTESIAN_POINT('',(-4.5,51.8,33.5));
#1936 = DIRECTION('',(0.,1.,0.));
#1937 = DIRECTION('',(0.,0.,1.));
#1938 = DEFINITIONAL_REPRESENTATION('',(#1939),#1942);
#1939 = B_SPLINE_CURVE_WITH_KNOTS('',1,(#1940,#1941),.UNSPECIFIED.,.F.,
  .F.,(2,2),(16.75,29.95),.PIECEWISE_BEZIER_KNOTS.);
#1940 = CARTESIAN_POINT('',(0.,4.5));
#1941 = CARTESIAN_POINT('',(13.2,4.5));
#1942 = ( GEOMETRIC_REPRESENTATION_CONTEXT(2) 
PARAMETRIC_REPRESENTATION_CONTEXT() REPRESENTATION_CONTEXT('2D SPACE',''
  ) );
#1943 = FACE_BOUND('',#1944,.F.);
#1944 = EDGE_LOOP('',(#1945,#1973,#1999,#2025));
#1945 = ORIENTED_EDGE('',*,*,#1946,.T.);
#1946 = EDGE_CURVE('',#1947,#1949,#1951,.T.);
#1947 = VERTEX_POINT('',#1948);
#1948 = CARTESIAN_POINT('',(0.,44.3,33.5));
#1949 = VERTEX_POINT('',#1950);
#1950 = CARTESIAN_POINT('',(0.,41.3,33.5));
#1951 = SURFACE_CURVE('',#1952,(#1956,#1962),.PCURVE_S1.);
#1952 = LINE('',#1953,#1954);
#1953 = CARTESIAN_POINT('',(0.,20.65,33.5));
#1954 = VECTOR('',#1955,1.);
#1955 = DIRECTION('',(0.,-1.,0.));
#1956 = PCURVE('',#343,#1957);
#1957 = DEFINITIONAL_REPRESENTATION('',(#1958),#1961);
#1958 = B_SPLINE_CURVE_WITH_KNOTS('',1,(#1959,#1960),.UNSPECIFIED.,.F.,
  .F.,(2,2),(-23.65,-20.65),.PIECEWISE_BEZIER_KNOTS.);
#1959 = CARTESIAN_POINT('',(33.5,-44.3));
#1960 = CARTESIAN_POINT('',(33.5,-41.3));
#1961 = ( GEOMETRIC_REPRESENTATION_CONTEXT(2) 
PARAMETRIC_REPRESENTATION_CONTEXT() REPRESENTATION_CONTEXT('2D SPACE',''
  ) );
#1962 = PCURVE('',#1963,#1968);
#1963 = PLANE('',#1964);
#1964 = AXIS2_PLACEMENT_3D('',#1965,#1966,#1967);
#1965 = CARTESIAN_POINT('',(-4.5,41.3,33.5));
#1966 = DIRECTION('',(0.,0.,1.));
#1967 = DIRECTION('',(1.,0.,0.));
#1968 = DEFINITIONAL_REPRESENTATION('',(#1969),#1972);
#1969 = B_SPLINE_CURVE_WITH_KNOTS('',1,(#1970,#1971),.UNSPECIFIED.,.F.,
  .F.,(2,2),(-23.65,-20.65),.PIECEWISE_BEZIER_KNOTS.);
#1970 = CARTESIAN_POINT('',(4.5,3.));
#1971 = CARTESIAN_POINT('',(4.5,0.));
#1972 = ( GEOMETRIC_REPRESENTATION_CONTEXT(2) 
PARAMETRIC_REPRESENTATION_CONTEXT() REPRESENTATION_CONTEXT('2D SPACE',''
  ) );
#1973 = ORIENTED_EDGE('',*,*,#1974,.T.);
#1974 = EDGE_CURVE('',#1949,#1975,#1977,.T.);
#1975 = VERTEX_POINT('',#1976);
#1976 = CARTESIAN_POINT('',(0.,41.3,46.7));
#1977 = SURFACE_CURVE('',#1978,(#1982,#1988),.PCURVE_S1.);
#1978 = LINE('',#1979,#1980);
#1979 = CARTESIAN_POINT('',(0.,41.3,16.75));
#1980 = VECTOR('',#1981,1.);
#1981 = DIRECTION('',(0.,0.,1.));
#1982 = PCURVE('',#343,#1983);
#1983 = DEFINITIONAL_REPRESENTATION('',(#1984),#1987);
#1984 = B_SPLINE_CURVE_WITH_KNOTS('',1,(#1985,#1986),.UNSPECIFIED.,.F.,
  .F.,(2,2),(16.75,29.95),.PIECEWISE_BEZIER_KNOTS.);
#1985 = CARTESIAN_POINT('',(33.5,-41.3));
#1986 = CARTESIAN_POINT('',(46.7,-41.3));
#1987 = ( GEOMETRIC_REPRESENTATION_CONTEXT(2) 
PARAMETRIC_REPRESENTATION_CONTEXT() REPRESENTATION_CONTEXT('2D SPACE',''
  ) );
#1988 = PCURVE('',#1989,#1994);
#1989 = PLANE('',#1990);
#1990 = AXIS2_PLACEMENT_3D('',#1991,#1992,#1993);
#1991 = CARTESIAN_POINT('',(-4.5,41.3,33.5));
#1992 = DIRECTION('',(0.,1.,0.));
#1993 = DIRECTION('',(0.,0.,1.));
#1994 = DEFINITIONAL_REPRESENTATION('',(#1995),#1998);
#1995 = B_SPLINE_CURVE_WITH_KNOTS('',1,(#1996,#1997),.UNSPECIFIED.,.F.,
  .F.,(2,2),(16.75,29.95),.PIECEWISE_BEZIER_KNOTS.);
#1996 = CARTESIAN_POINT('',(0.,4.5));
#1997 = CARTESIAN_POINT('',(13.2,4.5));
#1998 = ( GEOMETRIC_REPRESENTATION_CONTEXT(2) 
PARAMETRIC_REPRESENTATION_CONTEXT() REPRESENTATION_CONTEXT('2D SPACE',''
  ) );
#1999 = ORIENTED_EDGE('',*,*,#2000,.F.);
#2000 = EDGE_CURVE('',#2001,#1975,#2003,.T.);
#2001 = VERTEX_POINT('',#2002);
#2002 = CARTESIAN_POINT('',(0.,44.3,46.7));
#2003 = SURFACE_CURVE('',#2004,(#2008,#2014),.PCURVE_S1.);
#2004 = LINE('',#2005,#2006);
#2005 = CARTESIAN_POINT('',(0.,20.65,46.7));
#2006 = VECTOR('',#2007,1.);
#2007 = DIRECTION('',(0.,-1.,0.));
#2008 = PCURVE('',#343,#2009);
#2009 = DEFINITIONAL_REPRESENTATION('',(#2010),#2013);
#2010 = B_SPLINE_CURVE_WITH_KNOTS('',1,(#2011,#2012),.UNSPECIFIED.,.F.,
  .F.,(2,2),(-23.65,-20.65),.PIECEWISE_BEZIER_KNOTS.);
#2011 = CARTESIAN_POINT('',(46.7,-44.3));
#2012 = CARTESIAN_POINT('',(46.7,-41.3));
#2013 = ( GEOMETRIC_REPRESENTATION_CONTEXT(2) 
PARAMETRIC_REPRESENTATION_CONTEXT() REPRESENTATION_CONTEXT('2D SPACE',''
  ) );
#2014 = PCURVE('',#2015,#2020);
#2015 = PLANE('',#2016);
#2016 = AXIS2_PLACEMENT_3D('',#2017,#2018,#2019);
#2017 = CARTESIAN_POINT('',(-4.5,41.3,46.7));
#2018 = DIRECTION('',(0.,0.,1.));
#2019 = DIRECTION('',(1.,0.,0.));
#2020 = DEFINITIONAL_REPRESENTATION('',(#2021),#2024);
#2021 = B_SPLINE_CURVE_WITH_KNOTS('',1,(#2022,#2023),.UNSPECIFIED.,.F.,
  .F.,(2,2),(-23.65,-20.65),.PIECEWISE_BEZIER_KNOTS.);
#2022 = CARTESIAN_POINT('',(4.5,3.));
#2023 = CARTESIAN_POINT('',(4.5,0.));
#2024 = ( GEOMETRIC_REPRESENTATION_CONTEXT(2) 
PARAMETRIC_REPRESENTATION_CONTEXT() REPRESENTATION_CONTEXT('2D SPACE',''
  ) );
#2025 = ORIENTED_EDGE('',*,*,#2026,.F.);
#2026 = EDGE_CURVE('',#1947,#2001,#2027,.T.);
#2027 = SURFACE_CURVE('',#2028,(#2032,#2038),.PCURVE_S1.);
#2028 = LINE('',#2029,#2030);
#2029 = CARTESIAN_POINT('',(0.,44.3,16.75));
#2030 = VECTOR('',#2031,1.);
#2031 = DIRECTION('',(0.,0.,1.));
#2032 = PCURVE('',#343,#2033);
#2033 = DEFINITIONAL_REPRESENTATION('',(#2034),#2037);
#2034 = B_SPLINE_CURVE_WITH_KNOTS('',1,(#2035,#2036),.UNSPECIFIED.,.F.,
  .F.,(2,2),(16.75,29.95),.PIECEWISE_BEZIER_KNOTS.);
#2035 = CARTESIAN_POINT('',(33.5,-44.3));
#2036 = CARTESIAN_POINT('',(46.7,-44.3));
#2037 = ( GEOMETRIC_REPRESENTATION_CONTEXT(2) 
PARAMETRIC_REPRESENTATION_CONTEXT() REPRESENTATION_CONTEXT('2D SPACE',''
  ) );
#2038 = PCURVE('',#2039,#2044);
#2039 = PLANE('',#2040);
#2040 = AXIS2_PLACEMENT_3D('',#2041,#2042,#2043);
#2041 = CARTESIAN_POINT('',(-4.5,44.3,33.5));
#2042 = DIRECTION('',(0.,1.,0.));
#2043 = DIRECTION('',(0.,0.,1.));
#2044 = DEFINITIONAL_REPRESENTATION('',(#2045),#2048);
#2045 = B_SPLINE_CURVE_WITH_KNOTS('',1,(#2046,#2047),.UNSPECIFIED.,.F.,
  .F.,(2,2),(16.75,29.95),.PIECEWISE_BEZIER_KNOTS.);
#2046 = CARTESIAN_POINT('',(0.,4.5));
#2047 = CARTESIAN_POINT('',(13.2,4.5));
#2048 = ( GEOMETRIC_REPRESENTATION_CONTEXT(2) 
PARAMETRIC_REPRESENTATION_CONTEXT() REPRESENTATION_CONTEXT('2D SPACE',''
  ) );
#2049 = FACE_BOUND('',#2050,.F.);
#2050 = EDGE_LOOP('',(#2051,#2079,#2105,#2131));
#2051 = ORIENTED_EDGE('',*,*,#2052,.T.);
#2052 = EDGE_CURVE('',#2053,#2055,#2057,.T.);
#2053 = VERTEX_POINT('',#2054);
#2054 = CARTESIAN_POINT('',(0.,42.3,26.4));
#2055 = VERTEX_POINT('',#2056);
#2056 = CARTESIAN_POINT('',(0.,28.3,26.4));
#2057 = SURFACE_CURVE('',#2058,(#2062,#2068),.PCURVE_S1.);
#2058 = LINE('',#2059,#2060);
#2059 = CARTESIAN_POINT('',(0.,14.15,26.4));
#2060 = VECTOR('',#2061,1.);
#2061 = DIRECTION('',(0.,-1.,0.));
#2062 = PCURVE('',#343,#2063);
#2063 = DEFINITIONAL_REPRESENTATION('',(#2064),#2067);
#2064 = B_SPLINE_CURVE_WITH_KNOTS('',1,(#2065,#2066),.UNSPECIFIED.,.F.,
  .F.,(2,2),(-28.15,-14.15),.PIECEWISE_BEZIER_KNOTS.);
#2065 = CARTESIAN_POINT('',(26.4,-42.3));
#2066 = CARTESIAN_POINT('',(26.4,-28.3));
#2067 = ( GEOMETRIC_REPRESENTATION_CONTEXT(2) 
PARAMETRIC_REPRESENTATION_CONTEXT() REPRESENTATION_CONTEXT('2D SPACE',''
  ) );
#2068 = PCURVE('',#2069,#2074);
#2069 = PLANE('',#2070);
#2070 = AXIS2_PLACEMENT_3D('',#2071,#2072,#2073);
#2071 = CARTESIAN_POINT('',(-4.5,28.3,26.4));
#2072 = DIRECTION('',(0.,0.,1.));
#2073 = DIRECTION('',(1.,0.,0.));
#2074 = DEFINITIONAL_REPRESENTATION('',(#2075),#2078);
#2075 = B_SPLINE_CURVE_WITH_KNOTS('',1,(#2076,#2077),.UNSPECIFIED.,.F.,
  .F.,(2,2),(-28.15,-14.15),.PIECEWISE_BEZIER_KNOTS.);
#2076 = CARTESIAN_POINT('',(4.5,14.));
#2077 = CARTESIAN_POINT('',(4.5,0.));
#2078 = ( GEOMETRIC_REPRESENTATION_CONTEXT(2) 
PARAMETRIC_REPRESENTATION_CONTEXT() REPRESENTATION_CONTEXT('2D SPACE',''
  ) );
#2079 = ORIENTED_EDGE('',*,*,#2080,.T.);
#2080 = EDGE_CURVE('',#2055,#2081,#2083,.T.);
#2081 = VERTEX_POINT('',#2082);
#2082 = CARTESIAN_POINT('',(0.,28.3,29.4));
#2083 = SURFACE_CURVE('',#2084,(#2088,#2094),.PCURVE_S1.);
#2084 = LINE('',#2085,#2086);
#2085 = CARTESIAN_POINT('',(0.,28.3,13.2));
#2086 = VECTOR('',#2087,1.);
#2087 = DIRECTION('',(0.,0.,1.));
#2088 = PCURVE('',#343,#2089);
#2089 = DEFINITIONAL_REPRESENTATION('',(#2090),#2093);
#2090 = B_SPLINE_CURVE_WITH_KNOTS('',1,(#2091,#2092),.UNSPECIFIED.,.F.,
  .F.,(2,2),(13.2,16.2),.PIECEWISE_BEZIER_KNOTS.);
#2091 = CARTESIAN_POINT('',(26.4,-28.3));
#2092 = CARTESIAN_POINT('',(29.4,-28.3));
#2093 = ( GEOMETRIC_REPRESENTATION_CONTEXT(2) 
PARAMETRIC_REPRESENTATION_CONTEXT() REPRESENTATION_CONTEXT('2D SPACE',''
  ) );
#2094 = PCURVE('',#2095,#2100);
#2095 = PLANE('',#2096);
#2096 = AXIS2_PLACEMENT_3D('',#2097,#2098,#2099);
#2097 = CARTESIAN_POINT('',(-4.5,28.3,26.4));
#2098 = DIRECTION('',(0.,1.,0.));
#2099 = DIRECTION('',(0.,0.,1.));
#2100 = DEFINITIONAL_REPRESENTATION('',(#2101),#2104);
#2101 = B_SPLINE_CURVE_WITH_KNOTS('',1,(#2102,#2103),.UNSPECIFIED.,.F.,
  .F.,(2,2),(13.2,16.2),.PIECEWISE_BEZIER_KNOTS.);
#2102 = CARTESIAN_POINT('',(0.,4.5));
#2103 = CARTESIAN_POINT('',(3.,4.5));
#2104 = ( GEOMETRIC_REPRESENTATION_CONTEXT(2) 
PARAMETRIC_REPRESENTATION_CONTEXT() REPRESENTATION_CONTEXT('2D SPACE',''
  ) );
#2105 = ORIENTED_EDGE('',*,*,#2106,.F.);
#2106 = EDGE_CURVE('',#2107,#2081,#2109,.T.);
#2107 = VERTEX_POINT('',#2108);
#2108 = CARTESIAN_POINT('',(0.,42.3,29.4));
#2109 = SURFACE_CURVE('',#2110,(#2114,#2120),.PCURVE_S1.);
#2110 = LINE('',#2111,#2112);
#2111 = CARTESIAN_POINT('',(0.,14.15,29.4));
#2112 = VECTOR('',#2113,1.);
#2113 = DIRECTION('',(0.,-1.,0.));
#2114 = PCURVE('',#343,#2115);
#2115 = DEFINITIONAL_REPRESENTATION('',(#2116),#2119);
#2116 = B_SPLINE_CURVE_WITH_KNOTS('',1,(#2117,#2118),.UNSPECIFIED.,.F.,
  .F.,(2,2),(-28.15,-14.15),.PIECEWISE_BEZIER_KNOTS.);
#2117 = CARTESIAN_POINT('',(29.4,-42.3));
#2118 = CARTESIAN_POINT('',(29.4,-28.3));
#2119 = ( GEOMETRIC_REPRESENTATION_CONTEXT(2) 
PARAMETRIC_REPRESENTATION_CONTEXT() REPRESENTATION_CONTEXT('2D SPACE',''
  ) );
#2120 = PCURVE('',#2121,#2126);
#2121 = PLANE('',#2122);
#2122 = AXIS2_PLACEMENT_3D('',#2123,#2124,#2125);
#2123 = CARTESIAN_POINT('',(-4.5,28.3,29.4));
#2124 = DIRECTION('',(0.,0.,1.));
#2125 = DIRECTION('',(1.,0.,0.));
#2126 = DEFINITIONAL_REPRESENTATION('',(#2127),#2130);
#2127 = B_SPLINE_CURVE_WITH_KNOTS('',1,(#2128,#2129),.UNSPECIFIED.,.F.,
  .F.,(2,2),(-28.15,-14.15),.PIECEWISE_BEZIER_KNOTS.);
#2128 = CARTESIAN_POINT('',(4.5,14.));
#2129 = CARTESIAN_POINT('',(4.5,0.));
#2130 = ( GEOMETRIC_REPRESENTATION_CONTEXT(2) 
PARAMETRIC_REPRESENTATION_CONTEXT() REPRESENTATION_CONTEXT('2D SPACE',''
  ) );
#2131 = ORIENTED_EDGE('',*,*,#2132,.F.);
#2132 = EDGE_CURVE('',#2053,#2107,#2133,.T.);
#2133 = SURFACE_CURVE('',#2134,(#2138,#2144),.PCURVE_S1.);
#2134 = LINE('',#2135,#2136);
#2135 = CARTESIAN_POINT('',(0.,42.3,13.2));
#2136 = VECTOR('',#2137,1.);
#2137 = DIRECTION('',(0.,0.,1.));
#2138 = PCURVE('',#343,#2139);
#2139 = DEFINITIONAL_REPRESENTATION('',(#2140),#2143);
#2140 = B_SPLINE_CURVE_WITH_KNOTS('',1,(#2141,#2142),.UNSPECIFIED.,.F.,
  .F.,(2,2),(13.2,16.2),.PIECEWISE_BEZIER_KNOTS.);
#2141 = CARTESIAN_POINT('',(26.4,-42.3));
#2142 = CARTESIAN_POINT('',(29.4,-42.3));
#2143 = ( GEOMETRIC_REPRESENTATION_CONTEXT(2) 
PARAMETRIC_REPRESENTATION_CONTEXT() REPRESENTATION_CONTEXT('2D SPACE',''
  ) );
#2144 = PCURVE('',#2145,#2150);
#2145 = PLANE('',#2146);
#2146 = AXIS2_PLACEMENT_3D('',#2147,#2148,#2149);
#2147 = CARTESIAN_POINT('',(-4.5,42.3,26.4));
#2148 = DIRECTION('',(0.,1.,0.));
#2149 = DIRECTION('',(0.,0.,1.));
#2150 = DEFINITIONAL_REPRESENTATION('',(#2151),#2154);
#2151 = B_SPLINE_CURVE_WITH_KNOTS('',1,(#2152,#2153),.UNSPECIFIED.,.F.,
  .F.,(2,2),(13.2,16.2),.PIECEWISE_BEZIER_KNOTS.);
#2152 = CARTESIAN_POINT('',(0.,4.5));
#2153 = CARTESIAN_POINT('',(3.,4.5));
#2154 = ( GEOMETRIC_REPRESENTATION_CONTEXT(2) 
PARAMETRIC_REPRESENTATION_CONTEXT() REPRESENTATION_CONTEXT('2D SPACE',''
  ) );
#2155 = FACE_BOUND('',#2156,.F.);
#2156 = EDGE_LOOP('',(#2157));
#2157 = ORIENTED_EDGE('',*,*,#2158,.T.);
#2158 = EDGE_CURVE('',#2159,#2159,#2161,.T.);
#2159 = VERTEX_POINT('',#2160);
#2160 = CARTESIAN_POINT('',(0.,18.9,27.6));
#2161 = SURFACE_CURVE('',#2162,(#2167,#2178),.PCURVE_S1.);
#2162 = CIRCLE('',#2163,1.6);
#2163 = AXIS2_PLACEMENT_3D('',#2164,#2165,#2166);
#2164 = CARTESIAN_POINT('',(0.,17.3,27.6));
#2165 = DIRECTION('',(-1.,0.,0.));
#2166 = DIRECTION('',(0.,1.,0.));
#2167 = PCURVE('',#343,#2168);
#2168 = DEFINITIONAL_REPRESENTATION('',(#2169),#2177);
#2169 = ( BOUNDED_CURVE() B_SPLINE_CURVE(2,(#2170,#2171,#2172,#2173,
#2174,#2175,#2176),.UNSPECIFIED.,.T.,.F.) B_SPLINE_CURVE_WITH_KNOTS((1,2
    ,2,2,2,1),(-2.094395102393,0.,2.094395102393,4.188790204786,
6.28318530718,8.377580409573),.UNSPECIFIED.) CURVE() 
GEOMETRIC_REPRESENTATION_ITEM() RATIONAL_B_SPLINE_CURVE((1.,0.5,1.,0.5,
1.,0.5,1.)) REPRESENTATION_ITEM('') );
#2170 = CARTESIAN_POINT('',(27.6,-18.9));
#2171 = CARTESIAN_POINT('',(24.82871870789,-18.9));
#2172 = CARTESIAN_POINT('',(26.214359353945,-16.5));
#2173 = CARTESIAN_POINT('',(27.6,-14.1));
#2174 = CARTESIAN_POINT('',(28.985640646055,-16.5));
#2175 = CARTESIAN_POINT('',(30.37128129211,-18.9));
#2176 = CARTESIAN_POINT('',(27.6,-18.9));
#2177 = ( GEOMETRIC_REPRESENTATION_CONTEXT(2) 
PARAMETRIC_REPRESENTATION_CONTEXT() REPRESENTATION_CONTEXT('2D SPACE',''
  ) );
#2178 = PCURVE('',#2179,#2184);
#2179 = CYLINDRICAL_SURFACE('',#2180,1.6);
#2180 = AXIS2_PLACEMENT_3D('',#2181,#2182,#2183);
#2181 = CARTESIAN_POINT('',(-1.,17.3,27.6));
#2182 = DIRECTION('',(-1.,-0.,-0.));
#2183 = DIRECTION('',(0.,1.,0.));
#2184 = DEFINITIONAL_REPRESENTATION('',(#2185),#2189);
#2185 = LINE('',#2186,#2187);
#2186 = CARTESIAN_POINT('',(-6.28318530718,-1.));
#2187 = VECTOR('',#2188,1.);
#2188 = DIRECTION('',(1.,-0.));
#2189 = ( GEOMETRIC_REPRESENTATION_CONTEXT(2) 
PARAMETRIC_REPRESENTATION_CONTEXT() REPRESENTATION_CONTEXT('2D SPACE',''
  ) );
#2190 = FACE_BOUND('',#2191,.F.);
#2191 = EDGE_LOOP('',(#2192,#2220,#2246,#2272));
#2192 = ORIENTED_EDGE('',*,*,#2193,.T.);
#2193 = EDGE_CURVE('',#2194,#2196,#2198,.T.);
#2194 = VERTEX_POINT('',#2195);
#2195 = CARTESIAN_POINT('',(0.,29.3,33.5));
#2196 = VERTEX_POINT('',#2197);
#2197 = CARTESIAN_POINT('',(0.,26.3,33.5));
#2198 = SURFACE_CURVE('',#2199,(#2203,#2209),.PCURVE_S1.);
#2199 = LINE('',#2200,#2201);
#2200 = CARTESIAN_POINT('',(0.,13.15,33.5));
#2201 = VECTOR('',#2202,1.);
#2202 = DIRECTION('',(0.,-1.,0.));
#2203 = PCURVE('',#343,#2204);
#2204 = DEFINITIONAL_REPRESENTATION('',(#2205),#2208);
#2205 = B_SPLINE_CURVE_WITH_KNOTS('',1,(#2206,#2207),.UNSPECIFIED.,.F.,
  .F.,(2,2),(-16.15,-13.15),.PIECEWISE_BEZIER_KNOTS.);
#2206 = CARTESIAN_POINT('',(33.5,-29.3));
#2207 = CARTESIAN_POINT('',(33.5,-26.3));
#2208 = ( GEOMETRIC_REPRESENTATION_CONTEXT(2) 
PARAMETRIC_REPRESENTATION_CONTEXT() REPRESENTATION_CONTEXT('2D SPACE',''
  ) );
#2209 = PCURVE('',#2210,#2215);
#2210 = PLANE('',#2211);
#2211 = AXIS2_PLACEMENT_3D('',#2212,#2213,#2214);
#2212 = CARTESIAN_POINT('',(-4.5,26.3,33.5));
#2213 = DIRECTION('',(0.,0.,1.));
#2214 = DIRECTION('',(1.,0.,0.));
#2215 = DEFINITIONAL_REPRESENTATION('',(#2216),#2219);
#2216 = B_SPLINE_CURVE_WITH_KNOTS('',1,(#2217,#2218),.UNSPECIFIED.,.F.,
  .F.,(2,2),(-16.15,-13.15),.PIECEWISE_BEZIER_KNOTS.);
#2217 = CARTESIAN_POINT('',(4.5,3.));
#2218 = CARTESIAN_POINT('',(4.5,0.));
#2219 = ( GEOMETRIC_REPRESENTATION_CONTEXT(2) 
PARAMETRIC_REPRESENTATION_CONTEXT() REPRESENTATION_CONTEXT('2D SPACE',''
  ) );
#2220 = ORIENTED_EDGE('',*,*,#2221,.T.);
#2221 = EDGE_CURVE('',#2196,#2222,#2224,.T.);
#2222 = VERTEX_POINT('',#2223);
#2223 = CARTESIAN_POINT('',(0.,26.3,46.7));
#2224 = SURFACE_CURVE('',#2225,(#2229,#2235),.PCURVE_S1.);
#2225 = LINE('',#2226,#2227);
#2226 = CARTESIAN_POINT('',(0.,26.3,16.75));
#2227 = VECTOR('',#2228,1.);
#2228 = DIRECTION('',(0.,0.,1.));
#2229 = PCURVE('',#343,#2230);
#2230 = DEFINITIONAL_REPRESENTATION('',(#2231),#2234);
#2231 = B_SPLINE_CURVE_WITH_KNOTS('',1,(#2232,#2233),.UNSPECIFIED.,.F.,
  .F.,(2,2),(16.75,29.95),.PIECEWISE_BEZIER_KNOTS.);
#2232 = CARTESIAN_POINT('',(33.5,-26.3));
#2233 = CARTESIAN_POINT('',(46.7,-26.3));
#2234 = ( GEOMETRIC_REPRESENTATION_CONTEXT(2) 
PARAMETRIC_REPRESENTATION_CONTEXT() REPRESENTATION_CONTEXT('2D SPACE',''
  ) );
#2235 = PCURVE('',#2236,#2241);
#2236 = PLANE('',#2237);
#2237 = AXIS2_PLACEMENT_3D('',#2238,#2239,#2240);
#2238 = CARTESIAN_POINT('',(-4.5,26.3,33.5));
#2239 = DIRECTION('',(0.,1.,0.));
#2240 = DIRECTION('',(0.,0.,1.));
#2241 = DEFINITIONAL_REPRESENTATION('',(#2242),#2245);
#2242 = B_SPLINE_CURVE_WITH_KNOTS('',1,(#2243,#2244),.UNSPECIFIED.,.F.,
  .F.,(2,2),(16.75,29.95),.PIECEWISE_BEZIER_KNOTS.);
#2243 = CARTESIAN_POINT('',(0.,4.5));
#2244 = CARTESIAN_POINT('',(13.2,4.5));
#2245 = ( GEOMETRIC_REPRESENTATION_CONTEXT(2) 
PARAMETRIC_REPRESENTATION_CONTEXT() REPRESENTATION_CONTEXT('2D SPACE',''
  ) );
#2246 = ORIENTED_EDGE('',*,*,#2247,.F.);
#2247 = EDGE_CURVE('',#2248,#2222,#2250,.T.);
#2248 = VERTEX_POINT('',#2249);
#2249 = CARTESIAN_POINT('',(0.,29.3,46.7));
#2250 = SURFACE_CURVE('',#2251,(#2255,#2261),.PCURVE_S1.);
#2251 = LINE('',#2252,#2253);
#2252 = CARTESIAN_POINT('',(0.,13.15,46.7));
#2253 = VECTOR('',#2254,1.);
#2254 = DIRECTION('',(0.,-1.,0.));
#2255 = PCURVE('',#343,#2256);
#2256 = DEFINITIONAL_REPRESENTATION('',(#2257),#2260);
#2257 = B_SPLINE_CURVE_WITH_KNOTS('',1,(#2258,#2259),.UNSPECIFIED.,.F.,
  .F.,(2,2),(-16.15,-13.15),.PIECEWISE_BEZIER_KNOTS.);
#2258 = CARTESIAN_POINT('',(46.7,-29.3));
#2259 = CARTESIAN_POINT('',(46.7,-26.3));
#2260 = ( GEOMETRIC_REPRESENTATION_CONTEXT(2) 
PARAMETRIC_REPRESENTATION_CONTEXT() REPRESENTATION_CONTEXT('2D SPACE',''
  ) );
#2261 = PCURVE('',#2262,#2267);
#2262 = PLANE('',#2263);
#2263 = AXIS2_PLACEMENT_3D('',#2264,#2265,#2266);
#2264 = CARTESIAN_POINT('',(-4.5,26.3,46.7));
#2265 = DIRECTION('',(0.,0.,1.));
#2266 = DIRECTION('',(1.,0.,0.));
#2267 = DEFINITIONAL_REPRESENTATION('',(#2268),#2271);
#2268 = B_SPLINE_CURVE_WITH_KNOTS('',1,(#2269,#2270),.UNSPECIFIED.,.F.,
  .F.,(2,2),(-16.15,-13.15),.PIECEWISE_BEZIER_KNOTS.);
#2269 = CARTESIAN_POINT('',(4.5,3.));
#2270 = CARTESIAN_POINT('',(4.5,0.));
#2271 = ( GEOMETRIC_REPRESENTATION_CONTEXT(2) 
PARAMETRIC_REPRESENTATION_CONTEXT() REPRESENTATION_CONTEXT('2D SPACE',''
  ) );
#2272 = ORIENTED_EDGE('',*,*,#2273,.F.);
#2273 = EDGE_CURVE('',#2194,#2248,#2274,.T.);
#2274 = SURFACE_CURVE('',#2275,(#2279,#2285),.PCURVE_S1.);
#2275 = LINE('',#2276,#2277);
#2276 = CARTESIAN_POINT('',(0.,29.3,16.75));
#2277 = VECTOR('',#2278,1.);
#2278 = DIRECTION('',(0.,0.,1.));
#2279 = PCURVE('',#343,#2280);
#2280 = DEFINITIONAL_REPRESENTATION('',(#2281),#2284);
#2281 = B_SPLINE_CURVE_WITH_KNOTS('',1,(#2282,#2283),.UNSPECIFIED.,.F.,
  .F.,(2,2),(16.75,29.95),.PIECEWISE_BEZIER_KNOTS.);
#2282 = CARTESIAN_POINT('',(33.5,-29.3));
#2283 = CARTESIAN_POINT('',(46.7,-29.3));
#2284 = ( GEOMETRIC_REPRESENTATION_CONTEXT(2) 
PARAMETRIC_REPRESENTATION_CONTEXT() REPRESENTATION_CONTEXT('2D SPACE',''
  ) );
#2285 = PCURVE('',#2286,#2291);
#2286 = PLANE('',#2287);
#2287 = AXIS2_PLACEMENT_3D('',#2288,#2289,#2290);
#2288 = CARTESIAN_POINT('',(-4.5,29.3,33.5));
#2289 = DIRECTION('',(0.,1.,0.));
#2290 = DIRECTION('',(0.,0.,1.));
#2291 = DEFINITIONAL_REPRESENTATION('',(#2292),#2295);
#2292 = B_SPLINE_CURVE_WITH_KNOTS('',1,(#2293,#2294),.UNSPECIFIED.,.F.,
  .F.,(2,2),(16.75,29.95),.PIECEWISE_BEZIER_KNOTS.);
#2293 = CARTESIAN_POINT('',(0.,4.5));
#2294 = CARTESIAN_POINT('',(13.2,4.5));
#2295 = ( GEOMETRIC_REPRESENTATION_CONTEXT(2) 
PARAMETRIC_REPRESENTATION_CONTEXT() REPRESENTATION_CONTEXT('2D SPACE',''
  ) );
#2296 = FACE_BOUND('',#2297,.F.);
#2297 = EDGE_LOOP('',(#2298,#2326,#2352,#2378));
#2298 = ORIENTED_EDGE('',*,*,#2299,.T.);
#2299 = EDGE_CURVE('',#2300,#2302,#2304,.T.);
#2300 = VERTEX_POINT('',#2301);
#2301 = CARTESIAN_POINT('',(0.,21.8,33.5));
#2302 = VERTEX_POINT('',#2303);
#2303 = CARTESIAN_POINT('',(0.,18.8,33.5));
#2304 = SURFACE_CURVE('',#2305,(#2309,#2315),.PCURVE_S1.);
#2305 = LINE('',#2306,#2307);
#2306 = CARTESIAN_POINT('',(0.,9.4,33.5));
#2307 = VECTOR('',#2308,1.);
#2308 = DIRECTION('',(0.,-1.,0.));
#2309 = PCURVE('',#343,#2310);
#2310 = DEFINITIONAL_REPRESENTATION('',(#2311),#2314);
#2311 = B_SPLINE_CURVE_WITH_KNOTS('',1,(#2312,#2313),.UNSPECIFIED.,.F.,
  .F.,(2,2),(-12.4,-9.4),.PIECEWISE_BEZIER_KNOTS.);
#2312 = CARTESIAN_POINT('',(33.5,-21.8));
#2313 = CARTESIAN_POINT('',(33.5,-18.8));
#2314 = ( GEOMETRIC_REPRESENTATION_CONTEXT(2) 
PARAMETRIC_REPRESENTATION_CONTEXT() REPRESENTATION_CONTEXT('2D SPACE',''
  ) );
#2315 = PCURVE('',#2316,#2321);
#2316 = PLANE('',#2317);
#2317 = AXIS2_PLACEMENT_3D('',#2318,#2319,#2320);
#2318 = CARTESIAN_POINT('',(-4.5,18.8,33.5));
#2319 = DIRECTION('',(0.,0.,1.));
#2320 = DIRECTION('',(1.,0.,0.));
#2321 = DEFINITIONAL_REPRESENTATION('',(#2322),#2325);
#2322 = B_SPLINE_CURVE_WITH_KNOTS('',1,(#2323,#2324),.UNSPECIFIED.,.F.,
  .F.,(2,2),(-12.4,-9.4),.PIECEWISE_BEZIER_KNOTS.);
#2323 = CARTESIAN_POINT('',(4.5,3.));
#2324 = CARTESIAN_POINT('',(4.5,0.));
#2325 = ( GEOMETRIC_REPRESENTATION_CONTEXT(2) 
PARAMETRIC_REPRESENTATION_CONTEXT() REPRESENTATION_CONTEXT('2D SPACE',''
  ) );
#2326 = ORIENTED_EDGE('',*,*,#2327,.T.);
#2327 = EDGE_CURVE('',#2302,#2328,#2330,.T.);
#2328 = VERTEX_POINT('',#2329);
#2329 = CARTESIAN_POINT('',(0.,18.8,46.7));
#2330 = SURFACE_CURVE('',#2331,(#2335,#2341),.PCURVE_S1.);
#2331 = LINE('',#2332,#2333);
#2332 = CARTESIAN_POINT('',(0.,18.8,16.75));
#2333 = VECTOR('',#2334,1.);
#2334 = DIRECTION('',(0.,0.,1.));
#2335 = PCURVE('',#343,#2336);
#2336 = DEFINITIONAL_REPRESENTATION('',(#2337),#2340);
#2337 = B_SPLINE_CURVE_WITH_KNOTS('',1,(#2338,#2339),.UNSPECIFIED.,.F.,
  .F.,(2,2),(16.75,29.95),.PIECEWISE_BEZIER_KNOTS.);
#2338 = CARTESIAN_POINT('',(33.5,-18.8));
#2339 = CARTESIAN_POINT('',(46.7,-18.8));
#2340 = ( GEOMETRIC_REPRESENTATION_CONTEXT(2) 
PARAMETRIC_REPRESENTATION_CONTEXT() REPRESENTATION_CONTEXT('2D SPACE',''
  ) );
#2341 = PCURVE('',#2342,#2347);
#2342 = PLANE('',#2343);
#2343 = AXIS2_PLACEMENT_3D('',#2344,#2345,#2346);
#2344 = CARTESIAN_POINT('',(-4.5,18.8,33.5));
#2345 = DIRECTION('',(0.,1.,0.));
#2346 = DIRECTION('',(0.,0.,1.));
#2347 = DEFINITIONAL_REPRESENTATION('',(#2348),#2351);
#2348 = B_SPLINE_CURVE_WITH_KNOTS('',1,(#2349,#2350),.UNSPECIFIED.,.F.,
  .F.,(2,2),(16.75,29.95),.PIECEWISE_BEZIER_KNOTS.);
#2349 = CARTESIAN_POINT('',(0.,4.5));
#2350 = CARTESIAN_POINT('',(13.2,4.5));
#2351 = ( GEOMETRIC_REPRESENTATION_CONTEXT(2) 
PARAMETRIC_REPRESENTATION_CONTEXT() REPRESENTATION_CONTEXT('2D SPACE',''
  ) );
#2352 = ORIENTED_EDGE('',*,*,#2353,.F.);
#2353 = EDGE_CURVE('',#2354,#2328,#2356,.T.);
#2354 = VERTEX_POINT('',#2355);
#2355 = CARTESIAN_POINT('',(0.,21.8,46.7));
#2356 = SURFACE_CURVE('',#2357,(#2361,#2367),.PCURVE_S1.);
#2357 = LINE('',#2358,#2359);
#2358 = CARTESIAN_POINT('',(0.,9.4,46.7));
#2359 = VECTOR('',#2360,1.);
#2360 = DIRECTION('',(0.,-1.,0.));
#2361 = PCURVE('',#343,#2362);
#2362 = DEFINITIONAL_REPRESENTATION('',(#2363),#2366);
#2363 = B_SPLINE_CURVE_WITH_KNOTS('',1,(#2364,#2365),.UNSPECIFIED.,.F.,
  .F.,(2,2),(-12.4,-9.4),.PIECEWISE_BEZIER_KNOTS.);
#2364 = CARTESIAN_POINT('',(46.7,-21.8));
#2365 = CARTESIAN_POINT('',(46.7,-18.8));
#2366 = ( GEOMETRIC_REPRESENTATION_CONTEXT(2) 
PARAMETRIC_REPRESENTATION_CONTEXT() REPRESENTATION_CONTEXT('2D SPACE',''
  ) );
#2367 = PCURVE('',#2368,#2373);
#2368 = PLANE('',#2369);
#2369 = AXIS2_PLACEMENT_3D('',#2370,#2371,#2372);
#2370 = CARTESIAN_POINT('',(-4.5,18.8,46.7));
#2371 = DIRECTION('',(0.,0.,1.));
#2372 = DIRECTION('',(1.,0.,0.));
#2373 = DEFINITIONAL_REPRESENTATION('',(#2374),#2377);
#2374 = B_SPLINE_CURVE_WITH_KNOTS('',1,(#2375,#2376),.UNSPECIFIED.,.F.,
  .F.,(2,2),(-12.4,-9.4),.PIECEWISE_BEZIER_KNOTS.);
#2375 = CARTESIAN_POINT('',(4.5,3.));
#2376 = CARTESIAN_POINT('',(4.5,0.));
#2377 = ( GEOMETRIC_REPRESENTATION_CONTEXT(2) 
PARAMETRIC_REPRESENTATION_CONTEXT() REPRESENTATION_CONTEXT('2D SPACE',''
  ) );
#2378 = ORIENTED_EDGE('',*,*,#2379,.F.);
#2379 = EDGE_CURVE('',#2300,#2354,#2380,.T.);
#2380 = SURFACE_CURVE('',#2381,(#2385,#2391),.PCURVE_S1.);
#2381 = LINE('',#2382,#2383);
#2382 = CARTESIAN_POINT('',(0.,21.8,16.75));
#2383 = VECTOR('',#2384,1.);
#2384 = DIRECTION('',(0.,0.,1.));
#2385 = PCURVE('',#343,#2386);
#2386 = DEFINITIONAL_REPRESENTATION('',(#2387),#2390);
#2387 = B_SPLINE_CURVE_WITH_KNOTS('',1,(#2388,#2389),.UNSPECIFIED.,.F.,
  .F.,(2,2),(16.75,29.95),.PIECEWISE_BEZIER_KNOTS.);
#2388 = CARTESIAN_POINT('',(33.5,-21.8));
#2389 = CARTESIAN_POINT('',(46.7,-21.8));
#2390 = ( GEOMETRIC_REPRESENTATION_CONTEXT(2) 
PARAMETRIC_REPRESENTATION_CONTEXT() REPRESENTATION_CONTEXT('2D SPACE',''
  ) );
#2391 = PCURVE('',#2392,#2397);
#2392 = PLANE('',#2393);
#2393 = AXIS2_PLACEMENT_3D('',#2394,#2395,#2396);
#2394 = CARTESIAN_POINT('',(-4.5,21.8,33.5));
#2395 = DIRECTION('',(0.,1.,0.));
#2396 = DIRECTION('',(0.,0.,1.));
#2397 = DEFINITIONAL_REPRESENTATION('',(#2398),#2401);
#2398 = B_SPLINE_CURVE_WITH_KNOTS('',1,(#2399,#2400),.UNSPECIFIED.,.F.,
  .F.,(2,2),(16.75,29.95),.PIECEWISE_BEZIER_KNOTS.);
#2399 = CARTESIAN_POINT('',(0.,4.5));
#2400 = CARTESIAN_POINT('',(13.2,4.5));
#2401 = ( GEOMETRIC_REPRESENTATION_CONTEXT(2) 
PARAMETRIC_REPRESENTATION_CONTEXT() REPRESENTATION_CONTEXT('2D SPACE',''
  ) );
#2402 = FACE_BOUND('',#2403,.F.);
#2403 = EDGE_LOOP('',(#2404,#2432,#2458,#2484));
#2404 = ORIENTED_EDGE('',*,*,#2405,.T.);
#2405 = EDGE_CURVE('',#2406,#2408,#2410,.T.);
#2406 = VERTEX_POINT('',#2407);
#2407 = CARTESIAN_POINT('',(0.,14.3,33.5));
#2408 = VERTEX_POINT('',#2409);
#2409 = CARTESIAN_POINT('',(0.,11.3,33.5));
#2410 = SURFACE_CURVE('',#2411,(#2415,#2421),.PCURVE_S1.);
#2411 = LINE('',#2412,#2413);
#2412 = CARTESIAN_POINT('',(0.,5.65,33.5));
#2413 = VECTOR('',#2414,1.);
#2414 = DIRECTION('',(0.,-1.,0.));
#2415 = PCURVE('',#343,#2416);
#2416 = DEFINITIONAL_REPRESENTATION('',(#2417),#2420);
#2417 = B_SPLINE_CURVE_WITH_KNOTS('',1,(#2418,#2419),.UNSPECIFIED.,.F.,
  .F.,(2,2),(-8.65,-5.65),.PIECEWISE_BEZIER_KNOTS.);
#2418 = CARTESIAN_POINT('',(33.5,-14.3));
#2419 = CARTESIAN_POINT('',(33.5,-11.3));
#2420 = ( GEOMETRIC_REPRESENTATION_CONTEXT(2) 
PARAMETRIC_REPRESENTATION_CONTEXT() REPRESENTATION_CONTEXT('2D SPACE',''
  ) );
#2421 = PCURVE('',#2422,#2427);
#2422 = PLANE('',#2423);
#2423 = AXIS2_PLACEMENT_3D('',#2424,#2425,#2426);
#2424 = CARTESIAN_POINT('',(-4.5,11.3,33.5));
#2425 = DIRECTION('',(0.,0.,1.));
#2426 = DIRECTION('',(1.,0.,0.));
#2427 = DEFINITIONAL_REPRESENTATION('',(#2428),#2431);
#2428 = B_SPLINE_CURVE_WITH_KNOTS('',1,(#2429,#2430),.UNSPECIFIED.,.F.,
  .F.,(2,2),(-8.65,-5.65),.PIECEWISE_BEZIER_KNOTS.);
#2429 = CARTESIAN_POINT('',(4.5,3.));
#2430 = CARTESIAN_POINT('',(4.5,0.));
#2431 = ( GEOMETRIC_REPRESENTATION_CONTEXT(2) 
PARAMETRIC_REPRESENTATION_CONTEXT() REPRESENTATION_CONTEXT('2D SPACE',''
  ) );
#2432 = ORIENTED_EDGE('',*,*,#2433,.T.);
#2433 = EDGE_CURVE('',#2408,#2434,#2436,.T.);
#2434 = VERTEX_POINT('',#2435);
#2435 = CARTESIAN_POINT('',(0.,11.3,46.7));
#2436 = SURFACE_CURVE('',#2437,(#2441,#2447),.PCURVE_S1.);
#2437 = LINE('',#2438,#2439);
#2438 = CARTESIAN_POINT('',(0.,11.3,16.75));
#2439 = VECTOR('',#2440,1.);
#2440 = DIRECTION('',(0.,0.,1.));
#2441 = PCURVE('',#343,#2442);
#2442 = DEFINITIONAL_REPRESENTATION('',(#2443),#2446);
#2443 = B_SPLINE_CURVE_WITH_KNOTS('',1,(#2444,#2445),.UNSPECIFIED.,.F.,
  .F.,(2,2),(16.75,29.95),.PIECEWISE_BEZIER_KNOTS.);
#2444 = CARTESIAN_POINT('',(33.5,-11.3));
#2445 = CARTESIAN_POINT('',(46.7,-11.3));
#2446 = ( GEOMETRIC_REPRESENTATION_CONTEXT(2) 
PARAMETRIC_REPRESENTATION_CONTEXT() REPRESENTATION_CONTEXT('2D SPACE',''
  ) );
#2447 = PCURVE('',#2448,#2453);
#2448 = PLANE('',#2449);
#2449 = AXIS2_PLACEMENT_3D('',#2450,#2451,#2452);
#2450 = CARTESIAN_POINT('',(-4.5,11.3,33.5));
#2451 = DIRECTION('',(0.,1.,0.));
#2452 = DIRECTION('',(0.,0.,1.));
#2453 = DEFINITIONAL_REPRESENTATION('',(#2454),#2457);
#2454 = B_SPLINE_CURVE_WITH_KNOTS('',1,(#2455,#2456),.UNSPECIFIED.,.F.,
  .F.,(2,2),(16.75,29.95),.PIECEWISE_BEZIER_KNOTS.);
#2455 = CARTESIAN_POINT('',(0.,4.5));
#2456 = CARTESIAN_POINT('',(13.2,4.5));
#2457 = ( GEOMETRIC_REPRESENTATION_CONTEXT(2) 
PARAMETRIC_REPRESENTATION_CONTEXT() REPRESENTATION_CONTEXT('2D SPACE',''
  ) );
#2458 = ORIENTED_EDGE('',*,*,#2459,.F.);
#2459 = EDGE_CURVE('',#2460,#2434,#2462,.T.);
#2460 = VERTEX_POINT('',#2461);
#2461 = CARTESIAN_POINT('',(0.,14.3,46.7));
#2462 = SURFACE_CURVE('',#2463,(#2467,#2473),.PCURVE_S1.);
#2463 = LINE('',#2464,#2465);
#2464 = CARTESIAN_POINT('',(0.,5.65,46.7));
#2465 = VECTOR('',#2466,1.);
#2466 = DIRECTION('',(0.,-1.,0.));
#2467 = PCURVE('',#343,#2468);
#2468 = DEFINITIONAL_REPRESENTATION('',(#2469),#2472);
#2469 = B_SPLINE_CURVE_WITH_KNOTS('',1,(#2470,#2471),.UNSPECIFIED.,.F.,
  .F.,(2,2),(-8.65,-5.65),.PIECEWISE_BEZIER_KNOTS.);
#2470 = CARTESIAN_POINT('',(46.7,-14.3));
#2471 = CARTESIAN_POINT('',(46.7,-11.3));
#2472 = ( GEOMETRIC_REPRESENTATION_CONTEXT(2) 
PARAMETRIC_REPRESENTATION_CONTEXT() REPRESENTATION_CONTEXT('2D SPACE',''
  ) );
#2473 = PCURVE('',#2474,#2479);
#2474 = PLANE('',#2475);
#2475 = AXIS2_PLACEMENT_3D('',#2476,#2477,#2478);
#2476 = CARTESIAN_POINT('',(-4.5,11.3,46.7));
#2477 = DIRECTION('',(0.,0.,1.));
#2478 = DIRECTION('',(1.,0.,0.));
#2479 = DEFINITIONAL_REPRESENTATION('',(#2480),#2483);
#2480 = B_SPLINE_CURVE_WITH_KNOTS('',1,(#2481,#2482),.UNSPECIFIED.,.F.,
  .F.,(2,2),(-8.65,-5.65),.PIECEWISE_BEZIER_KNOTS.);
#2481 = CARTESIAN_POINT('',(4.5,3.));
#2482 = CARTESIAN_POINT('',(4.5,0.));
#2483 = ( GEOMETRIC_REPRESENTATION_CONTEXT(2) 
PARAMETRIC_REPRESENTATION_CONTEXT() REPRESENTATION_CONTEXT('2D SPACE',''
  ) );
#2484 = ORIENTED_EDGE('',*,*,#2485,.F.);
#2485 = EDGE_CURVE('',#2406,#2460,#2486,.T.);
#2486 = SURFACE_CURVE('',#2487,(#2491,#2497),.PCURVE_S1.);
#2487 = LINE('',#2488,#2489);
#2488 = CARTESIAN_POINT('',(0.,14.3,16.75));
#2489 = VECTOR('',#2490,1.);
#2490 = DIRECTION('',(0.,0.,1.));
#2491 = PCURVE('',#343,#2492);
#2492 = DEFINITIONAL_REPRESENTATION('',(#2493),#2496);
#2493 = B_SPLINE_CURVE_WITH_KNOTS('',1,(#2494,#2495),.UNSPECIFIED.,.F.,
  .F.,(2,2),(16.75,29.95),.PIECEWISE_BEZIER_KNOTS.);
#2494 = CARTESIAN_POINT('',(33.5,-14.3));
#2495 = CARTESIAN_POINT('',(46.7,-14.3));
#2496 = ( GEOMETRIC_REPRESENTATION_CONTEXT(2) 
PARAMETRIC_REPRESENTATION_CONTEXT() REPRESENTATION_CONTEXT('2D SPACE',''
  ) );
#2497 = PCURVE('',#2498,#2503);
#2498 = PLANE('',#2499);
#2499 = AXIS2_PLACEMENT_3D('',#2500,#2501,#2502);
#2500 = CARTESIAN_POINT('',(-4.5,14.3,33.5));
#2501 = DIRECTION('',(0.,1.,0.));
#2502 = DIRECTION('',(0.,0.,1.));
#2503 = DEFINITIONAL_REPRESENTATION('',(#2504),#2507);
#2504 = B_SPLINE_CURVE_WITH_KNOTS('',1,(#2505,#2506),.UNSPECIFIED.,.F.,
  .F.,(2,2),(16.75,29.95),.PIECEWISE_BEZIER_KNOTS.);
#2505 = CARTESIAN_POINT('',(0.,4.5));
#2506 = CARTESIAN_POINT('',(13.2,4.5));
#2507 = ( GEOMETRIC_REPRESENTATION_CONTEXT(2) 
PARAMETRIC_REPRESENTATION_CONTEXT() REPRESENTATION_CONTEXT('2D SPACE',''
  ) );
#2508 = ADVANCED_FACE('',(#2509),#396,.F.);
#2509 = FACE_BOUND('',#2510,.F.);
#2510 = EDGE_LOOP('',(#2511,#2534,#2535,#2558));
#2511 = ORIENTED_EDGE('',*,*,#2512,.F.);
#2512 = EDGE_CURVE('',#380,#2513,#2515,.T.);
#2513 = VERTEX_POINT('',#2514);
#2514 = CARTESIAN_POINT('',(13.7,3.,39.6));
#2515 = SURFACE_CURVE('',#2516,(#2520,#2527),.PCURVE_S1.);
#2516 = LINE('',#2517,#2518);
#2517 = CARTESIAN_POINT('',(13.7,-1.5,39.6));
#2518 = VECTOR('',#2519,1.);
#2519 = DIRECTION('',(0.,1.,0.));
#2520 = PCURVE('',#396,#2521);
#2521 = DEFINITIONAL_REPRESENTATION('',(#2522),#2526);
#2522 = LINE('',#2523,#2524);
#2523 = CARTESIAN_POINT('',(0.,0.));
#2524 = VECTOR('',#2525,1.);
#2525 = DIRECTION('',(0.,1.));
#2526 = ( GEOMETRIC_REPRESENTATION_CONTEXT(2) 
PARAMETRIC_REPRESENTATION_CONTEXT() REPRESENTATION_CONTEXT('2D SPACE',''
  ) );
#2527 = PCURVE('',#422,#2528);
#2528 = DEFINITIONAL_REPRESENTATION('',(#2529),#2533);
#2529 = LINE('',#2530,#2531);
#2530 = CARTESIAN_POINT('',(9.,0.));
#2531 = VECTOR('',#2532,1.);
#2532 = DIRECTION('',(0.,-1.));
#2533 = ( GEOMETRIC_REPRESENTATION_CONTEXT(2) 
PARAMETRIC_REPRESENTATION_CONTEXT() REPRESENTATION_CONTEXT('2D SPACE',''
  ) );
#2534 = ORIENTED_EDGE('',*,*,#379,.T.);
#2535 = ORIENTED_EDGE('',*,*,#2536,.T.);
#2536 = EDGE_CURVE('',#382,#2537,#2539,.T.);
#2537 = VERTEX_POINT('',#2538);
#2538 = CARTESIAN_POINT('',(26.7,3.,39.6));
#2539 = SURFACE_CURVE('',#2540,(#2544,#2551),.PCURVE_S1.);
#2540 = LINE('',#2541,#2542);
#2541 = CARTESIAN_POINT('',(26.7,-1.5,39.6));
#2542 = VECTOR('',#2543,1.);
#2543 = DIRECTION('',(0.,1.,0.));
#2544 = PCURVE('',#396,#2545);
#2545 = DEFINITIONAL_REPRESENTATION('',(#2546),#2550);
#2546 = LINE('',#2547,#2548);
#2547 = CARTESIAN_POINT('',(13.,0.));
#2548 = VECTOR('',#2549,1.);
#2549 = DIRECTION('',(0.,1.));
#2550 = ( GEOMETRIC_REPRESENTATION_CONTEXT(2) 
PARAMETRIC_REPRESENTATION_CONTEXT() REPRESENTATION_CONTEXT('2D SPACE',''
  ) );
#2551 = PCURVE('',#472,#2552);
#2552 = DEFINITIONAL_REPRESENTATION('',(#2553),#2557);
#2553 = LINE('',#2554,#2555);
#2554 = CARTESIAN_POINT('',(9.,0.));
#2555 = VECTOR('',#2556,1.);
#2556 = DIRECTION('',(0.,-1.));
#2557 = ( GEOMETRIC_REPRESENTATION_CONTEXT(2) 
PARAMETRIC_REPRESENTATION_CONTEXT() REPRESENTATION_CONTEXT('2D SPACE',''
  ) );
#2558 = ORIENTED_EDGE('',*,*,#2559,.F.);
#2559 = EDGE_CURVE('',#2513,#2537,#2560,.T.);
#2560 = SURFACE_CURVE('',#2561,(#2565,#2571),.PCURVE_S1.);
#2561 = LINE('',#2562,#2563);
#2562 = CARTESIAN_POINT('',(6.85,3.,39.6));
#2563 = VECTOR('',#2564,1.);
#2564 = DIRECTION('',(1.,0.,0.));
#2565 = PCURVE('',#396,#2566);
#2566 = DEFINITIONAL_REPRESENTATION('',(#2567),#2570);
#2567 = B_SPLINE_CURVE_WITH_KNOTS('',1,(#2568,#2569),.UNSPECIFIED.,.F.,
  .F.,(2,2),(6.85,19.85),.PIECEWISE_BEZIER_KNOTS.);
#2568 = CARTESIAN_POINT('',(0.,4.5));
#2569 = CARTESIAN_POINT('',(13.,4.5));
#2570 = ( GEOMETRIC_REPRESENTATION_CONTEXT(2) 
PARAMETRIC_REPRESENTATION_CONTEXT() REPRESENTATION_CONTEXT('2D SPACE',''
  ) );
#2571 = PCURVE('',#715,#2572);
#2572 = DEFINITIONAL_REPRESENTATION('',(#2573),#2576);
#2573 = B_SPLINE_CURVE_WITH_KNOTS('',1,(#2574,#2575),.UNSPECIFIED.,.F.,
  .F.,(2,2),(6.85,19.85),.PIECEWISE_BEZIER_KNOTS.);
#2574 = CARTESIAN_POINT('',(39.6,13.7));
#2575 = CARTESIAN_POINT('',(39.6,26.7));
#2576 = ( GEOMETRIC_REPRESENTATION_CONTEXT(2) 
PARAMETRIC_REPRESENTATION_CONTEXT() REPRESENTATION_CONTEXT('2D SPACE',''
  ) );
#2577 = ADVANCED_FACE('',(#2578),#422,.T.);
#2578 = FACE_BOUND('',#2579,.T.);
#2579 = EDGE_LOOP('',(#2580,#2581,#2582,#2605));
#2580 = ORIENTED_EDGE('',*,*,#2512,.F.);
#2581 = ORIENTED_EDGE('',*,*,#407,.T.);
#2582 = ORIENTED_EDGE('',*,*,#2583,.T.);
#2583 = EDGE_CURVE('',#408,#2584,#2586,.T.);
#2584 = VERTEX_POINT('',#2585);
#2585 = CARTESIAN_POINT('',(13.7,3.,30.6));
#2586 = SURFACE_CURVE('',#2587,(#2591,#2598),.PCURVE_S1.);
#2587 = LINE('',#2588,#2589);
#2588 = CARTESIAN_POINT('',(13.7,-1.5,30.6));
#2589 = VECTOR('',#2590,1.);
#2590 = DIRECTION('',(0.,1.,0.));
#2591 = PCURVE('',#422,#2592);
#2592 = DEFINITIONAL_REPRESENTATION('',(#2593),#2597);
#2593 = LINE('',#2594,#2595);
#2594 = CARTESIAN_POINT('',(0.,0.));
#2595 = VECTOR('',#2596,1.);
#2596 = DIRECTION('',(0.,-1.));
#2597 = ( GEOMETRIC_REPRESENTATION_CONTEXT(2) 
PARAMETRIC_REPRESENTATION_CONTEXT() REPRESENTATION_CONTEXT('2D SPACE',''
  ) );
#2598 = PCURVE('',#448,#2599);
#2599 = DEFINITIONAL_REPRESENTATION('',(#2600),#2604);
#2600 = LINE('',#2601,#2602);
#2601 = CARTESIAN_POINT('',(0.,0.));
#2602 = VECTOR('',#2603,1.);
#2603 = DIRECTION('',(0.,1.));
#2604 = ( GEOMETRIC_REPRESENTATION_CONTEXT(2) 
PARAMETRIC_REPRESENTATION_CONTEXT() REPRESENTATION_CONTEXT('2D SPACE',''
  ) );
#2605 = ORIENTED_EDGE('',*,*,#2606,.F.);
#2606 = EDGE_CURVE('',#2513,#2584,#2607,.T.);
#2607 = SURFACE_CURVE('',#2608,(#2612,#2618),.PCURVE_S1.);
#2608 = LINE('',#2609,#2610);
#2609 = CARTESIAN_POINT('',(13.7,3.,15.3));
#2610 = VECTOR('',#2611,1.);
#2611 = DIRECTION('',(0.,0.,-1.));
#2612 = PCURVE('',#422,#2613);
#2613 = DEFINITIONAL_REPRESENTATION('',(#2614),#2617);
#2614 = B_SPLINE_CURVE_WITH_KNOTS('',1,(#2615,#2616),.UNSPECIFIED.,.F.,
  .F.,(2,2),(-24.3,-15.3),.PIECEWISE_BEZIER_KNOTS.);
#2615 = CARTESIAN_POINT('',(9.,-4.5));
#2616 = CARTESIAN_POINT('',(0.,-4.5));
#2617 = ( GEOMETRIC_REPRESENTATION_CONTEXT(2) 
PARAMETRIC_REPRESENTATION_CONTEXT() REPRESENTATION_CONTEXT('2D SPACE',''
  ) );
#2618 = PCURVE('',#715,#2619);
#2619 = DEFINITIONAL_REPRESENTATION('',(#2620),#2623);
#2620 = B_SPLINE_CURVE_WITH_KNOTS('',1,(#2621,#2622),.UNSPECIFIED.,.F.,
  .F.,(2,2),(-24.3,-15.3),.PIECEWISE_BEZIER_KNOTS.);
#2621 = CARTESIAN_POINT('',(39.6,13.7));
#2622 = CARTESIAN_POINT('',(30.6,13.7));
#2623 = ( GEOMETRIC_REPRESENTATION_CONTEXT(2) 
PARAMETRIC_REPRESENTATION_CONTEXT() REPRESENTATION_CONTEXT('2D SPACE',''
  ) );
#2624 = ADVANCED_FACE('',(#2625),#472,.F.);
#2625 = FACE_BOUND('',#2626,.F.);
#2626 = EDGE_LOOP('',(#2627,#2628,#2629,#2652));
#2627 = ORIENTED_EDGE('',*,*,#2536,.F.);
#2628 = ORIENTED_EDGE('',*,*,#459,.T.);
#2629 = ORIENTED_EDGE('',*,*,#2630,.T.);
#2630 = EDGE_CURVE('',#434,#2631,#2633,.T.);
#2631 = VERTEX_POINT('',#2632);
#2632 = CARTESIAN_POINT('',(26.7,3.,30.6));
#2633 = SURFACE_CURVE('',#2634,(#2638,#2645),.PCURVE_S1.);
#2634 = LINE('',#2635,#2636);
#2635 = CARTESIAN_POINT('',(26.7,-1.5,30.6));
#2636 = VECTOR('',#2637,1.);
#2637 = DIRECTION('',(0.,1.,0.));
#2638 = PCURVE('',#472,#2639);
#2639 = DEFINITIONAL_REPRESENTATION('',(#2640),#2644);
#2640 = LINE('',#2641,#2642);
#2641 = CARTESIAN_POINT('',(0.,0.));
#2642 = VECTOR('',#2643,1.);
#2643 = DIRECTION('',(0.,-1.));
#2644 = ( GEOMETRIC_REPRESENTATION_CONTEXT(2) 
PARAMETRIC_REPRESENTATION_CONTEXT() REPRESENTATION_CONTEXT('2D SPACE',''
  ) );
#2645 = PCURVE('',#448,#2646);
#2646 = DEFINITIONAL_REPRESENTATION('',(#2647),#2651);
#2647 = LINE('',#2648,#2649);
#2648 = CARTESIAN_POINT('',(13.,0.));
#2649 = VECTOR('',#2650,1.);
#2650 = DIRECTION('',(0.,1.));
#2651 = ( GEOMETRIC_REPRESENTATION_CONTEXT(2) 
PARAMETRIC_REPRESENTATION_CONTEXT() REPRESENTATION_CONTEXT('2D SPACE',''
  ) );
#2652 = ORIENTED_EDGE('',*,*,#2653,.F.);
#2653 = EDGE_CURVE('',#2537,#2631,#2654,.T.);
#2654 = SURFACE_CURVE('',#2655,(#2659,#2665),.PCURVE_S1.);
#2655 = LINE('',#2656,#2657);
#2656 = CARTESIAN_POINT('',(26.7,3.,15.3));
#2657 = VECTOR('',#2658,1.);
#2658 = DIRECTION('',(0.,0.,-1.));
#2659 = PCURVE('',#472,#2660);
#2660 = DEFINITIONAL_REPRESENTATION('',(#2661),#2664);
#2661 = B_SPLINE_CURVE_WITH_KNOTS('',1,(#2662,#2663),.UNSPECIFIED.,.F.,
  .F.,(2,2),(-24.3,-15.3),.PIECEWISE_BEZIER_KNOTS.);
#2662 = CARTESIAN_POINT('',(9.,-4.5));
#2663 = CARTESIAN_POINT('',(0.,-4.5));
#2664 = ( GEOMETRIC_REPRESENTATION_CONTEXT(2) 
PARAMETRIC_REPRESENTATION_CONTEXT() REPRESENTATION_CONTEXT('2D SPACE',''
  ) );
#2665 = PCURVE('',#715,#2666);
#2666 = DEFINITIONAL_REPRESENTATION('',(#2667),#2670);
#2667 = B_SPLINE_CURVE_WITH_KNOTS('',1,(#2668,#2669),.UNSPECIFIED.,.F.,
  .F.,(2,2),(-24.3,-15.3),.PIECEWISE_BEZIER_KNOTS.);
#2668 = CARTESIAN_POINT('',(39.6,26.7));
#2669 = CARTESIAN_POINT('',(30.6,26.7));
#2670 = ( GEOMETRIC_REPRESENTATION_CONTEXT(2) 
PARAMETRIC_REPRESENTATION_CONTEXT() REPRESENTATION_CONTEXT('2D SPACE',''
  ) );
#2671 = ADVANCED_FACE('',(#2672),#448,.T.);
#2672 = FACE_BOUND('',#2673,.T.);
#2673 = EDGE_LOOP('',(#2674,#2675,#2676,#2677));
#2674 = ORIENTED_EDGE('',*,*,#2583,.F.);
#2675 = ORIENTED_EDGE('',*,*,#433,.T.);
#2676 = ORIENTED_EDGE('',*,*,#2630,.T.);
#2677 = ORIENTED_EDGE('',*,*,#2678,.F.);
#2678 = EDGE_CURVE('',#2584,#2631,#2679,.T.);
#2679 = SURFACE_CURVE('',#2680,(#2684,#2690),.PCURVE_S1.);
#2680 = LINE('',#2681,#2682);
#2681 = CARTESIAN_POINT('',(6.85,3.,30.6));
#2682 = VECTOR('',#2683,1.);
#2683 = DIRECTION('',(1.,0.,0.));
#2684 = PCURVE('',#448,#2685);
#2685 = DEFINITIONAL_REPRESENTATION('',(#2686),#2689);
#2686 = B_SPLINE_CURVE_WITH_KNOTS('',1,(#2687,#2688),.UNSPECIFIED.,.F.,
  .F.,(2,2),(6.85,19.85),.PIECEWISE_BEZIER_KNOTS.);
#2687 = CARTESIAN_POINT('',(0.,4.5));
#2688 = CARTESIAN_POINT('',(13.,4.5));
#2689 = ( GEOMETRIC_REPRESENTATION_CONTEXT(2) 
PARAMETRIC_REPRESENTATION_CONTEXT() REPRESENTATION_CONTEXT('2D SPACE',''
  ) );
#2690 = PCURVE('',#715,#2691);
#2691 = DEFINITIONAL_REPRESENTATION('',(#2692),#2695);
#2692 = B_SPLINE_CURVE_WITH_KNOTS('',1,(#2693,#2694),.UNSPECIFIED.,.F.,
  .F.,(2,2),(6.85,19.85),.PIECEWISE_BEZIER_KNOTS.);
#2693 = CARTESIAN_POINT('',(30.6,13.7));
#2694 = CARTESIAN_POINT('',(30.6,26.7));
#2695 = ( GEOMETRIC_REPRESENTATION_CONTEXT(2) 
PARAMETRIC_REPRESENTATION_CONTEXT() REPRESENTATION_CONTEXT('2D SPACE',''
  ) );
#2696 = ADVANCED_FACE('',(#2697),#502,.F.);
#2697 = FACE_BOUND('',#2698,.F.);
#2698 = EDGE_LOOP('',(#2699,#2722,#2723,#2746));
#2699 = ORIENTED_EDGE('',*,*,#2700,.F.);
#2700 = EDGE_CURVE('',#486,#2701,#2703,.T.);
#2701 = VERTEX_POINT('',#2702);
#2702 = CARTESIAN_POINT('',(53.5,1.2,33.15));
#2703 = SURFACE_CURVE('',#2704,(#2708,#2715),.PCURVE_S1.);
#2704 = LINE('',#2705,#2706);
#2705 = CARTESIAN_POINT('',(53.5,-1.2,33.15));
#2706 = VECTOR('',#2707,1.);
#2707 = DIRECTION('',(0.,1.,0.));
#2708 = PCURVE('',#502,#2709);
#2709 = DEFINITIONAL_REPRESENTATION('',(#2710),#2714);
#2710 = LINE('',#2711,#2712);
#2711 = CARTESIAN_POINT('',(0.,0.));
#2712 = VECTOR('',#2713,1.);
#2713 = DIRECTION('',(0.,1.));
#2714 = ( GEOMETRIC_REPRESENTATION_CONTEXT(2) 
PARAMETRIC_REPRESENTATION_CONTEXT() REPRESENTATION_CONTEXT('2D SPACE',''
  ) );
#2715 = PCURVE('',#528,#2716);
#2716 = DEFINITIONAL_REPRESENTATION('',(#2717),#2721);
#2717 = LINE('',#2718,#2719);
#2718 = CARTESIAN_POINT('',(10.,0.));
#2719 = VECTOR('',#2720,1.);
#2720 = DIRECTION('',(0.,-1.));
#2721 = ( GEOMETRIC_REPRESENTATION_CONTEXT(2) 
PARAMETRIC_REPRESENTATION_CONTEXT() REPRESENTATION_CONTEXT('2D SPACE',''
  ) );
#2722 = ORIENTED_EDGE('',*,*,#485,.T.);
#2723 = ORIENTED_EDGE('',*,*,#2724,.T.);
#2724 = EDGE_CURVE('',#488,#2725,#2727,.T.);
#2725 = VERTEX_POINT('',#2726);
#2726 = CARTESIAN_POINT('',(69.5,1.2,33.15));
#2727 = SURFACE_CURVE('',#2728,(#2732,#2739),.PCURVE_S1.);
#2728 = LINE('',#2729,#2730);
#2729 = CARTESIAN_POINT('',(69.5,-1.2,33.15));
#2730 = VECTOR('',#2731,1.);
#2731 = DIRECTION('',(0.,1.,0.));
#2732 = PCURVE('',#502,#2733);
#2733 = DEFINITIONAL_REPRESENTATION('',(#2734),#2738);
#2734 = LINE('',#2735,#2736);
#2735 = CARTESIAN_POINT('',(16.,0.));
#2736 = VECTOR('',#2737,1.);
#2737 = DIRECTION('',(0.,1.));
#2738 = ( GEOMETRIC_REPRESENTATION_CONTEXT(2) 
PARAMETRIC_REPRESENTATION_CONTEXT() REPRESENTATION_CONTEXT('2D SPACE',''
  ) );
#2739 = PCURVE('',#578,#2740);
#2740 = DEFINITIONAL_REPRESENTATION('',(#2741),#2745);
#2741 = LINE('',#2742,#2743);
#2742 = CARTESIAN_POINT('',(10.,0.));
#2743 = VECTOR('',#2744,1.);
#2744 = DIRECTION('',(0.,-1.));
#2745 = ( GEOMETRIC_REPRESENTATION_CONTEXT(2) 
PARAMETRIC_REPRESENTATION_CONTEXT() REPRESENTATION_CONTEXT('2D SPACE',''
  ) );
#2746 = ORIENTED_EDGE('',*,*,#2747,.F.);
#2747 = EDGE_CURVE('',#2701,#2725,#2748,.T.);
#2748 = SURFACE_CURVE('',#2749,(#2753,#2760),.PCURVE_S1.);
#2749 = LINE('',#2750,#2751);
#2750 = CARTESIAN_POINT('',(53.5,1.2,33.15));
#2751 = VECTOR('',#2752,1.);
#2752 = DIRECTION('',(1.,0.,0.));
#2753 = PCURVE('',#502,#2754);
#2754 = DEFINITIONAL_REPRESENTATION('',(#2755),#2759);
#2755 = LINE('',#2756,#2757);
#2756 = CARTESIAN_POINT('',(0.,2.4));
#2757 = VECTOR('',#2758,1.);
#2758 = DIRECTION('',(1.,0.));
#2759 = ( GEOMETRIC_REPRESENTATION_CONTEXT(2) 
PARAMETRIC_REPRESENTATION_CONTEXT() REPRESENTATION_CONTEXT('2D SPACE',''
  ) );
#2760 = PCURVE('',#2761,#2766);
#2761 = PLANE('',#2762);
#2762 = AXIS2_PLACEMENT_3D('',#2763,#2764,#2765);
#2763 = CARTESIAN_POINT('',(53.5,1.2,23.15));
#2764 = DIRECTION('',(0.,1.,0.));
#2765 = DIRECTION('',(0.,0.,1.));
#2766 = DEFINITIONAL_REPRESENTATION('',(#2767),#2771);
#2767 = LINE('',#2768,#2769);
#2768 = CARTESIAN_POINT('',(10.,0.));
#2769 = VECTOR('',#2770,1.);
#2770 = DIRECTION('',(0.,1.));
#2771 = ( GEOMETRIC_REPRESENTATION_CONTEXT(2) 
PARAMETRIC_REPRESENTATION_CONTEXT() REPRESENTATION_CONTEXT('2D SPACE',''
  ) );
#2772 = ADVANCED_FACE('',(#2773),#578,.F.);
#2773 = FACE_BOUND('',#2774,.F.);
#2774 = EDGE_LOOP('',(#2775,#2776,#2777,#2800));
#2775 = ORIENTED_EDGE('',*,*,#2724,.F.);
#2776 = ORIENTED_EDGE('',*,*,#565,.T.);
#2777 = ORIENTED_EDGE('',*,*,#2778,.T.);
#2778 = EDGE_CURVE('',#540,#2779,#2781,.T.);
#2779 = VERTEX_POINT('',#2780);
#2780 = CARTESIAN_POINT('',(69.5,1.2,23.15));
#2781 = SURFACE_CURVE('',#2782,(#2786,#2793),.PCURVE_S1.);
#2782 = LINE('',#2783,#2784);
#2783 = CARTESIAN_POINT('',(69.5,-1.2,23.15));
#2784 = VECTOR('',#2785,1.);
#2785 = DIRECTION('',(0.,1.,0.));
#2786 = PCURVE('',#578,#2787);
#2787 = DEFINITIONAL_REPRESENTATION('',(#2788),#2792);
#2788 = LINE('',#2789,#2790);
#2789 = CARTESIAN_POINT('',(0.,0.));
#2790 = VECTOR('',#2791,1.);
#2791 = DIRECTION('',(0.,-1.));
#2792 = ( GEOMETRIC_REPRESENTATION_CONTEXT(2) 
PARAMETRIC_REPRESENTATION_CONTEXT() REPRESENTATION_CONTEXT('2D SPACE',''
  ) );
#2793 = PCURVE('',#554,#2794);
#2794 = DEFINITIONAL_REPRESENTATION('',(#2795),#2799);
#2795 = LINE('',#2796,#2797);
#2796 = CARTESIAN_POINT('',(16.,0.));
#2797 = VECTOR('',#2798,1.);
#2798 = DIRECTION('',(0.,1.));
#2799 = ( GEOMETRIC_REPRESENTATION_CONTEXT(2) 
PARAMETRIC_REPRESENTATION_CONTEXT() REPRESENTATION_CONTEXT('2D SPACE',''
  ) );
#2800 = ORIENTED_EDGE('',*,*,#2801,.T.);
#2801 = EDGE_CURVE('',#2779,#2725,#2802,.T.);
#2802 = SURFACE_CURVE('',#2803,(#2807,#2814),.PCURVE_S1.);
#2803 = LINE('',#2804,#2805);
#2804 = CARTESIAN_POINT('',(69.5,1.2,23.15));
#2805 = VECTOR('',#2806,1.);
#2806 = DIRECTION('',(0.,0.,1.));
#2807 = PCURVE('',#578,#2808);
#2808 = DEFINITIONAL_REPRESENTATION('',(#2809),#2813);
#2809 = LINE('',#2810,#2811);
#2810 = CARTESIAN_POINT('',(0.,-2.4));
#2811 = VECTOR('',#2812,1.);
#2812 = DIRECTION('',(1.,0.));
#2813 = ( GEOMETRIC_REPRESENTATION_CONTEXT(2) 
PARAMETRIC_REPRESENTATION_CONTEXT() REPRESENTATION_CONTEXT('2D SPACE',''
  ) );
#2814 = PCURVE('',#2761,#2815);
#2815 = DEFINITIONAL_REPRESENTATION('',(#2816),#2820);
#2816 = LINE('',#2817,#2818);
#2817 = CARTESIAN_POINT('',(0.,16.));
#2818 = VECTOR('',#2819,1.);
#2819 = DIRECTION('',(1.,0.));
#2820 = ( GEOMETRIC_REPRESENTATION_CONTEXT(2) 
PARAMETRIC_REPRESENTATION_CONTEXT() REPRESENTATION_CONTEXT('2D SPACE',''
  ) );
#2821 = ADVANCED_FACE('',(#2822),#554,.T.);
#2822 = FACE_BOUND('',#2823,.T.);
#2823 = EDGE_LOOP('',(#2824,#2847,#2848,#2849));
#2824 = ORIENTED_EDGE('',*,*,#2825,.F.);
#2825 = EDGE_CURVE('',#514,#2826,#2828,.T.);
#2826 = VERTEX_POINT('',#2827);
#2827 = CARTESIAN_POINT('',(53.5,1.2,23.15));
#2828 = SURFACE_CURVE('',#2829,(#2833,#2840),.PCURVE_S1.);
#2829 = LINE('',#2830,#2831);
#2830 = CARTESIAN_POINT('',(53.5,-1.2,23.15));
#2831 = VECTOR('',#2832,1.);
#2832 = DIRECTION('',(0.,1.,0.));
#2833 = PCURVE('',#554,#2834);
#2834 = DEFINITIONAL_REPRESENTATION('',(#2835),#2839);
#2835 = LINE('',#2836,#2837);
#2836 = CARTESIAN_POINT('',(0.,0.));
#2837 = VECTOR('',#2838,1.);
#2838 = DIRECTION('',(0.,1.));
#2839 = ( GEOMETRIC_REPRESENTATION_CONTEXT(2) 
PARAMETRIC_REPRESENTATION_CONTEXT() REPRESENTATION_CONTEXT('2D SPACE',''
  ) );
#2840 = PCURVE('',#528,#2841);
#2841 = DEFINITIONAL_REPRESENTATION('',(#2842),#2846);
#2842 = LINE('',#2843,#2844);
#2843 = CARTESIAN_POINT('',(0.,0.));
#2844 = VECTOR('',#2845,1.);
#2845 = DIRECTION('',(0.,-1.));
#2846 = ( GEOMETRIC_REPRESENTATION_CONTEXT(2) 
PARAMETRIC_REPRESENTATION_CONTEXT() REPRESENTATION_CONTEXT('2D SPACE',''
  ) );
#2847 = ORIENTED_EDGE('',*,*,#539,.T.);
#2848 = ORIENTED_EDGE('',*,*,#2778,.T.);
#2849 = ORIENTED_EDGE('',*,*,#2850,.F.);
#2850 = EDGE_CURVE('',#2826,#2779,#2851,.T.);
#2851 = SURFACE_CURVE('',#2852,(#2856,#2863),.PCURVE_S1.);
#2852 = LINE('',#2853,#2854);
#2853 = CARTESIAN_POINT('',(53.5,1.2,23.15));
#2854 = VECTOR('',#2855,1.);
#2855 = DIRECTION('',(1.,0.,0.));
#2856 = PCURVE('',#554,#2857);
#2857 = DEFINITIONAL_REPRESENTATION('',(#2858),#2862);
#2858 = LINE('',#2859,#2860);
#2859 = CARTESIAN_POINT('',(0.,2.4));
#2860 = VECTOR('',#2861,1.);
#2861 = DIRECTION('',(1.,0.));
#2862 = ( GEOMETRIC_REPRESENTATION_CONTEXT(2) 
PARAMETRIC_REPRESENTATION_CONTEXT() REPRESENTATION_CONTEXT('2D SPACE',''
  ) );
#2863 = PCURVE('',#2761,#2864);
#2864 = DEFINITIONAL_REPRESENTATION('',(#2865),#2869);
#2865 = LINE('',#2866,#2867);
#2866 = CARTESIAN_POINT('',(0.,0.));
#2867 = VECTOR('',#2868,1.);
#2868 = DIRECTION('',(0.,1.));
#2869 = ( GEOMETRIC_REPRESENTATION_CONTEXT(2) 
PARAMETRIC_REPRESENTATION_CONTEXT() REPRESENTATION_CONTEXT('2D SPACE',''
  ) );
#2870 = ADVANCED_FACE('',(#2871),#528,.T.);
#2871 = FACE_BOUND('',#2872,.T.);
#2872 = EDGE_LOOP('',(#2873,#2874,#2875,#2876));
#2873 = ORIENTED_EDGE('',*,*,#2700,.F.);
#2874 = ORIENTED_EDGE('',*,*,#513,.T.);
#2875 = ORIENTED_EDGE('',*,*,#2825,.T.);
#2876 = ORIENTED_EDGE('',*,*,#2877,.T.);
#2877 = EDGE_CURVE('',#2826,#2701,#2878,.T.);
#2878 = SURFACE_CURVE('',#2879,(#2883,#2890),.PCURVE_S1.);
#2879 = LINE('',#2880,#2881);
#2880 = CARTESIAN_POINT('',(53.5,1.2,23.15));
#2881 = VECTOR('',#2882,1.);
#2882 = DIRECTION('',(0.,0.,1.));
#2883 = PCURVE('',#528,#2884);
#2884 = DEFINITIONAL_REPRESENTATION('',(#2885),#2889);
#2885 = LINE('',#2886,#2887);
#2886 = CARTESIAN_POINT('',(0.,-2.4));
#2887 = VECTOR('',#2888,1.);
#2888 = DIRECTION('',(1.,0.));
#2889 = ( GEOMETRIC_REPRESENTATION_CONTEXT(2) 
PARAMETRIC_REPRESENTATION_CONTEXT() REPRESENTATION_CONTEXT('2D SPACE',''
  ) );
#2890 = PCURVE('',#2761,#2891);
#2891 = DEFINITIONAL_REPRESENTATION('',(#2892),#2896);
#2892 = LINE('',#2893,#2894);
#2893 = CARTESIAN_POINT('',(0.,0.));
#2894 = VECTOR('',#2895,1.);
#2895 = DIRECTION('',(1.,0.));
#2896 = ( GEOMETRIC_REPRESENTATION_CONTEXT(2) 
PARAMETRIC_REPRESENTATION_CONTEXT() REPRESENTATION_CONTEXT('2D SPACE',''
  ) );
#2897 = ADVANCED_FACE('',(#2898,#3167,#3170),#658,.F.);
#2898 = FACE_BOUND('',#2899,.F.);
#2899 = EDGE_LOOP('',(#2900,#2901,#2922,#2964,#3001,#3022,#3048,#3069,
    #3111,#3148));
#2900 = ORIENTED_EDGE('',*,*,#640,.F.);
#2901 = ORIENTED_EDGE('',*,*,#2902,.T.);
#2902 = EDGE_CURVE('',#641,#2903,#2905,.T.);
#2903 = VERTEX_POINT('',#2904);
#2904 = CARTESIAN_POINT('',(94.,6.828427124746,59.2));
#2905 = SURFACE_CURVE('',#2906,(#2910,#2916),.PCURVE_S1.);
#2906 = LINE('',#2907,#2908);
#2907 = CARTESIAN_POINT('',(94.,6.828427124746,59.2));
#2908 = VECTOR('',#2909,1.);
#2909 = DIRECTION('',(-0.,-0.,-1.));
#2910 = PCURVE('',#658,#2911);
#2911 = DEFINITIONAL_REPRESENTATION('',(#2912),#2915);
#2912 = B_SPLINE_CURVE_WITH_KNOTS('',1,(#2913,#2914),.UNSPECIFIED.,.F.,
  .F.,(2,2),(-13.0000006,5.999999999062E-07),.PIECEWISE_BEZIER_KNOTS.);
#2913 = CARTESIAN_POINT('',(72.2000006,-6.828427124746));
#2914 = CARTESIAN_POINT('',(59.1999994,-6.828427124746));
#2915 = ( GEOMETRIC_REPRESENTATION_CONTEXT(2) 
PARAMETRIC_REPRESENTATION_CONTEXT() REPRESENTATION_CONTEXT('2D SPACE',''
  ) );
#2916 = PCURVE('',#687,#2917);
#2917 = DEFINITIONAL_REPRESENTATION('',(#2918),#2921);
#2918 = B_SPLINE_CURVE_WITH_KNOTS('',1,(#2919,#2920),.UNSPECIFIED.,.F.,
  .F.,(2,2),(-13.0000006,5.999999999062E-07),.PIECEWISE_BEZIER_KNOTS.);
#2919 = CARTESIAN_POINT('',(-1.230959417341,-13.0000006));
#2920 = CARTESIAN_POINT('',(-1.230959417341,5.999999999062E-07));
#2921 = ( GEOMETRIC_REPRESENTATION_CONTEXT(2) 
PARAMETRIC_REPRESENTATION_CONTEXT() REPRESENTATION_CONTEXT('2D SPACE',''
  ) );
#2922 = ORIENTED_EDGE('',*,*,#2923,.T.);
#2923 = EDGE_CURVE('',#2903,#2924,#2926,.T.);
#2924 = VERTEX_POINT('',#2925);
#2925 = CARTESIAN_POINT('',(94.,4.,56.892307692308));
#2926 = SURFACE_CURVE('',#2927,(#2932,#2939),.PCURVE_S1.);
#2927 = HYPERBOLA('',#2928,1.153846153846,1.);
#2928 = AXIS2_PLACEMENT_3D('',#2929,#2930,#2931);
#2929 = CARTESIAN_POINT('',(94.,4.,55.738461538462));
#2930 = DIRECTION('',(1.,0.,0.));
#2931 = DIRECTION('',(-0.,0.,1.));
#2932 = PCURVE('',#658,#2933);
#2933 = DEFINITIONAL_REPRESENTATION('',(#2934),#2938);
#2934 = ( BOUNDED_CURVE() B_SPLINE_CURVE(2,(#2935,#2936,#2937),
.UNSPECIFIED.,.F.,.F.) B_SPLINE_CURVE_WITH_KNOTS((3,3),(-1.762747174039,
0.),.PIECEWISE_BEZIER_KNOTS.) CURVE() GEOMETRIC_REPRESENTATION_ITEM() 
RATIONAL_B_SPLINE_CURVE((1.,1.414213562373,1.)) REPRESENTATION_ITEM('') 
  );
#2935 = CARTESIAN_POINT('',(59.2,-6.828427124746));
#2936 = CARTESIAN_POINT('',(56.892307692308,-4.707106781187));
#2937 = CARTESIAN_POINT('',(56.892307692308,-4.));
#2938 = ( GEOMETRIC_REPRESENTATION_CONTEXT(2) 
PARAMETRIC_REPRESENTATION_CONTEXT() REPRESENTATION_CONTEXT('2D SPACE',''
  ) );
#2939 = PCURVE('',#2940,#2945);
#2940 = CONICAL_SURFACE('',#2941,0.4,0.714090698612);
#2941 = AXIS2_PLACEMENT_3D('',#2942,#2943,#2944);
#2942 = CARTESIAN_POINT('',(93.,4.,56.2));
#2943 = DIRECTION('',(0.,0.,1.));
#2944 = DIRECTION('',(1.,0.,0.));
#2945 = DEFINITIONAL_REPRESENTATION('',(#2946),#2963);
#2946 = B_SPLINE_CURVE_WITH_KNOTS('',8,(#2947,#2948,#2949,#2950,#2951,
    #2952,#2953,#2954,#2955,#2956,#2957,#2958,#2959,#2960,#2961,#2962),
  .UNSPECIFIED.,.F.,.F.,(9,7,9),(-1.762747174039,-0.88137358702,0.),
  .UNSPECIFIED.);
#2947 = CARTESIAN_POINT('',(1.230959417341,3.));
#2948 = CARTESIAN_POINT('',(1.194235517882,2.640446976842));
#2949 = CARTESIAN_POINT('',(1.153152537987,2.328911096351));
#2950 = CARTESIAN_POINT('',(1.107179953134,2.058744856595));
#2951 = CARTESIAN_POINT('',(1.055756808785,1.824536483656));
#2952 = CARTESIAN_POINT('',(0.998299202985,1.621867563459));
#2953 = CARTESIAN_POINT('',(0.934268649063,1.447125044084));
#2954 = CARTESIAN_POINT('',(0.863301318415,1.297367608558));
#2955 = CARTESIAN_POINT('',(0.70749500838,1.043125227687));
#2956 = CARTESIAN_POINT('',(0.622656192903,0.938639789747));
#2957 = CARTESIAN_POINT('',(0.530879636139,0.854438910751));
#2958 = CARTESIAN_POINT('',(0.432533612236,0.7887575168));
#2959 = CARTESIAN_POINT('',(0.328478394952,0.740325373978));
#2960 = CARTESIAN_POINT('',(0.220343214977,0.708313586709));
#2961 = CARTESIAN_POINT('',(0.110171698377,0.692307692308));
#2962 = CARTESIAN_POINT('',(0.,0.692307692308));
#2963 = ( GEOMETRIC_REPRESENTATION_CONTEXT(2) 
PARAMETRIC_REPRESENTATION_CONTEXT() REPRESENTATION_CONTEXT('2D SPACE',''
  ) );
#2964 = ORIENTED_EDGE('',*,*,#2965,.T.);
#2965 = EDGE_CURVE('',#2924,#2966,#2968,.T.);
#2966 = VERTEX_POINT('',#2967);
#2967 = CARTESIAN_POINT('',(94.,3.,57.370246418123));
#2968 = SURFACE_CURVE('',#2969,(#2974,#2981),.PCURVE_S1.);
#2969 = HYPERBOLA('',#2970,1.153846153846,1.);
#2970 = AXIS2_PLACEMENT_3D('',#2971,#2972,#2973);
#2971 = CARTESIAN_POINT('',(94.,4.,55.738461538462));
#2972 = DIRECTION('',(1.,0.,0.));
#2973 = DIRECTION('',(-0.,0.,1.));
#2974 = PCURVE('',#658,#2975);
#2975 = DEFINITIONAL_REPRESENTATION('',(#2976),#2980);
#2976 = ( BOUNDED_CURVE() B_SPLINE_CURVE(2,(#2977,#2978,#2979),
.UNSPECIFIED.,.F.,.F.) B_SPLINE_CURVE_WITH_KNOTS((3,3),(
4.440892098501E-16,1.762747174039),.PIECEWISE_BEZIER_KNOTS.) CURVE() 
GEOMETRIC_REPRESENTATION_ITEM() RATIONAL_B_SPLINE_CURVE((1.,
1.414213562373,1.)) REPRESENTATION_ITEM('') );
#2977 = CARTESIAN_POINT('',(56.892307692308,-4.));
#2978 = CARTESIAN_POINT('',(56.892307692308,-3.292893218813));
#2979 = CARTESIAN_POINT('',(59.2,-1.171572875254));
#2980 = ( GEOMETRIC_REPRESENTATION_CONTEXT(2) 
PARAMETRIC_REPRESENTATION_CONTEXT() REPRESENTATION_CONTEXT('2D SPACE',''
  ) );
#2981 = PCURVE('',#2940,#2982);
#2982 = DEFINITIONAL_REPRESENTATION('',(#2983),#3000);
#2983 = B_SPLINE_CURVE_WITH_KNOTS('',8,(#2984,#2985,#2986,#2987,#2988,
    #2989,#2990,#2991,#2992,#2993,#2994,#2995,#2996,#2997,#2998,#2999),
  .UNSPECIFIED.,.F.,.F.,(9,7,9),(4.440892098501E-16,0.88137358702,
    1.762747174039),.UNSPECIFIED.);
#2984 = CARTESIAN_POINT('',(6.28318530718,0.692307692308));
#2985 = CARTESIAN_POINT('',(6.173013608802,0.692307692308));
#2986 = CARTESIAN_POINT('',(6.062842092197,0.708313586708));
#2987 = CARTESIAN_POINT('',(5.954706912231,0.740325373981));
#2988 = CARTESIAN_POINT('',(5.850651694912,0.788757516797));
#2989 = CARTESIAN_POINT('',(5.752305671042,0.854438910751));
#2990 = CARTESIAN_POINT('',(5.660529114271,0.938639789747));
#2991 = CARTESIAN_POINT('',(5.5756902988,1.043125227687));
#2992 = CARTESIAN_POINT('',(5.419883988765,1.297367608558));
#2993 = CARTESIAN_POINT('',(5.348916658117,1.447125044084));
#2994 = CARTESIAN_POINT('',(5.284886104194,1.621867563459));
#2995 = CARTESIAN_POINT('',(5.227428498395,1.824536483656));
#2996 = CARTESIAN_POINT('',(5.176005354045,2.058744856595));
#2997 = CARTESIAN_POINT('',(5.130032769193,2.328911096351));
#2998 = CARTESIAN_POINT('',(5.088949789298,2.640446976842));
#2999 = CARTESIAN_POINT('',(5.052225889839,3.));
#3000 = ( GEOMETRIC_REPRESENTATION_CONTEXT(2) 
PARAMETRIC_REPRESENTATION_CONTEXT() REPRESENTATION_CONTEXT('2D SPACE',''
  ) );
#3001 = ORIENTED_EDGE('',*,*,#3002,.F.);
#3002 = EDGE_CURVE('',#3003,#2966,#3005,.T.);
#3003 = VERTEX_POINT('',#3004);
#3004 = CARTESIAN_POINT('',(94.,3.,3.));
#3005 = SURFACE_CURVE('',#3006,(#3010,#3016),.PCURVE_S1.);
#3006 = LINE('',#3007,#3008);
#3007 = CARTESIAN_POINT('',(94.,3.,0.));
#3008 = VECTOR('',#3009,1.);
#3009 = DIRECTION('',(0.,0.,1.));
#3010 = PCURVE('',#658,#3011);
#3011 = DEFINITIONAL_REPRESENTATION('',(#3012),#3015);
#3012 = B_SPLINE_CURVE_WITH_KNOTS('',1,(#3013,#3014),.UNSPECIFIED.,.F.,
  .F.,(2,2),(0.,72.2),.PIECEWISE_BEZIER_KNOTS.);
#3013 = CARTESIAN_POINT('',(0.,-3.));
#3014 = CARTESIAN_POINT('',(72.2,-3.));
#3015 = ( GEOMETRIC_REPRESENTATION_CONTEXT(2) 
PARAMETRIC_REPRESENTATION_CONTEXT() REPRESENTATION_CONTEXT('2D SPACE',''
  ) );
#3016 = PCURVE('',#715,#3017);
#3017 = DEFINITIONAL_REPRESENTATION('',(#3018),#3021);
#3018 = B_SPLINE_CURVE_WITH_KNOTS('',1,(#3019,#3020),.UNSPECIFIED.,.F.,
  .F.,(2,2),(0.,72.2),.PIECEWISE_BEZIER_KNOTS.);
#3019 = CARTESIAN_POINT('',(0.,94.));
#3020 = CARTESIAN_POINT('',(72.2,94.));
#3021 = ( GEOMETRIC_REPRESENTATION_CONTEXT(2) 
PARAMETRIC_REPRESENTATION_CONTEXT() REPRESENTATION_CONTEXT('2D SPACE',''
  ) );
#3022 = ORIENTED_EDGE('',*,*,#3023,.F.);
#3023 = EDGE_CURVE('',#3024,#3003,#3026,.T.);
#3024 = VERTEX_POINT('',#3025);
#3025 = CARTESIAN_POINT('',(94.,110.13,3.));
#3026 = SURFACE_CURVE('',#3027,(#3031,#3037),.PCURVE_S1.);
#3027 = LINE('',#3028,#3029);
#3028 = CARTESIAN_POINT('',(94.,0.,3.));
#3029 = VECTOR('',#3030,1.);
#3030 = DIRECTION('',(0.,-1.,0.));
#3031 = PCURVE('',#658,#3032);
#3032 = DEFINITIONAL_REPRESENTATION('',(#3033),#3036);
#3033 = B_SPLINE_CURVE_WITH_KNOTS('',1,(#3034,#3035),.UNSPECIFIED.,.F.,
  .F.,(2,2),(-113.13,0.),.PIECEWISE_BEZIER_KNOTS.);
#3034 = CARTESIAN_POINT('',(3.,-113.13));
#3035 = CARTESIAN_POINT('',(3.,0.));
#3036 = ( GEOMETRIC_REPRESENTATION_CONTEXT(2) 
PARAMETRIC_REPRESENTATION_CONTEXT() REPRESENTATION_CONTEXT('2D SPACE',''
  ) );
#3037 = PCURVE('',#3038,#3043);
#3038 = PLANE('',#3039);
#3039 = AXIS2_PLACEMENT_3D('',#3040,#3041,#3042);
#3040 = CARTESIAN_POINT('',(0.,0.,3.));
#3041 = DIRECTION('',(0.,0.,1.));
#3042 = DIRECTION('',(1.,0.,0.));
#3043 = DEFINITIONAL_REPRESENTATION('',(#3044),#3047);
#3044 = B_SPLINE_CURVE_WITH_KNOTS('',1,(#3045,#3046),.UNSPECIFIED.,.F.,
  .F.,(2,2),(-113.13,0.),.PIECEWISE_BEZIER_KNOTS.);
#3045 = CARTESIAN_POINT('',(94.,113.13));
#3046 = CARTESIAN_POINT('',(94.,0.));
#3047 = ( GEOMETRIC_REPRESENTATION_CONTEXT(2) 
PARAMETRIC_REPRESENTATION_CONTEXT() REPRESENTATION_CONTEXT('2D SPACE',''
  ) );
#3048 = ORIENTED_EDGE('',*,*,#3049,.F.);
#3049 = EDGE_CURVE('',#3050,#3024,#3052,.T.);
#3050 = VERTEX_POINT('',#3051);
#3051 = CARTESIAN_POINT('',(94.,110.13,57.370246418123));
#3052 = SURFACE_CURVE('',#3053,(#3057,#3063),.PCURVE_S1.);
#3053 = LINE('',#3054,#3055);
#3054 = CARTESIAN_POINT('',(94.,110.13,0.));
#3055 = VECTOR('',#3056,1.);
#3056 = DIRECTION('',(0.,0.,-1.));
#3057 = PCURVE('',#658,#3058);
#3058 = DEFINITIONAL_REPRESENTATION('',(#3059),#3062);
#3059 = B_SPLINE_CURVE_WITH_KNOTS('',1,(#3060,#3061),.UNSPECIFIED.,.F.,
  .F.,(2,2),(-72.2,0.),.PIECEWISE_BEZIER_KNOTS.);
#3060 = CARTESIAN_POINT('',(72.2,-110.13));
#3061 = CARTESIAN_POINT('',(0.,-110.13));
#3062 = ( GEOMETRIC_REPRESENTATION_CONTEXT(2) 
PARAMETRIC_REPRESENTATION_CONTEXT() REPRESENTATION_CONTEXT('2D SPACE',''
  ) );
#3063 = PCURVE('',#829,#3064);
#3064 = DEFINITIONAL_REPRESENTATION('',(#3065),#3068);
#3065 = B_SPLINE_CURVE_WITH_KNOTS('',1,(#3066,#3067),.UNSPECIFIED.,.F.,
  .F.,(2,2),(-72.2,0.),.PIECEWISE_BEZIER_KNOTS.);
#3066 = CARTESIAN_POINT('',(72.2,94.));
#3067 = CARTESIAN_POINT('',(0.,94.));
#3068 = ( GEOMETRIC_REPRESENTATION_CONTEXT(2) 
PARAMETRIC_REPRESENTATION_CONTEXT() REPRESENTATION_CONTEXT('2D SPACE',''
  ) );
#3069 = ORIENTED_EDGE('',*,*,#3070,.T.);
#3070 = EDGE_CURVE('',#3050,#3071,#3073,.T.);
#3071 = VERTEX_POINT('',#3072);
#3072 = CARTESIAN_POINT('',(94.,109.13,56.892307692308));
#3073 = SURFACE_CURVE('',#3074,(#3079,#3086),.PCURVE_S1.);
#3074 = HYPERBOLA('',#3075,1.153846153846,1.);
#3075 = AXIS2_PLACEMENT_3D('',#3076,#3077,#3078);
#3076 = CARTESIAN_POINT('',(94.,109.13,55.738461538462));
#3077 = DIRECTION('',(1.,0.,0.));
#3078 = DIRECTION('',(-0.,0.,1.));
#3079 = PCURVE('',#658,#3080);
#3080 = DEFINITIONAL_REPRESENTATION('',(#3081),#3085);
#3081 = ( BOUNDED_CURVE() B_SPLINE_CURVE(2,(#3082,#3083,#3084),
.UNSPECIFIED.,.F.,.F.) B_SPLINE_CURVE_WITH_KNOTS((3,3),(-1.762747174039,
0.),.PIECEWISE_BEZIER_KNOTS.) CURVE() GEOMETRIC_REPRESENTATION_ITEM() 
RATIONAL_B_SPLINE_CURVE((1.,1.414213562373,1.)) REPRESENTATION_ITEM('') 
  );
#3082 = CARTESIAN_POINT('',(59.2,-111.9584271247));
#3083 = CARTESIAN_POINT('',(56.892307692308,-109.8371067811));
#3084 = CARTESIAN_POINT('',(56.892307692308,-109.13));
#3085 = ( GEOMETRIC_REPRESENTATION_CONTEXT(2) 
PARAMETRIC_REPRESENTATION_CONTEXT() REPRESENTATION_CONTEXT('2D SPACE',''
  ) );
#3086 = PCURVE('',#3087,#3092);
#3087 = CONICAL_SURFACE('',#3088,0.4,0.714090698612);
#3088 = AXIS2_PLACEMENT_3D('',#3089,#3090,#3091);
#3089 = CARTESIAN_POINT('',(93.,109.13,56.2));
#3090 = DIRECTION('',(0.,0.,1.));
#3091 = DIRECTION('',(1.,0.,0.));
#3092 = DEFINITIONAL_REPRESENTATION('',(#3093),#3110);
#3093 = B_SPLINE_CURVE_WITH_KNOTS('',8,(#3094,#3095,#3096,#3097,#3098,
    #3099,#3100,#3101,#3102,#3103,#3104,#3105,#3106,#3107,#3108,#3109),
  .UNSPECIFIED.,.F.,.F.,(9,7,9),(-1.762747174039,-0.88137358702,0.),
  .UNSPECIFIED.);
#3094 = CARTESIAN_POINT('',(1.230959417341,3.));
#3095 = CARTESIAN_POINT('',(1.194235517882,2.640446976842));
#3096 = CARTESIAN_POINT('',(1.153152537987,2.328911096351));
#3097 = CARTESIAN_POINT('',(1.107179953134,2.058744856595));
#3098 = CARTESIAN_POINT('',(1.055756808785,1.824536483656));
#3099 = CARTESIAN_POINT('',(0.998299202985,1.621867563459));
#3100 = CARTESIAN_POINT('',(0.934268649063,1.447125044084));
#3101 = CARTESIAN_POINT('',(0.863301318415,1.297367608558));
#3102 = CARTESIAN_POINT('',(0.70749500838,1.043125227687));
#3103 = CARTESIAN_POINT('',(0.622656192903,0.938639789747));
#3104 = CARTESIAN_POINT('',(0.530879636138,0.854438910751));
#3105 = CARTESIAN_POINT('',(0.432533612238,0.788757516798));
#3106 = CARTESIAN_POINT('',(0.328478394952,0.74032537398));
#3107 = CARTESIAN_POINT('',(0.220343214978,0.708313586708));
#3108 = CARTESIAN_POINT('',(0.110171698377,0.692307692308));
#3109 = CARTESIAN_POINT('',(0.,0.692307692308));
#3110 = ( GEOMETRIC_REPRESENTATION_CONTEXT(2) 
PARAMETRIC_REPRESENTATION_CONTEXT() REPRESENTATION_CONTEXT('2D SPACE',''
  ) );
#3111 = ORIENTED_EDGE('',*,*,#3112,.T.);
#3112 = EDGE_CURVE('',#3071,#3113,#3115,.T.);
#3113 = VERTEX_POINT('',#3114);
#3114 = CARTESIAN_POINT('',(94.,106.30157287525,59.2));
#3115 = SURFACE_CURVE('',#3116,(#3121,#3128),.PCURVE_S1.);
#3116 = HYPERBOLA('',#3117,1.153846153846,1.);
#3117 = AXIS2_PLACEMENT_3D('',#3118,#3119,#3120);
#3118 = CARTESIAN_POINT('',(94.,109.13,55.738461538462));
#3119 = DIRECTION('',(1.,0.,0.));
#3120 = DIRECTION('',(-0.,0.,1.));
#3121 = PCURVE('',#658,#3122);
#3122 = DEFINITIONAL_REPRESENTATION('',(#3123),#3127);
#3123 = ( BOUNDED_CURVE() B_SPLINE_CURVE(2,(#3124,#3125,#3126),
.UNSPECIFIED.,.F.,.F.) B_SPLINE_CURVE_WITH_KNOTS((3,3),(0.,
1.762747174039),.PIECEWISE_BEZIER_KNOTS.) CURVE() 
GEOMETRIC_REPRESENTATION_ITEM() RATIONAL_B_SPLINE_CURVE((1.,
1.414213562373,1.)) REPRESENTATION_ITEM('') );
#3124 = CARTESIAN_POINT('',(56.892307692308,-109.13));
#3125 = CARTESIAN_POINT('',(56.892307692308,-108.4228932188));
#3126 = CARTESIAN_POINT('',(59.2,-106.3015728752));
#3127 = ( GEOMETRIC_REPRESENTATION_CONTEXT(2) 
PARAMETRIC_REPRESENTATION_CONTEXT() REPRESENTATION_CONTEXT('2D SPACE',''
  ) );
#3128 = PCURVE('',#3087,#3129);
#3129 = DEFINITIONAL_REPRESENTATION('',(#3130),#3147);
#3130 = B_SPLINE_CURVE_WITH_KNOTS('',8,(#3131,#3132,#3133,#3134,#3135,
    #3136,#3137,#3138,#3139,#3140,#3141,#3142,#3143,#3144,#3145,#3146),
  .UNSPECIFIED.,.F.,.F.,(9,7,9),(0.,0.88137358702,1.762747174039),
  .UNSPECIFIED.);
#3131 = CARTESIAN_POINT('',(6.28318530718,0.692307692308));
#3132 = CARTESIAN_POINT('',(6.173013608802,0.692307692308));
#3133 = CARTESIAN_POINT('',(6.062842092201,0.708313586709));
#3134 = CARTESIAN_POINT('',(5.954706912217,0.740325373975));
#3135 = CARTESIAN_POINT('',(5.850651694931,0.788757516806));
#3136 = CARTESIAN_POINT('',(5.752305671029,0.854438910747));
#3137 = CARTESIAN_POINT('',(5.660529114274,0.938639789748));
#3138 = CARTESIAN_POINT('',(5.5756902988,1.043125227687));
#3139 = CARTESIAN_POINT('',(5.419883988765,1.297367608558));
#3140 = CARTESIAN_POINT('',(5.348916658117,1.447125044084));
#3141 = CARTESIAN_POINT('',(5.284886104194,1.621867563459));
#3142 = CARTESIAN_POINT('',(5.227428498395,1.824536483656));
#3143 = CARTESIAN_POINT('',(5.176005354045,2.058744856595));
#3144 = CARTESIAN_POINT('',(5.130032769193,2.328911096351));
#3145 = CARTESIAN_POINT('',(5.088949789298,2.640446976842));
#3146 = CARTESIAN_POINT('',(5.052225889839,3.));
#3147 = ( GEOMETRIC_REPRESENTATION_CONTEXT(2) 
PARAMETRIC_REPRESENTATION_CONTEXT() REPRESENTATION_CONTEXT('2D SPACE',''
  ) );
#3148 = ORIENTED_EDGE('',*,*,#3149,.F.);
#3149 = EDGE_CURVE('',#643,#3113,#3150,.T.);
#3150 = SURFACE_CURVE('',#3151,(#3155,#3161),.PCURVE_S1.);
#3151 = LINE('',#3152,#3153);
#3152 = CARTESIAN_POINT('',(94.,106.30157287525,59.2));
#3153 = VECTOR('',#3154,1.);
#3154 = DIRECTION('',(-0.,-0.,-1.));
#3155 = PCURVE('',#658,#3156);
#3156 = DEFINITIONAL_REPRESENTATION('',(#3157),#3160);
#3157 = B_SPLINE_CURVE_WITH_KNOTS('',1,(#3158,#3159),.UNSPECIFIED.,.F.,
  .F.,(2,2),(-13.0000006,5.999999999062E-07),.PIECEWISE_BEZIER_KNOTS.);
#3158 = CARTESIAN_POINT('',(72.2000006,-106.3015728752));
#3159 = CARTESIAN_POINT('',(59.1999994,-106.3015728752));
#3160 = ( GEOMETRIC_REPRESENTATION_CONTEXT(2) 
PARAMETRIC_REPRESENTATION_CONTEXT() REPRESENTATION_CONTEXT('2D SPACE',''
  ) );
#3161 = PCURVE('',#856,#3162);
#3162 = DEFINITIONAL_REPRESENTATION('',(#3163),#3166);
#3163 = B_SPLINE_CURVE_WITH_KNOTS('',1,(#3164,#3165),.UNSPECIFIED.,.F.,
  .F.,(2,2),(-13.0000006,5.999999999062E-07),.PIECEWISE_BEZIER_KNOTS.);
#3164 = CARTESIAN_POINT('',(-5.052225889839,-13.0000006));
#3165 = CARTESIAN_POINT('',(-5.052225889839,5.999999999062E-07));
#3166 = ( GEOMETRIC_REPRESENTATION_CONTEXT(2) 
PARAMETRIC_REPRESENTATION_CONTEXT() REPRESENTATION_CONTEXT('2D SPACE',''
  ) );
#3167 = FACE_BOUND('',#3168,.F.);
#3168 = EDGE_LOOP('',(#3169));
#3169 = ORIENTED_EDGE('',*,*,#1451,.T.);
#3170 = FACE_BOUND('',#3171,.F.);
#3171 = EDGE_LOOP('',(#3172,#3173,#3174,#3175));
#3172 = ORIENTED_EDGE('',*,*,#1528,.T.);
#3173 = ORIENTED_EDGE('',*,*,#1622,.T.);
#3174 = ORIENTED_EDGE('',*,*,#1669,.F.);
#3175 = ORIENTED_EDGE('',*,*,#1575,.F.);
#3176 = ADVANCED_FACE('',(#3177),#687,.T.);
#3177 = FACE_BOUND('',#3178,.F.);
#3178 = EDGE_LOOP('',(#3179,#3203,#3204,#3205));
#3179 = ORIENTED_EDGE('',*,*,#3180,.F.);
#3180 = EDGE_CURVE('',#2903,#3181,#3183,.T.);
#3181 = VERTEX_POINT('',#3182);
#3182 = CARTESIAN_POINT('',(90.171572875254,3.,59.2));
#3183 = SURFACE_CURVE('',#3184,(#3189,#3196),.PCURVE_S1.);
#3184 = CIRCLE('',#3185,3.);
#3185 = AXIS2_PLACEMENT_3D('',#3186,#3187,#3188);
#3186 = CARTESIAN_POINT('',(93.,4.,59.2));
#3187 = DIRECTION('',(0.,0.,1.));
#3188 = DIRECTION('',(1.,0.,0.));
#3189 = PCURVE('',#687,#3190);
#3190 = DEFINITIONAL_REPRESENTATION('',(#3191),#3195);
#3191 = LINE('',#3192,#3193);
#3192 = CARTESIAN_POINT('',(-0.,0.));
#3193 = VECTOR('',#3194,1.);
#3194 = DIRECTION('',(-1.,0.));
#3195 = ( GEOMETRIC_REPRESENTATION_CONTEXT(2) 
PARAMETRIC_REPRESENTATION_CONTEXT() REPRESENTATION_CONTEXT('2D SPACE',''
  ) );
#3196 = PCURVE('',#2940,#3197);
#3197 = DEFINITIONAL_REPRESENTATION('',(#3198),#3202);
#3198 = LINE('',#3199,#3200);
#3199 = CARTESIAN_POINT('',(0.,3.));
#3200 = VECTOR('',#3201,1.);
#3201 = DIRECTION('',(1.,0.));
#3202 = ( GEOMETRIC_REPRESENTATION_CONTEXT(2) 
PARAMETRIC_REPRESENTATION_CONTEXT() REPRESENTATION_CONTEXT('2D SPACE',''
  ) );
#3203 = ORIENTED_EDGE('',*,*,#2902,.F.);
#3204 = ORIENTED_EDGE('',*,*,#670,.T.);
#3205 = ORIENTED_EDGE('',*,*,#3206,.T.);
#3206 = EDGE_CURVE('',#671,#3181,#3207,.T.);
#3207 = SURFACE_CURVE('',#3208,(#3212,#3218),.PCURVE_S1.);
#3208 = LINE('',#3209,#3210);
#3209 = CARTESIAN_POINT('',(90.171572875254,3.,59.2));
#3210 = VECTOR('',#3211,1.);
#3211 = DIRECTION('',(-0.,-0.,-1.));
#3212 = PCURVE('',#687,#3213);
#3213 = DEFINITIONAL_REPRESENTATION('',(#3214),#3217);
#3214 = B_SPLINE_CURVE_WITH_KNOTS('',1,(#3215,#3216),.UNSPECIFIED.,.F.,
  .F.,(2,2),(-13.0000006,5.999999999062E-07),.PIECEWISE_BEZIER_KNOTS.);
#3215 = CARTESIAN_POINT('',(-3.481429563044,-13.0000006));
#3216 = CARTESIAN_POINT('',(-3.481429563044,5.999999999062E-07));
#3217 = ( GEOMETRIC_REPRESENTATION_CONTEXT(2) 
PARAMETRIC_REPRESENTATION_CONTEXT() REPRESENTATION_CONTEXT('2D SPACE',''
  ) );
#3218 = PCURVE('',#715,#3219);
#3219 = DEFINITIONAL_REPRESENTATION('',(#3220),#3223);
#3220 = B_SPLINE_CURVE_WITH_KNOTS('',1,(#3221,#3222),.UNSPECIFIED.,.F.,
  .F.,(2,2),(-13.0000006,5.999999999062E-07),.PIECEWISE_BEZIER_KNOTS.);
#3221 = CARTESIAN_POINT('',(72.2000006,90.171572875254));
#3222 = CARTESIAN_POINT('',(59.1999994,90.171572875254));
#3223 = ( GEOMETRIC_REPRESENTATION_CONTEXT(2) 
PARAMETRIC_REPRESENTATION_CONTEXT() REPRESENTATION_CONTEXT('2D SPACE',''
  ) );
#3224 = ADVANCED_FACE('',(#3225,#3501),#715,.T.);
#3225 = FACE_BOUND('',#3226,.T.);
#3226 = EDGE_LOOP('',(#3227,#3248,#3249,#3250,#3299,#3300,#3321,#3349,
    #3377,#3405,#3426,#3447));
#3227 = ORIENTED_EDGE('',*,*,#3228,.F.);
#3228 = EDGE_CURVE('',#700,#3229,#3231,.T.);
#3229 = VERTEX_POINT('',#3230);
#3230 = CARTESIAN_POINT('',(6.828427124746,3.,59.2));
#3231 = SURFACE_CURVE('',#3232,(#3236,#3242),.PCURVE_S1.);
#3232 = LINE('',#3233,#3234);
#3233 = CARTESIAN_POINT('',(6.828427124746,3.,59.2));
#3234 = VECTOR('',#3235,1.);
#3235 = DIRECTION('',(-0.,-0.,-1.));
#3236 = PCURVE('',#715,#3237);
#3237 = DEFINITIONAL_REPRESENTATION('',(#3238),#3241);
#3238 = B_SPLINE_CURVE_WITH_KNOTS('',1,(#3239,#3240),.UNSPECIFIED.,.F.,
  .F.,(2,2),(-13.0000006,5.999999999062E-07),.PIECEWISE_BEZIER_KNOTS.);
#3239 = CARTESIAN_POINT('',(72.2000006,6.828427124746));
#3240 = CARTESIAN_POINT('',(59.1999994,6.828427124746));
#3241 = ( GEOMETRIC_REPRESENTATION_CONTEXT(2) 
PARAMETRIC_REPRESENTATION_CONTEXT() REPRESENTATION_CONTEXT('2D SPACE',''
  ) );
#3242 = PCURVE('',#744,#3243);
#3243 = DEFINITIONAL_REPRESENTATION('',(#3244),#3247);
#3244 = B_SPLINE_CURVE_WITH_KNOTS('',1,(#3245,#3246),.UNSPECIFIED.,.F.,
  .F.,(2,2),(-13.,-0.),.PIECEWISE_BEZIER_KNOTS.);
#3245 = CARTESIAN_POINT('',(-5.943348397725,-13.));
#3246 = CARTESIAN_POINT('',(-5.943348397725,0.));
#3247 = ( GEOMETRIC_REPRESENTATION_CONTEXT(2) 
PARAMETRIC_REPRESENTATION_CONTEXT() REPRESENTATION_CONTEXT('2D SPACE',''
  ) );
#3248 = ORIENTED_EDGE('',*,*,#699,.T.);
#3249 = ORIENTED_EDGE('',*,*,#3206,.T.);
#3250 = ORIENTED_EDGE('',*,*,#3251,.T.);
#3251 = EDGE_CURVE('',#3181,#2966,#3252,.T.);
#3252 = SURFACE_CURVE('',#3253,(#3258,#3265),.PCURVE_S1.);
#3253 = HYPERBOLA('',#3254,1.153846153846,1.);
#3254 = AXIS2_PLACEMENT_3D('',#3255,#3256,#3257);
#3255 = CARTESIAN_POINT('',(93.,3.,55.738461538462));
#3256 = DIRECTION('',(0.,1.,0.));
#3257 = DIRECTION('',(0.,-0.,1.));
#3258 = PCURVE('',#715,#3259);
#3259 = DEFINITIONAL_REPRESENTATION('',(#3260),#3264);
#3260 = ( BOUNDED_CURVE() B_SPLINE_CURVE(2,(#3261,#3262,#3263),
.UNSPECIFIED.,.F.,.F.) B_SPLINE_CURVE_WITH_KNOTS((3,3),(-1.762747174039,
1.762747174039),.PIECEWISE_BEZIER_KNOTS.) CURVE() 
GEOMETRIC_REPRESENTATION_ITEM() RATIONAL_B_SPLINE_CURVE((1.,3.,1.)) 
REPRESENTATION_ITEM('') );
#3261 = CARTESIAN_POINT('',(59.2,90.171572875254));
#3262 = CARTESIAN_POINT('',(56.123076923077,93.));
#3263 = CARTESIAN_POINT('',(59.2,95.828427124746));
#3264 = ( GEOMETRIC_REPRESENTATION_CONTEXT(2) 
PARAMETRIC_REPRESENTATION_CONTEXT() REPRESENTATION_CONTEXT('2D SPACE',''
  ) );
#3265 = PCURVE('',#2940,#3266);
#3266 = DEFINITIONAL_REPRESENTATION('',(#3267),#3298);
#3267 = B_SPLINE_CURVE_WITH_KNOTS('',8,(#3268,#3269,#3270,#3271,#3272,
    #3273,#3274,#3275,#3276,#3277,#3278,#3279,#3280,#3281,#3282,#3283,
    #3284,#3285,#3286,#3287,#3288,#3289,#3290,#3291,#3292,#3293,#3294,
    #3295,#3296,#3297),.UNSPECIFIED.,.F.,.F.,(9,7,7,7,9),(
    -1.762747174039,-0.88137358702,-0.220343396755,0.771201888642,
    1.762747174039),.UNSPECIFIED.);
#3268 = CARTESIAN_POINT('',(3.481429563044,3.));
#3269 = CARTESIAN_POINT('',(3.518153462503,2.640446976842));
#3270 = CARTESIAN_POINT('',(3.559236442398,2.328911096351));
#3271 = CARTESIAN_POINT('',(3.605209027251,2.058744856595));
#3272 = CARTESIAN_POINT('',(3.6566321716,1.824536483656));
#3273 = CARTESIAN_POINT('',(3.714089777399,1.621867563459));
#3274 = CARTESIAN_POINT('',(3.778120331322,1.447125044084));
#3275 = CARTESIAN_POINT('',(3.84908766197,1.297367608558));
#3276 = CARTESIAN_POINT('',(3.98541818325,1.074905525296));
#3277 = CARTESIAN_POINT('',(4.047747046315,0.992297241957));
#3278 = CARTESIAN_POINT('',(4.113977039887,0.921429667131));
#3279 = CARTESIAN_POINT('',(4.183995368528,0.861496316923));
#3280 = CARTESIAN_POINT('',(4.257534255805,0.811854567605));
#3281 = CARTESIAN_POINT('',(4.334133682926,0.772010561786));
#3282 = CARTESIAN_POINT('',(4.413144530051,0.741609659831));
#3283 = CARTESIAN_POINT('',(4.614801286193,0.688664306927));
#3284 = CARTESIAN_POINT('',(4.73951205589,0.677648310337));
#3285 = CARTESIAN_POINT('',(4.865370747058,0.68663989978));
#3286 = CARTESIAN_POINT('',(4.989252243817,0.715575519035));
#3287 = CARTESIAN_POINT('',(5.107902881063,0.765035081429));
#3288 = CARTESIAN_POINT('',(5.219313863246,0.836261236364));
#3289 = CARTESIAN_POINT('',(5.322416620133,0.931228105395));
#3290 = CARTESIAN_POINT('',(5.511295302662,1.174334039205));
#3291 = CARTESIAN_POINT('',(5.5970720779,1.322473047047));
#3292 = CARTESIAN_POINT('',(5.673823406033,1.500043868453));
#3293 = CARTESIAN_POINT('',(5.741919339742,1.710762060318));
#3294 = CARTESIAN_POINT('',(5.802098394698,1.959357202382));
#3295 = CARTESIAN_POINT('',(5.855202822379,2.251778016431));
#3296 = CARTESIAN_POINT('',(5.902034010834,2.595502848947));
#3297 = CARTESIAN_POINT('',(5.943348397725,3.));
#3298 = ( GEOMETRIC_REPRESENTATION_CONTEXT(2) 
PARAMETRIC_REPRESENTATION_CONTEXT() REPRESENTATION_CONTEXT('2D SPACE',''
  ) );
#3299 = ORIENTED_EDGE('',*,*,#3002,.F.);
#3300 = ORIENTED_EDGE('',*,*,#3301,.F.);
#3301 = EDGE_CURVE('',#3302,#3003,#3304,.T.);
#3302 = VERTEX_POINT('',#3303);
#3303 = CARTESIAN_POINT('',(70.,3.,3.));
#3304 = SURFACE_CURVE('',#3305,(#3309,#3315),.PCURVE_S1.);
#3305 = LINE('',#3306,#3307);
#3306 = CARTESIAN_POINT('',(0.,3.,3.));
#3307 = VECTOR('',#3308,1.);
#3308 = DIRECTION('',(1.,0.,0.));
#3309 = PCURVE('',#715,#3310);
#3310 = DEFINITIONAL_REPRESENTATION('',(#3311),#3314);
#3311 = B_SPLINE_CURVE_WITH_KNOTS('',1,(#3312,#3313),.UNSPECIFIED.,.F.,
  .F.,(2,2),(0.,97.),.PIECEWISE_BEZIER_KNOTS.);
#3312 = CARTESIAN_POINT('',(3.,0.));
#3313 = CARTESIAN_POINT('',(3.,97.));
#3314 = ( GEOMETRIC_REPRESENTATION_CONTEXT(2) 
PARAMETRIC_REPRESENTATION_CONTEXT() REPRESENTATION_CONTEXT('2D SPACE',''
  ) );
#3315 = PCURVE('',#3038,#3316);
#3316 = DEFINITIONAL_REPRESENTATION('',(#3317),#3320);
#3317 = B_SPLINE_CURVE_WITH_KNOTS('',1,(#3318,#3319),.UNSPECIFIED.,.F.,
  .F.,(2,2),(0.,97.),.PIECEWISE_BEZIER_KNOTS.);
#3318 = CARTESIAN_POINT('',(0.,3.));
#3319 = CARTESIAN_POINT('',(97.,3.));
#3320 = ( GEOMETRIC_REPRESENTATION_CONTEXT(2) 
PARAMETRIC_REPRESENTATION_CONTEXT() REPRESENTATION_CONTEXT('2D SPACE',''
  ) );
#3321 = ORIENTED_EDGE('',*,*,#3322,.T.);
#3322 = EDGE_CURVE('',#3302,#3323,#3325,.T.);
#3323 = VERTEX_POINT('',#3324);
#3324 = CARTESIAN_POINT('',(70.,3.,34.15));
#3325 = SURFACE_CURVE('',#3326,(#3330,#3337),.PCURVE_S1.);
#3326 = LINE('',#3327,#3328);
#3327 = CARTESIAN_POINT('',(70.,3.,3.));
#3328 = VECTOR('',#3329,1.);
#3329 = DIRECTION('',(0.,0.,1.));
#3330 = PCURVE('',#715,#3331);
#3331 = DEFINITIONAL_REPRESENTATION('',(#3332),#3336);
#3332 = LINE('',#3333,#3334);
#3333 = CARTESIAN_POINT('',(3.,70.));
#3334 = VECTOR('',#3335,1.);
#3335 = DIRECTION('',(1.,0.));
#3336 = ( GEOMETRIC_REPRESENTATION_CONTEXT(2) 
PARAMETRIC_REPRESENTATION_CONTEXT() REPRESENTATION_CONTEXT('2D SPACE',''
  ) );
#3337 = PCURVE('',#3338,#3343);
#3338 = PLANE('',#3339);
#3339 = AXIS2_PLACEMENT_3D('',#3340,#3341,#3342);
#3340 = CARTESIAN_POINT('',(70.,3.,3.));
#3341 = DIRECTION('',(1.,0.,0.));
#3342 = DIRECTION('',(0.,0.,1.));
#3343 = DEFINITIONAL_REPRESENTATION('',(#3344),#3348);
#3344 = LINE('',#3345,#3346);
#3345 = CARTESIAN_POINT('',(0.,0.));
#3346 = VECTOR('',#3347,1.);
#3347 = DIRECTION('',(1.,0.));
#3348 = ( GEOMETRIC_REPRESENTATION_CONTEXT(2) 
PARAMETRIC_REPRESENTATION_CONTEXT() REPRESENTATION_CONTEXT('2D SPACE',''
  ) );
#3349 = ORIENTED_EDGE('',*,*,#3350,.F.);
#3350 = EDGE_CURVE('',#3351,#3323,#3353,.T.);
#3351 = VERTEX_POINT('',#3352);
#3352 = CARTESIAN_POINT('',(53.,3.,34.15));
#3353 = SURFACE_CURVE('',#3354,(#3358,#3365),.PCURVE_S1.);
#3354 = LINE('',#3355,#3356);
#3355 = CARTESIAN_POINT('',(53.,3.,34.15));
#3356 = VECTOR('',#3357,1.);
#3357 = DIRECTION('',(1.,0.,0.));
#3358 = PCURVE('',#715,#3359);
#3359 = DEFINITIONAL_REPRESENTATION('',(#3360),#3364);
#3360 = LINE('',#3361,#3362);
#3361 = CARTESIAN_POINT('',(34.15,53.));
#3362 = VECTOR('',#3363,1.);
#3363 = DIRECTION('',(0.,1.));
#3364 = ( GEOMETRIC_REPRESENTATION_CONTEXT(2) 
PARAMETRIC_REPRESENTATION_CONTEXT() REPRESENTATION_CONTEXT('2D SPACE',''
  ) );
#3365 = PCURVE('',#3366,#3371);
#3366 = PLANE('',#3367);
#3367 = AXIS2_PLACEMENT_3D('',#3368,#3369,#3370);
#3368 = CARTESIAN_POINT('',(53.,3.,34.15));
#3369 = DIRECTION('',(0.,0.,1.));
#3370 = DIRECTION('',(1.,0.,0.));
#3371 = DEFINITIONAL_REPRESENTATION('',(#3372),#3376);
#3372 = LINE('',#3373,#3374);
#3373 = CARTESIAN_POINT('',(0.,0.));
#3374 = VECTOR('',#3375,1.);
#3375 = DIRECTION('',(1.,0.));
#3376 = ( GEOMETRIC_REPRESENTATION_CONTEXT(2) 
PARAMETRIC_REPRESENTATION_CONTEXT() REPRESENTATION_CONTEXT('2D SPACE',''
  ) );
#3377 = ORIENTED_EDGE('',*,*,#3378,.F.);
#3378 = EDGE_CURVE('',#3379,#3351,#3381,.T.);
#3379 = VERTEX_POINT('',#3380);
#3380 = CARTESIAN_POINT('',(53.,3.,3.));
#3381 = SURFACE_CURVE('',#3382,(#3386,#3393),.PCURVE_S1.);
#3382 = LINE('',#3383,#3384);
#3383 = CARTESIAN_POINT('',(53.,3.,3.));
#3384 = VECTOR('',#3385,1.);
#3385 = DIRECTION('',(0.,0.,1.));
#3386 = PCURVE('',#715,#3387);
#3387 = DEFINITIONAL_REPRESENTATION('',(#3388),#3392);
#3388 = LINE('',#3389,#3390);
#3389 = CARTESIAN_POINT('',(3.,53.));
#3390 = VECTOR('',#3391,1.);
#3391 = DIRECTION('',(1.,0.));
#3392 = ( GEOMETRIC_REPRESENTATION_CONTEXT(2) 
PARAMETRIC_REPRESENTATION_CONTEXT() REPRESENTATION_CONTEXT('2D SPACE',''
  ) );
#3393 = PCURVE('',#3394,#3399);
#3394 = PLANE('',#3395);
#3395 = AXIS2_PLACEMENT_3D('',#3396,#3397,#3398);
#3396 = CARTESIAN_POINT('',(53.,3.,3.));
#3397 = DIRECTION('',(1.,0.,0.));
#3398 = DIRECTION('',(0.,0.,1.));
#3399 = DEFINITIONAL_REPRESENTATION('',(#3400),#3404);
#3400 = LINE('',#3401,#3402);
#3401 = CARTESIAN_POINT('',(0.,0.));
#3402 = VECTOR('',#3403,1.);
#3403 = DIRECTION('',(1.,0.));
#3404 = ( GEOMETRIC_REPRESENTATION_CONTEXT(2) 
PARAMETRIC_REPRESENTATION_CONTEXT() REPRESENTATION_CONTEXT('2D SPACE',''
  ) );
#3405 = ORIENTED_EDGE('',*,*,#3406,.F.);
#3406 = EDGE_CURVE('',#3407,#3379,#3409,.T.);
#3407 = VERTEX_POINT('',#3408);
#3408 = CARTESIAN_POINT('',(3.,3.,3.));
#3409 = SURFACE_CURVE('',#3410,(#3414,#3420),.PCURVE_S1.);
#3410 = LINE('',#3411,#3412);
#3411 = CARTESIAN_POINT('',(0.,3.,3.));
#3412 = VECTOR('',#3413,1.);
#3413 = DIRECTION('',(1.,0.,0.));
#3414 = PCURVE('',#715,#3415);
#3415 = DEFINITIONAL_REPRESENTATION('',(#3416),#3419);
#3416 = B_SPLINE_CURVE_WITH_KNOTS('',1,(#3417,#3418),.UNSPECIFIED.,.F.,
  .F.,(2,2),(0.,97.),.PIECEWISE_BEZIER_KNOTS.);
#3417 = CARTESIAN_POINT('',(3.,0.));
#3418 = CARTESIAN_POINT('',(3.,97.));
#3419 = ( GEOMETRIC_REPRESENTATION_CONTEXT(2) 
PARAMETRIC_REPRESENTATION_CONTEXT() REPRESENTATION_CONTEXT('2D SPACE',''
  ) );
#3420 = PCURVE('',#3038,#3421);
#3421 = DEFINITIONAL_REPRESENTATION('',(#3422),#3425);
#3422 = B_SPLINE_CURVE_WITH_KNOTS('',1,(#3423,#3424),.UNSPECIFIED.,.F.,
  .F.,(2,2),(0.,97.),.PIECEWISE_BEZIER_KNOTS.);
#3423 = CARTESIAN_POINT('',(0.,3.));
#3424 = CARTESIAN_POINT('',(97.,3.));
#3425 = ( GEOMETRIC_REPRESENTATION_CONTEXT(2) 
PARAMETRIC_REPRESENTATION_CONTEXT() REPRESENTATION_CONTEXT('2D SPACE',''
  ) );
#3426 = ORIENTED_EDGE('',*,*,#3427,.T.);
#3427 = EDGE_CURVE('',#3407,#3428,#3430,.T.);
#3428 = VERTEX_POINT('',#3429);
#3429 = CARTESIAN_POINT('',(3.,3.,57.370246418123));
#3430 = SURFACE_CURVE('',#3431,(#3435,#3441),.PCURVE_S1.);
#3431 = LINE('',#3432,#3433);
#3432 = CARTESIAN_POINT('',(3.,3.,0.));
#3433 = VECTOR('',#3434,1.);
#3434 = DIRECTION('',(0.,0.,1.));
#3435 = PCURVE('',#715,#3436);
#3436 = DEFINITIONAL_REPRESENTATION('',(#3437),#3440);
#3437 = B_SPLINE_CURVE_WITH_KNOTS('',1,(#3438,#3439),.UNSPECIFIED.,.F.,
  .F.,(2,2),(0.,72.2),.PIECEWISE_BEZIER_KNOTS.);
#3438 = CARTESIAN_POINT('',(0.,3.));
#3439 = CARTESIAN_POINT('',(72.2,3.));
#3440 = ( GEOMETRIC_REPRESENTATION_CONTEXT(2) 
PARAMETRIC_REPRESENTATION_CONTEXT() REPRESENTATION_CONTEXT('2D SPACE',''
  ) );
#3441 = PCURVE('',#772,#3442);
#3442 = DEFINITIONAL_REPRESENTATION('',(#3443),#3446);
#3443 = B_SPLINE_CURVE_WITH_KNOTS('',1,(#3444,#3445),.UNSPECIFIED.,.F.,
  .F.,(2,2),(0.,72.2),.PIECEWISE_BEZIER_KNOTS.);
#3444 = CARTESIAN_POINT('',(0.,-3.));
#3445 = CARTESIAN_POINT('',(72.2,-3.));
#3446 = ( GEOMETRIC_REPRESENTATION_CONTEXT(2) 
PARAMETRIC_REPRESENTATION_CONTEXT() REPRESENTATION_CONTEXT('2D SPACE',''
  ) );
#3447 = ORIENTED_EDGE('',*,*,#3448,.T.);
#3448 = EDGE_CURVE('',#3428,#3229,#3449,.T.);
#3449 = SURFACE_CURVE('',#3450,(#3455,#3462),.PCURVE_S1.);
#3450 = HYPERBOLA('',#3451,1.153846153846,1.);
#3451 = AXIS2_PLACEMENT_3D('',#3452,#3453,#3454);
#3452 = CARTESIAN_POINT('',(4.,3.,55.738461538462));
#3453 = DIRECTION('',(0.,1.,0.));
#3454 = DIRECTION('',(0.,-0.,1.));
#3455 = PCURVE('',#715,#3456);
#3456 = DEFINITIONAL_REPRESENTATION('',(#3457),#3461);
#3457 = ( BOUNDED_CURVE() B_SPLINE_CURVE(2,(#3458,#3459,#3460),
.UNSPECIFIED.,.F.,.F.) B_SPLINE_CURVE_WITH_KNOTS((3,3),(-1.762747174039,
1.762747174039),.PIECEWISE_BEZIER_KNOTS.) CURVE() 
GEOMETRIC_REPRESENTATION_ITEM() RATIONAL_B_SPLINE_CURVE((1.,3.,1.)) 
REPRESENTATION_ITEM('') );
#3458 = CARTESIAN_POINT('',(59.2,1.171572875254));
#3459 = CARTESIAN_POINT('',(56.123076923077,4.));
#3460 = CARTESIAN_POINT('',(59.2,6.828427124746));
#3461 = ( GEOMETRIC_REPRESENTATION_CONTEXT(2) 
PARAMETRIC_REPRESENTATION_CONTEXT() REPRESENTATION_CONTEXT('2D SPACE',''
  ) );
#3462 = PCURVE('',#3463,#3468);
#3463 = CONICAL_SURFACE('',#3464,0.4,0.714090698612);
#3464 = AXIS2_PLACEMENT_3D('',#3465,#3466,#3467);
#3465 = CARTESIAN_POINT('',(4.,4.,56.2));
#3466 = DIRECTION('',(0.,0.,1.));
#3467 = DIRECTION('',(1.,0.,0.));
#3468 = DEFINITIONAL_REPRESENTATION('',(#3469),#3500);
#3469 = B_SPLINE_CURVE_WITH_KNOTS('',8,(#3470,#3471,#3472,#3473,#3474,
    #3475,#3476,#3477,#3478,#3479,#3480,#3481,#3482,#3483,#3484,#3485,
    #3486,#3487,#3488,#3489,#3490,#3491,#3492,#3493,#3494,#3495,#3496,
    #3497,#3498,#3499),.UNSPECIFIED.,.F.,.F.,(9,7,7,7,9),(
    -1.762747174039,-0.88137358702,-0.220343396755,0.771201888642,
    1.762747174039),.UNSPECIFIED.);
#3470 = CARTESIAN_POINT('',(3.481429563044,3.));
#3471 = CARTESIAN_POINT('',(3.518153462503,2.640446976842));
#3472 = CARTESIAN_POINT('',(3.559236442398,2.328911096351));
#3473 = CARTESIAN_POINT('',(3.605209027251,2.058744856595));
#3474 = CARTESIAN_POINT('',(3.6566321716,1.824536483656));
#3475 = CARTESIAN_POINT('',(3.714089777399,1.621867563458));
#3476 = CARTESIAN_POINT('',(3.778120331322,1.447125044084));
#3477 = CARTESIAN_POINT('',(3.84908766197,1.297367608558));
#3478 = CARTESIAN_POINT('',(3.98541818325,1.074905525296));
#3479 = CARTESIAN_POINT('',(4.047747046315,0.992297241957));
#3480 = CARTESIAN_POINT('',(4.113977039889,0.92142966713));
#3481 = CARTESIAN_POINT('',(4.183995368528,0.861496316923));
#3482 = CARTESIAN_POINT('',(4.257534255804,0.811854567605));
#3483 = CARTESIAN_POINT('',(4.334133682926,0.772010561785));
#3484 = CARTESIAN_POINT('',(4.413144530051,0.741609659831));
#3485 = CARTESIAN_POINT('',(4.614801286193,0.688664306927));
#3486 = CARTESIAN_POINT('',(4.73951205589,0.677648310339));
#3487 = CARTESIAN_POINT('',(4.865370747059,0.686639899773));
#3488 = CARTESIAN_POINT('',(4.989252243821,0.715575519044));
#3489 = CARTESIAN_POINT('',(5.107902881061,0.765035081421));
#3490 = CARTESIAN_POINT('',(5.219313863246,0.836261236366));
#3491 = CARTESIAN_POINT('',(5.322416620133,0.931228105395));
#3492 = CARTESIAN_POINT('',(5.511295302662,1.174334039205));
#3493 = CARTESIAN_POINT('',(5.5970720779,1.322473047047));
#3494 = CARTESIAN_POINT('',(5.673823406033,1.500043868453));
#3495 = CARTESIAN_POINT('',(5.741919339742,1.710762060319));
#3496 = CARTESIAN_POINT('',(5.802098394697,1.959357202382));
#3497 = CARTESIAN_POINT('',(5.855202822379,2.251778016431));
#3498 = CARTESIAN_POINT('',(5.902034010834,2.595502848947));
#3499 = CARTESIAN_POINT('',(5.943348397725,3.));
#3500 = ( GEOMETRIC_REPRESENTATION_CONTEXT(2) 
PARAMETRIC_REPRESENTATION_CONTEXT() REPRESENTATION_CONTEXT('2D SPACE',''
  ) );
#3501 = FACE_BOUND('',#3502,.T.);
#3502 = EDGE_LOOP('',(#3503,#3504,#3505,#3506));
#3503 = ORIENTED_EDGE('',*,*,#2559,.F.);
#3504 = ORIENTED_EDGE('',*,*,#2606,.T.);
#3505 = ORIENTED_EDGE('',*,*,#2678,.T.);
#3506 = ORIENTED_EDGE('',*,*,#2653,.F.);
#3507 = ADVANCED_FACE('',(#3508),#744,.T.);
#3508 = FACE_BOUND('',#3509,.F.);
#3509 = EDGE_LOOP('',(#3510,#3535,#3556,#3557,#3558));
#3510 = ORIENTED_EDGE('',*,*,#3511,.F.);
#3511 = EDGE_CURVE('',#3512,#3514,#3516,.T.);
#3512 = VERTEX_POINT('',#3513);
#3513 = CARTESIAN_POINT('',(7.,4.,59.2));
#3514 = VERTEX_POINT('',#3515);
#3515 = CARTESIAN_POINT('',(3.,6.828427124746,59.2));
#3516 = SURFACE_CURVE('',#3517,(#3522,#3528),.PCURVE_S1.);
#3517 = CIRCLE('',#3518,3.);
#3518 = AXIS2_PLACEMENT_3D('',#3519,#3520,#3521);
#3519 = CARTESIAN_POINT('',(4.,4.,59.2));
#3520 = DIRECTION('',(0.,0.,1.));
#3521 = DIRECTION('',(1.,0.,0.));
#3522 = PCURVE('',#744,#3523);
#3523 = DEFINITIONAL_REPRESENTATION('',(#3524),#3527);
#3524 = B_SPLINE_CURVE_WITH_KNOTS('',1,(#3525,#3526),.UNSPECIFIED.,.F.,
  .F.,(2,2),(0.,1.910633236249),.PIECEWISE_BEZIER_KNOTS.);
#3525 = CARTESIAN_POINT('',(-6.28318530718,0.));
#3526 = CARTESIAN_POINT('',(-8.193818543429,0.));
#3527 = ( GEOMETRIC_REPRESENTATION_CONTEXT(2) 
PARAMETRIC_REPRESENTATION_CONTEXT() REPRESENTATION_CONTEXT('2D SPACE',''
  ) );
#3528 = PCURVE('',#3463,#3529);
#3529 = DEFINITIONAL_REPRESENTATION('',(#3530),#3534);
#3530 = LINE('',#3531,#3532);
#3531 = CARTESIAN_POINT('',(0.,3.));
#3532 = VECTOR('',#3533,1.);
#3533 = DIRECTION('',(1.,0.));
#3534 = ( GEOMETRIC_REPRESENTATION_CONTEXT(2) 
PARAMETRIC_REPRESENTATION_CONTEXT() REPRESENTATION_CONTEXT('2D SPACE',''
  ) );
#3535 = ORIENTED_EDGE('',*,*,#3536,.F.);
#3536 = EDGE_CURVE('',#3229,#3512,#3537,.T.);
#3537 = SURFACE_CURVE('',#3538,(#3543,#3549),.PCURVE_S1.);
#3538 = CIRCLE('',#3539,3.);
#3539 = AXIS2_PLACEMENT_3D('',#3540,#3541,#3542);
#3540 = CARTESIAN_POINT('',(4.,4.,59.2));
#3541 = DIRECTION('',(0.,0.,1.));
#3542 = DIRECTION('',(1.,0.,0.));
#3543 = PCURVE('',#744,#3544);
#3544 = DEFINITIONAL_REPRESENTATION('',(#3545),#3548);
#3545 = B_SPLINE_CURVE_WITH_KNOTS('',1,(#3546,#3547),.UNSPECIFIED.,.F.,
  .F.,(2,2),(5.943348397725,6.28318530718),.PIECEWISE_BEZIER_KNOTS.);
#3546 = CARTESIAN_POINT('',(-5.943348397725,0.));
#3547 = CARTESIAN_POINT('',(-6.28318530718,0.));
#3548 = ( GEOMETRIC_REPRESENTATION_CONTEXT(2) 
PARAMETRIC_REPRESENTATION_CONTEXT() REPRESENTATION_CONTEXT('2D SPACE',''
  ) );
#3549 = PCURVE('',#3463,#3550);
#3550 = DEFINITIONAL_REPRESENTATION('',(#3551),#3555);
#3551 = LINE('',#3552,#3553);
#3552 = CARTESIAN_POINT('',(0.,3.));
#3553 = VECTOR('',#3554,1.);
#3554 = DIRECTION('',(1.,0.));
#3555 = ( GEOMETRIC_REPRESENTATION_CONTEXT(2) 
PARAMETRIC_REPRESENTATION_CONTEXT() REPRESENTATION_CONTEXT('2D SPACE',''
  ) );
#3556 = ORIENTED_EDGE('',*,*,#3228,.F.);
#3557 = ORIENTED_EDGE('',*,*,#727,.T.);
#3558 = ORIENTED_EDGE('',*,*,#3559,.T.);
#3559 = EDGE_CURVE('',#728,#3514,#3560,.T.);
#3560 = SURFACE_CURVE('',#3561,(#3565,#3571),.PCURVE_S1.);
#3561 = LINE('',#3562,#3563);
#3562 = CARTESIAN_POINT('',(3.,6.828427124746,59.2));
#3563 = VECTOR('',#3564,1.);
#3564 = DIRECTION('',(-0.,-0.,-1.));
#3565 = PCURVE('',#744,#3566);
#3566 = DEFINITIONAL_REPRESENTATION('',(#3567),#3570);
#3567 = B_SPLINE_CURVE_WITH_KNOTS('',1,(#3568,#3569),.UNSPECIFIED.,.F.,
  .F.,(2,2),(-13.,-0.),.PIECEWISE_BEZIER_KNOTS.);
#3568 = CARTESIAN_POINT('',(-8.193818543429,-13.));
#3569 = CARTESIAN_POINT('',(-8.193818543429,0.));
#3570 = ( GEOMETRIC_REPRESENTATION_CONTEXT(2) 
PARAMETRIC_REPRESENTATION_CONTEXT() REPRESENTATION_CONTEXT('2D SPACE',''
  ) );
#3571 = PCURVE('',#772,#3572);
#3572 = DEFINITIONAL_REPRESENTATION('',(#3573),#3576);
#3573 = B_SPLINE_CURVE_WITH_KNOTS('',1,(#3574,#3575),.UNSPECIFIED.,.F.,
  .F.,(2,2),(-13.0000006,5.999999999062E-07),.PIECEWISE_BEZIER_KNOTS.);
#3574 = CARTESIAN_POINT('',(72.2000006,-6.828427124746));
#3575 = CARTESIAN_POINT('',(59.1999994,-6.828427124746));
#3576 = ( GEOMETRIC_REPRESENTATION_CONTEXT(2) 
PARAMETRIC_REPRESENTATION_CONTEXT() REPRESENTATION_CONTEXT('2D SPACE',''
  ) );
#3577 = ADVANCED_FACE('',(#3578,#3749,#3779,#3865,#3951,#4037,#4123,
    #4153,#4239,#4325),#772,.T.);
#3578 = FACE_BOUND('',#3579,.T.);
#3579 = EDGE_LOOP('',(#3580,#3581,#3582,#3631,#3632,#3653,#3674,#3730));
#3580 = ORIENTED_EDGE('',*,*,#756,.F.);
#3581 = ORIENTED_EDGE('',*,*,#3559,.T.);
#3582 = ORIENTED_EDGE('',*,*,#3583,.T.);
#3583 = EDGE_CURVE('',#3514,#3428,#3584,.T.);
#3584 = SURFACE_CURVE('',#3585,(#3590,#3597),.PCURVE_S1.);
#3585 = HYPERBOLA('',#3586,1.153846153846,1.);
#3586 = AXIS2_PLACEMENT_3D('',#3587,#3588,#3589);
#3587 = CARTESIAN_POINT('',(3.,4.,55.738461538462));
#3588 = DIRECTION('',(1.,0.,0.));
#3589 = DIRECTION('',(-0.,0.,1.));
#3590 = PCURVE('',#772,#3591);
#3591 = DEFINITIONAL_REPRESENTATION('',(#3592),#3596);
#3592 = ( BOUNDED_CURVE() B_SPLINE_CURVE(2,(#3593,#3594,#3595),
.UNSPECIFIED.,.F.,.F.) B_SPLINE_CURVE_WITH_KNOTS((3,3),(-1.762747174039,
1.762747174039),.PIECEWISE_BEZIER_KNOTS.) CURVE() 
GEOMETRIC_REPRESENTATION_ITEM() RATIONAL_B_SPLINE_CURVE((1.,3.,1.)) 
REPRESENTATION_ITEM('') );
#3593 = CARTESIAN_POINT('',(59.2,-6.828427124746));
#3594 = CARTESIAN_POINT('',(56.123076923077,-4.));
#3595 = CARTESIAN_POINT('',(59.2,-1.171572875254));
#3596 = ( GEOMETRIC_REPRESENTATION_CONTEXT(2) 
PARAMETRIC_REPRESENTATION_CONTEXT() REPRESENTATION_CONTEXT('2D SPACE',''
  ) );
#3597 = PCURVE('',#3463,#3598);
#3598 = DEFINITIONAL_REPRESENTATION('',(#3599),#3630);
#3599 = B_SPLINE_CURVE_WITH_KNOTS('',8,(#3600,#3601,#3602,#3603,#3604,
    #3605,#3606,#3607,#3608,#3609,#3610,#3611,#3612,#3613,#3614,#3615,
    #3616,#3617,#3618,#3619,#3620,#3621,#3622,#3623,#3624,#3625,#3626,
    #3627,#3628,#3629),.UNSPECIFIED.,.F.,.F.,(9,7,7,7,9),(
    -1.762747174039,-0.88137358702,-0.220343396755,0.771201888642,
    1.762747174039),.UNSPECIFIED.);
#3600 = CARTESIAN_POINT('',(1.910633236249,3.));
#3601 = CARTESIAN_POINT('',(1.947357135708,2.640446976842));
#3602 = CARTESIAN_POINT('',(1.988440115603,2.328911096351));
#3603 = CARTESIAN_POINT('',(2.034412700456,2.058744856595));
#3604 = CARTESIAN_POINT('',(2.085835844805,1.824536483656));
#3605 = CARTESIAN_POINT('',(2.143293450604,1.621867563459));
#3606 = CARTESIAN_POINT('',(2.207324004527,1.447125044084));
#3607 = CARTESIAN_POINT('',(2.278291335175,1.297367608558));
#3608 = CARTESIAN_POINT('',(2.414621856455,1.074905525296));
#3609 = CARTESIAN_POINT('',(2.47695071952,0.992297241957));
#3610 = CARTESIAN_POINT('',(2.543180713094,0.92142966713));
#3611 = CARTESIAN_POINT('',(2.613199041733,0.861496316923));
#3612 = CARTESIAN_POINT('',(2.686737929008,0.811854567605));
#3613 = CARTESIAN_POINT('',(2.763337356131,0.772010561785));
#3614 = CARTESIAN_POINT('',(2.842348203256,0.741609659831));
#3615 = CARTESIAN_POINT('',(3.044004959399,0.688664306927));
#3616 = CARTESIAN_POINT('',(3.168715729096,0.677648310337));
#3617 = CARTESIAN_POINT('',(3.294574420262,0.686639899779));
#3618 = CARTESIAN_POINT('',(3.418455917017,0.715575519034));
#3619 = CARTESIAN_POINT('',(3.537106554273,0.765035081428));
#3620 = CARTESIAN_POINT('',(3.64851753645,0.836261236364));
#3621 = CARTESIAN_POINT('',(3.751620293338,0.931228105395));
#3622 = CARTESIAN_POINT('',(3.940498975867,1.174334039205));
#3623 = CARTESIAN_POINT('',(4.026275751104,1.322473047047));
#3624 = CARTESIAN_POINT('',(4.10302707924,1.500043868453));
#3625 = CARTESIAN_POINT('',(4.171123012947,1.710762060319));
#3626 = CARTESIAN_POINT('',(4.231302067901,1.959357202382));
#3627 = CARTESIAN_POINT('',(4.284406495585,2.251778016431));
#3628 = CARTESIAN_POINT('',(4.331237684039,2.595502848947));
#3629 = CARTESIAN_POINT('',(4.372552070931,3.));
#3630 = ( GEOMETRIC_REPRESENTATION_CONTEXT(2) 
PARAMETRIC_REPRESENTATION_CONTEXT() REPRESENTATION_CONTEXT('2D SPACE',''
  ) );
#3631 = ORIENTED_EDGE('',*,*,#3427,.F.);
#3632 = ORIENTED_EDGE('',*,*,#3633,.F.);
#3633 = EDGE_CURVE('',#3634,#3407,#3636,.T.);
#3634 = VERTEX_POINT('',#3635);
#3635 = CARTESIAN_POINT('',(3.,110.13,3.));
#3636 = SURFACE_CURVE('',#3637,(#3641,#3647),.PCURVE_S1.);
#3637 = LINE('',#3638,#3639);
#3638 = CARTESIAN_POINT('',(3.,0.,3.));
#3639 = VECTOR('',#3640,1.);
#3640 = DIRECTION('',(0.,-1.,0.));
#3641 = PCURVE('',#772,#3642);
#3642 = DEFINITIONAL_REPRESENTATION('',(#3643),#3646);
#3643 = B_SPLINE_CURVE_WITH_KNOTS('',1,(#3644,#3645),.UNSPECIFIED.,.F.,
  .F.,(2,2),(-113.13,0.),.PIECEWISE_BEZIER_KNOTS.);
#3644 = CARTESIAN_POINT('',(3.,-113.13));
#3645 = CARTESIAN_POINT('',(3.,0.));
#3646 = ( GEOMETRIC_REPRESENTATION_CONTEXT(2) 
PARAMETRIC_REPRESENTATION_CONTEXT() REPRESENTATION_CONTEXT('2D SPACE',''
  ) );
#3647 = PCURVE('',#3038,#3648);
#3648 = DEFINITIONAL_REPRESENTATION('',(#3649),#3652);
#3649 = B_SPLINE_CURVE_WITH_KNOTS('',1,(#3650,#3651),.UNSPECIFIED.,.F.,
  .F.,(2,2),(-113.13,0.),.PIECEWISE_BEZIER_KNOTS.);
#3650 = CARTESIAN_POINT('',(3.,113.13));
#3651 = CARTESIAN_POINT('',(3.,0.));
#3652 = ( GEOMETRIC_REPRESENTATION_CONTEXT(2) 
PARAMETRIC_REPRESENTATION_CONTEXT() REPRESENTATION_CONTEXT('2D SPACE',''
  ) );
#3653 = ORIENTED_EDGE('',*,*,#3654,.T.);
#3654 = EDGE_CURVE('',#3634,#3655,#3657,.T.);
#3655 = VERTEX_POINT('',#3656);
#3656 = CARTESIAN_POINT('',(3.,110.13,57.370246418123));
#3657 = SURFACE_CURVE('',#3658,(#3662,#3668),.PCURVE_S1.);
#3658 = LINE('',#3659,#3660);
#3659 = CARTESIAN_POINT('',(3.,110.13,0.));
#3660 = VECTOR('',#3661,1.);
#3661 = DIRECTION('',(0.,0.,1.));
#3662 = PCURVE('',#772,#3663);
#3663 = DEFINITIONAL_REPRESENTATION('',(#3664),#3667);
#3664 = B_SPLINE_CURVE_WITH_KNOTS('',1,(#3665,#3666),.UNSPECIFIED.,.F.,
  .F.,(2,2),(0.,72.2),.PIECEWISE_BEZIER_KNOTS.);
#3665 = CARTESIAN_POINT('',(0.,-110.13));
#3666 = CARTESIAN_POINT('',(72.2,-110.13));
#3667 = ( GEOMETRIC_REPRESENTATION_CONTEXT(2) 
PARAMETRIC_REPRESENTATION_CONTEXT() REPRESENTATION_CONTEXT('2D SPACE',''
  ) );
#3668 = PCURVE('',#829,#3669);
#3669 = DEFINITIONAL_REPRESENTATION('',(#3670),#3673);
#3670 = B_SPLINE_CURVE_WITH_KNOTS('',1,(#3671,#3672),.UNSPECIFIED.,.F.,
  .F.,(2,2),(0.,72.2),.PIECEWISE_BEZIER_KNOTS.);
#3671 = CARTESIAN_POINT('',(0.,3.));
#3672 = CARTESIAN_POINT('',(72.2,3.));
#3673 = ( GEOMETRIC_REPRESENTATION_CONTEXT(2) 
PARAMETRIC_REPRESENTATION_CONTEXT() REPRESENTATION_CONTEXT('2D SPACE',''
  ) );
#3674 = ORIENTED_EDGE('',*,*,#3675,.T.);
#3675 = EDGE_CURVE('',#3655,#3676,#3678,.T.);
#3676 = VERTEX_POINT('',#3677);
#3677 = CARTESIAN_POINT('',(3.,106.30157287525,59.2));
#3678 = SURFACE_CURVE('',#3679,(#3684,#3691),.PCURVE_S1.);
#3679 = HYPERBOLA('',#3680,1.153846153846,1.);
#3680 = AXIS2_PLACEMENT_3D('',#3681,#3682,#3683);
#3681 = CARTESIAN_POINT('',(3.,109.13,55.738461538462));
#3682 = DIRECTION('',(1.,0.,0.));
#3683 = DIRECTION('',(-0.,0.,1.));
#3684 = PCURVE('',#772,#3685);
#3685 = DEFINITIONAL_REPRESENTATION('',(#3686),#3690);
#3686 = ( BOUNDED_CURVE() B_SPLINE_CURVE(2,(#3687,#3688,#3689),
.UNSPECIFIED.,.F.,.F.) B_SPLINE_CURVE_WITH_KNOTS((3,3),(-1.762747174039,
1.762747174039),.PIECEWISE_BEZIER_KNOTS.) CURVE() 
GEOMETRIC_REPRESENTATION_ITEM() RATIONAL_B_SPLINE_CURVE((1.,3.,1.)) 
REPRESENTATION_ITEM('') );
#3687 = CARTESIAN_POINT('',(59.2,-111.9584271247));
#3688 = CARTESIAN_POINT('',(56.123076923077,-109.13));
#3689 = CARTESIAN_POINT('',(59.2,-106.3015728752));
#3690 = ( GEOMETRIC_REPRESENTATION_CONTEXT(2) 
PARAMETRIC_REPRESENTATION_CONTEXT() REPRESENTATION_CONTEXT('2D SPACE',''
  ) );
#3691 = PCURVE('',#3692,#3697);
#3692 = CONICAL_SURFACE('',#3693,0.4,0.714090698612);
#3693 = AXIS2_PLACEMENT_3D('',#3694,#3695,#3696);
#3694 = CARTESIAN_POINT('',(4.,109.13,56.2));
#3695 = DIRECTION('',(0.,0.,1.));
#3696 = DIRECTION('',(1.,0.,0.));
#3697 = DEFINITIONAL_REPRESENTATION('',(#3698),#3729);
#3698 = B_SPLINE_CURVE_WITH_KNOTS('',8,(#3699,#3700,#3701,#3702,#3703,
    #3704,#3705,#3706,#3707,#3708,#3709,#3710,#3711,#3712,#3713,#3714,
    #3715,#3716,#3717,#3718,#3719,#3720,#3721,#3722,#3723,#3724,#3725,
    #3726,#3727,#3728),.UNSPECIFIED.,.F.,.F.,(9,7,7,7,9),(
    -1.762747174039,-0.88137358702,-0.220343396755,0.771201888642,
    1.762747174039),.UNSPECIFIED.);
#3699 = CARTESIAN_POINT('',(1.910633236249,3.));
#3700 = CARTESIAN_POINT('',(1.947357135708,2.640446976842));
#3701 = CARTESIAN_POINT('',(1.988440115603,2.328911096351));
#3702 = CARTESIAN_POINT('',(2.034412700456,2.058744856595));
#3703 = CARTESIAN_POINT('',(2.085835844805,1.824536483656));
#3704 = CARTESIAN_POINT('',(2.143293450604,1.621867563459));
#3705 = CARTESIAN_POINT('',(2.207324004527,1.447125044084));
#3706 = CARTESIAN_POINT('',(2.278291335175,1.297367608558));
#3707 = CARTESIAN_POINT('',(2.414621856455,1.074905525296));
#3708 = CARTESIAN_POINT('',(2.47695071952,0.992297241957));
#3709 = CARTESIAN_POINT('',(2.543180713094,0.921429667131));
#3710 = CARTESIAN_POINT('',(2.613199041733,0.861496316923));
#3711 = CARTESIAN_POINT('',(2.686737929009,0.811854567605));
#3712 = CARTESIAN_POINT('',(2.763337356131,0.772010561786));
#3713 = CARTESIAN_POINT('',(2.842348203256,0.741609659831));
#3714 = CARTESIAN_POINT('',(3.044004959399,0.688664306927));
#3715 = CARTESIAN_POINT('',(3.168715729094,0.677648310337));
#3716 = CARTESIAN_POINT('',(3.294574420266,0.68663989978));
#3717 = CARTESIAN_POINT('',(3.418455917019,0.715575519035));
#3718 = CARTESIAN_POINT('',(3.537106554278,0.765035081429));
#3719 = CARTESIAN_POINT('',(3.648517536449,0.836261236364));
#3720 = CARTESIAN_POINT('',(3.751620293338,0.931228105395));
#3721 = CARTESIAN_POINT('',(3.940498975867,1.174334039205));
#3722 = CARTESIAN_POINT('',(4.026275751104,1.322473047047));
#3723 = CARTESIAN_POINT('',(4.10302707924,1.500043868453));
#3724 = CARTESIAN_POINT('',(4.171123012948,1.710762060318));
#3725 = CARTESIAN_POINT('',(4.231302067901,1.959357202382));
#3726 = CARTESIAN_POINT('',(4.284406495585,2.251778016431));
#3727 = CARTESIAN_POINT('',(4.331237684039,2.595502848947));
#3728 = CARTESIAN_POINT('',(4.372552070931,3.));
#3729 = ( GEOMETRIC_REPRESENTATION_CONTEXT(2) 
PARAMETRIC_REPRESENTATION_CONTEXT() REPRESENTATION_CONTEXT('2D SPACE',''
  ) );
#3730 = ORIENTED_EDGE('',*,*,#3731,.F.);
#3731 = EDGE_CURVE('',#757,#3676,#3732,.T.);
#3732 = SURFACE_CURVE('',#3733,(#3737,#3743),.PCURVE_S1.);
#3733 = LINE('',#3734,#3735);
#3734 = CARTESIAN_POINT('',(3.,106.30157287525,59.2));
#3735 = VECTOR('',#3736,1.);
#3736 = DIRECTION('',(-0.,-0.,-1.));
#3737 = PCURVE('',#772,#3738);
#3738 = DEFINITIONAL_REPRESENTATION('',(#3739),#3742);
#3739 = B_SPLINE_CURVE_WITH_KNOTS('',1,(#3740,#3741),.UNSPECIFIED.,.F.,
  .F.,(2,2),(-13.0000006,5.999999999062E-07),.PIECEWISE_BEZIER_KNOTS.);
#3740 = CARTESIAN_POINT('',(72.2000006,-106.3015728752));
#3741 = CARTESIAN_POINT('',(59.1999994,-106.3015728752));
#3742 = ( GEOMETRIC_REPRESENTATION_CONTEXT(2) 
PARAMETRIC_REPRESENTATION_CONTEXT() REPRESENTATION_CONTEXT('2D SPACE',''
  ) );
#3743 = PCURVE('',#801,#3744);
#3744 = DEFINITIONAL_REPRESENTATION('',(#3745),#3748);
#3745 = B_SPLINE_CURVE_WITH_KNOTS('',1,(#3746,#3747),.UNSPECIFIED.,.F.,
  .F.,(2,2),(-13.,-0.),.PIECEWISE_BEZIER_KNOTS.);
#3746 = CARTESIAN_POINT('',(-4.372552070931,-13.));
#3747 = CARTESIAN_POINT('',(-4.372552070931,0.));
#3748 = ( GEOMETRIC_REPRESENTATION_CONTEXT(2) 
PARAMETRIC_REPRESENTATION_CONTEXT() REPRESENTATION_CONTEXT('2D SPACE',''
  ) );
#3749 = FACE_BOUND('',#3750,.T.);
#3750 = EDGE_LOOP('',(#3751));
#3751 = ORIENTED_EDGE('',*,*,#3752,.T.);
#3752 = EDGE_CURVE('',#3753,#3753,#3755,.T.);
#3753 = VERTEX_POINT('',#3754);
#3754 = CARTESIAN_POINT('',(3.,57.8,21.));
#3755 = SURFACE_CURVE('',#3756,(#3761,#3772),.PCURVE_S1.);
#3756 = CIRCLE('',#3757,8.5);
#3757 = AXIS2_PLACEMENT_3D('',#3758,#3759,#3760);
#3758 = CARTESIAN_POINT('',(3.,49.3,21.));
#3759 = DIRECTION('',(-1.,0.,0.));
#3760 = DIRECTION('',(0.,1.,0.));
#3761 = PCURVE('',#772,#3762);
#3762 = DEFINITIONAL_REPRESENTATION('',(#3763),#3771);
#3763 = ( BOUNDED_CURVE() B_SPLINE_CURVE(2,(#3764,#3765,#3766,#3767,
#3768,#3769,#3770),.UNSPECIFIED.,.T.,.F.) B_SPLINE_CURVE_WITH_KNOTS((1,2
    ,2,2,2,1),(-2.094395102393,0.,2.094395102393,4.188790204786,
6.28318530718,8.377580409573),.UNSPECIFIED.) CURVE() 
GEOMETRIC_REPRESENTATION_ITEM() RATIONAL_B_SPLINE_CURVE((1.,0.5,1.,0.5,
1.,0.5,1.)) REPRESENTATION_ITEM('') );
#3764 = CARTESIAN_POINT('',(21.,-57.8));
#3765 = CARTESIAN_POINT('',(6.277568135665,-57.8));
#3766 = CARTESIAN_POINT('',(13.638784067832,-45.05));
#3767 = CARTESIAN_POINT('',(21.,-32.3));
#3768 = CARTESIAN_POINT('',(28.361215932168,-45.05));
#3769 = CARTESIAN_POINT('',(35.722431864335,-57.8));
#3770 = CARTESIAN_POINT('',(21.,-57.8));
#3771 = ( GEOMETRIC_REPRESENTATION_CONTEXT(2) 
PARAMETRIC_REPRESENTATION_CONTEXT() REPRESENTATION_CONTEXT('2D SPACE',''
  ) );
#3772 = PCURVE('',#1720,#3773);
#3773 = DEFINITIONAL_REPRESENTATION('',(#3774),#3778);
#3774 = LINE('',#3775,#3776);
#3775 = CARTESIAN_POINT('',(-6.28318530718,-4.));
#3776 = VECTOR('',#3777,1.);
#3777 = DIRECTION('',(1.,-0.));
#3778 = ( GEOMETRIC_REPRESENTATION_CONTEXT(2) 
PARAMETRIC_REPRESENTATION_CONTEXT() REPRESENTATION_CONTEXT('2D SPACE',''
  ) );
#3779 = FACE_BOUND('',#3780,.T.);
#3780 = EDGE_LOOP('',(#3781,#3804,#3825,#3846));
#3781 = ORIENTED_EDGE('',*,*,#3782,.T.);
#3782 = EDGE_CURVE('',#3783,#3785,#3787,.T.);
#3783 = VERTEX_POINT('',#3784);
#3784 = CARTESIAN_POINT('',(3.,59.3,33.5));
#3785 = VERTEX_POINT('',#3786);
#3786 = CARTESIAN_POINT('',(3.,56.3,33.5));
#3787 = SURFACE_CURVE('',#3788,(#3792,#3798),.PCURVE_S1.);
#3788 = LINE('',#3789,#3790);
#3789 = CARTESIAN_POINT('',(3.,28.15,33.5));
#3790 = VECTOR('',#3791,1.);
#3791 = DIRECTION('',(0.,-1.,0.));
#3792 = PCURVE('',#772,#3793);
#3793 = DEFINITIONAL_REPRESENTATION('',(#3794),#3797);
#3794 = B_SPLINE_CURVE_WITH_KNOTS('',1,(#3795,#3796),.UNSPECIFIED.,.F.,
  .F.,(2,2),(-31.15,-28.15),.PIECEWISE_BEZIER_KNOTS.);
#3795 = CARTESIAN_POINT('',(33.5,-59.3));
#3796 = CARTESIAN_POINT('',(33.5,-56.3));
#3797 = ( GEOMETRIC_REPRESENTATION_CONTEXT(2) 
PARAMETRIC_REPRESENTATION_CONTEXT() REPRESENTATION_CONTEXT('2D SPACE',''
  ) );
#3798 = PCURVE('',#1751,#3799);
#3799 = DEFINITIONAL_REPRESENTATION('',(#3800),#3803);
#3800 = B_SPLINE_CURVE_WITH_KNOTS('',1,(#3801,#3802),.UNSPECIFIED.,.F.,
  .F.,(2,2),(-31.15,-28.15),.PIECEWISE_BEZIER_KNOTS.);
#3801 = CARTESIAN_POINT('',(7.5,3.));
#3802 = CARTESIAN_POINT('',(7.5,0.));
#3803 = ( GEOMETRIC_REPRESENTATION_CONTEXT(2) 
PARAMETRIC_REPRESENTATION_CONTEXT() REPRESENTATION_CONTEXT('2D SPACE',''
  ) );
#3804 = ORIENTED_EDGE('',*,*,#3805,.T.);
#3805 = EDGE_CURVE('',#3785,#3806,#3808,.T.);
#3806 = VERTEX_POINT('',#3807);
#3807 = CARTESIAN_POINT('',(3.,56.3,46.7));
#3808 = SURFACE_CURVE('',#3809,(#3813,#3819),.PCURVE_S1.);
#3809 = LINE('',#3810,#3811);
#3810 = CARTESIAN_POINT('',(3.,56.3,16.75));
#3811 = VECTOR('',#3812,1.);
#3812 = DIRECTION('',(0.,0.,1.));
#3813 = PCURVE('',#772,#3814);
#3814 = DEFINITIONAL_REPRESENTATION('',(#3815),#3818);
#3815 = B_SPLINE_CURVE_WITH_KNOTS('',1,(#3816,#3817),.UNSPECIFIED.,.F.,
  .F.,(2,2),(16.75,29.95),.PIECEWISE_BEZIER_KNOTS.);
#3816 = CARTESIAN_POINT('',(33.5,-56.3));
#3817 = CARTESIAN_POINT('',(46.7,-56.3));
#3818 = ( GEOMETRIC_REPRESENTATION_CONTEXT(2) 
PARAMETRIC_REPRESENTATION_CONTEXT() REPRESENTATION_CONTEXT('2D SPACE',''
  ) );
#3819 = PCURVE('',#1777,#3820);
#3820 = DEFINITIONAL_REPRESENTATION('',(#3821),#3824);
#3821 = B_SPLINE_CURVE_WITH_KNOTS('',1,(#3822,#3823),.UNSPECIFIED.,.F.,
  .F.,(2,2),(16.75,29.95),.PIECEWISE_BEZIER_KNOTS.);
#3822 = CARTESIAN_POINT('',(0.,7.5));
#3823 = CARTESIAN_POINT('',(13.2,7.5));
#3824 = ( GEOMETRIC_REPRESENTATION_CONTEXT(2) 
PARAMETRIC_REPRESENTATION_CONTEXT() REPRESENTATION_CONTEXT('2D SPACE',''
  ) );
#3825 = ORIENTED_EDGE('',*,*,#3826,.F.);
#3826 = EDGE_CURVE('',#3827,#3806,#3829,.T.);
#3827 = VERTEX_POINT('',#3828);
#3828 = CARTESIAN_POINT('',(3.,59.3,46.7));
#3829 = SURFACE_CURVE('',#3830,(#3834,#3840),.PCURVE_S1.);
#3830 = LINE('',#3831,#3832);
#3831 = CARTESIAN_POINT('',(3.,28.15,46.7));
#3832 = VECTOR('',#3833,1.);
#3833 = DIRECTION('',(0.,-1.,0.));
#3834 = PCURVE('',#772,#3835);
#3835 = DEFINITIONAL_REPRESENTATION('',(#3836),#3839);
#3836 = B_SPLINE_CURVE_WITH_KNOTS('',1,(#3837,#3838),.UNSPECIFIED.,.F.,
  .F.,(2,2),(-31.15,-28.15),.PIECEWISE_BEZIER_KNOTS.);
#3837 = CARTESIAN_POINT('',(46.7,-59.3));
#3838 = CARTESIAN_POINT('',(46.7,-56.3));
#3839 = ( GEOMETRIC_REPRESENTATION_CONTEXT(2) 
PARAMETRIC_REPRESENTATION_CONTEXT() REPRESENTATION_CONTEXT('2D SPACE',''
  ) );
#3840 = PCURVE('',#1803,#3841);
#3841 = DEFINITIONAL_REPRESENTATION('',(#3842),#3845);
#3842 = B_SPLINE_CURVE_WITH_KNOTS('',1,(#3843,#3844),.UNSPECIFIED.,.F.,
  .F.,(2,2),(-31.15,-28.15),.PIECEWISE_BEZIER_KNOTS.);
#3843 = CARTESIAN_POINT('',(7.5,3.));
#3844 = CARTESIAN_POINT('',(7.5,0.));
#3845 = ( GEOMETRIC_REPRESENTATION_CONTEXT(2) 
PARAMETRIC_REPRESENTATION_CONTEXT() REPRESENTATION_CONTEXT('2D SPACE',''
  ) );
#3846 = ORIENTED_EDGE('',*,*,#3847,.F.);
#3847 = EDGE_CURVE('',#3783,#3827,#3848,.T.);
#3848 = SURFACE_CURVE('',#3849,(#3853,#3859),.PCURVE_S1.);
#3849 = LINE('',#3850,#3851);
#3850 = CARTESIAN_POINT('',(3.,59.3,16.75));
#3851 = VECTOR('',#3852,1.);
#3852 = DIRECTION('',(0.,0.,1.));
#3853 = PCURVE('',#772,#3854);
#3854 = DEFINITIONAL_REPRESENTATION('',(#3855),#3858);
#3855 = B_SPLINE_CURVE_WITH_KNOTS('',1,(#3856,#3857),.UNSPECIFIED.,.F.,
  .F.,(2,2),(16.75,29.95),.PIECEWISE_BEZIER_KNOTS.);
#3856 = CARTESIAN_POINT('',(33.5,-59.3));
#3857 = CARTESIAN_POINT('',(46.7,-59.3));
#3858 = ( GEOMETRIC_REPRESENTATION_CONTEXT(2) 
PARAMETRIC_REPRESENTATION_CONTEXT() REPRESENTATION_CONTEXT('2D SPACE',''
  ) );
#3859 = PCURVE('',#1827,#3860);
#3860 = DEFINITIONAL_REPRESENTATION('',(#3861),#3864);
#3861 = B_SPLINE_CURVE_WITH_KNOTS('',1,(#3862,#3863),.UNSPECIFIED.,.F.,
  .F.,(2,2),(16.75,29.95),.PIECEWISE_BEZIER_KNOTS.);
#3862 = CARTESIAN_POINT('',(0.,7.5));
#3863 = CARTESIAN_POINT('',(13.2,7.5));
#3864 = ( GEOMETRIC_REPRESENTATION_CONTEXT(2) 
PARAMETRIC_REPRESENTATION_CONTEXT() REPRESENTATION_CONTEXT('2D SPACE',''
  ) );
#3865 = FACE_BOUND('',#3866,.T.);
#3866 = EDGE_LOOP('',(#3867,#3890,#3911,#3932));
#3867 = ORIENTED_EDGE('',*,*,#3868,.T.);
#3868 = EDGE_CURVE('',#3869,#3871,#3873,.T.);
#3869 = VERTEX_POINT('',#3870);
#3870 = CARTESIAN_POINT('',(3.,51.8,33.5));
#3871 = VERTEX_POINT('',#3872);
#3872 = CARTESIAN_POINT('',(3.,48.8,33.5));
#3873 = SURFACE_CURVE('',#3874,(#3878,#3884),.PCURVE_S1.);
#3874 = LINE('',#3875,#3876);
#3875 = CARTESIAN_POINT('',(3.,24.4,33.5));
#3876 = VECTOR('',#3877,1.);
#3877 = DIRECTION('',(0.,-1.,0.));
#3878 = PCURVE('',#772,#3879);
#3879 = DEFINITIONAL_REPRESENTATION('',(#3880),#3883);
#3880 = B_SPLINE_CURVE_WITH_KNOTS('',1,(#3881,#3882),.UNSPECIFIED.,.F.,
  .F.,(2,2),(-27.4,-24.4),.PIECEWISE_BEZIER_KNOTS.);
#3881 = CARTESIAN_POINT('',(33.5,-51.8));
#3882 = CARTESIAN_POINT('',(33.5,-48.8));
#3883 = ( GEOMETRIC_REPRESENTATION_CONTEXT(2) 
PARAMETRIC_REPRESENTATION_CONTEXT() REPRESENTATION_CONTEXT('2D SPACE',''
  ) );
#3884 = PCURVE('',#1857,#3885);
#3885 = DEFINITIONAL_REPRESENTATION('',(#3886),#3889);
#3886 = B_SPLINE_CURVE_WITH_KNOTS('',1,(#3887,#3888),.UNSPECIFIED.,.F.,
  .F.,(2,2),(-27.4,-24.4),.PIECEWISE_BEZIER_KNOTS.);
#3887 = CARTESIAN_POINT('',(7.5,3.));
#3888 = CARTESIAN_POINT('',(7.5,0.));
#3889 = ( GEOMETRIC_REPRESENTATION_CONTEXT(2) 
PARAMETRIC_REPRESENTATION_CONTEXT() REPRESENTATION_CONTEXT('2D SPACE',''
  ) );
#3890 = ORIENTED_EDGE('',*,*,#3891,.T.);
#3891 = EDGE_CURVE('',#3871,#3892,#3894,.T.);
#3892 = VERTEX_POINT('',#3893);
#3893 = CARTESIAN_POINT('',(3.,48.8,46.7));
#3894 = SURFACE_CURVE('',#3895,(#3899,#3905),.PCURVE_S1.);
#3895 = LINE('',#3896,#3897);
#3896 = CARTESIAN_POINT('',(3.,48.8,16.75));
#3897 = VECTOR('',#3898,1.);
#3898 = DIRECTION('',(0.,0.,1.));
#3899 = PCURVE('',#772,#3900);
#3900 = DEFINITIONAL_REPRESENTATION('',(#3901),#3904);
#3901 = B_SPLINE_CURVE_WITH_KNOTS('',1,(#3902,#3903),.UNSPECIFIED.,.F.,
  .F.,(2,2),(16.75,29.95),.PIECEWISE_BEZIER_KNOTS.);
#3902 = CARTESIAN_POINT('',(33.5,-48.8));
#3903 = CARTESIAN_POINT('',(46.7,-48.8));
#3904 = ( GEOMETRIC_REPRESENTATION_CONTEXT(2) 
PARAMETRIC_REPRESENTATION_CONTEXT() REPRESENTATION_CONTEXT('2D SPACE',''
  ) );
#3905 = PCURVE('',#1883,#3906);
#3906 = DEFINITIONAL_REPRESENTATION('',(#3907),#3910);
#3907 = B_SPLINE_CURVE_WITH_KNOTS('',1,(#3908,#3909),.UNSPECIFIED.,.F.,
  .F.,(2,2),(16.75,29.95),.PIECEWISE_BEZIER_KNOTS.);
#3908 = CARTESIAN_POINT('',(0.,7.5));
#3909 = CARTESIAN_POINT('',(13.2,7.5));
#3910 = ( GEOMETRIC_REPRESENTATION_CONTEXT(2) 
PARAMETRIC_REPRESENTATION_CONTEXT() REPRESENTATION_CONTEXT('2D SPACE',''
  ) );
#3911 = ORIENTED_EDGE('',*,*,#3912,.F.);
#3912 = EDGE_CURVE('',#3913,#3892,#3915,.T.);
#3913 = VERTEX_POINT('',#3914);
#3914 = CARTESIAN_POINT('',(3.,51.8,46.7));
#3915 = SURFACE_CURVE('',#3916,(#3920,#3926),.PCURVE_S1.);
#3916 = LINE('',#3917,#3918);
#3917 = CARTESIAN_POINT('',(3.,24.4,46.7));
#3918 = VECTOR('',#3919,1.);
#3919 = DIRECTION('',(0.,-1.,0.));
#3920 = PCURVE('',#772,#3921);
#3921 = DEFINITIONAL_REPRESENTATION('',(#3922),#3925);
#3922 = B_SPLINE_CURVE_WITH_KNOTS('',1,(#3923,#3924),.UNSPECIFIED.,.F.,
  .F.,(2,2),(-27.4,-24.4),.PIECEWISE_BEZIER_KNOTS.);
#3923 = CARTESIAN_POINT('',(46.7,-51.8));
#3924 = CARTESIAN_POINT('',(46.7,-48.8));
#3925 = ( GEOMETRIC_REPRESENTATION_CONTEXT(2) 
PARAMETRIC_REPRESENTATION_CONTEXT() REPRESENTATION_CONTEXT('2D SPACE',''
  ) );
#3926 = PCURVE('',#1909,#3927);
#3927 = DEFINITIONAL_REPRESENTATION('',(#3928),#3931);
#3928 = B_SPLINE_CURVE_WITH_KNOTS('',1,(#3929,#3930),.UNSPECIFIED.,.F.,
  .F.,(2,2),(-27.4,-24.4),.PIECEWISE_BEZIER_KNOTS.);
#3929 = CARTESIAN_POINT('',(7.5,3.));
#3930 = CARTESIAN_POINT('',(7.5,0.));
#3931 = ( GEOMETRIC_REPRESENTATION_CONTEXT(2) 
PARAMETRIC_REPRESENTATION_CONTEXT() REPRESENTATION_CONTEXT('2D SPACE',''
  ) );
#3932 = ORIENTED_EDGE('',*,*,#3933,.F.);
#3933 = EDGE_CURVE('',#3869,#3913,#3934,.T.);
#3934 = SURFACE_CURVE('',#3935,(#3939,#3945),.PCURVE_S1.);
#3935 = LINE('',#3936,#3937);
#3936 = CARTESIAN_POINT('',(3.,51.8,16.75));
#3937 = VECTOR('',#3938,1.);
#3938 = DIRECTION('',(0.,0.,1.));
#3939 = PCURVE('',#772,#3940);
#3940 = DEFINITIONAL_REPRESENTATION('',(#3941),#3944);
#3941 = B_SPLINE_CURVE_WITH_KNOTS('',1,(#3942,#3943),.UNSPECIFIED.,.F.,
  .F.,(2,2),(16.75,29.95),.PIECEWISE_BEZIER_KNOTS.);
#3942 = CARTESIAN_POINT('',(33.5,-51.8));
#3943 = CARTESIAN_POINT('',(46.7,-51.8));
#3944 = ( GEOMETRIC_REPRESENTATION_CONTEXT(2) 
PARAMETRIC_REPRESENTATION_CONTEXT() REPRESENTATION_CONTEXT('2D SPACE',''
  ) );
#3945 = PCURVE('',#1933,#3946);
#3946 = DEFINITIONAL_REPRESENTATION('',(#3947),#3950);
#3947 = B_SPLINE_CURVE_WITH_KNOTS('',1,(#3948,#3949),.UNSPECIFIED.,.F.,
  .F.,(2,2),(16.75,29.95),.PIECEWISE_BEZIER_KNOTS.);
#3948 = CARTESIAN_POINT('',(0.,7.5));
#3949 = CARTESIAN_POINT('',(13.2,7.5));
#3950 = ( GEOMETRIC_REPRESENTATION_CONTEXT(2) 
PARAMETRIC_REPRESENTATION_CONTEXT() REPRESENTATION_CONTEXT('2D SPACE',''
  ) );
#3951 = FACE_BOUND('',#3952,.T.);
#3952 = EDGE_LOOP('',(#3953,#3976,#3997,#4018));
#3953 = ORIENTED_EDGE('',*,*,#3954,.T.);
#3954 = EDGE_CURVE('',#3955,#3957,#3959,.T.);
#3955 = VERTEX_POINT('',#3956);
#3956 = CARTESIAN_POINT('',(3.,44.3,33.5));
#3957 = VERTEX_POINT('',#3958);
#3958 = CARTESIAN_POINT('',(3.,41.3,33.5));
#3959 = SURFACE_CURVE('',#3960,(#3964,#3970),.PCURVE_S1.);
#3960 = LINE('',#3961,#3962);
#3961 = CARTESIAN_POINT('',(3.,20.65,33.5));
#3962 = VECTOR('',#3963,1.);
#3963 = DIRECTION('',(0.,-1.,0.));
#3964 = PCURVE('',#772,#3965);
#3965 = DEFINITIONAL_REPRESENTATION('',(#3966),#3969);
#3966 = B_SPLINE_CURVE_WITH_KNOTS('',1,(#3967,#3968),.UNSPECIFIED.,.F.,
  .F.,(2,2),(-23.65,-20.65),.PIECEWISE_BEZIER_KNOTS.);
#3967 = CARTESIAN_POINT('',(33.5,-44.3));
#3968 = CARTESIAN_POINT('',(33.5,-41.3));
#3969 = ( GEOMETRIC_REPRESENTATION_CONTEXT(2) 
PARAMETRIC_REPRESENTATION_CONTEXT() REPRESENTATION_CONTEXT('2D SPACE',''
  ) );
#3970 = PCURVE('',#1963,#3971);
#3971 = DEFINITIONAL_REPRESENTATION('',(#3972),#3975);
#3972 = B_SPLINE_CURVE_WITH_KNOTS('',1,(#3973,#3974),.UNSPECIFIED.,.F.,
  .F.,(2,2),(-23.65,-20.65),.PIECEWISE_BEZIER_KNOTS.);
#3973 = CARTESIAN_POINT('',(7.5,3.));
#3974 = CARTESIAN_POINT('',(7.5,0.));
#3975 = ( GEOMETRIC_REPRESENTATION_CONTEXT(2) 
PARAMETRIC_REPRESENTATION_CONTEXT() REPRESENTATION_CONTEXT('2D SPACE',''
  ) );
#3976 = ORIENTED_EDGE('',*,*,#3977,.T.);
#3977 = EDGE_CURVE('',#3957,#3978,#3980,.T.);
#3978 = VERTEX_POINT('',#3979);
#3979 = CARTESIAN_POINT('',(3.,41.3,46.7));
#3980 = SURFACE_CURVE('',#3981,(#3985,#3991),.PCURVE_S1.);
#3981 = LINE('',#3982,#3983);
#3982 = CARTESIAN_POINT('',(3.,41.3,16.75));
#3983 = VECTOR('',#3984,1.);
#3984 = DIRECTION('',(0.,0.,1.));
#3985 = PCURVE('',#772,#3986);
#3986 = DEFINITIONAL_REPRESENTATION('',(#3987),#3990);
#3987 = B_SPLINE_CURVE_WITH_KNOTS('',1,(#3988,#3989),.UNSPECIFIED.,.F.,
  .F.,(2,2),(16.75,29.95),.PIECEWISE_BEZIER_KNOTS.);
#3988 = CARTESIAN_POINT('',(33.5,-41.3));
#3989 = CARTESIAN_POINT('',(46.7,-41.3));
#3990 = ( GEOMETRIC_REPRESENTATION_CONTEXT(2) 
PARAMETRIC_REPRESENTATION_CONTEXT() REPRESENTATION_CONTEXT('2D SPACE',''
  ) );
#3991 = PCURVE('',#1989,#3992);
#3992 = DEFINITIONAL_REPRESENTATION('',(#3993),#3996);
#3993 = B_SPLINE_CURVE_WITH_KNOTS('',1,(#3994,#3995),.UNSPECIFIED.,.F.,
  .F.,(2,2),(16.75,29.95),.PIECEWISE_BEZIER_KNOTS.);
#3994 = CARTESIAN_POINT('',(0.,7.5));
#3995 = CARTESIAN_POINT('',(13.2,7.5));
#3996 = ( GEOMETRIC_REPRESENTATION_CONTEXT(2) 
PARAMETRIC_REPRESENTATION_CONTEXT() REPRESENTATION_CONTEXT('2D SPACE',''
  ) );
#3997 = ORIENTED_EDGE('',*,*,#3998,.F.);
#3998 = EDGE_CURVE('',#3999,#3978,#4001,.T.);
#3999 = VERTEX_POINT('',#4000);
#4000 = CARTESIAN_POINT('',(3.,44.3,46.7));
#4001 = SURFACE_CURVE('',#4002,(#4006,#4012),.PCURVE_S1.);
#4002 = LINE('',#4003,#4004);
#4003 = CARTESIAN_POINT('',(3.,20.65,46.7));
#4004 = VECTOR('',#4005,1.);
#4005 = DIRECTION('',(0.,-1.,0.));
#4006 = PCURVE('',#772,#4007);
#4007 = DEFINITIONAL_REPRESENTATION('',(#4008),#4011);
#4008 = B_SPLINE_CURVE_WITH_KNOTS('',1,(#4009,#4010),.UNSPECIFIED.,.F.,
  .F.,(2,2),(-23.65,-20.65),.PIECEWISE_BEZIER_KNOTS.);
#4009 = CARTESIAN_POINT('',(46.7,-44.3));
#4010 = CARTESIAN_POINT('',(46.7,-41.3));
#4011 = ( GEOMETRIC_REPRESENTATION_CONTEXT(2) 
PARAMETRIC_REPRESENTATION_CONTEXT() REPRESENTATION_CONTEXT('2D SPACE',''
  ) );
#4012 = PCURVE('',#2015,#4013);
#4013 = DEFINITIONAL_REPRESENTATION('',(#4014),#4017);
#4014 = B_SPLINE_CURVE_WITH_KNOTS('',1,(#4015,#4016),.UNSPECIFIED.,.F.,
  .F.,(2,2),(-23.65,-20.65),.PIECEWISE_BEZIER_KNOTS.);
#4015 = CARTESIAN_POINT('',(7.5,3.));
#4016 = CARTESIAN_POINT('',(7.5,0.));
#4017 = ( GEOMETRIC_REPRESENTATION_CONTEXT(2) 
PARAMETRIC_REPRESENTATION_CONTEXT() REPRESENTATION_CONTEXT('2D SPACE',''
  ) );
#4018 = ORIENTED_EDGE('',*,*,#4019,.F.);
#4019 = EDGE_CURVE('',#3955,#3999,#4020,.T.);
#4020 = SURFACE_CURVE('',#4021,(#4025,#4031),.PCURVE_S1.);
#4021 = LINE('',#4022,#4023);
#4022 = CARTESIAN_POINT('',(3.,44.3,16.75));
#4023 = VECTOR('',#4024,1.);
#4024 = DIRECTION('',(0.,0.,1.));
#4025 = PCURVE('',#772,#4026);
#4026 = DEFINITIONAL_REPRESENTATION('',(#4027),#4030);
#4027 = B_SPLINE_CURVE_WITH_KNOTS('',1,(#4028,#4029),.UNSPECIFIED.,.F.,
  .F.,(2,2),(16.75,29.95),.PIECEWISE_BEZIER_KNOTS.);
#4028 = CARTESIAN_POINT('',(33.5,-44.3));
#4029 = CARTESIAN_POINT('',(46.7,-44.3));
#4030 = ( GEOMETRIC_REPRESENTATION_CONTEXT(2) 
PARAMETRIC_REPRESENTATION_CONTEXT() REPRESENTATION_CONTEXT('2D SPACE',''
  ) );
#4031 = PCURVE('',#2039,#4032);
#4032 = DEFINITIONAL_REPRESENTATION('',(#4033),#4036);
#4033 = B_SPLINE_CURVE_WITH_KNOTS('',1,(#4034,#4035),.UNSPECIFIED.,.F.,
  .F.,(2,2),(16.75,29.95),.PIECEWISE_BEZIER_KNOTS.);
#4034 = CARTESIAN_POINT('',(0.,7.5));
#4035 = CARTESIAN_POINT('',(13.2,7.5));
#4036 = ( GEOMETRIC_REPRESENTATION_CONTEXT(2) 
PARAMETRIC_REPRESENTATION_CONTEXT() REPRESENTATION_CONTEXT('2D SPACE',''
  ) );
#4037 = FACE_BOUND('',#4038,.T.);
#4038 = EDGE_LOOP('',(#4039,#4062,#4083,#4104));
#4039 = ORIENTED_EDGE('',*,*,#4040,.T.);
#4040 = EDGE_CURVE('',#4041,#4043,#4045,.T.);
#4041 = VERTEX_POINT('',#4042);
#4042 = CARTESIAN_POINT('',(3.,42.3,26.4));
#4043 = VERTEX_POINT('',#4044);
#4044 = CARTESIAN_POINT('',(3.,28.3,26.4));
#4045 = SURFACE_CURVE('',#4046,(#4050,#4056),.PCURVE_S1.);
#4046 = LINE('',#4047,#4048);
#4047 = CARTESIAN_POINT('',(3.,14.15,26.4));
#4048 = VECTOR('',#4049,1.);
#4049 = DIRECTION('',(0.,-1.,0.));
#4050 = PCURVE('',#772,#4051);
#4051 = DEFINITIONAL_REPRESENTATION('',(#4052),#4055);
#4052 = B_SPLINE_CURVE_WITH_KNOTS('',1,(#4053,#4054),.UNSPECIFIED.,.F.,
  .F.,(2,2),(-28.15,-14.15),.PIECEWISE_BEZIER_KNOTS.);
#4053 = CARTESIAN_POINT('',(26.4,-42.3));
#4054 = CARTESIAN_POINT('',(26.4,-28.3));
#4055 = ( GEOMETRIC_REPRESENTATION_CONTEXT(2) 
PARAMETRIC_REPRESENTATION_CONTEXT() REPRESENTATION_CONTEXT('2D SPACE',''
  ) );
#4056 = PCURVE('',#2069,#4057);
#4057 = DEFINITIONAL_REPRESENTATION('',(#4058),#4061);
#4058 = B_SPLINE_CURVE_WITH_KNOTS('',1,(#4059,#4060),.UNSPECIFIED.,.F.,
  .F.,(2,2),(-28.15,-14.15),.PIECEWISE_BEZIER_KNOTS.);
#4059 = CARTESIAN_POINT('',(7.5,14.));
#4060 = CARTESIAN_POINT('',(7.5,0.));
#4061 = ( GEOMETRIC_REPRESENTATION_CONTEXT(2) 
PARAMETRIC_REPRESENTATION_CONTEXT() REPRESENTATION_CONTEXT('2D SPACE',''
  ) );
#4062 = ORIENTED_EDGE('',*,*,#4063,.T.);
#4063 = EDGE_CURVE('',#4043,#4064,#4066,.T.);
#4064 = VERTEX_POINT('',#4065);
#4065 = CARTESIAN_POINT('',(3.,28.3,29.4));
#4066 = SURFACE_CURVE('',#4067,(#4071,#4077),.PCURVE_S1.);
#4067 = LINE('',#4068,#4069);
#4068 = CARTESIAN_POINT('',(3.,28.3,13.2));
#4069 = VECTOR('',#4070,1.);
#4070 = DIRECTION('',(0.,0.,1.));
#4071 = PCURVE('',#772,#4072);
#4072 = DEFINITIONAL_REPRESENTATION('',(#4073),#4076);
#4073 = B_SPLINE_CURVE_WITH_KNOTS('',1,(#4074,#4075),.UNSPECIFIED.,.F.,
  .F.,(2,2),(13.2,16.2),.PIECEWISE_BEZIER_KNOTS.);
#4074 = CARTESIAN_POINT('',(26.4,-28.3));
#4075 = CARTESIAN_POINT('',(29.4,-28.3));
#4076 = ( GEOMETRIC_REPRESENTATION_CONTEXT(2) 
PARAMETRIC_REPRESENTATION_CONTEXT() REPRESENTATION_CONTEXT('2D SPACE',''
  ) );
#4077 = PCURVE('',#2095,#4078);
#4078 = DEFINITIONAL_REPRESENTATION('',(#4079),#4082);
#4079 = B_SPLINE_CURVE_WITH_KNOTS('',1,(#4080,#4081),.UNSPECIFIED.,.F.,
  .F.,(2,2),(13.2,16.2),.PIECEWISE_BEZIER_KNOTS.);
#4080 = CARTESIAN_POINT('',(0.,7.5));
#4081 = CARTESIAN_POINT('',(3.,7.5));
#4082 = ( GEOMETRIC_REPRESENTATION_CONTEXT(2) 
PARAMETRIC_REPRESENTATION_CONTEXT() REPRESENTATION_CONTEXT('2D SPACE',''
  ) );
#4083 = ORIENTED_EDGE('',*,*,#4084,.F.);
#4084 = EDGE_CURVE('',#4085,#4064,#4087,.T.);
#4085 = VERTEX_POINT('',#4086);
#4086 = CARTESIAN_POINT('',(3.,42.3,29.4));
#4087 = SURFACE_CURVE('',#4088,(#4092,#4098),.PCURVE_S1.);
#4088 = LINE('',#4089,#4090);
#4089 = CARTESIAN_POINT('',(3.,14.15,29.4));
#4090 = VECTOR('',#4091,1.);
#4091 = DIRECTION('',(0.,-1.,0.));
#4092 = PCURVE('',#772,#4093);
#4093 = DEFINITIONAL_REPRESENTATION('',(#4094),#4097);
#4094 = B_SPLINE_CURVE_WITH_KNOTS('',1,(#4095,#4096),.UNSPECIFIED.,.F.,
  .F.,(2,2),(-28.15,-14.15),.PIECEWISE_BEZIER_KNOTS.);
#4095 = CARTESIAN_POINT('',(29.4,-42.3));
#4096 = CARTESIAN_POINT('',(29.4,-28.3));
#4097 = ( GEOMETRIC_REPRESENTATION_CONTEXT(2) 
PARAMETRIC_REPRESENTATION_CONTEXT() REPRESENTATION_CONTEXT('2D SPACE',''
  ) );
#4098 = PCURVE('',#2121,#4099);
#4099 = DEFINITIONAL_REPRESENTATION('',(#4100),#4103);
#4100 = B_SPLINE_CURVE_WITH_KNOTS('',1,(#4101,#4102),.UNSPECIFIED.,.F.,
  .F.,(2,2),(-28.15,-14.15),.PIECEWISE_BEZIER_KNOTS.);
#4101 = CARTESIAN_POINT('',(7.5,14.));
#4102 = CARTESIAN_POINT('',(7.5,0.));
#4103 = ( GEOMETRIC_REPRESENTATION_CONTEXT(2) 
PARAMETRIC_REPRESENTATION_CONTEXT() REPRESENTATION_CONTEXT('2D SPACE',''
  ) );
#4104 = ORIENTED_EDGE('',*,*,#4105,.F.);
#4105 = EDGE_CURVE('',#4041,#4085,#4106,.T.);
#4106 = SURFACE_CURVE('',#4107,(#4111,#4117),.PCURVE_S1.);
#4107 = LINE('',#4108,#4109);
#4108 = CARTESIAN_POINT('',(3.,42.3,13.2));
#4109 = VECTOR('',#4110,1.);
#4110 = DIRECTION('',(0.,0.,1.));
#4111 = PCURVE('',#772,#4112);
#4112 = DEFINITIONAL_REPRESENTATION('',(#4113),#4116);
#4113 = B_SPLINE_CURVE_WITH_KNOTS('',1,(#4114,#4115),.UNSPECIFIED.,.F.,
  .F.,(2,2),(13.2,16.2),.PIECEWISE_BEZIER_KNOTS.);
#4114 = CARTESIAN_POINT('',(26.4,-42.3));
#4115 = CARTESIAN_POINT('',(29.4,-42.3));
#4116 = ( GEOMETRIC_REPRESENTATION_CONTEXT(2) 
PARAMETRIC_REPRESENTATION_CONTEXT() REPRESENTATION_CONTEXT('2D SPACE',''
  ) );
#4117 = PCURVE('',#2145,#4118);
#4118 = DEFINITIONAL_REPRESENTATION('',(#4119),#4122);
#4119 = B_SPLINE_CURVE_WITH_KNOTS('',1,(#4120,#4121),.UNSPECIFIED.,.F.,
  .F.,(2,2),(13.2,16.2),.PIECEWISE_BEZIER_KNOTS.);
#4120 = CARTESIAN_POINT('',(0.,7.5));
#4121 = CARTESIAN_POINT('',(3.,7.5));
#4122 = ( GEOMETRIC_REPRESENTATION_CONTEXT(2) 
PARAMETRIC_REPRESENTATION_CONTEXT() REPRESENTATION_CONTEXT('2D SPACE',''
  ) );
#4123 = FACE_BOUND('',#4124,.T.);
#4124 = EDGE_LOOP('',(#4125));
#4125 = ORIENTED_EDGE('',*,*,#4126,.T.);
#4126 = EDGE_CURVE('',#4127,#4127,#4129,.T.);
#4127 = VERTEX_POINT('',#4128);
#4128 = CARTESIAN_POINT('',(3.,18.9,27.6));
#4129 = SURFACE_CURVE('',#4130,(#4135,#4146),.PCURVE_S1.);
#4130 = CIRCLE('',#4131,1.6);
#4131 = AXIS2_PLACEMENT_3D('',#4132,#4133,#4134);
#4132 = CARTESIAN_POINT('',(3.,17.3,27.6));
#4133 = DIRECTION('',(-1.,0.,0.));
#4134 = DIRECTION('',(0.,1.,0.));
#4135 = PCURVE('',#772,#4136);
#4136 = DEFINITIONAL_REPRESENTATION('',(#4137),#4145);
#4137 = ( BOUNDED_CURVE() B_SPLINE_CURVE(2,(#4138,#4139,#4140,#4141,
#4142,#4143,#4144),.UNSPECIFIED.,.T.,.F.) B_SPLINE_CURVE_WITH_KNOTS((1,2
    ,2,2,2,1),(-2.094395102393,0.,2.094395102393,4.188790204786,
6.28318530718,8.377580409573),.UNSPECIFIED.) CURVE() 
GEOMETRIC_REPRESENTATION_ITEM() RATIONAL_B_SPLINE_CURVE((1.,0.5,1.,0.5,
1.,0.5,1.)) REPRESENTATION_ITEM('') );
#4138 = CARTESIAN_POINT('',(27.6,-18.9));
#4139 = CARTESIAN_POINT('',(24.82871870789,-18.9));
#4140 = CARTESIAN_POINT('',(26.214359353945,-16.5));
#4141 = CARTESIAN_POINT('',(27.6,-14.1));
#4142 = CARTESIAN_POINT('',(28.985640646055,-16.5));
#4143 = CARTESIAN_POINT('',(30.37128129211,-18.9));
#4144 = CARTESIAN_POINT('',(27.6,-18.9));
#4145 = ( GEOMETRIC_REPRESENTATION_CONTEXT(2) 
PARAMETRIC_REPRESENTATION_CONTEXT() REPRESENTATION_CONTEXT('2D SPACE',''
  ) );
#4146 = PCURVE('',#2179,#4147);
#4147 = DEFINITIONAL_REPRESENTATION('',(#4148),#4152);
#4148 = LINE('',#4149,#4150);
#4149 = CARTESIAN_POINT('',(-6.28318530718,-4.));
#4150 = VECTOR('',#4151,1.);
#4151 = DIRECTION('',(1.,-0.));
#4152 = ( GEOMETRIC_REPRESENTATION_CONTEXT(2) 
PARAMETRIC_REPRESENTATION_CONTEXT() REPRESENTATION_CONTEXT('2D SPACE',''
  ) );
#4153 = FACE_BOUND('',#4154,.T.);
#4154 = EDGE_LOOP('',(#4155,#4178,#4199,#4220));
#4155 = ORIENTED_EDGE('',*,*,#4156,.T.);
#4156 = EDGE_CURVE('',#4157,#4159,#4161,.T.);
#4157 = VERTEX_POINT('',#4158);
#4158 = CARTESIAN_POINT('',(3.,29.3,33.5));
#4159 = VERTEX_POINT('',#4160);
#4160 = CARTESIAN_POINT('',(3.,26.3,33.5));
#4161 = SURFACE_CURVE('',#4162,(#4166,#4172),.PCURVE_S1.);
#4162 = LINE('',#4163,#4164);
#4163 = CARTESIAN_POINT('',(3.,13.15,33.5));
#4164 = VECTOR('',#4165,1.);
#4165 = DIRECTION('',(0.,-1.,0.));
#4166 = PCURVE('',#772,#4167);
#4167 = DEFINITIONAL_REPRESENTATION('',(#4168),#4171);
#4168 = B_SPLINE_CURVE_WITH_KNOTS('',1,(#4169,#4170),.UNSPECIFIED.,.F.,
  .F.,(2,2),(-16.15,-13.15),.PIECEWISE_BEZIER_KNOTS.);
#4169 = CARTESIAN_POINT('',(33.5,-29.3));
#4170 = CARTESIAN_POINT('',(33.5,-26.3));
#4171 = ( GEOMETRIC_REPRESENTATION_CONTEXT(2) 
PARAMETRIC_REPRESENTATION_CONTEXT() REPRESENTATION_CONTEXT('2D SPACE',''
  ) );
#4172 = PCURVE('',#2210,#4173);
#4173 = DEFINITIONAL_REPRESENTATION('',(#4174),#4177);
#4174 = B_SPLINE_CURVE_WITH_KNOTS('',1,(#4175,#4176),.UNSPECIFIED.,.F.,
  .F.,(2,2),(-16.15,-13.15),.PIECEWISE_BEZIER_KNOTS.);
#4175 = CARTESIAN_POINT('',(7.5,3.));
#4176 = CARTESIAN_POINT('',(7.5,0.));
#4177 = ( GEOMETRIC_REPRESENTATION_CONTEXT(2) 
PARAMETRIC_REPRESENTATION_CONTEXT() REPRESENTATION_CONTEXT('2D SPACE',''
  ) );
#4178 = ORIENTED_EDGE('',*,*,#4179,.T.);
#4179 = EDGE_CURVE('',#4159,#4180,#4182,.T.);
#4180 = VERTEX_POINT('',#4181);
#4181 = CARTESIAN_POINT('',(3.,26.3,46.7));
#4182 = SURFACE_CURVE('',#4183,(#4187,#4193),.PCURVE_S1.);
#4183 = LINE('',#4184,#4185);
#4184 = CARTESIAN_POINT('',(3.,26.3,16.75));
#4185 = VECTOR('',#4186,1.);
#4186 = DIRECTION('',(0.,0.,1.));
#4187 = PCURVE('',#772,#4188);
#4188 = DEFINITIONAL_REPRESENTATION('',(#4189),#4192);
#4189 = B_SPLINE_CURVE_WITH_KNOTS('',1,(#4190,#4191),.UNSPECIFIED.,.F.,
  .F.,(2,2),(16.75,29.95),.PIECEWISE_BEZIER_KNOTS.);
#4190 = CARTESIAN_POINT('',(33.5,-26.3));
#4191 = CARTESIAN_POINT('',(46.7,-26.3));
#4192 = ( GEOMETRIC_REPRESENTATION_CONTEXT(2) 
PARAMETRIC_REPRESENTATION_CONTEXT() REPRESENTATION_CONTEXT('2D SPACE',''
  ) );
#4193 = PCURVE('',#2236,#4194);
#4194 = DEFINITIONAL_REPRESENTATION('',(#4195),#4198);
#4195 = B_SPLINE_CURVE_WITH_KNOTS('',1,(#4196,#4197),.UNSPECIFIED.,.F.,
  .F.,(2,2),(16.75,29.95),.PIECEWISE_BEZIER_KNOTS.);
#4196 = CARTESIAN_POINT('',(0.,7.5));
#4197 = CARTESIAN_POINT('',(13.2,7.5));
#4198 = ( GEOMETRIC_REPRESENTATION_CONTEXT(2) 
PARAMETRIC_REPRESENTATION_CONTEXT() REPRESENTATION_CONTEXT('2D SPACE',''
  ) );
#4199 = ORIENTED_EDGE('',*,*,#4200,.F.);
#4200 = EDGE_CURVE('',#4201,#4180,#4203,.T.);
#4201 = VERTEX_POINT('',#4202);
#4202 = CARTESIAN_POINT('',(3.,29.3,46.7));
#4203 = SURFACE_CURVE('',#4204,(#4208,#4214),.PCURVE_S1.);
#4204 = LINE('',#4205,#4206);
#4205 = CARTESIAN_POINT('',(3.,13.15,46.7));
#4206 = VECTOR('',#4207,1.);
#4207 = DIRECTION('',(0.,-1.,0.));
#4208 = PCURVE('',#772,#4209);
#4209 = DEFINITIONAL_REPRESENTATION('',(#4210),#4213);
#4210 = B_SPLINE_CURVE_WITH_KNOTS('',1,(#4211,#4212),.UNSPECIFIED.,.F.,
  .F.,(2,2),(-16.15,-13.15),.PIECEWISE_BEZIER_KNOTS.);
#4211 = CARTESIAN_POINT('',(46.7,-29.3));
#4212 = CARTESIAN_POINT('',(46.7,-26.3));
#4213 = ( GEOMETRIC_REPRESENTATION_CONTEXT(2) 
PARAMETRIC_REPRESENTATION_CONTEXT() REPRESENTATION_CONTEXT('2D SPACE',''
  ) );
#4214 = PCURVE('',#2262,#4215);
#4215 = DEFINITIONAL_REPRESENTATION('',(#4216),#4219);
#4216 = B_SPLINE_CURVE_WITH_KNOTS('',1,(#4217,#4218),.UNSPECIFIED.,.F.,
  .F.,(2,2),(-16.15,-13.15),.PIECEWISE_BEZIER_KNOTS.);
#4217 = CARTESIAN_POINT('',(7.5,3.));
#4218 = CARTESIAN_POINT('',(7.5,0.));
#4219 = ( GEOMETRIC_REPRESENTATION_CONTEXT(2) 
PARAMETRIC_REPRESENTATION_CONTEXT() REPRESENTATION_CONTEXT('2D SPACE',''
  ) );
#4220 = ORIENTED_EDGE('',*,*,#4221,.F.);
#4221 = EDGE_CURVE('',#4157,#4201,#4222,.T.);
#4222 = SURFACE_CURVE('',#4223,(#4227,#4233),.PCURVE_S1.);
#4223 = LINE('',#4224,#4225);
#4224 = CARTESIAN_POINT('',(3.,29.3,16.75));
#4225 = VECTOR('',#4226,1.);
#4226 = DIRECTION('',(0.,0.,1.));
#4227 = PCURVE('',#772,#4228);
#4228 = DEFINITIONAL_REPRESENTATION('',(#4229),#4232);
#4229 = B_SPLINE_CURVE_WITH_KNOTS('',1,(#4230,#4231),.UNSPECIFIED.,.F.,
  .F.,(2,2),(16.75,29.95),.PIECEWISE_BEZIER_KNOTS.);
#4230 = CARTESIAN_POINT('',(33.5,-29.3));
#4231 = CARTESIAN_POINT('',(46.7,-29.3));
#4232 = ( GEOMETRIC_REPRESENTATION_CONTEXT(2) 
PARAMETRIC_REPRESENTATION_CONTEXT() REPRESENTATION_CONTEXT('2D SPACE',''
  ) );
#4233 = PCURVE('',#2286,#4234);
#4234 = DEFINITIONAL_REPRESENTATION('',(#4235),#4238);
#4235 = B_SPLINE_CURVE_WITH_KNOTS('',1,(#4236,#4237),.UNSPECIFIED.,.F.,
  .F.,(2,2),(16.75,29.95),.PIECEWISE_BEZIER_KNOTS.);
#4236 = CARTESIAN_POINT('',(0.,7.5));
#4237 = CARTESIAN_POINT('',(13.2,7.5));
#4238 = ( GEOMETRIC_REPRESENTATION_CONTEXT(2) 
PARAMETRIC_REPRESENTATION_CONTEXT() REPRESENTATION_CONTEXT('2D SPACE',''
  ) );
#4239 = FACE_BOUND('',#4240,.T.);
#4240 = EDGE_LOOP('',(#4241,#4264,#4285,#4306));
#4241 = ORIENTED_EDGE('',*,*,#4242,.T.);
#4242 = EDGE_CURVE('',#4243,#4245,#4247,.T.);
#4243 = VERTEX_POINT('',#4244);
#4244 = CARTESIAN_POINT('',(3.,21.8,33.5));
#4245 = VERTEX_POINT('',#4246);
#4246 = CARTESIAN_POINT('',(3.,18.8,33.5));
#4247 = SURFACE_CURVE('',#4248,(#4252,#4258),.PCURVE_S1.);
#4248 = LINE('',#4249,#4250);
#4249 = CARTESIAN_POINT('',(3.,9.4,33.5));
#4250 = VECTOR('',#4251,1.);
#4251 = DIRECTION('',(0.,-1.,0.));
#4252 = PCURVE('',#772,#4253);
#4253 = DEFINITIONAL_REPRESENTATION('',(#4254),#4257);
#4254 = B_SPLINE_CURVE_WITH_KNOTS('',1,(#4255,#4256),.UNSPECIFIED.,.F.,
  .F.,(2,2),(-12.4,-9.4),.PIECEWISE_BEZIER_KNOTS.);
#4255 = CARTESIAN_POINT('',(33.5,-21.8));
#4256 = CARTESIAN_POINT('',(33.5,-18.8));
#4257 = ( GEOMETRIC_REPRESENTATION_CONTEXT(2) 
PARAMETRIC_REPRESENTATION_CONTEXT() REPRESENTATION_CONTEXT('2D SPACE',''
  ) );
#4258 = PCURVE('',#2316,#4259);
#4259 = DEFINITIONAL_REPRESENTATION('',(#4260),#4263);
#4260 = B_SPLINE_CURVE_WITH_KNOTS('',1,(#4261,#4262),.UNSPECIFIED.,.F.,
  .F.,(2,2),(-12.4,-9.4),.PIECEWISE_BEZIER_KNOTS.);
#4261 = CARTESIAN_POINT('',(7.5,3.));
#4262 = CARTESIAN_POINT('',(7.5,0.));
#4263 = ( GEOMETRIC_REPRESENTATION_CONTEXT(2) 
PARAMETRIC_REPRESENTATION_CONTEXT() REPRESENTATION_CONTEXT('2D SPACE',''
  ) );
#4264 = ORIENTED_EDGE('',*,*,#4265,.T.);
#4265 = EDGE_CURVE('',#4245,#4266,#4268,.T.);
#4266 = VERTEX_POINT('',#4267);
#4267 = CARTESIAN_POINT('',(3.,18.8,46.7));
#4268 = SURFACE_CURVE('',#4269,(#4273,#4279),.PCURVE_S1.);
#4269 = LINE('',#4270,#4271);
#4270 = CARTESIAN_POINT('',(3.,18.8,16.75));
#4271 = VECTOR('',#4272,1.);
#4272 = DIRECTION('',(0.,0.,1.));
#4273 = PCURVE('',#772,#4274);
#4274 = DEFINITIONAL_REPRESENTATION('',(#4275),#4278);
#4275 = B_SPLINE_CURVE_WITH_KNOTS('',1,(#4276,#4277),.UNSPECIFIED.,.F.,
  .F.,(2,2),(16.75,29.95),.PIECEWISE_BEZIER_KNOTS.);
#4276 = CARTESIAN_POINT('',(33.5,-18.8));
#4277 = CARTESIAN_POINT('',(46.7,-18.8));
#4278 = ( GEOMETRIC_REPRESENTATION_CONTEXT(2) 
PARAMETRIC_REPRESENTATION_CONTEXT() REPRESENTATION_CONTEXT('2D SPACE',''
  ) );
#4279 = PCURVE('',#2342,#4280);
#4280 = DEFINITIONAL_REPRESENTATION('',(#4281),#4284);
#4281 = B_SPLINE_CURVE_WITH_KNOTS('',1,(#4282,#4283),.UNSPECIFIED.,.F.,
  .F.,(2,2),(16.75,29.95),.PIECEWISE_BEZIER_KNOTS.);
#4282 = CARTESIAN_POINT('',(0.,7.5));
#4283 = CARTESIAN_POINT('',(13.2,7.5));
#4284 = ( GEOMETRIC_REPRESENTATION_CONTEXT(2) 
PARAMETRIC_REPRESENTATION_CONTEXT() REPRESENTATION_CONTEXT('2D SPACE',''
  ) );
#4285 = ORIENTED_EDGE('',*,*,#4286,.F.);
#4286 = EDGE_CURVE('',#4287,#4266,#4289,.T.);
#4287 = VERTEX_POINT('',#4288);
#4288 = CARTESIAN_POINT('',(3.,21.8,46.7));
#4289 = SURFACE_CURVE('',#4290,(#4294,#4300),.PCURVE_S1.);
#4290 = LINE('',#4291,#4292);
#4291 = CARTESIAN_POINT('',(3.,9.4,46.7));
#4292 = VECTOR('',#4293,1.);
#4293 = DIRECTION('',(0.,-1.,0.));
#4294 = PCURVE('',#772,#4295);
#4295 = DEFINITIONAL_REPRESENTATION('',(#4296),#4299);
#4296 = B_SPLINE_CURVE_WITH_KNOTS('',1,(#4297,#4298),.UNSPECIFIED.,.F.,
  .F.,(2,2),(-12.4,-9.4),.PIECEWISE_BEZIER_KNOTS.);
#4297 = CARTESIAN_POINT('',(46.7,-21.8));
#4298 = CARTESIAN_POINT('',(46.7,-18.8));
#4299 = ( GEOMETRIC_REPRESENTATION_CONTEXT(2) 
PARAMETRIC_REPRESENTATION_CONTEXT() REPRESENTATION_CONTEXT('2D SPACE',''
  ) );
#4300 = PCURVE('',#2368,#4301);
#4301 = DEFINITIONAL_REPRESENTATION('',(#4302),#4305);
#4302 = B_SPLINE_CURVE_WITH_KNOTS('',1,(#4303,#4304),.UNSPECIFIED.,.F.,
  .F.,(2,2),(-12.4,-9.4),.PIECEWISE_BEZIER_KNOTS.);
#4303 = CARTESIAN_POINT('',(7.5,3.));
#4304 = CARTESIAN_POINT('',(7.5,0.));
#4305 = ( GEOMETRIC_REPRESENTATION_CONTEXT(2) 
PARAMETRIC_REPRESENTATION_CONTEXT() REPRESENTATION_CONTEXT('2D SPACE',''
  ) );
#4306 = ORIENTED_EDGE('',*,*,#4307,.F.);
#4307 = EDGE_CURVE('',#4243,#4287,#4308,.T.);
#4308 = SURFACE_CURVE('',#4309,(#4313,#4319),.PCURVE_S1.);
#4309 = LINE('',#4310,#4311);
#4310 = CARTESIAN_POINT('',(3.,21.8,16.75));
#4311 = VECTOR('',#4312,1.);
#4312 = DIRECTION('',(0.,0.,1.));
#4313 = PCURVE('',#772,#4314);
#4314 = DEFINITIONAL_REPRESENTATION('',(#4315),#4318);
#4315 = B_SPLINE_CURVE_WITH_KNOTS('',1,(#4316,#4317),.UNSPECIFIED.,.F.,
  .F.,(2,2),(16.75,29.95),.PIECEWISE_BEZIER_KNOTS.);
#4316 = CARTESIAN_POINT('',(33.5,-21.8));
#4317 = CARTESIAN_POINT('',(46.7,-21.8));
#4318 = ( GEOMETRIC_REPRESENTATION_CONTEXT(2) 
PARAMETRIC_REPRESENTATION_CONTEXT() REPRESENTATION_CONTEXT('2D SPACE',''
  ) );
#4319 = PCURVE('',#2392,#4320);
#4320 = DEFINITIONAL_REPRESENTATION('',(#4321),#4324);
#4321 = B_SPLINE_CURVE_WITH_KNOTS('',1,(#4322,#4323),.UNSPECIFIED.,.F.,
  .F.,(2,2),(16.75,29.95),.PIECEWISE_BEZIER_KNOTS.);
#4322 = CARTESIAN_POINT('',(0.,7.5));
#4323 = CARTESIAN_POINT('',(13.2,7.5));
#4324 = ( GEOMETRIC_REPRESENTATION_CONTEXT(2) 
PARAMETRIC_REPRESENTATION_CONTEXT() REPRESENTATION_CONTEXT('2D SPACE',''
  ) );
#4325 = FACE_BOUND('',#4326,.T.);
#4326 = EDGE_LOOP('',(#4327,#4350,#4371,#4392));
#4327 = ORIENTED_EDGE('',*,*,#4328,.T.);
#4328 = EDGE_CURVE('',#4329,#4331,#4333,.T.);
#4329 = VERTEX_POINT('',#4330);
#4330 = CARTESIAN_POINT('',(3.,14.3,33.5));
#4331 = VERTEX_POINT('',#4332);
#4332 = CARTESIAN_POINT('',(3.,11.3,33.5));
#4333 = SURFACE_CURVE('',#4334,(#4338,#4344),.PCURVE_S1.);
#4334 = LINE('',#4335,#4336);
#4335 = CARTESIAN_POINT('',(3.,5.65,33.5));
#4336 = VECTOR('',#4337,1.);
#4337 = DIRECTION('',(0.,-1.,0.));
#4338 = PCURVE('',#772,#4339);
#4339 = DEFINITIONAL_REPRESENTATION('',(#4340),#4343);
#4340 = B_SPLINE_CURVE_WITH_KNOTS('',1,(#4341,#4342),.UNSPECIFIED.,.F.,
  .F.,(2,2),(-8.65,-5.65),.PIECEWISE_BEZIER_KNOTS.);
#4341 = CARTESIAN_POINT('',(33.5,-14.3));
#4342 = CARTESIAN_POINT('',(33.5,-11.3));
#4343 = ( GEOMETRIC_REPRESENTATION_CONTEXT(2) 
PARAMETRIC_REPRESENTATION_CONTEXT() REPRESENTATION_CONTEXT('2D SPACE',''
  ) );
#4344 = PCURVE('',#2422,#4345);
#4345 = DEFINITIONAL_REPRESENTATION('',(#4346),#4349);
#4346 = B_SPLINE_CURVE_WITH_KNOTS('',1,(#4347,#4348),.UNSPECIFIED.,.F.,
  .F.,(2,2),(-8.65,-5.65),.PIECEWISE_BEZIER_KNOTS.);
#4347 = CARTESIAN_POINT('',(7.5,3.));
#4348 = CARTESIAN_POINT('',(7.5,0.));
#4349 = ( GEOMETRIC_REPRESENTATION_CONTEXT(2) 
PARAMETRIC_REPRESENTATION_CONTEXT() REPRESENTATION_CONTEXT('2D SPACE',''
  ) );
#4350 = ORIENTED_EDGE('',*,*,#4351,.T.);
#4351 = EDGE_CURVE('',#4331,#4352,#4354,.T.);
#4352 = VERTEX_POINT('',#4353);
#4353 = CARTESIAN_POINT('',(3.,11.3,46.7));
#4354 = SURFACE_CURVE('',#4355,(#4359,#4365),.PCURVE_S1.);
#4355 = LINE('',#4356,#4357);
#4356 = CARTESIAN_POINT('',(3.,11.3,16.75));
#4357 = VECTOR('',#4358,1.);
#4358 = DIRECTION('',(0.,0.,1.));
#4359 = PCURVE('',#772,#4360);
#4360 = DEFINITIONAL_REPRESENTATION('',(#4361),#4364);
#4361 = B_SPLINE_CURVE_WITH_KNOTS('',1,(#4362,#4363),.UNSPECIFIED.,.F.,
  .F.,(2,2),(16.75,29.95),.PIECEWISE_BEZIER_KNOTS.);
#4362 = CARTESIAN_POINT('',(33.5,-11.3));
#4363 = CARTESIAN_POINT('',(46.7,-11.3));
#4364 = ( GEOMETRIC_REPRESENTATION_CONTEXT(2) 
PARAMETRIC_REPRESENTATION_CONTEXT() REPRESENTATION_CONTEXT('2D SPACE',''
  ) );
#4365 = PCURVE('',#2448,#4366);
#4366 = DEFINITIONAL_REPRESENTATION('',(#4367),#4370);
#4367 = B_SPLINE_CURVE_WITH_KNOTS('',1,(#4368,#4369),.UNSPECIFIED.,.F.,
  .F.,(2,2),(16.75,29.95),.PIECEWISE_BEZIER_KNOTS.);
#4368 = CARTESIAN_POINT('',(0.,7.5));
#4369 = CARTESIAN_POINT('',(13.2,7.5));
#4370 = ( GEOMETRIC_REPRESENTATION_CONTEXT(2) 
PARAMETRIC_REPRESENTATION_CONTEXT() REPRESENTATION_CONTEXT('2D SPACE',''
  ) );
#4371 = ORIENTED_EDGE('',*,*,#4372,.F.);
#4372 = EDGE_CURVE('',#4373,#4352,#4375,.T.);
#4373 = VERTEX_POINT('',#4374);
#4374 = CARTESIAN_POINT('',(3.,14.3,46.7));
#4375 = SURFACE_CURVE('',#4376,(#4380,#4386),.PCURVE_S1.);
#4376 = LINE('',#4377,#4378);
#4377 = CARTESIAN_POINT('',(3.,5.65,46.7));
#4378 = VECTOR('',#4379,1.);
#4379 = DIRECTION('',(0.,-1.,0.));
#4380 = PCURVE('',#772,#4381);
#4381 = DEFINITIONAL_REPRESENTATION('',(#4382),#4385);
#4382 = B_SPLINE_CURVE_WITH_KNOTS('',1,(#4383,#4384),.UNSPECIFIED.,.F.,
  .F.,(2,2),(-8.65,-5.65),.PIECEWISE_BEZIER_KNOTS.);
#4383 = CARTESIAN_POINT('',(46.7,-14.3));
#4384 = CARTESIAN_POINT('',(46.7,-11.3));
#4385 = ( GEOMETRIC_REPRESENTATION_CONTEXT(2) 
PARAMETRIC_REPRESENTATION_CONTEXT() REPRESENTATION_CONTEXT('2D SPACE',''
  ) );
#4386 = PCURVE('',#2474,#4387);
#4387 = DEFINITIONAL_REPRESENTATION('',(#4388),#4391);
#4388 = B_SPLINE_CURVE_WITH_KNOTS('',1,(#4389,#4390),.UNSPECIFIED.,.F.,
  .F.,(2,2),(-8.65,-5.65),.PIECEWISE_BEZIER_KNOTS.);
#4389 = CARTESIAN_POINT('',(7.5,3.));
#4390 = CARTESIAN_POINT('',(7.5,0.));
#4391 = ( GEOMETRIC_REPRESENTATION_CONTEXT(2) 
PARAMETRIC_REPRESENTATION_CONTEXT() REPRESENTATION_CONTEXT('2D SPACE',''
  ) );
#4392 = ORIENTED_EDGE('',*,*,#4393,.F.);
#4393 = EDGE_CURVE('',#4329,#4373,#4394,.T.);
#4394 = SURFACE_CURVE('',#4395,(#4399,#4405),.PCURVE_S1.);
#4395 = LINE('',#4396,#4397);
#4396 = CARTESIAN_POINT('',(3.,14.3,16.75));
#4397 = VECTOR('',#4398,1.);
#4398 = DIRECTION('',(0.,0.,1.));
#4399 = PCURVE('',#772,#4400);
#4400 = DEFINITIONAL_REPRESENTATION('',(#4401),#4404);
#4401 = B_SPLINE_CURVE_WITH_KNOTS('',1,(#4402,#4403),.UNSPECIFIED.,.F.,
  .F.,(2,2),(16.75,29.95),.PIECEWISE_BEZIER_KNOTS.);
#4402 = CARTESIAN_POINT('',(33.5,-14.3));
#4403 = CARTESIAN_POINT('',(46.7,-14.3));
#4404 = ( GEOMETRIC_REPRESENTATION_CONTEXT(2) 
PARAMETRIC_REPRESENTATION_CONTEXT() REPRESENTATION_CONTEXT('2D SPACE',''
  ) );
#4405 = PCURVE('',#2498,#4406);
#4406 = DEFINITIONAL_REPRESENTATION('',(#4407),#4410);
#4407 = B_SPLINE_CURVE_WITH_KNOTS('',1,(#4408,#4409),.UNSPECIFIED.,.F.,
  .F.,(2,2),(16.75,29.95),.PIECEWISE_BEZIER_KNOTS.);
#4408 = CARTESIAN_POINT('',(0.,7.5));
#4409 = CARTESIAN_POINT('',(13.2,7.5));
#4410 = ( GEOMETRIC_REPRESENTATION_CONTEXT(2) 
PARAMETRIC_REPRESENTATION_CONTEXT() REPRESENTATION_CONTEXT('2D SPACE',''
  ) );
#4411 = ADVANCED_FACE('',(#4412),#801,.T.);
#4412 = FACE_BOUND('',#4413,.F.);
#4413 = EDGE_LOOP('',(#4414,#4439,#4460,#4461,#4462));
#4414 = ORIENTED_EDGE('',*,*,#4415,.F.);
#4415 = EDGE_CURVE('',#4416,#4418,#4420,.T.);
#4416 = VERTEX_POINT('',#4417);
#4417 = CARTESIAN_POINT('',(7.,109.13,59.2));
#4418 = VERTEX_POINT('',#4419);
#4419 = CARTESIAN_POINT('',(6.828427124746,110.13,59.2));
#4420 = SURFACE_CURVE('',#4421,(#4426,#4432),.PCURVE_S1.);
#4421 = CIRCLE('',#4422,3.);
#4422 = AXIS2_PLACEMENT_3D('',#4423,#4424,#4425);
#4423 = CARTESIAN_POINT('',(4.,109.13,59.2));
#4424 = DIRECTION('',(0.,0.,1.));
#4425 = DIRECTION('',(1.,0.,0.));
#4426 = PCURVE('',#801,#4427);
#4427 = DEFINITIONAL_REPRESENTATION('',(#4428),#4431);
#4428 = B_SPLINE_CURVE_WITH_KNOTS('',1,(#4429,#4430),.UNSPECIFIED.,.F.,
  .F.,(2,2),(0.,0.339836909454),.PIECEWISE_BEZIER_KNOTS.);
#4429 = CARTESIAN_POINT('',(-6.28318530718,0.));
#4430 = CARTESIAN_POINT('',(-6.623022216634,0.));
#4431 = ( GEOMETRIC_REPRESENTATION_CONTEXT(2) 
PARAMETRIC_REPRESENTATION_CONTEXT() REPRESENTATION_CONTEXT('2D SPACE',''
  ) );
#4432 = PCURVE('',#3692,#4433);
#4433 = DEFINITIONAL_REPRESENTATION('',(#4434),#4438);
#4434 = LINE('',#4435,#4436);
#4435 = CARTESIAN_POINT('',(0.,3.));
#4436 = VECTOR('',#4437,1.);
#4437 = DIRECTION('',(1.,0.));
#4438 = ( GEOMETRIC_REPRESENTATION_CONTEXT(2) 
PARAMETRIC_REPRESENTATION_CONTEXT() REPRESENTATION_CONTEXT('2D SPACE',''
  ) );
#4439 = ORIENTED_EDGE('',*,*,#4440,.F.);
#4440 = EDGE_CURVE('',#3676,#4416,#4441,.T.);
#4441 = SURFACE_CURVE('',#4442,(#4447,#4453),.PCURVE_S1.);
#4442 = CIRCLE('',#4443,3.);
#4443 = AXIS2_PLACEMENT_3D('',#4444,#4445,#4446);
#4444 = CARTESIAN_POINT('',(4.,109.13,59.2));
#4445 = DIRECTION('',(0.,0.,1.));
#4446 = DIRECTION('',(1.,0.,0.));
#4447 = PCURVE('',#801,#4448);
#4448 = DEFINITIONAL_REPRESENTATION('',(#4449),#4452);
#4449 = B_SPLINE_CURVE_WITH_KNOTS('',1,(#4450,#4451),.UNSPECIFIED.,.F.,
  .F.,(2,2),(4.372552070931,6.28318530718),.PIECEWISE_BEZIER_KNOTS.);
#4450 = CARTESIAN_POINT('',(-4.372552070931,0.));
#4451 = CARTESIAN_POINT('',(-6.28318530718,0.));
#4452 = ( GEOMETRIC_REPRESENTATION_CONTEXT(2) 
PARAMETRIC_REPRESENTATION_CONTEXT() REPRESENTATION_CONTEXT('2D SPACE',''
  ) );
#4453 = PCURVE('',#3692,#4454);
#4454 = DEFINITIONAL_REPRESENTATION('',(#4455),#4459);
#4455 = LINE('',#4456,#4457);
#4456 = CARTESIAN_POINT('',(0.,3.));
#4457 = VECTOR('',#4458,1.);
#4458 = DIRECTION('',(1.,0.));
#4459 = ( GEOMETRIC_REPRESENTATION_CONTEXT(2) 
PARAMETRIC_REPRESENTATION_CONTEXT() REPRESENTATION_CONTEXT('2D SPACE',''
  ) );
#4460 = ORIENTED_EDGE('',*,*,#3731,.F.);
#4461 = ORIENTED_EDGE('',*,*,#784,.T.);
#4462 = ORIENTED_EDGE('',*,*,#4463,.T.);
#4463 = EDGE_CURVE('',#785,#4418,#4464,.T.);
#4464 = SURFACE_CURVE('',#4465,(#4469,#4475),.PCURVE_S1.);
#4465 = LINE('',#4466,#4467);
#4466 = CARTESIAN_POINT('',(6.828427124746,110.13,59.2));
#4467 = VECTOR('',#4468,1.);
#4468 = DIRECTION('',(-0.,-0.,-1.));
#4469 = PCURVE('',#801,#4470);
#4470 = DEFINITIONAL_REPRESENTATION('',(#4471),#4474);
#4471 = B_SPLINE_CURVE_WITH_KNOTS('',1,(#4472,#4473),.UNSPECIFIED.,.F.,
  .F.,(2,2),(-13.,-0.),.PIECEWISE_BEZIER_KNOTS.);
#4472 = CARTESIAN_POINT('',(-6.623022216634,-13.));
#4473 = CARTESIAN_POINT('',(-6.623022216634,0.));
#4474 = ( GEOMETRIC_REPRESENTATION_CONTEXT(2) 
PARAMETRIC_REPRESENTATION_CONTEXT() REPRESENTATION_CONTEXT('2D SPACE',''
  ) );
#4475 = PCURVE('',#829,#4476);
#4476 = DEFINITIONAL_REPRESENTATION('',(#4477),#4480);
#4477 = B_SPLINE_CURVE_WITH_KNOTS('',1,(#4478,#4479),.UNSPECIFIED.,.F.,
  .F.,(2,2),(-13.0000006,5.999999999062E-07),.PIECEWISE_BEZIER_KNOTS.);
#4478 = CARTESIAN_POINT('',(72.2000006,6.828427124746));
#4479 = CARTESIAN_POINT('',(59.1999994,6.828427124746));
#4480 = ( GEOMETRIC_REPRESENTATION_CONTEXT(2) 
PARAMETRIC_REPRESENTATION_CONTEXT() REPRESENTATION_CONTEXT('2D SPACE',''
  ) );
#4481 = ADVANCED_FACE('',(#4482),#829,.F.);
#4482 = FACE_BOUND('',#4483,.F.);
#4483 = EDGE_LOOP('',(#4484,#4485,#4486,#4507,#4556,#4557,#4576,#4577));
#4484 = ORIENTED_EDGE('',*,*,#4463,.F.);
#4485 = ORIENTED_EDGE('',*,*,#813,.T.);
#4486 = ORIENTED_EDGE('',*,*,#4487,.T.);
#4487 = EDGE_CURVE('',#814,#4488,#4490,.T.);
#4488 = VERTEX_POINT('',#4489);
#4489 = CARTESIAN_POINT('',(90.171572875254,110.13,59.2));
#4490 = SURFACE_CURVE('',#4491,(#4495,#4501),.PCURVE_S1.);
#4491 = LINE('',#4492,#4493);
#4492 = CARTESIAN_POINT('',(90.171572875254,110.13,59.2));
#4493 = VECTOR('',#4494,1.);
#4494 = DIRECTION('',(-0.,-0.,-1.));
#4495 = PCURVE('',#829,#4496);
#4496 = DEFINITIONAL_REPRESENTATION('',(#4497),#4500);
#4497 = B_SPLINE_CURVE_WITH_KNOTS('',1,(#4498,#4499),.UNSPECIFIED.,.F.,
  .F.,(2,2),(-13.0000006,5.999999999062E-07),.PIECEWISE_BEZIER_KNOTS.);
#4498 = CARTESIAN_POINT('',(72.2000006,90.171572875254));
#4499 = CARTESIAN_POINT('',(59.1999994,90.171572875254));
#4500 = ( GEOMETRIC_REPRESENTATION_CONTEXT(2) 
PARAMETRIC_REPRESENTATION_CONTEXT() REPRESENTATION_CONTEXT('2D SPACE',''
  ) );
#4501 = PCURVE('',#856,#4502);
#4502 = DEFINITIONAL_REPRESENTATION('',(#4503),#4506);
#4503 = B_SPLINE_CURVE_WITH_KNOTS('',1,(#4504,#4505),.UNSPECIFIED.,.F.,
  .F.,(2,2),(-13.0000006,5.999999999062E-07),.PIECEWISE_BEZIER_KNOTS.);
#4504 = CARTESIAN_POINT('',(-2.801755744136,-13.0000006));
#4505 = CARTESIAN_POINT('',(-2.801755744136,5.999999999062E-07));
#4506 = ( GEOMETRIC_REPRESENTATION_CONTEXT(2) 
PARAMETRIC_REPRESENTATION_CONTEXT() REPRESENTATION_CONTEXT('2D SPACE',''
  ) );
#4507 = ORIENTED_EDGE('',*,*,#4508,.T.);
#4508 = EDGE_CURVE('',#4488,#3050,#4509,.T.);
#4509 = SURFACE_CURVE('',#4510,(#4515,#4522),.PCURVE_S1.);
#4510 = HYPERBOLA('',#4511,1.153846153846,1.);
#4511 = AXIS2_PLACEMENT_3D('',#4512,#4513,#4514);
#4512 = CARTESIAN_POINT('',(93.,110.13,55.738461538462));
#4513 = DIRECTION('',(0.,1.,0.));
#4514 = DIRECTION('',(0.,-0.,1.));
#4515 = PCURVE('',#829,#4516);
#4516 = DEFINITIONAL_REPRESENTATION('',(#4517),#4521);
#4517 = ( BOUNDED_CURVE() B_SPLINE_CURVE(2,(#4518,#4519,#4520),
.UNSPECIFIED.,.F.,.F.) B_SPLINE_CURVE_WITH_KNOTS((3,3),(-1.762747174039,
1.762747174039),.PIECEWISE_BEZIER_KNOTS.) CURVE() 
GEOMETRIC_REPRESENTATION_ITEM() RATIONAL_B_SPLINE_CURVE((1.,3.,1.)) 
REPRESENTATION_ITEM('') );
#4518 = CARTESIAN_POINT('',(59.2,90.171572875254));
#4519 = CARTESIAN_POINT('',(56.123076923077,93.));
#4520 = CARTESIAN_POINT('',(59.2,95.828427124746));
#4521 = ( GEOMETRIC_REPRESENTATION_CONTEXT(2) 
PARAMETRIC_REPRESENTATION_CONTEXT() REPRESENTATION_CONTEXT('2D SPACE',''
  ) );
#4522 = PCURVE('',#3087,#4523);
#4523 = DEFINITIONAL_REPRESENTATION('',(#4524),#4555);
#4524 = B_SPLINE_CURVE_WITH_KNOTS('',8,(#4525,#4526,#4527,#4528,#4529,
    #4530,#4531,#4532,#4533,#4534,#4535,#4536,#4537,#4538,#4539,#4540,
    #4541,#4542,#4543,#4544,#4545,#4546,#4547,#4548,#4549,#4550,#4551,
    #4552,#4553,#4554),.UNSPECIFIED.,.F.,.F.,(9,7,7,7,9),(
    -1.762747174039,-0.88137358702,-0.220343396755,0.771201888642,
    1.762747174039),.UNSPECIFIED.);
#4525 = CARTESIAN_POINT('',(2.801755744136,3.));
#4526 = CARTESIAN_POINT('',(2.765031844677,2.640446976842));
#4527 = CARTESIAN_POINT('',(2.723948864782,2.328911096351));
#4528 = CARTESIAN_POINT('',(2.677976279929,2.058744856595));
#4529 = CARTESIAN_POINT('',(2.626553135579,1.824536483656));
#4530 = CARTESIAN_POINT('',(2.56909552978,1.621867563459));
#4531 = CARTESIAN_POINT('',(2.505064975858,1.447125044084));
#4532 = CARTESIAN_POINT('',(2.43409764521,1.297367608558));
#4533 = CARTESIAN_POINT('',(2.297767123929,1.074905525296));
#4534 = CARTESIAN_POINT('',(2.235438260865,0.992297241957));
#4535 = CARTESIAN_POINT('',(2.169208267291,0.921429667131));
#4536 = CARTESIAN_POINT('',(2.099189938652,0.861496316923));
#4537 = CARTESIAN_POINT('',(2.025651051376,0.811854567605));
#4538 = CARTESIAN_POINT('',(1.949051624253,0.772010561786));
#4539 = CARTESIAN_POINT('',(1.870040777129,0.741609659831));
#4540 = CARTESIAN_POINT('',(1.668384020986,0.688664306927));
#4541 = CARTESIAN_POINT('',(1.543673251287,0.677648310337));
#4542 = CARTESIAN_POINT('',(1.417814560121,0.68663989978));
#4543 = CARTESIAN_POINT('',(1.29393306335,0.715575519035));
#4544 = CARTESIAN_POINT('',(1.175282426112,0.765035081429));
#4545 = CARTESIAN_POINT('',(1.063871443932,0.836261236364));
#4546 = CARTESIAN_POINT('',(0.960768687047,0.931228105395));
#4547 = CARTESIAN_POINT('',(0.771890004518,1.174334039205));
#4548 = CARTESIAN_POINT('',(0.68611322928,1.322473047047));
#4549 = CARTESIAN_POINT('',(0.609361901146,1.500043868453));
#4550 = CARTESIAN_POINT('',(0.541265967438,1.710762060318));
#4551 = CARTESIAN_POINT('',(0.481086912483,1.959357202382));
#4552 = CARTESIAN_POINT('',(0.4279824848,2.251778016431));
#4553 = CARTESIAN_POINT('',(0.381151296346,2.595502848947));
#4554 = CARTESIAN_POINT('',(0.339836909454,3.));
#4555 = ( GEOMETRIC_REPRESENTATION_CONTEXT(2) 
PARAMETRIC_REPRESENTATION_CONTEXT() REPRESENTATION_CONTEXT('2D SPACE',''
  ) );
#4556 = ORIENTED_EDGE('',*,*,#3049,.T.);
#4557 = ORIENTED_EDGE('',*,*,#4558,.F.);
#4558 = EDGE_CURVE('',#3634,#3024,#4559,.T.);
#4559 = SURFACE_CURVE('',#4560,(#4564,#4570),.PCURVE_S1.);
#4560 = LINE('',#4561,#4562);
#4561 = CARTESIAN_POINT('',(0.,110.13,3.));
#4562 = VECTOR('',#4563,1.);
#4563 = DIRECTION('',(1.,0.,0.));
#4564 = PCURVE('',#829,#4565);
#4565 = DEFINITIONAL_REPRESENTATION('',(#4566),#4569);
#4566 = B_SPLINE_CURVE_WITH_KNOTS('',1,(#4567,#4568),.UNSPECIFIED.,.F.,
  .F.,(2,2),(0.,97.),.PIECEWISE_BEZIER_KNOTS.);
#4567 = CARTESIAN_POINT('',(3.,0.));
#4568 = CARTESIAN_POINT('',(3.,97.));
#4569 = ( GEOMETRIC_REPRESENTATION_CONTEXT(2) 
PARAMETRIC_REPRESENTATION_CONTEXT() REPRESENTATION_CONTEXT('2D SPACE',''
  ) );
#4570 = PCURVE('',#3038,#4571);
#4571 = DEFINITIONAL_REPRESENTATION('',(#4572),#4575);
#4572 = B_SPLINE_CURVE_WITH_KNOTS('',1,(#4573,#4574),.UNSPECIFIED.,.F.,
  .F.,(2,2),(0.,97.),.PIECEWISE_BEZIER_KNOTS.);
#4573 = CARTESIAN_POINT('',(0.,110.13));
#4574 = CARTESIAN_POINT('',(97.,110.13));
#4575 = ( GEOMETRIC_REPRESENTATION_CONTEXT(2) 
PARAMETRIC_REPRESENTATION_CONTEXT() REPRESENTATION_CONTEXT('2D SPACE',''
  ) );
#4576 = ORIENTED_EDGE('',*,*,#3654,.T.);
#4577 = ORIENTED_EDGE('',*,*,#4578,.T.);
#4578 = EDGE_CURVE('',#3655,#4418,#4579,.T.);
#4579 = SURFACE_CURVE('',#4580,(#4585,#4592),.PCURVE_S1.);
#4580 = HYPERBOLA('',#4581,1.153846153846,1.);
#4581 = AXIS2_PLACEMENT_3D('',#4582,#4583,#4584);
#4582 = CARTESIAN_POINT('',(4.,110.13,55.738461538462));
#4583 = DIRECTION('',(0.,1.,0.));
#4584 = DIRECTION('',(0.,-0.,1.));
#4585 = PCURVE('',#829,#4586);
#4586 = DEFINITIONAL_REPRESENTATION('',(#4587),#4591);
#4587 = ( BOUNDED_CURVE() B_SPLINE_CURVE(2,(#4588,#4589,#4590),
.UNSPECIFIED.,.F.,.F.) B_SPLINE_CURVE_WITH_KNOTS((3,3),(-1.762747174039,
1.762747174039),.PIECEWISE_BEZIER_KNOTS.) CURVE() 
GEOMETRIC_REPRESENTATION_ITEM() RATIONAL_B_SPLINE_CURVE((1.,3.,1.)) 
REPRESENTATION_ITEM('') );
#4588 = CARTESIAN_POINT('',(59.2,1.171572875254));
#4589 = CARTESIAN_POINT('',(56.123076923077,4.));
#4590 = CARTESIAN_POINT('',(59.2,6.828427124746));
#4591 = ( GEOMETRIC_REPRESENTATION_CONTEXT(2) 
PARAMETRIC_REPRESENTATION_CONTEXT() REPRESENTATION_CONTEXT('2D SPACE',''
  ) );
#4592 = PCURVE('',#3692,#4593);
#4593 = DEFINITIONAL_REPRESENTATION('',(#4594),#4625);
#4594 = B_SPLINE_CURVE_WITH_KNOTS('',8,(#4595,#4596,#4597,#4598,#4599,
    #4600,#4601,#4602,#4603,#4604,#4605,#4606,#4607,#4608,#4609,#4610,
    #4611,#4612,#4613,#4614,#4615,#4616,#4617,#4618,#4619,#4620,#4621,
    #4622,#4623,#4624),.UNSPECIFIED.,.F.,.F.,(9,7,7,7,9),(
    -1.762747174039,-0.88137358702,-0.220343396755,0.771201888642,
    1.762747174039),.UNSPECIFIED.);
#4595 = CARTESIAN_POINT('',(2.801755744136,3.));
#4596 = CARTESIAN_POINT('',(2.765031844677,2.640446976842));
#4597 = CARTESIAN_POINT('',(2.723948864782,2.328911096351));
#4598 = CARTESIAN_POINT('',(2.677976279929,2.058744856595));
#4599 = CARTESIAN_POINT('',(2.626553135579,1.824536483656));
#4600 = CARTESIAN_POINT('',(2.56909552978,1.621867563458));
#4601 = CARTESIAN_POINT('',(2.505064975858,1.447125044084));
#4602 = CARTESIAN_POINT('',(2.43409764521,1.297367608558));
#4603 = CARTESIAN_POINT('',(2.297767123929,1.074905525296));
#4604 = CARTESIAN_POINT('',(2.235438260865,0.992297241957));
#4605 = CARTESIAN_POINT('',(2.169208267291,0.92142966713));
#4606 = CARTESIAN_POINT('',(2.099189938652,0.861496316923));
#4607 = CARTESIAN_POINT('',(2.025651051376,0.811854567605));
#4608 = CARTESIAN_POINT('',(1.949051624253,0.772010561785));
#4609 = CARTESIAN_POINT('',(1.870040777129,0.741609659831));
#4610 = CARTESIAN_POINT('',(1.668384020986,0.688664306927));
#4611 = CARTESIAN_POINT('',(1.543673251286,0.677648310338));
#4612 = CARTESIAN_POINT('',(1.41781456012,0.686639899775));
#4613 = CARTESIAN_POINT('',(1.293933063349,0.71557551904));
#4614 = CARTESIAN_POINT('',(1.175282426111,0.765035081423));
#4615 = CARTESIAN_POINT('',(1.063871443932,0.836261236366));
#4616 = CARTESIAN_POINT('',(0.960768687047,0.931228105395));
#4617 = CARTESIAN_POINT('',(0.771890004518,1.174334039205));
#4618 = CARTESIAN_POINT('',(0.68611322928,1.322473047047));
#4619 = CARTESIAN_POINT('',(0.609361901146,1.500043868453));
#4620 = CARTESIAN_POINT('',(0.541265967438,1.710762060319));
#4621 = CARTESIAN_POINT('',(0.481086912483,1.959357202382));
#4622 = CARTESIAN_POINT('',(0.4279824848,2.251778016431));
#4623 = CARTESIAN_POINT('',(0.381151296346,2.595502848947));
#4624 = CARTESIAN_POINT('',(0.339836909454,3.));
#4625 = ( GEOMETRIC_REPRESENTATION_CONTEXT(2) 
PARAMETRIC_REPRESENTATION_CONTEXT() REPRESENTATION_CONTEXT('2D SPACE',''
  ) );
#4626 = ADVANCED_FACE('',(#4627),#856,.T.);
#4627 = FACE_BOUND('',#4628,.F.);
#4628 = EDGE_LOOP('',(#4629,#4651,#4652,#4653));
#4629 = ORIENTED_EDGE('',*,*,#4630,.F.);
#4630 = EDGE_CURVE('',#4488,#3113,#4631,.T.);
#4631 = SURFACE_CURVE('',#4632,(#4637,#4644),.PCURVE_S1.);
#4632 = CIRCLE('',#4633,3.);
#4633 = AXIS2_PLACEMENT_3D('',#4634,#4635,#4636);
#4634 = CARTESIAN_POINT('',(93.,109.13,59.2));
#4635 = DIRECTION('',(0.,0.,1.));
#4636 = DIRECTION('',(1.,0.,0.));
#4637 = PCURVE('',#856,#4638);
#4638 = DEFINITIONAL_REPRESENTATION('',(#4639),#4643);
#4639 = LINE('',#4640,#4641);
#4640 = CARTESIAN_POINT('',(-0.,0.));
#4641 = VECTOR('',#4642,1.);
#4642 = DIRECTION('',(-1.,0.));
#4643 = ( GEOMETRIC_REPRESENTATION_CONTEXT(2) 
PARAMETRIC_REPRESENTATION_CONTEXT() REPRESENTATION_CONTEXT('2D SPACE',''
  ) );
#4644 = PCURVE('',#3087,#4645);
#4645 = DEFINITIONAL_REPRESENTATION('',(#4646),#4650);
#4646 = LINE('',#4647,#4648);
#4647 = CARTESIAN_POINT('',(0.,3.));
#4648 = VECTOR('',#4649,1.);
#4649 = DIRECTION('',(1.,0.));
#4650 = ( GEOMETRIC_REPRESENTATION_CONTEXT(2) 
PARAMETRIC_REPRESENTATION_CONTEXT() REPRESENTATION_CONTEXT('2D SPACE',''
  ) );
#4651 = ORIENTED_EDGE('',*,*,#4487,.F.);
#4652 = ORIENTED_EDGE('',*,*,#841,.T.);
#4653 = ORIENTED_EDGE('',*,*,#3149,.T.);
#4654 = ADVANCED_FACE('',(#4655),#888,.F.);
#4655 = FACE_BOUND('',#4656,.F.);
#4656 = EDGE_LOOP('',(#4657,#4678,#4679,#4700,#4726,#4752));
#4657 = ORIENTED_EDGE('',*,*,#4658,.F.);
#4658 = EDGE_CURVE('',#871,#4659,#4661,.T.);
#4659 = VERTEX_POINT('',#4660);
#4660 = CARTESIAN_POINT('',(91.770274420856,110.13,67.72));
#4661 = SURFACE_CURVE('',#4662,(#4666,#4672),.PCURVE_S1.);
#4662 = LINE('',#4663,#4664);
#4663 = CARTESIAN_POINT('',(91.770274420856,110.13,72.2));
#4664 = VECTOR('',#4665,1.);
#4665 = DIRECTION('',(0.,0.,-1.));
#4666 = PCURVE('',#888,#4667);
#4667 = DEFINITIONAL_REPRESENTATION('',(#4668),#4671);
#4668 = B_SPLINE_CURVE_WITH_KNOTS('',1,(#4669,#4670),.UNSPECIFIED.,.F.,
  .F.,(2,2),(-6.000000070117E-07,4.4800006),.PIECEWISE_BEZIER_KNOTS.);
#4669 = CARTESIAN_POINT('',(72.2000006,91.770274420856));
#4670 = CARTESIAN_POINT('',(67.7199994,91.770274420856));
#4671 = ( GEOMETRIC_REPRESENTATION_CONTEXT(2) 
PARAMETRIC_REPRESENTATION_CONTEXT() REPRESENTATION_CONTEXT('2D SPACE',''
  ) );
#4672 = PCURVE('',#947,#4673);
#4673 = DEFINITIONAL_REPRESENTATION('',(#4674),#4677);
#4674 = B_SPLINE_CURVE_WITH_KNOTS('',1,(#4675,#4676),.UNSPECIFIED.,.F.,
  .F.,(2,2),(0.,4.48),.PIECEWISE_BEZIER_KNOTS.);
#4675 = CARTESIAN_POINT('',(6.965917079113,0.));
#4676 = CARTESIAN_POINT('',(6.965917079113,4.48));
#4677 = ( GEOMETRIC_REPRESENTATION_CONTEXT(2) 
PARAMETRIC_REPRESENTATION_CONTEXT() REPRESENTATION_CONTEXT('2D SPACE',''
  ) );
#4678 = ORIENTED_EDGE('',*,*,#870,.T.);
#4679 = ORIENTED_EDGE('',*,*,#4680,.T.);
#4680 = EDGE_CURVE('',#873,#4681,#4683,.T.);
#4681 = VERTEX_POINT('',#4682);
#4682 = CARTESIAN_POINT('',(94.,110.13,63.72));
#4683 = SURFACE_CURVE('',#4684,(#4688,#4694),.PCURVE_S1.);
#4684 = LINE('',#4685,#4686);
#4685 = CARTESIAN_POINT('',(94.,110.13,0.));
#4686 = VECTOR('',#4687,1.);
#4687 = DIRECTION('',(0.,0.,-1.));
#4688 = PCURVE('',#888,#4689);
#4689 = DEFINITIONAL_REPRESENTATION('',(#4690),#4693);
#4690 = B_SPLINE_CURVE_WITH_KNOTS('',1,(#4691,#4692),.UNSPECIFIED.,.F.,
  .F.,(2,2),(-72.2,0.),.PIECEWISE_BEZIER_KNOTS.);
#4691 = CARTESIAN_POINT('',(72.2,94.));
#4692 = CARTESIAN_POINT('',(0.,94.));
#4693 = ( GEOMETRIC_REPRESENTATION_CONTEXT(2) 
PARAMETRIC_REPRESENTATION_CONTEXT() REPRESENTATION_CONTEXT('2D SPACE',''
  ) );
#4694 = PCURVE('',#916,#4695);
#4695 = DEFINITIONAL_REPRESENTATION('',(#4696),#4699);
#4696 = B_SPLINE_CURVE_WITH_KNOTS('',1,(#4697,#4698),.UNSPECIFIED.,.F.,
  .F.,(2,2),(-72.2,0.),.PIECEWISE_BEZIER_KNOTS.);
#4697 = CARTESIAN_POINT('',(72.2,-110.13));
#4698 = CARTESIAN_POINT('',(0.,-110.13));
#4699 = ( GEOMETRIC_REPRESENTATION_CONTEXT(2) 
PARAMETRIC_REPRESENTATION_CONTEXT() REPRESENTATION_CONTEXT('2D SPACE',''
  ) );
#4700 = ORIENTED_EDGE('',*,*,#4701,.T.);
#4701 = EDGE_CURVE('',#4681,#4702,#4704,.T.);
#4702 = VERTEX_POINT('',#4703);
#4703 = CARTESIAN_POINT('',(91.95,110.13,63.72));
#4704 = SURFACE_CURVE('',#4705,(#4709,#4715),.PCURVE_S1.);
#4705 = LINE('',#4706,#4707);
#4706 = CARTESIAN_POINT('',(46.5,110.13,63.72));
#4707 = VECTOR('',#4708,1.);
#4708 = DIRECTION('',(-1.,0.,0.));
#4709 = PCURVE('',#888,#4710);
#4710 = DEFINITIONAL_REPRESENTATION('',(#4711),#4714);
#4711 = B_SPLINE_CURVE_WITH_KNOTS('',1,(#4712,#4713),.UNSPECIFIED.,.F.,
  .F.,(2,2),(-47.5,-45.05),.PIECEWISE_BEZIER_KNOTS.);
#4712 = CARTESIAN_POINT('',(63.72,94.));
#4713 = CARTESIAN_POINT('',(63.72,91.55));
#4714 = ( GEOMETRIC_REPRESENTATION_CONTEXT(2) 
PARAMETRIC_REPRESENTATION_CONTEXT() REPRESENTATION_CONTEXT('2D SPACE',''
  ) );
#4715 = PCURVE('',#4716,#4721);
#4716 = PLANE('',#4717);
#4717 = AXIS2_PLACEMENT_3D('',#4718,#4719,#4720);
#4718 = CARTESIAN_POINT('',(93.,109.13,63.72));
#4719 = DIRECTION('',(0.,0.,-1.));
#4720 = DIRECTION('',(-1.,0.,0.));
#4721 = DEFINITIONAL_REPRESENTATION('',(#4722),#4725);
#4722 = B_SPLINE_CURVE_WITH_KNOTS('',1,(#4723,#4724),.UNSPECIFIED.,.F.,
  .F.,(2,2),(-47.5,-45.05),.PIECEWISE_BEZIER_KNOTS.);
#4723 = CARTESIAN_POINT('',(-1.,1.));
#4724 = CARTESIAN_POINT('',(1.45,1.));
#4725 = ( GEOMETRIC_REPRESENTATION_CONTEXT(2) 
PARAMETRIC_REPRESENTATION_CONTEXT() REPRESENTATION_CONTEXT('2D SPACE',''
  ) );
#4726 = ORIENTED_EDGE('',*,*,#4727,.F.);
#4727 = EDGE_CURVE('',#4728,#4702,#4730,.T.);
#4728 = VERTEX_POINT('',#4729);
#4729 = CARTESIAN_POINT('',(91.95,110.13,67.72));
#4730 = SURFACE_CURVE('',#4731,(#4735,#4741),.PCURVE_S1.);
#4731 = LINE('',#4732,#4733);
#4732 = CARTESIAN_POINT('',(91.95,110.13,72.2));
#4733 = VECTOR('',#4734,1.);
#4734 = DIRECTION('',(0.,0.,-1.));
#4735 = PCURVE('',#888,#4736);
#4736 = DEFINITIONAL_REPRESENTATION('',(#4737),#4740);
#4737 = B_SPLINE_CURVE_WITH_KNOTS('',1,(#4738,#4739),.UNSPECIFIED.,.F.,
  .F.,(2,2),(4.4799994,8.4800006),.PIECEWISE_BEZIER_KNOTS.);
#4738 = CARTESIAN_POINT('',(67.7200006,91.95));
#4739 = CARTESIAN_POINT('',(63.7199994,91.95));
#4740 = ( GEOMETRIC_REPRESENTATION_CONTEXT(2) 
PARAMETRIC_REPRESENTATION_CONTEXT() REPRESENTATION_CONTEXT('2D SPACE',''
  ) );
#4741 = PCURVE('',#4742,#4747);
#4742 = CYLINDRICAL_SURFACE('',#4743,1.45);
#4743 = AXIS2_PLACEMENT_3D('',#4744,#4745,#4746);
#4744 = CARTESIAN_POINT('',(93.,109.13,72.2));
#4745 = DIRECTION('',(0.,0.,-1.));
#4746 = DIRECTION('',(-1.,0.,0.));
#4747 = DEFINITIONAL_REPRESENTATION('',(#4748),#4751);
#4748 = B_SPLINE_CURVE_WITH_KNOTS('',1,(#4749,#4750),.UNSPECIFIED.,.F.,
  .F.,(2,2),(4.48,8.48),.PIECEWISE_BEZIER_KNOTS.);
#4749 = CARTESIAN_POINT('',(7.044198061404,4.48));
#4750 = CARTESIAN_POINT('',(7.044198061404,8.48));
#4751 = ( GEOMETRIC_REPRESENTATION_CONTEXT(2) 
PARAMETRIC_REPRESENTATION_CONTEXT() REPRESENTATION_CONTEXT('2D SPACE',''
  ) );
#4752 = ORIENTED_EDGE('',*,*,#4753,.T.);
#4753 = EDGE_CURVE('',#4728,#4659,#4754,.T.);
#4754 = SURFACE_CURVE('',#4755,(#4759,#4765),.PCURVE_S1.);
#4755 = LINE('',#4756,#4757);
#4756 = CARTESIAN_POINT('',(46.5,110.13,67.72));
#4757 = VECTOR('',#4758,1.);
#4758 = DIRECTION('',(-1.,0.,0.));
#4759 = PCURVE('',#888,#4760);
#4760 = DEFINITIONAL_REPRESENTATION('',(#4761),#4764);
#4761 = B_SPLINE_CURVE_WITH_KNOTS('',1,(#4762,#4763),.UNSPECIFIED.,.F.,
  .F.,(2,2),(-47.5,-44.915),.PIECEWISE_BEZIER_KNOTS.);
#4762 = CARTESIAN_POINT('',(67.72,94.));
#4763 = CARTESIAN_POINT('',(67.72,91.415));
#4764 = ( GEOMETRIC_REPRESENTATION_CONTEXT(2) 
PARAMETRIC_REPRESENTATION_CONTEXT() REPRESENTATION_CONTEXT('2D SPACE',''
  ) );
#4765 = PCURVE('',#4766,#4771);
#4766 = PLANE('',#4767);
#4767 = AXIS2_PLACEMENT_3D('',#4768,#4769,#4770);
#4768 = CARTESIAN_POINT('',(93.,109.13,67.72));
#4769 = DIRECTION('',(0.,0.,-1.));
#4770 = DIRECTION('',(-1.,0.,0.));
#4771 = DEFINITIONAL_REPRESENTATION('',(#4772),#4775);
#4772 = B_SPLINE_CURVE_WITH_KNOTS('',1,(#4773,#4774),.UNSPECIFIED.,.F.,
  .F.,(2,2),(-47.5,-44.915),.PIECEWISE_BEZIER_KNOTS.);
#4773 = CARTESIAN_POINT('',(-1.,1.));
#4774 = CARTESIAN_POINT('',(1.585,1.));
#4775 = ( GEOMETRIC_REPRESENTATION_CONTEXT(2) 
PARAMETRIC_REPRESENTATION_CONTEXT() REPRESENTATION_CONTEXT('2D SPACE',''
  ) );
#4776 = ADVANCED_FACE('',(#4777),#916,.F.);
#4777 = FACE_BOUND('',#4778,.F.);
#4778 = EDGE_LOOP('',(#4779,#4780,#4801,#4822,#4843,#4862));
#4779 = ORIENTED_EDGE('',*,*,#900,.F.);
#4780 = ORIENTED_EDGE('',*,*,#4781,.T.);
#4781 = EDGE_CURVE('',#901,#4782,#4784,.T.);
#4782 = VERTEX_POINT('',#4783);
#4783 = CARTESIAN_POINT('',(94.,107.90027442085,67.72));
#4784 = SURFACE_CURVE('',#4785,(#4789,#4795),.PCURVE_S1.);
#4785 = LINE('',#4786,#4787);
#4786 = CARTESIAN_POINT('',(94.,107.90027442085,72.2));
#4787 = VECTOR('',#4788,1.);
#4788 = DIRECTION('',(0.,0.,-1.));
#4789 = PCURVE('',#916,#4790);
#4790 = DEFINITIONAL_REPRESENTATION('',(#4791),#4794);
#4791 = B_SPLINE_CURVE_WITH_KNOTS('',1,(#4792,#4793),.UNSPECIFIED.,.F.,
  .F.,(2,2),(-6.000000070117E-07,4.4800006),.PIECEWISE_BEZIER_KNOTS.);
#4792 = CARTESIAN_POINT('',(72.2000006,-107.9002744208));
#4793 = CARTESIAN_POINT('',(67.7199994,-107.9002744208));
#4794 = ( GEOMETRIC_REPRESENTATION_CONTEXT(2) 
PARAMETRIC_REPRESENTATION_CONTEXT() REPRESENTATION_CONTEXT('2D SPACE',''
  ) );
#4795 = PCURVE('',#947,#4796);
#4796 = DEFINITIONAL_REPRESENTATION('',(#4797),#4800);
#4797 = B_SPLINE_CURVE_WITH_KNOTS('',1,(#4798,#4799),.UNSPECIFIED.,.F.,
  .F.,(2,2),(0.,4.48),.PIECEWISE_BEZIER_KNOTS.);
#4798 = CARTESIAN_POINT('',(4.029657208452,0.));
#4799 = CARTESIAN_POINT('',(4.029657208452,4.48));
#4800 = ( GEOMETRIC_REPRESENTATION_CONTEXT(2) 
PARAMETRIC_REPRESENTATION_CONTEXT() REPRESENTATION_CONTEXT('2D SPACE',''
  ) );
#4801 = ORIENTED_EDGE('',*,*,#4802,.T.);
#4802 = EDGE_CURVE('',#4782,#4803,#4805,.T.);
#4803 = VERTEX_POINT('',#4804);
#4804 = CARTESIAN_POINT('',(94.,108.08,67.72));
#4805 = SURFACE_CURVE('',#4806,(#4810,#4816),.PCURVE_S1.);
#4806 = LINE('',#4807,#4808);
#4807 = CARTESIAN_POINT('',(94.,54.565,67.72));
#4808 = VECTOR('',#4809,1.);
#4809 = DIRECTION('',(-0.,1.,0.));
#4810 = PCURVE('',#916,#4811);
#4811 = DEFINITIONAL_REPRESENTATION('',(#4812),#4815);
#4812 = B_SPLINE_CURVE_WITH_KNOTS('',1,(#4813,#4814),.UNSPECIFIED.,.F.,
  .F.,(2,2),(52.98,55.565),.PIECEWISE_BEZIER_KNOTS.);
#4813 = CARTESIAN_POINT('',(67.72,-107.545));
#4814 = CARTESIAN_POINT('',(67.72,-110.13));
#4815 = ( GEOMETRIC_REPRESENTATION_CONTEXT(2) 
PARAMETRIC_REPRESENTATION_CONTEXT() REPRESENTATION_CONTEXT('2D SPACE',''
  ) );
#4816 = PCURVE('',#4766,#4817);
#4817 = DEFINITIONAL_REPRESENTATION('',(#4818),#4821);
#4818 = B_SPLINE_CURVE_WITH_KNOTS('',1,(#4819,#4820),.UNSPECIFIED.,.F.,
  .F.,(2,2),(52.98,55.565),.PIECEWISE_BEZIER_KNOTS.);
#4819 = CARTESIAN_POINT('',(-1.,-1.585));
#4820 = CARTESIAN_POINT('',(-1.,1.));
#4821 = ( GEOMETRIC_REPRESENTATION_CONTEXT(2) 
PARAMETRIC_REPRESENTATION_CONTEXT() REPRESENTATION_CONTEXT('2D SPACE',''
  ) );
#4822 = ORIENTED_EDGE('',*,*,#4823,.T.);
#4823 = EDGE_CURVE('',#4803,#4824,#4826,.T.);
#4824 = VERTEX_POINT('',#4825);
#4825 = CARTESIAN_POINT('',(94.,108.08,63.72));
#4826 = SURFACE_CURVE('',#4827,(#4831,#4837),.PCURVE_S1.);
#4827 = LINE('',#4828,#4829);
#4828 = CARTESIAN_POINT('',(94.,108.08,72.2));
#4829 = VECTOR('',#4830,1.);
#4830 = DIRECTION('',(0.,0.,-1.));
#4831 = PCURVE('',#916,#4832);
#4832 = DEFINITIONAL_REPRESENTATION('',(#4833),#4836);
#4833 = B_SPLINE_CURVE_WITH_KNOTS('',1,(#4834,#4835),.UNSPECIFIED.,.F.,
  .F.,(2,2),(4.4799994,8.4800006),.PIECEWISE_BEZIER_KNOTS.);
#4834 = CARTESIAN_POINT('',(67.7200006,-108.08));
#4835 = CARTESIAN_POINT('',(63.7199994,-108.08));
#4836 = ( GEOMETRIC_REPRESENTATION_CONTEXT(2) 
PARAMETRIC_REPRESENTATION_CONTEXT() REPRESENTATION_CONTEXT('2D SPACE',''
  ) );
#4837 = PCURVE('',#4742,#4838);
#4838 = DEFINITIONAL_REPRESENTATION('',(#4839),#4842);
#4839 = B_SPLINE_CURVE_WITH_KNOTS('',1,(#4840,#4841),.UNSPECIFIED.,.F.,
  .F.,(2,2),(4.48,8.48),.PIECEWISE_BEZIER_KNOTS.);
#4840 = CARTESIAN_POINT('',(3.95137622616,4.48));
#4841 = CARTESIAN_POINT('',(3.95137622616,8.48));
#4842 = ( GEOMETRIC_REPRESENTATION_CONTEXT(2) 
PARAMETRIC_REPRESENTATION_CONTEXT() REPRESENTATION_CONTEXT('2D SPACE',''
  ) );
#4843 = ORIENTED_EDGE('',*,*,#4844,.T.);
#4844 = EDGE_CURVE('',#4824,#4681,#4845,.T.);
#4845 = SURFACE_CURVE('',#4846,(#4850,#4856),.PCURVE_S1.);
#4846 = LINE('',#4847,#4848);
#4847 = CARTESIAN_POINT('',(94.,54.565,63.72));
#4848 = VECTOR('',#4849,1.);
#4849 = DIRECTION('',(-0.,1.,0.));
#4850 = PCURVE('',#916,#4851);
#4851 = DEFINITIONAL_REPRESENTATION('',(#4852),#4855);
#4852 = B_SPLINE_CURVE_WITH_KNOTS('',1,(#4853,#4854),.UNSPECIFIED.,.F.,
  .F.,(2,2),(53.115,55.565),.PIECEWISE_BEZIER_KNOTS.);
#4853 = CARTESIAN_POINT('',(63.72,-107.68));
#4854 = CARTESIAN_POINT('',(63.72,-110.13));
#4855 = ( GEOMETRIC_REPRESENTATION_CONTEXT(2) 
PARAMETRIC_REPRESENTATION_CONTEXT() REPRESENTATION_CONTEXT('2D SPACE',''
  ) );
#4856 = PCURVE('',#4716,#4857);
#4857 = DEFINITIONAL_REPRESENTATION('',(#4858),#4861);
#4858 = B_SPLINE_CURVE_WITH_KNOTS('',1,(#4859,#4860),.UNSPECIFIED.,.F.,
  .F.,(2,2),(53.115,55.565),.PIECEWISE_BEZIER_KNOTS.);
#4859 = CARTESIAN_POINT('',(-1.,-1.45));
#4860 = CARTESIAN_POINT('',(-1.,1.));
#4861 = ( GEOMETRIC_REPRESENTATION_CONTEXT(2) 
PARAMETRIC_REPRESENTATION_CONTEXT() REPRESENTATION_CONTEXT('2D SPACE',''
  ) );
#4862 = ORIENTED_EDGE('',*,*,#4680,.F.);
#4863 = ADVANCED_FACE('',(#4864),#947,.F.);
#4864 = FACE_BOUND('',#4865,.F.);
#4865 = EDGE_LOOP('',(#4866,#4888,#4889,#4890));
#4866 = ORIENTED_EDGE('',*,*,#4867,.F.);
#4867 = EDGE_CURVE('',#4782,#4659,#4868,.T.);
#4868 = SURFACE_CURVE('',#4869,(#4874,#4881),.PCURVE_S1.);
#4869 = CIRCLE('',#4870,1.585);
#4870 = AXIS2_PLACEMENT_3D('',#4871,#4872,#4873);
#4871 = CARTESIAN_POINT('',(93.,109.13,67.72));
#4872 = DIRECTION('',(0.,-0.,-1.));
#4873 = DIRECTION('',(0.630914826498,-0.775852100406,0.));
#4874 = PCURVE('',#947,#4875);
#4875 = DEFINITIONAL_REPRESENTATION('',(#4876),#4880);
#4876 = LINE('',#4877,#4878);
#4877 = CARTESIAN_POINT('',(4.029657208452,4.48));
#4878 = VECTOR('',#4879,1.);
#4879 = DIRECTION('',(1.,0.));
#4880 = ( GEOMETRIC_REPRESENTATION_CONTEXT(2) 
PARAMETRIC_REPRESENTATION_CONTEXT() REPRESENTATION_CONTEXT('2D SPACE',''
  ) );
#4881 = PCURVE('',#4766,#4882);
#4882 = DEFINITIONAL_REPRESENTATION('',(#4883),#4887);
#4883 = CIRCLE('',#4884,1.585);
#4884 = AXIS2_PLACEMENT_2D('',#4885,#4886);
#4885 = CARTESIAN_POINT('',(0.,0.));
#4886 = DIRECTION('',(-0.630914826498,-0.775852100406));
#4887 = ( GEOMETRIC_REPRESENTATION_CONTEXT(2) 
PARAMETRIC_REPRESENTATION_CONTEXT() REPRESENTATION_CONTEXT('2D SPACE',''
  ) );
#4888 = ORIENTED_EDGE('',*,*,#4781,.F.);
#4889 = ORIENTED_EDGE('',*,*,#928,.T.);
#4890 = ORIENTED_EDGE('',*,*,#4658,.T.);
#4891 = ADVANCED_FACE('',(#4892),#984,.F.);
#4892 = FACE_BOUND('',#4893,.F.);
#4893 = EDGE_LOOP('',(#4894,#4925,#4944,#4945));
#4894 = ORIENTED_EDGE('',*,*,#4895,.F.);
#4895 = EDGE_CURVE('',#4896,#4898,#4900,.T.);
#4896 = VERTEX_POINT('',#4897);
#4897 = CARTESIAN_POINT('',(5.229725579144,110.13,67.72));
#4898 = VERTEX_POINT('',#4899);
#4899 = CARTESIAN_POINT('',(3.,107.90027442085,67.72));
#4900 = SURFACE_CURVE('',#4901,(#4906,#4913),.PCURVE_S1.);
#4901 = CIRCLE('',#4902,1.585);
#4902 = AXIS2_PLACEMENT_3D('',#4903,#4904,#4905);
#4903 = CARTESIAN_POINT('',(4.,109.13,67.72));
#4904 = DIRECTION('',(0.,0.,-1.));
#4905 = DIRECTION('',(-1.,0.,0.));
#4906 = PCURVE('',#984,#4907);
#4907 = DEFINITIONAL_REPRESENTATION('',(#4908),#4912);
#4908 = LINE('',#4909,#4910);
#4909 = CARTESIAN_POINT('',(0.,4.48));
#4910 = VECTOR('',#4911,1.);
#4911 = DIRECTION('',(1.,0.));
#4912 = ( GEOMETRIC_REPRESENTATION_CONTEXT(2) 
PARAMETRIC_REPRESENTATION_CONTEXT() REPRESENTATION_CONTEXT('2D SPACE',''
  ) );
#4913 = PCURVE('',#4914,#4919);
#4914 = PLANE('',#4915);
#4915 = AXIS2_PLACEMENT_3D('',#4916,#4917,#4918);
#4916 = CARTESIAN_POINT('',(4.,109.13,67.72));
#4917 = DIRECTION('',(0.,0.,-1.));
#4918 = DIRECTION('',(-1.,0.,0.));
#4919 = DEFINITIONAL_REPRESENTATION('',(#4920),#4924);
#4920 = CIRCLE('',#4921,1.585);
#4921 = AXIS2_PLACEMENT_2D('',#4922,#4923);
#4922 = CARTESIAN_POINT('',(0.,0.));
#4923 = DIRECTION('',(1.,0.));
#4924 = ( GEOMETRIC_REPRESENTATION_CONTEXT(2) 
PARAMETRIC_REPRESENTATION_CONTEXT() REPRESENTATION_CONTEXT('2D SPACE',''
  ) );
#4925 = ORIENTED_EDGE('',*,*,#4926,.F.);
#4926 = EDGE_CURVE('',#962,#4896,#4927,.T.);
#4927 = SURFACE_CURVE('',#4928,(#4932,#4938),.PCURVE_S1.);
#4928 = LINE('',#4929,#4930);
#4929 = CARTESIAN_POINT('',(5.229725579144,110.13,72.2));
#4930 = VECTOR('',#4931,1.);
#4931 = DIRECTION('',(0.,0.,-1.));
#4932 = PCURVE('',#984,#4933);
#4933 = DEFINITIONAL_REPRESENTATION('',(#4934),#4937);
#4934 = B_SPLINE_CURVE_WITH_KNOTS('',1,(#4935,#4936),.UNSPECIFIED.,.F.,
  .F.,(2,2),(-6.000000070117E-07,4.4800006),.PIECEWISE_BEZIER_KNOTS.);
#4935 = CARTESIAN_POINT('',(2.458860881657,-6.000000070117E-07));
#4936 = CARTESIAN_POINT('',(2.458860881657,4.4800006));
#4937 = ( GEOMETRIC_REPRESENTATION_CONTEXT(2) 
PARAMETRIC_REPRESENTATION_CONTEXT() REPRESENTATION_CONTEXT('2D SPACE',''
  ) );
#4938 = PCURVE('',#1038,#4939);
#4939 = DEFINITIONAL_REPRESENTATION('',(#4940),#4943);
#4940 = B_SPLINE_CURVE_WITH_KNOTS('',1,(#4941,#4942),.UNSPECIFIED.,.F.,
  .F.,(2,2),(-6.000000070117E-07,4.4800006),.PIECEWISE_BEZIER_KNOTS.);
#4941 = CARTESIAN_POINT('',(72.2000006,5.229725579144));
#4942 = CARTESIAN_POINT('',(67.7199994,5.229725579144));
#4943 = ( GEOMETRIC_REPRESENTATION_CONTEXT(2) 
PARAMETRIC_REPRESENTATION_CONTEXT() REPRESENTATION_CONTEXT('2D SPACE',''
  ) );
#4944 = ORIENTED_EDGE('',*,*,#961,.T.);
#4945 = ORIENTED_EDGE('',*,*,#4946,.T.);
#4946 = EDGE_CURVE('',#964,#4898,#4947,.T.);
#4947 = SURFACE_CURVE('',#4948,(#4952,#4958),.PCURVE_S1.);
#4948 = LINE('',#4949,#4950);
#4949 = CARTESIAN_POINT('',(3.,107.90027442085,72.2));
#4950 = VECTOR('',#4951,1.);
#4951 = DIRECTION('',(0.,0.,-1.));
#4952 = PCURVE('',#984,#4953);
#4953 = DEFINITIONAL_REPRESENTATION('',(#4954),#4957);
#4954 = B_SPLINE_CURVE_WITH_KNOTS('',1,(#4955,#4956),.UNSPECIFIED.,.F.,
  .F.,(2,2),(-6.000000070117E-07,4.4800006),.PIECEWISE_BEZIER_KNOTS.);
#4955 = CARTESIAN_POINT('',(5.395120752318,-6.000000070117E-07));
#4956 = CARTESIAN_POINT('',(5.395120752318,4.4800006));
#4957 = ( GEOMETRIC_REPRESENTATION_CONTEXT(2) 
PARAMETRIC_REPRESENTATION_CONTEXT() REPRESENTATION_CONTEXT('2D SPACE',''
  ) );
#4958 = PCURVE('',#1012,#4959);
#4959 = DEFINITIONAL_REPRESENTATION('',(#4960),#4963);
#4960 = B_SPLINE_CURVE_WITH_KNOTS('',1,(#4961,#4962),.UNSPECIFIED.,.F.,
  .F.,(2,2),(-6.000000070117E-07,4.4800006),.PIECEWISE_BEZIER_KNOTS.);
#4961 = CARTESIAN_POINT('',(72.2000006,-107.9002744208));
#4962 = CARTESIAN_POINT('',(67.7199994,-107.9002744208));
#4963 = ( GEOMETRIC_REPRESENTATION_CONTEXT(2) 
PARAMETRIC_REPRESENTATION_CONTEXT() REPRESENTATION_CONTEXT('2D SPACE',''
  ) );
#4964 = ADVANCED_FACE('',(#4965),#1012,.T.);
#4965 = FACE_BOUND('',#4966,.T.);
#4966 = EDGE_LOOP('',(#4967,#4968,#4969,#4990,#5016,#5042));
#4967 = ORIENTED_EDGE('',*,*,#996,.F.);
#4968 = ORIENTED_EDGE('',*,*,#4946,.T.);
#4969 = ORIENTED_EDGE('',*,*,#4970,.T.);
#4970 = EDGE_CURVE('',#4898,#4971,#4973,.T.);
#4971 = VERTEX_POINT('',#4972);
#4972 = CARTESIAN_POINT('',(3.,108.08,67.72));
#4973 = SURFACE_CURVE('',#4974,(#4978,#4984),.PCURVE_S1.);
#4974 = LINE('',#4975,#4976);
#4975 = CARTESIAN_POINT('',(3.,54.565,67.72));
#4976 = VECTOR('',#4977,1.);
#4977 = DIRECTION('',(-0.,1.,0.));
#4978 = PCURVE('',#1012,#4979);
#4979 = DEFINITIONAL_REPRESENTATION('',(#4980),#4983);
#4980 = B_SPLINE_CURVE_WITH_KNOTS('',1,(#4981,#4982),.UNSPECIFIED.,.F.,
  .F.,(2,2),(52.98,55.565),.PIECEWISE_BEZIER_KNOTS.);
#4981 = CARTESIAN_POINT('',(67.72,-107.545));
#4982 = CARTESIAN_POINT('',(67.72,-110.13));
#4983 = ( GEOMETRIC_REPRESENTATION_CONTEXT(2) 
PARAMETRIC_REPRESENTATION_CONTEXT() REPRESENTATION_CONTEXT('2D SPACE',''
  ) );
#4984 = PCURVE('',#4914,#4985);
#4985 = DEFINITIONAL_REPRESENTATION('',(#4986),#4989);
#4986 = B_SPLINE_CURVE_WITH_KNOTS('',1,(#4987,#4988),.UNSPECIFIED.,.F.,
  .F.,(2,2),(52.98,55.565),.PIECEWISE_BEZIER_KNOTS.);
#4987 = CARTESIAN_POINT('',(1.,-1.585));
#4988 = CARTESIAN_POINT('',(1.,1.));
#4989 = ( GEOMETRIC_REPRESENTATION_CONTEXT(2) 
PARAMETRIC_REPRESENTATION_CONTEXT() REPRESENTATION_CONTEXT('2D SPACE',''
  ) );
#4990 = ORIENTED_EDGE('',*,*,#4991,.T.);
#4991 = EDGE_CURVE('',#4971,#4992,#4994,.T.);
#4992 = VERTEX_POINT('',#4993);
#4993 = CARTESIAN_POINT('',(3.,108.08,63.72));
#4994 = SURFACE_CURVE('',#4995,(#4999,#5005),.PCURVE_S1.);
#4995 = LINE('',#4996,#4997);
#4996 = CARTESIAN_POINT('',(3.,108.08,72.2));
#4997 = VECTOR('',#4998,1.);
#4998 = DIRECTION('',(0.,0.,-1.));
#4999 = PCURVE('',#1012,#5000);
#5000 = DEFINITIONAL_REPRESENTATION('',(#5001),#5004);
#5001 = B_SPLINE_CURVE_WITH_KNOTS('',1,(#5002,#5003),.UNSPECIFIED.,.F.,
  .F.,(2,2),(4.4799994,8.4800006),.PIECEWISE_BEZIER_KNOTS.);
#5002 = CARTESIAN_POINT('',(67.7200006,-108.08));
#5003 = CARTESIAN_POINT('',(63.7199994,-108.08));
#5004 = ( GEOMETRIC_REPRESENTATION_CONTEXT(2) 
PARAMETRIC_REPRESENTATION_CONTEXT() REPRESENTATION_CONTEXT('2D SPACE',''
  ) );
#5005 = PCURVE('',#5006,#5011);
#5006 = CYLINDRICAL_SURFACE('',#5007,1.45);
#5007 = AXIS2_PLACEMENT_3D('',#5008,#5009,#5010);
#5008 = CARTESIAN_POINT('',(4.,109.13,72.2));
#5009 = DIRECTION('',(0.,0.,-1.));
#5010 = DIRECTION('',(-1.,0.,0.));
#5011 = DEFINITIONAL_REPRESENTATION('',(#5012),#5015);
#5012 = B_SPLINE_CURVE_WITH_KNOTS('',1,(#5013,#5014),.UNSPECIFIED.,.F.,
  .F.,(2,2),(4.4799994,8.4800006),.PIECEWISE_BEZIER_KNOTS.);
#5013 = CARTESIAN_POINT('',(5.473401734609,4.4799994));
#5014 = CARTESIAN_POINT('',(5.473401734609,8.4800006));
#5015 = ( GEOMETRIC_REPRESENTATION_CONTEXT(2) 
PARAMETRIC_REPRESENTATION_CONTEXT() REPRESENTATION_CONTEXT('2D SPACE',''
  ) );
#5016 = ORIENTED_EDGE('',*,*,#5017,.T.);
#5017 = EDGE_CURVE('',#4992,#5018,#5020,.T.);
#5018 = VERTEX_POINT('',#5019);
#5019 = CARTESIAN_POINT('',(3.,110.13,63.72));
#5020 = SURFACE_CURVE('',#5021,(#5025,#5031),.PCURVE_S1.);
#5021 = LINE('',#5022,#5023);
#5022 = CARTESIAN_POINT('',(3.,54.565,63.72));
#5023 = VECTOR('',#5024,1.);
#5024 = DIRECTION('',(-0.,1.,0.));
#5025 = PCURVE('',#1012,#5026);
#5026 = DEFINITIONAL_REPRESENTATION('',(#5027),#5030);
#5027 = B_SPLINE_CURVE_WITH_KNOTS('',1,(#5028,#5029),.UNSPECIFIED.,.F.,
  .F.,(2,2),(53.115,55.565),.PIECEWISE_BEZIER_KNOTS.);
#5028 = CARTESIAN_POINT('',(63.72,-107.68));
#5029 = CARTESIAN_POINT('',(63.72,-110.13));
#5030 = ( GEOMETRIC_REPRESENTATION_CONTEXT(2) 
PARAMETRIC_REPRESENTATION_CONTEXT() REPRESENTATION_CONTEXT('2D SPACE',''
  ) );
#5031 = PCURVE('',#5032,#5037);
#5032 = PLANE('',#5033);
#5033 = AXIS2_PLACEMENT_3D('',#5034,#5035,#5036);
#5034 = CARTESIAN_POINT('',(4.,109.13,63.72));
#5035 = DIRECTION('',(0.,0.,-1.));
#5036 = DIRECTION('',(-1.,0.,0.));
#5037 = DEFINITIONAL_REPRESENTATION('',(#5038),#5041);
#5038 = B_SPLINE_CURVE_WITH_KNOTS('',1,(#5039,#5040),.UNSPECIFIED.,.F.,
  .F.,(2,2),(53.115,55.565),.PIECEWISE_BEZIER_KNOTS.);
#5039 = CARTESIAN_POINT('',(1.,-1.45));
#5040 = CARTESIAN_POINT('',(1.,1.));
#5041 = ( GEOMETRIC_REPRESENTATION_CONTEXT(2) 
PARAMETRIC_REPRESENTATION_CONTEXT() REPRESENTATION_CONTEXT('2D SPACE',''
  ) );
#5042 = ORIENTED_EDGE('',*,*,#5043,.T.);
#5043 = EDGE_CURVE('',#5018,#997,#5044,.T.);
#5044 = SURFACE_CURVE('',#5045,(#5049,#5055),.PCURVE_S1.);
#5045 = LINE('',#5046,#5047);
#5046 = CARTESIAN_POINT('',(3.,110.13,0.));
#5047 = VECTOR('',#5048,1.);
#5048 = DIRECTION('',(0.,0.,1.));
#5049 = PCURVE('',#1012,#5050);
#5050 = DEFINITIONAL_REPRESENTATION('',(#5051),#5054);
#5051 = B_SPLINE_CURVE_WITH_KNOTS('',1,(#5052,#5053),.UNSPECIFIED.,.F.,
  .F.,(2,2),(0.,72.2),.PIECEWISE_BEZIER_KNOTS.);
#5052 = CARTESIAN_POINT('',(0.,-110.13));
#5053 = CARTESIAN_POINT('',(72.2,-110.13));
#5054 = ( GEOMETRIC_REPRESENTATION_CONTEXT(2) 
PARAMETRIC_REPRESENTATION_CONTEXT() REPRESENTATION_CONTEXT('2D SPACE',''
  ) );
#5055 = PCURVE('',#1038,#5056);
#5056 = DEFINITIONAL_REPRESENTATION('',(#5057),#5060);
#5057 = B_SPLINE_CURVE_WITH_KNOTS('',1,(#5058,#5059),.UNSPECIFIED.,.F.,
  .F.,(2,2),(0.,72.2),.PIECEWISE_BEZIER_KNOTS.);
#5058 = CARTESIAN_POINT('',(0.,3.));
#5059 = CARTESIAN_POINT('',(72.2,3.));
#5060 = ( GEOMETRIC_REPRESENTATION_CONTEXT(2) 
PARAMETRIC_REPRESENTATION_CONTEXT() REPRESENTATION_CONTEXT('2D SPACE',''
  ) );
#5061 = ADVANCED_FACE('',(#5062),#1038,.F.);
#5062 = FACE_BOUND('',#5063,.F.);
#5063 = EDGE_LOOP('',(#5064,#5065,#5066,#5067,#5088,#5109));
#5064 = ORIENTED_EDGE('',*,*,#5043,.T.);
#5065 = ORIENTED_EDGE('',*,*,#1024,.T.);
#5066 = ORIENTED_EDGE('',*,*,#4926,.T.);
#5067 = ORIENTED_EDGE('',*,*,#5068,.T.);
#5068 = EDGE_CURVE('',#4896,#5069,#5071,.T.);
#5069 = VERTEX_POINT('',#5070);
#5070 = CARTESIAN_POINT('',(5.05,110.13,67.72));
#5071 = SURFACE_CURVE('',#5072,(#5076,#5082),.PCURVE_S1.);
#5072 = LINE('',#5073,#5074);
#5073 = CARTESIAN_POINT('',(2.,110.13,67.72));
#5074 = VECTOR('',#5075,1.);
#5075 = DIRECTION('',(-1.,0.,0.));
#5076 = PCURVE('',#1038,#5077);
#5077 = DEFINITIONAL_REPRESENTATION('',(#5078),#5081);
#5078 = B_SPLINE_CURVE_WITH_KNOTS('',1,(#5079,#5080),.UNSPECIFIED.,.F.,
  .F.,(2,2),(-3.585,-1.),.PIECEWISE_BEZIER_KNOTS.);
#5079 = CARTESIAN_POINT('',(67.72,5.585));
#5080 = CARTESIAN_POINT('',(67.72,3.));
#5081 = ( GEOMETRIC_REPRESENTATION_CONTEXT(2) 
PARAMETRIC_REPRESENTATION_CONTEXT() REPRESENTATION_CONTEXT('2D SPACE',''
  ) );
#5082 = PCURVE('',#4914,#5083);
#5083 = DEFINITIONAL_REPRESENTATION('',(#5084),#5087);
#5084 = B_SPLINE_CURVE_WITH_KNOTS('',1,(#5085,#5086),.UNSPECIFIED.,.F.,
  .F.,(2,2),(-3.585,-1.),.PIECEWISE_BEZIER_KNOTS.);
#5085 = CARTESIAN_POINT('',(-1.585,1.));
#5086 = CARTESIAN_POINT('',(1.,1.));
#5087 = ( GEOMETRIC_REPRESENTATION_CONTEXT(2) 
PARAMETRIC_REPRESENTATION_CONTEXT() REPRESENTATION_CONTEXT('2D SPACE',''
  ) );
#5088 = ORIENTED_EDGE('',*,*,#5089,.T.);
#5089 = EDGE_CURVE('',#5069,#5090,#5092,.T.);
#5090 = VERTEX_POINT('',#5091);
#5091 = CARTESIAN_POINT('',(5.05,110.13,63.72));
#5092 = SURFACE_CURVE('',#5093,(#5097,#5103),.PCURVE_S1.);
#5093 = LINE('',#5094,#5095);
#5094 = CARTESIAN_POINT('',(5.05,110.13,72.2));
#5095 = VECTOR('',#5096,1.);
#5096 = DIRECTION('',(0.,0.,-1.));
#5097 = PCURVE('',#1038,#5098);
#5098 = DEFINITIONAL_REPRESENTATION('',(#5099),#5102);
#5099 = B_SPLINE_CURVE_WITH_KNOTS('',1,(#5100,#5101),.UNSPECIFIED.,.F.,
  .F.,(2,2),(4.4799994,8.4800006),.PIECEWISE_BEZIER_KNOTS.);
#5100 = CARTESIAN_POINT('',(67.7200006,5.05));
#5101 = CARTESIAN_POINT('',(63.7199994,5.05));
#5102 = ( GEOMETRIC_REPRESENTATION_CONTEXT(2) 
PARAMETRIC_REPRESENTATION_CONTEXT() REPRESENTATION_CONTEXT('2D SPACE',''
  ) );
#5103 = PCURVE('',#5006,#5104);
#5104 = DEFINITIONAL_REPRESENTATION('',(#5105),#5108);
#5105 = B_SPLINE_CURVE_WITH_KNOTS('',1,(#5106,#5107),.UNSPECIFIED.,.F.,
  .F.,(2,2),(4.4799994,8.4800006),.PIECEWISE_BEZIER_KNOTS.);
#5106 = CARTESIAN_POINT('',(2.380579899365,4.4799994));
#5107 = CARTESIAN_POINT('',(2.380579899365,8.4800006));
#5108 = ( GEOMETRIC_REPRESENTATION_CONTEXT(2) 
PARAMETRIC_REPRESENTATION_CONTEXT() REPRESENTATION_CONTEXT('2D SPACE',''
  ) );
#5109 = ORIENTED_EDGE('',*,*,#5110,.T.);
#5110 = EDGE_CURVE('',#5090,#5018,#5111,.T.);
#5111 = SURFACE_CURVE('',#5112,(#5116,#5122),.PCURVE_S1.);
#5112 = LINE('',#5113,#5114);
#5113 = CARTESIAN_POINT('',(2.,110.13,63.72));
#5114 = VECTOR('',#5115,1.);
#5115 = DIRECTION('',(-1.,0.,0.));
#5116 = PCURVE('',#1038,#5117);
#5117 = DEFINITIONAL_REPRESENTATION('',(#5118),#5121);
#5118 = B_SPLINE_CURVE_WITH_KNOTS('',1,(#5119,#5120),.UNSPECIFIED.,.F.,
  .F.,(2,2),(-3.45,-1.),.PIECEWISE_BEZIER_KNOTS.);
#5119 = CARTESIAN_POINT('',(63.72,5.45));
#5120 = CARTESIAN_POINT('',(63.72,3.));
#5121 = ( GEOMETRIC_REPRESENTATION_CONTEXT(2) 
PARAMETRIC_REPRESENTATION_CONTEXT() REPRESENTATION_CONTEXT('2D SPACE',''
  ) );
#5122 = PCURVE('',#5032,#5123);
#5123 = DEFINITIONAL_REPRESENTATION('',(#5124),#5127);
#5124 = B_SPLINE_CURVE_WITH_KNOTS('',1,(#5125,#5126),.UNSPECIFIED.,.F.,
  .F.,(2,2),(-3.45,-1.),.PIECEWISE_BEZIER_KNOTS.);
#5125 = CARTESIAN_POINT('',(-1.45,1.));
#5126 = CARTESIAN_POINT('',(1.,1.));
#5127 = ( GEOMETRIC_REPRESENTATION_CONTEXT(2) 
PARAMETRIC_REPRESENTATION_CONTEXT() REPRESENTATION_CONTEXT('2D SPACE',''
  ) );
#5128 = ADVANCED_FACE('',(#5129),#1075,.F.);
#5129 = FACE_BOUND('',#5130,.F.);
#5130 = EDGE_LOOP('',(#5131,#5162,#5181,#5182));
#5131 = ORIENTED_EDGE('',*,*,#5132,.F.);
#5132 = EDGE_CURVE('',#5133,#5135,#5137,.T.);
#5133 = VERTEX_POINT('',#5134);
#5134 = CARTESIAN_POINT('',(3.,5.229725579144,67.72));
#5135 = VERTEX_POINT('',#5136);
#5136 = CARTESIAN_POINT('',(5.229725579144,3.,67.72));
#5137 = SURFACE_CURVE('',#5138,(#5143,#5150),.PCURVE_S1.);
#5138 = CIRCLE('',#5139,1.585);
#5139 = AXIS2_PLACEMENT_3D('',#5140,#5141,#5142);
#5140 = CARTESIAN_POINT('',(4.,4.,67.72));
#5141 = DIRECTION('',(0.,0.,-1.));
#5142 = DIRECTION('',(-1.,0.,0.));
#5143 = PCURVE('',#1075,#5144);
#5144 = DEFINITIONAL_REPRESENTATION('',(#5145),#5149);
#5145 = LINE('',#5146,#5147);
#5146 = CARTESIAN_POINT('',(0.,4.48));
#5147 = VECTOR('',#5148,1.);
#5148 = DIRECTION('',(1.,0.));
#5149 = ( GEOMETRIC_REPRESENTATION_CONTEXT(2) 
PARAMETRIC_REPRESENTATION_CONTEXT() REPRESENTATION_CONTEXT('2D SPACE',''
  ) );
#5150 = PCURVE('',#5151,#5156);
#5151 = PLANE('',#5152);
#5152 = AXIS2_PLACEMENT_3D('',#5153,#5154,#5155);
#5153 = CARTESIAN_POINT('',(4.,4.,67.72));
#5154 = DIRECTION('',(0.,0.,-1.));
#5155 = DIRECTION('',(-1.,0.,0.));
#5156 = DEFINITIONAL_REPRESENTATION('',(#5157),#5161);
#5157 = CIRCLE('',#5158,1.585);
#5158 = AXIS2_PLACEMENT_2D('',#5159,#5160);
#5159 = CARTESIAN_POINT('',(0.,0.));
#5160 = DIRECTION('',(1.,0.));
#5161 = ( GEOMETRIC_REPRESENTATION_CONTEXT(2) 
PARAMETRIC_REPRESENTATION_CONTEXT() REPRESENTATION_CONTEXT('2D SPACE',''
  ) );
#5162 = ORIENTED_EDGE('',*,*,#5163,.F.);
#5163 = EDGE_CURVE('',#1053,#5133,#5164,.T.);
#5164 = SURFACE_CURVE('',#5165,(#5169,#5175),.PCURVE_S1.);
#5165 = LINE('',#5166,#5167);
#5166 = CARTESIAN_POINT('',(3.,5.229725579144,72.2));
#5167 = VECTOR('',#5168,1.);
#5168 = DIRECTION('',(0.,0.,-1.));
#5169 = PCURVE('',#1075,#5170);
#5170 = DEFINITIONAL_REPRESENTATION('',(#5171),#5174);
#5171 = B_SPLINE_CURVE_WITH_KNOTS('',1,(#5172,#5173),.UNSPECIFIED.,.F.,
  .F.,(2,2),(-6.000000070117E-07,4.4800006),.PIECEWISE_BEZIER_KNOTS.);
#5172 = CARTESIAN_POINT('',(0.888064554862,-6.000000070117E-07));
#5173 = CARTESIAN_POINT('',(0.888064554862,4.4800006));
#5174 = ( GEOMETRIC_REPRESENTATION_CONTEXT(2) 
PARAMETRIC_REPRESENTATION_CONTEXT() REPRESENTATION_CONTEXT('2D SPACE',''
  ) );
#5175 = PCURVE('',#1129,#5176);
#5176 = DEFINITIONAL_REPRESENTATION('',(#5177),#5180);
#5177 = B_SPLINE_CURVE_WITH_KNOTS('',1,(#5178,#5179),.UNSPECIFIED.,.F.,
  .F.,(2,2),(-6.000000070117E-07,4.4800006),.PIECEWISE_BEZIER_KNOTS.);
#5178 = CARTESIAN_POINT('',(72.2000006,-5.229725579144));
#5179 = CARTESIAN_POINT('',(67.7199994,-5.229725579144));
#5180 = ( GEOMETRIC_REPRESENTATION_CONTEXT(2) 
PARAMETRIC_REPRESENTATION_CONTEXT() REPRESENTATION_CONTEXT('2D SPACE',''
  ) );
#5181 = ORIENTED_EDGE('',*,*,#1052,.T.);
#5182 = ORIENTED_EDGE('',*,*,#5183,.T.);
#5183 = EDGE_CURVE('',#1055,#5135,#5184,.T.);
#5184 = SURFACE_CURVE('',#5185,(#5189,#5195),.PCURVE_S1.);
#5185 = LINE('',#5186,#5187);
#5186 = CARTESIAN_POINT('',(5.229725579144,3.,72.2));
#5187 = VECTOR('',#5188,1.);
#5188 = DIRECTION('',(0.,0.,-1.));
#5189 = PCURVE('',#1075,#5190);
#5190 = DEFINITIONAL_REPRESENTATION('',(#5191),#5194);
#5191 = B_SPLINE_CURVE_WITH_KNOTS('',1,(#5192,#5193),.UNSPECIFIED.,.F.,
  .F.,(2,2),(-6.000000070117E-07,4.4800006),.PIECEWISE_BEZIER_KNOTS.);
#5192 = CARTESIAN_POINT('',(3.824324425523,-6.000000070117E-07));
#5193 = CARTESIAN_POINT('',(3.824324425523,4.4800006));
#5194 = ( GEOMETRIC_REPRESENTATION_CONTEXT(2) 
PARAMETRIC_REPRESENTATION_CONTEXT() REPRESENTATION_CONTEXT('2D SPACE',''
  ) );
#5195 = PCURVE('',#1103,#5196);
#5196 = DEFINITIONAL_REPRESENTATION('',(#5197),#5200);
#5197 = B_SPLINE_CURVE_WITH_KNOTS('',1,(#5198,#5199),.UNSPECIFIED.,.F.,
  .F.,(2,2),(-6.000000070117E-07,4.4800006),.PIECEWISE_BEZIER_KNOTS.);
#5198 = CARTESIAN_POINT('',(72.2000006,5.229725579144));
#5199 = CARTESIAN_POINT('',(67.7199994,5.229725579144));
#5200 = ( GEOMETRIC_REPRESENTATION_CONTEXT(2) 
PARAMETRIC_REPRESENTATION_CONTEXT() REPRESENTATION_CONTEXT('2D SPACE',''
  ) );
#5201 = ADVANCED_FACE('',(#5202),#1103,.T.);
#5202 = FACE_BOUND('',#5203,.T.);
#5203 = EDGE_LOOP('',(#5204,#5225,#5226,#5227,#5248,#5274));
#5204 = ORIENTED_EDGE('',*,*,#5205,.T.);
#5205 = EDGE_CURVE('',#5206,#1088,#5208,.T.);
#5206 = VERTEX_POINT('',#5207);
#5207 = CARTESIAN_POINT('',(3.,3.,63.72));
#5208 = SURFACE_CURVE('',#5209,(#5213,#5219),.PCURVE_S1.);
#5209 = LINE('',#5210,#5211);
#5210 = CARTESIAN_POINT('',(3.,3.,0.));
#5211 = VECTOR('',#5212,1.);
#5212 = DIRECTION('',(0.,0.,1.));
#5213 = PCURVE('',#1103,#5214);
#5214 = DEFINITIONAL_REPRESENTATION('',(#5215),#5218);
#5215 = B_SPLINE_CURVE_WITH_KNOTS('',1,(#5216,#5217),.UNSPECIFIED.,.F.,
  .F.,(2,2),(0.,72.2),.PIECEWISE_BEZIER_KNOTS.);
#5216 = CARTESIAN_POINT('',(0.,3.));
#5217 = CARTESIAN_POINT('',(72.2,3.));
#5218 = ( GEOMETRIC_REPRESENTATION_CONTEXT(2) 
PARAMETRIC_REPRESENTATION_CONTEXT() REPRESENTATION_CONTEXT('2D SPACE',''
  ) );
#5219 = PCURVE('',#1129,#5220);
#5220 = DEFINITIONAL_REPRESENTATION('',(#5221),#5224);
#5221 = B_SPLINE_CURVE_WITH_KNOTS('',1,(#5222,#5223),.UNSPECIFIED.,.F.,
  .F.,(2,2),(0.,72.2),.PIECEWISE_BEZIER_KNOTS.);
#5222 = CARTESIAN_POINT('',(0.,-3.));
#5223 = CARTESIAN_POINT('',(72.2,-3.));
#5224 = ( GEOMETRIC_REPRESENTATION_CONTEXT(2) 
PARAMETRIC_REPRESENTATION_CONTEXT() REPRESENTATION_CONTEXT('2D SPACE',''
  ) );
#5225 = ORIENTED_EDGE('',*,*,#1087,.T.);
#5226 = ORIENTED_EDGE('',*,*,#5183,.T.);
#5227 = ORIENTED_EDGE('',*,*,#5228,.T.);
#5228 = EDGE_CURVE('',#5135,#5229,#5231,.T.);
#5229 = VERTEX_POINT('',#5230);
#5230 = CARTESIAN_POINT('',(5.05,3.,67.72));
#5231 = SURFACE_CURVE('',#5232,(#5236,#5242),.PCURVE_S1.);
#5232 = LINE('',#5233,#5234);
#5233 = CARTESIAN_POINT('',(2.,3.,67.72));
#5234 = VECTOR('',#5235,1.);
#5235 = DIRECTION('',(-1.,0.,0.));
#5236 = PCURVE('',#1103,#5237);
#5237 = DEFINITIONAL_REPRESENTATION('',(#5238),#5241);
#5238 = B_SPLINE_CURVE_WITH_KNOTS('',1,(#5239,#5240),.UNSPECIFIED.,.F.,
  .F.,(2,2),(-3.585,-1.),.PIECEWISE_BEZIER_KNOTS.);
#5239 = CARTESIAN_POINT('',(67.72,5.585));
#5240 = CARTESIAN_POINT('',(67.72,3.));
#5241 = ( GEOMETRIC_REPRESENTATION_CONTEXT(2) 
PARAMETRIC_REPRESENTATION_CONTEXT() REPRESENTATION_CONTEXT('2D SPACE',''
  ) );
#5242 = PCURVE('',#5151,#5243);
#5243 = DEFINITIONAL_REPRESENTATION('',(#5244),#5247);
#5244 = B_SPLINE_CURVE_WITH_KNOTS('',1,(#5245,#5246),.UNSPECIFIED.,.F.,
  .F.,(2,2),(-3.585,-1.),.PIECEWISE_BEZIER_KNOTS.);
#5245 = CARTESIAN_POINT('',(-1.585,-1.));
#5246 = CARTESIAN_POINT('',(1.,-1.));
#5247 = ( GEOMETRIC_REPRESENTATION_CONTEXT(2) 
PARAMETRIC_REPRESENTATION_CONTEXT() REPRESENTATION_CONTEXT('2D SPACE',''
  ) );
#5248 = ORIENTED_EDGE('',*,*,#5249,.T.);
#5249 = EDGE_CURVE('',#5229,#5250,#5252,.T.);
#5250 = VERTEX_POINT('',#5251);
#5251 = CARTESIAN_POINT('',(5.05,3.,63.72));
#5252 = SURFACE_CURVE('',#5253,(#5257,#5263),.PCURVE_S1.);
#5253 = LINE('',#5254,#5255);
#5254 = CARTESIAN_POINT('',(5.05,3.,72.2));
#5255 = VECTOR('',#5256,1.);
#5256 = DIRECTION('',(0.,0.,-1.));
#5257 = PCURVE('',#1103,#5258);
#5258 = DEFINITIONAL_REPRESENTATION('',(#5259),#5262);
#5259 = B_SPLINE_CURVE_WITH_KNOTS('',1,(#5260,#5261),.UNSPECIFIED.,.F.,
  .F.,(2,2),(4.4799994,8.4800006),.PIECEWISE_BEZIER_KNOTS.);
#5260 = CARTESIAN_POINT('',(67.7200006,5.05));
#5261 = CARTESIAN_POINT('',(63.7199994,5.05));
#5262 = ( GEOMETRIC_REPRESENTATION_CONTEXT(2) 
PARAMETRIC_REPRESENTATION_CONTEXT() REPRESENTATION_CONTEXT('2D SPACE',''
  ) );
#5263 = PCURVE('',#5264,#5269);
#5264 = CYLINDRICAL_SURFACE('',#5265,1.45);
#5265 = AXIS2_PLACEMENT_3D('',#5266,#5267,#5268);
#5266 = CARTESIAN_POINT('',(4.,4.,72.2));
#5267 = DIRECTION('',(0.,0.,-1.));
#5268 = DIRECTION('',(-1.,0.,0.));
#5269 = DEFINITIONAL_REPRESENTATION('',(#5270),#5273);
#5270 = B_SPLINE_CURVE_WITH_KNOTS('',1,(#5271,#5272),.UNSPECIFIED.,.F.,
  .F.,(2,2),(4.4799994,8.4800006),.PIECEWISE_BEZIER_KNOTS.);
#5271 = CARTESIAN_POINT('',(3.902605407815,4.4799994));
#5272 = CARTESIAN_POINT('',(3.902605407815,8.4800006));
#5273 = ( GEOMETRIC_REPRESENTATION_CONTEXT(2) 
PARAMETRIC_REPRESENTATION_CONTEXT() REPRESENTATION_CONTEXT('2D SPACE',''
  ) );
#5274 = ORIENTED_EDGE('',*,*,#5275,.T.);
#5275 = EDGE_CURVE('',#5250,#5206,#5276,.T.);
#5276 = SURFACE_CURVE('',#5277,(#5281,#5287),.PCURVE_S1.);
#5277 = LINE('',#5278,#5279);
#5278 = CARTESIAN_POINT('',(2.,3.,63.72));
#5279 = VECTOR('',#5280,1.);
#5280 = DIRECTION('',(-1.,0.,0.));
#5281 = PCURVE('',#1103,#5282);
#5282 = DEFINITIONAL_REPRESENTATION('',(#5283),#5286);
#5283 = B_SPLINE_CURVE_WITH_KNOTS('',1,(#5284,#5285),.UNSPECIFIED.,.F.,
  .F.,(2,2),(-3.45,-1.),.PIECEWISE_BEZIER_KNOTS.);
#5284 = CARTESIAN_POINT('',(63.72,5.45));
#5285 = CARTESIAN_POINT('',(63.72,3.));
#5286 = ( GEOMETRIC_REPRESENTATION_CONTEXT(2) 
PARAMETRIC_REPRESENTATION_CONTEXT() REPRESENTATION_CONTEXT('2D SPACE',''
  ) );
#5287 = PCURVE('',#5288,#5293);
#5288 = PLANE('',#5289);
#5289 = AXIS2_PLACEMENT_3D('',#5290,#5291,#5292);
#5290 = CARTESIAN_POINT('',(4.,4.,63.72));
#5291 = DIRECTION('',(0.,0.,-1.));
#5292 = DIRECTION('',(-1.,0.,0.));
#5293 = DEFINITIONAL_REPRESENTATION('',(#5294),#5297);
#5294 = B_SPLINE_CURVE_WITH_KNOTS('',1,(#5295,#5296),.UNSPECIFIED.,.F.,
  .F.,(2,2),(-3.45,-1.),.PIECEWISE_BEZIER_KNOTS.);
#5295 = CARTESIAN_POINT('',(-1.45,-1.));
#5296 = CARTESIAN_POINT('',(1.,-1.));
#5297 = ( GEOMETRIC_REPRESENTATION_CONTEXT(2) 
PARAMETRIC_REPRESENTATION_CONTEXT() REPRESENTATION_CONTEXT('2D SPACE',''
  ) );
#5298 = ADVANCED_FACE('',(#5299),#1129,.T.);
#5299 = FACE_BOUND('',#5300,.T.);
#5300 = EDGE_LOOP('',(#5301,#5302,#5303,#5324,#5345,#5364));
#5301 = ORIENTED_EDGE('',*,*,#1115,.F.);
#5302 = ORIENTED_EDGE('',*,*,#5205,.F.);
#5303 = ORIENTED_EDGE('',*,*,#5304,.T.);
#5304 = EDGE_CURVE('',#5206,#5305,#5307,.T.);
#5305 = VERTEX_POINT('',#5306);
#5306 = CARTESIAN_POINT('',(3.,5.05,63.72));
#5307 = SURFACE_CURVE('',#5308,(#5312,#5318),.PCURVE_S1.);
#5308 = LINE('',#5309,#5310);
#5309 = CARTESIAN_POINT('',(3.,2.,63.72));
#5310 = VECTOR('',#5311,1.);
#5311 = DIRECTION('',(-0.,1.,0.));
#5312 = PCURVE('',#1129,#5313);
#5313 = DEFINITIONAL_REPRESENTATION('',(#5314),#5317);
#5314 = B_SPLINE_CURVE_WITH_KNOTS('',1,(#5315,#5316),.UNSPECIFIED.,.F.,
  .F.,(2,2),(1.,3.45),.PIECEWISE_BEZIER_KNOTS.);
#5315 = CARTESIAN_POINT('',(63.72,-3.));
#5316 = CARTESIAN_POINT('',(63.72,-5.45));
#5317 = ( GEOMETRIC_REPRESENTATION_CONTEXT(2) 
PARAMETRIC_REPRESENTATION_CONTEXT() REPRESENTATION_CONTEXT('2D SPACE',''
  ) );
#5318 = PCURVE('',#5288,#5319);
#5319 = DEFINITIONAL_REPRESENTATION('',(#5320),#5323);
#5320 = B_SPLINE_CURVE_WITH_KNOTS('',1,(#5321,#5322),.UNSPECIFIED.,.F.,
  .F.,(2,2),(1.,3.45),.PIECEWISE_BEZIER_KNOTS.);
#5321 = CARTESIAN_POINT('',(1.,-1.));
#5322 = CARTESIAN_POINT('',(1.,1.45));
#5323 = ( GEOMETRIC_REPRESENTATION_CONTEXT(2) 
PARAMETRIC_REPRESENTATION_CONTEXT() REPRESENTATION_CONTEXT('2D SPACE',''
  ) );
#5324 = ORIENTED_EDGE('',*,*,#5325,.F.);
#5325 = EDGE_CURVE('',#5326,#5305,#5328,.T.);
#5326 = VERTEX_POINT('',#5327);
#5327 = CARTESIAN_POINT('',(3.,5.05,67.72));
#5328 = SURFACE_CURVE('',#5329,(#5333,#5339),.PCURVE_S1.);
#5329 = LINE('',#5330,#5331);
#5330 = CARTESIAN_POINT('',(3.,5.05,72.2));
#5331 = VECTOR('',#5332,1.);
#5332 = DIRECTION('',(0.,0.,-1.));
#5333 = PCURVE('',#1129,#5334);
#5334 = DEFINITIONAL_REPRESENTATION('',(#5335),#5338);
#5335 = B_SPLINE_CURVE_WITH_KNOTS('',1,(#5336,#5337),.UNSPECIFIED.,.F.,
  .F.,(2,2),(4.4799994,8.4800006),.PIECEWISE_BEZIER_KNOTS.);
#5336 = CARTESIAN_POINT('',(67.7200006,-5.05));
#5337 = CARTESIAN_POINT('',(63.7199994,-5.05));
#5338 = ( GEOMETRIC_REPRESENTATION_CONTEXT(2) 
PARAMETRIC_REPRESENTATION_CONTEXT() REPRESENTATION_CONTEXT('2D SPACE',''
  ) );
#5339 = PCURVE('',#5264,#5340);
#5340 = DEFINITIONAL_REPRESENTATION('',(#5341),#5344);
#5341 = B_SPLINE_CURVE_WITH_KNOTS('',1,(#5342,#5343),.UNSPECIFIED.,.F.,
  .F.,(2,2),(4.4799994,8.4800006),.PIECEWISE_BEZIER_KNOTS.);
#5342 = CARTESIAN_POINT('',(0.80978357257,4.4799994));
#5343 = CARTESIAN_POINT('',(0.80978357257,8.4800006));
#5344 = ( GEOMETRIC_REPRESENTATION_CONTEXT(2) 
PARAMETRIC_REPRESENTATION_CONTEXT() REPRESENTATION_CONTEXT('2D SPACE',''
  ) );
#5345 = ORIENTED_EDGE('',*,*,#5346,.T.);
#5346 = EDGE_CURVE('',#5326,#5133,#5347,.T.);
#5347 = SURFACE_CURVE('',#5348,(#5352,#5358),.PCURVE_S1.);
#5348 = LINE('',#5349,#5350);
#5349 = CARTESIAN_POINT('',(3.,2.,67.72));
#5350 = VECTOR('',#5351,1.);
#5351 = DIRECTION('',(-0.,1.,0.));
#5352 = PCURVE('',#1129,#5353);
#5353 = DEFINITIONAL_REPRESENTATION('',(#5354),#5357);
#5354 = B_SPLINE_CURVE_WITH_KNOTS('',1,(#5355,#5356),.UNSPECIFIED.,.F.,
  .F.,(2,2),(1.,3.585),.PIECEWISE_BEZIER_KNOTS.);
#5355 = CARTESIAN_POINT('',(67.72,-3.));
#5356 = CARTESIAN_POINT('',(67.72,-5.585));
#5357 = ( GEOMETRIC_REPRESENTATION_CONTEXT(2) 
PARAMETRIC_REPRESENTATION_CONTEXT() REPRESENTATION_CONTEXT('2D SPACE',''
  ) );
#5358 = PCURVE('',#5151,#5359);
#5359 = DEFINITIONAL_REPRESENTATION('',(#5360),#5363);
#5360 = B_SPLINE_CURVE_WITH_KNOTS('',1,(#5361,#5362),.UNSPECIFIED.,.F.,
  .F.,(2,2),(1.,3.585),.PIECEWISE_BEZIER_KNOTS.);
#5361 = CARTESIAN_POINT('',(1.,-1.));
#5362 = CARTESIAN_POINT('',(1.,1.585));
#5363 = ( GEOMETRIC_REPRESENTATION_CONTEXT(2) 
PARAMETRIC_REPRESENTATION_CONTEXT() REPRESENTATION_CONTEXT('2D SPACE',''
  ) );
#5364 = ORIENTED_EDGE('',*,*,#5163,.F.);
#5365 = ADVANCED_FACE('',(#5366),#1161,.F.);
#5366 = FACE_BOUND('',#5367,.F.);
#5367 = EDGE_LOOP('',(#5368,#5369,#5390,#5416,#5442,#5468));
#5368 = ORIENTED_EDGE('',*,*,#1143,.F.);
#5369 = ORIENTED_EDGE('',*,*,#5370,.F.);
#5370 = EDGE_CURVE('',#5371,#1144,#5373,.T.);
#5371 = VERTEX_POINT('',#5372);
#5372 = CARTESIAN_POINT('',(94.,3.,63.72));
#5373 = SURFACE_CURVE('',#5374,(#5378,#5384),.PCURVE_S1.);
#5374 = LINE('',#5375,#5376);
#5375 = CARTESIAN_POINT('',(94.,3.,0.));
#5376 = VECTOR('',#5377,1.);
#5377 = DIRECTION('',(0.,0.,1.));
#5378 = PCURVE('',#1161,#5379);
#5379 = DEFINITIONAL_REPRESENTATION('',(#5380),#5383);
#5380 = B_SPLINE_CURVE_WITH_KNOTS('',1,(#5381,#5382),.UNSPECIFIED.,.F.,
  .F.,(2,2),(0.,72.2),.PIECEWISE_BEZIER_KNOTS.);
#5381 = CARTESIAN_POINT('',(0.,-3.));
#5382 = CARTESIAN_POINT('',(72.2,-3.));
#5383 = ( GEOMETRIC_REPRESENTATION_CONTEXT(2) 
PARAMETRIC_REPRESENTATION_CONTEXT() REPRESENTATION_CONTEXT('2D SPACE',''
  ) );
#5384 = PCURVE('',#1189,#5385);
#5385 = DEFINITIONAL_REPRESENTATION('',(#5386),#5389);
#5386 = B_SPLINE_CURVE_WITH_KNOTS('',1,(#5387,#5388),.UNSPECIFIED.,.F.,
  .F.,(2,2),(0.,72.2),.PIECEWISE_BEZIER_KNOTS.);
#5387 = CARTESIAN_POINT('',(0.,94.));
#5388 = CARTESIAN_POINT('',(72.2,94.));
#5389 = ( GEOMETRIC_REPRESENTATION_CONTEXT(2) 
PARAMETRIC_REPRESENTATION_CONTEXT() REPRESENTATION_CONTEXT('2D SPACE',''
  ) );
#5390 = ORIENTED_EDGE('',*,*,#5391,.T.);
#5391 = EDGE_CURVE('',#5371,#5392,#5394,.T.);
#5392 = VERTEX_POINT('',#5393);
#5393 = CARTESIAN_POINT('',(94.,5.05,63.72));
#5394 = SURFACE_CURVE('',#5395,(#5399,#5405),.PCURVE_S1.);
#5395 = LINE('',#5396,#5397);
#5396 = CARTESIAN_POINT('',(94.,2.,63.72));
#5397 = VECTOR('',#5398,1.);
#5398 = DIRECTION('',(-0.,1.,0.));
#5399 = PCURVE('',#1161,#5400);
#5400 = DEFINITIONAL_REPRESENTATION('',(#5401),#5404);
#5401 = B_SPLINE_CURVE_WITH_KNOTS('',1,(#5402,#5403),.UNSPECIFIED.,.F.,
  .F.,(2,2),(1.,3.45),.PIECEWISE_BEZIER_KNOTS.);
#5402 = CARTESIAN_POINT('',(63.72,-3.));
#5403 = CARTESIAN_POINT('',(63.72,-5.45));
#5404 = ( GEOMETRIC_REPRESENTATION_CONTEXT(2) 
PARAMETRIC_REPRESENTATION_CONTEXT() REPRESENTATION_CONTEXT('2D SPACE',''
  ) );
#5405 = PCURVE('',#5406,#5411);
#5406 = PLANE('',#5407);
#5407 = AXIS2_PLACEMENT_3D('',#5408,#5409,#5410);
#5408 = CARTESIAN_POINT('',(93.,4.,63.72));
#5409 = DIRECTION('',(0.,0.,-1.));
#5410 = DIRECTION('',(-1.,0.,0.));
#5411 = DEFINITIONAL_REPRESENTATION('',(#5412),#5415);
#5412 = B_SPLINE_CURVE_WITH_KNOTS('',1,(#5413,#5414),.UNSPECIFIED.,.F.,
  .F.,(2,2),(1.,3.45),.PIECEWISE_BEZIER_KNOTS.);
#5413 = CARTESIAN_POINT('',(-1.,-1.));
#5414 = CARTESIAN_POINT('',(-1.,1.45));
#5415 = ( GEOMETRIC_REPRESENTATION_CONTEXT(2) 
PARAMETRIC_REPRESENTATION_CONTEXT() REPRESENTATION_CONTEXT('2D SPACE',''
  ) );
#5416 = ORIENTED_EDGE('',*,*,#5417,.F.);
#5417 = EDGE_CURVE('',#5418,#5392,#5420,.T.);
#5418 = VERTEX_POINT('',#5419);
#5419 = CARTESIAN_POINT('',(94.,5.05,67.72));
#5420 = SURFACE_CURVE('',#5421,(#5425,#5431),.PCURVE_S1.);
#5421 = LINE('',#5422,#5423);
#5422 = CARTESIAN_POINT('',(94.,5.05,72.2));
#5423 = VECTOR('',#5424,1.);
#5424 = DIRECTION('',(0.,0.,-1.));
#5425 = PCURVE('',#1161,#5426);
#5426 = DEFINITIONAL_REPRESENTATION('',(#5427),#5430);
#5427 = B_SPLINE_CURVE_WITH_KNOTS('',1,(#5428,#5429),.UNSPECIFIED.,.F.,
  .F.,(2,2),(4.4799994,8.4800006),.PIECEWISE_BEZIER_KNOTS.);
#5428 = CARTESIAN_POINT('',(67.7200006,-5.05));
#5429 = CARTESIAN_POINT('',(63.7199994,-5.05));
#5430 = ( GEOMETRIC_REPRESENTATION_CONTEXT(2) 
PARAMETRIC_REPRESENTATION_CONTEXT() REPRESENTATION_CONTEXT('2D SPACE',''
  ) );
#5431 = PCURVE('',#5432,#5437);
#5432 = CYLINDRICAL_SURFACE('',#5433,1.45);
#5433 = AXIS2_PLACEMENT_3D('',#5434,#5435,#5436);
#5434 = CARTESIAN_POINT('',(93.,4.,72.2));
#5435 = DIRECTION('',(0.,0.,-1.));
#5436 = DIRECTION('',(-1.,0.,0.));
#5437 = DEFINITIONAL_REPRESENTATION('',(#5438),#5441);
#5438 = B_SPLINE_CURVE_WITH_KNOTS('',1,(#5439,#5440),.UNSPECIFIED.,.F.,
  .F.,(2,2),(4.48,8.48),.PIECEWISE_BEZIER_KNOTS.);
#5439 = CARTESIAN_POINT('',(8.614994388199,4.48));
#5440 = CARTESIAN_POINT('',(8.614994388199,8.48));
#5441 = ( GEOMETRIC_REPRESENTATION_CONTEXT(2) 
PARAMETRIC_REPRESENTATION_CONTEXT() REPRESENTATION_CONTEXT('2D SPACE',''
  ) );
#5442 = ORIENTED_EDGE('',*,*,#5443,.T.);
#5443 = EDGE_CURVE('',#5418,#5444,#5446,.T.);
#5444 = VERTEX_POINT('',#5445);
#5445 = CARTESIAN_POINT('',(94.,5.229725579144,67.72));
#5446 = SURFACE_CURVE('',#5447,(#5451,#5457),.PCURVE_S1.);
#5447 = LINE('',#5448,#5449);
#5448 = CARTESIAN_POINT('',(94.,2.,67.72));
#5449 = VECTOR('',#5450,1.);
#5450 = DIRECTION('',(-0.,1.,0.));
#5451 = PCURVE('',#1161,#5452);
#5452 = DEFINITIONAL_REPRESENTATION('',(#5453),#5456);
#5453 = B_SPLINE_CURVE_WITH_KNOTS('',1,(#5454,#5455),.UNSPECIFIED.,.F.,
  .F.,(2,2),(1.,3.585),.PIECEWISE_BEZIER_KNOTS.);
#5454 = CARTESIAN_POINT('',(67.72,-3.));
#5455 = CARTESIAN_POINT('',(67.72,-5.585));
#5456 = ( GEOMETRIC_REPRESENTATION_CONTEXT(2) 
PARAMETRIC_REPRESENTATION_CONTEXT() REPRESENTATION_CONTEXT('2D SPACE',''
  ) );
#5457 = PCURVE('',#5458,#5463);
#5458 = PLANE('',#5459);
#5459 = AXIS2_PLACEMENT_3D('',#5460,#5461,#5462);
#5460 = CARTESIAN_POINT('',(93.,4.,67.72));
#5461 = DIRECTION('',(0.,0.,-1.));
#5462 = DIRECTION('',(-1.,0.,0.));
#5463 = DEFINITIONAL_REPRESENTATION('',(#5464),#5467);
#5464 = B_SPLINE_CURVE_WITH_KNOTS('',1,(#5465,#5466),.UNSPECIFIED.,.F.,
  .F.,(2,2),(1.,3.585),.PIECEWISE_BEZIER_KNOTS.);
#5465 = CARTESIAN_POINT('',(-1.,-1.));
#5466 = CARTESIAN_POINT('',(-1.,1.585));
#5467 = ( GEOMETRIC_REPRESENTATION_CONTEXT(2) 
PARAMETRIC_REPRESENTATION_CONTEXT() REPRESENTATION_CONTEXT('2D SPACE',''
  ) );
#5468 = ORIENTED_EDGE('',*,*,#5469,.F.);
#5469 = EDGE_CURVE('',#1146,#5444,#5470,.T.);
#5470 = SURFACE_CURVE('',#5471,(#5475,#5481),.PCURVE_S1.);
#5471 = LINE('',#5472,#5473);
#5472 = CARTESIAN_POINT('',(94.,5.229725579144,72.2));
#5473 = VECTOR('',#5474,1.);
#5474 = DIRECTION('',(0.,0.,-1.));
#5475 = PCURVE('',#1161,#5476);
#5476 = DEFINITIONAL_REPRESENTATION('',(#5477),#5480);
#5477 = B_SPLINE_CURVE_WITH_KNOTS('',1,(#5478,#5479),.UNSPECIFIED.,.F.,
  .F.,(2,2),(-6.000000070117E-07,4.4800006),.PIECEWISE_BEZIER_KNOTS.);
#5478 = CARTESIAN_POINT('',(72.2000006,-5.229725579144));
#5479 = CARTESIAN_POINT('',(67.7199994,-5.229725579144));
#5480 = ( GEOMETRIC_REPRESENTATION_CONTEXT(2) 
PARAMETRIC_REPRESENTATION_CONTEXT() REPRESENTATION_CONTEXT('2D SPACE',''
  ) );
#5481 = PCURVE('',#1220,#5482);
#5482 = DEFINITIONAL_REPRESENTATION('',(#5483),#5486);
#5483 = B_SPLINE_CURVE_WITH_KNOTS('',1,(#5484,#5485),.UNSPECIFIED.,.F.,
  .F.,(2,2),(0.,4.48),.PIECEWISE_BEZIER_KNOTS.);
#5484 = CARTESIAN_POINT('',(8.536713405907,0.));
#5485 = CARTESIAN_POINT('',(8.536713405907,4.48));
#5486 = ( GEOMETRIC_REPRESENTATION_CONTEXT(2) 
PARAMETRIC_REPRESENTATION_CONTEXT() REPRESENTATION_CONTEXT('2D SPACE',''
  ) );
#5487 = ADVANCED_FACE('',(#5488),#1189,.T.);
#5488 = FACE_BOUND('',#5489,.T.);
#5489 = EDGE_LOOP('',(#5490,#5511,#5512,#5513,#5534,#5555));
#5490 = ORIENTED_EDGE('',*,*,#5491,.F.);
#5491 = EDGE_CURVE('',#1174,#5492,#5494,.T.);
#5492 = VERTEX_POINT('',#5493);
#5493 = CARTESIAN_POINT('',(91.770274420856,3.,67.72));
#5494 = SURFACE_CURVE('',#5495,(#5499,#5505),.PCURVE_S1.);
#5495 = LINE('',#5496,#5497);
#5496 = CARTESIAN_POINT('',(91.770274420856,3.,72.2));
#5497 = VECTOR('',#5498,1.);
#5498 = DIRECTION('',(0.,0.,-1.));
#5499 = PCURVE('',#1189,#5500);
#5500 = DEFINITIONAL_REPRESENTATION('',(#5501),#5504);
#5501 = B_SPLINE_CURVE_WITH_KNOTS('',1,(#5502,#5503),.UNSPECIFIED.,.F.,
  .F.,(2,2),(-6.000000070117E-07,4.4800006),.PIECEWISE_BEZIER_KNOTS.);
#5502 = CARTESIAN_POINT('',(72.2000006,91.770274420856));
#5503 = CARTESIAN_POINT('',(67.7199994,91.770274420856));
#5504 = ( GEOMETRIC_REPRESENTATION_CONTEXT(2) 
PARAMETRIC_REPRESENTATION_CONTEXT() REPRESENTATION_CONTEXT('2D SPACE',''
  ) );
#5505 = PCURVE('',#1220,#5506);
#5506 = DEFINITIONAL_REPRESENTATION('',(#5507),#5510);
#5507 = B_SPLINE_CURVE_WITH_KNOTS('',1,(#5508,#5509),.UNSPECIFIED.,.F.,
  .F.,(2,2),(0.,4.48),.PIECEWISE_BEZIER_KNOTS.);
#5508 = CARTESIAN_POINT('',(5.600453535247,0.));
#5509 = CARTESIAN_POINT('',(5.600453535247,4.48));
#5510 = ( GEOMETRIC_REPRESENTATION_CONTEXT(2) 
PARAMETRIC_REPRESENTATION_CONTEXT() REPRESENTATION_CONTEXT('2D SPACE',''
  ) );
#5511 = ORIENTED_EDGE('',*,*,#1173,.T.);
#5512 = ORIENTED_EDGE('',*,*,#5370,.F.);
#5513 = ORIENTED_EDGE('',*,*,#5514,.T.);
#5514 = EDGE_CURVE('',#5371,#5515,#5517,.T.);
#5515 = VERTEX_POINT('',#5516);
#5516 = CARTESIAN_POINT('',(91.95,3.,63.72));
#5517 = SURFACE_CURVE('',#5518,(#5522,#5528),.PCURVE_S1.);
#5518 = LINE('',#5519,#5520);
#5519 = CARTESIAN_POINT('',(46.5,3.,63.72));
#5520 = VECTOR('',#5521,1.);
#5521 = DIRECTION('',(-1.,0.,0.));
#5522 = PCURVE('',#1189,#5523);
#5523 = DEFINITIONAL_REPRESENTATION('',(#5524),#5527);
#5524 = B_SPLINE_CURVE_WITH_KNOTS('',1,(#5525,#5526),.UNSPECIFIED.,.F.,
  .F.,(2,2),(-47.5,-45.05),.PIECEWISE_BEZIER_KNOTS.);
#5525 = CARTESIAN_POINT('',(63.72,94.));
#5526 = CARTESIAN_POINT('',(63.72,91.55));
#5527 = ( GEOMETRIC_REPRESENTATION_CONTEXT(2) 
PARAMETRIC_REPRESENTATION_CONTEXT() REPRESENTATION_CONTEXT('2D SPACE',''
  ) );
#5528 = PCURVE('',#5406,#5529);
#5529 = DEFINITIONAL_REPRESENTATION('',(#5530),#5533);
#5530 = B_SPLINE_CURVE_WITH_KNOTS('',1,(#5531,#5532),.UNSPECIFIED.,.F.,
  .F.,(2,2),(-47.5,-45.05),.PIECEWISE_BEZIER_KNOTS.);
#5531 = CARTESIAN_POINT('',(-1.,-1.));
#5532 = CARTESIAN_POINT('',(1.45,-1.));
#5533 = ( GEOMETRIC_REPRESENTATION_CONTEXT(2) 
PARAMETRIC_REPRESENTATION_CONTEXT() REPRESENTATION_CONTEXT('2D SPACE',''
  ) );
#5534 = ORIENTED_EDGE('',*,*,#5535,.F.);
#5535 = EDGE_CURVE('',#5536,#5515,#5538,.T.);
#5536 = VERTEX_POINT('',#5537);
#5537 = CARTESIAN_POINT('',(91.95,3.,67.72));
#5538 = SURFACE_CURVE('',#5539,(#5543,#5549),.PCURVE_S1.);
#5539 = LINE('',#5540,#5541);
#5540 = CARTESIAN_POINT('',(91.95,3.,72.2));
#5541 = VECTOR('',#5542,1.);
#5542 = DIRECTION('',(0.,0.,-1.));
#5543 = PCURVE('',#1189,#5544);
#5544 = DEFINITIONAL_REPRESENTATION('',(#5545),#5548);
#5545 = B_SPLINE_CURVE_WITH_KNOTS('',1,(#5546,#5547),.UNSPECIFIED.,.F.,
  .F.,(2,2),(4.4799994,8.4800006),.PIECEWISE_BEZIER_KNOTS.);
#5546 = CARTESIAN_POINT('',(67.7200006,91.95));
#5547 = CARTESIAN_POINT('',(63.7199994,91.95));
#5548 = ( GEOMETRIC_REPRESENTATION_CONTEXT(2) 
PARAMETRIC_REPRESENTATION_CONTEXT() REPRESENTATION_CONTEXT('2D SPACE',''
  ) );
#5549 = PCURVE('',#5432,#5550);
#5550 = DEFINITIONAL_REPRESENTATION('',(#5551),#5554);
#5551 = B_SPLINE_CURVE_WITH_KNOTS('',1,(#5552,#5553),.UNSPECIFIED.,.F.,
  .F.,(2,2),(4.48,8.48),.PIECEWISE_BEZIER_KNOTS.);
#5552 = CARTESIAN_POINT('',(5.522172552955,4.48));
#5553 = CARTESIAN_POINT('',(5.522172552955,8.48));
#5554 = ( GEOMETRIC_REPRESENTATION_CONTEXT(2) 
PARAMETRIC_REPRESENTATION_CONTEXT() REPRESENTATION_CONTEXT('2D SPACE',''
  ) );
#5555 = ORIENTED_EDGE('',*,*,#5556,.T.);
#5556 = EDGE_CURVE('',#5536,#5492,#5557,.T.);
#5557 = SURFACE_CURVE('',#5558,(#5562,#5568),.PCURVE_S1.);
#5558 = LINE('',#5559,#5560);
#5559 = CARTESIAN_POINT('',(46.5,3.,67.72));
#5560 = VECTOR('',#5561,1.);
#5561 = DIRECTION('',(-1.,0.,0.));
#5562 = PCURVE('',#1189,#5563);
#5563 = DEFINITIONAL_REPRESENTATION('',(#5564),#5567);
#5564 = B_SPLINE_CURVE_WITH_KNOTS('',1,(#5565,#5566),.UNSPECIFIED.,.F.,
  .F.,(2,2),(-47.5,-44.915),.PIECEWISE_BEZIER_KNOTS.);
#5565 = CARTESIAN_POINT('',(67.72,94.));
#5566 = CARTESIAN_POINT('',(67.72,91.415));
#5567 = ( GEOMETRIC_REPRESENTATION_CONTEXT(2) 
PARAMETRIC_REPRESENTATION_CONTEXT() REPRESENTATION_CONTEXT('2D SPACE',''
  ) );
#5568 = PCURVE('',#5458,#5569);
#5569 = DEFINITIONAL_REPRESENTATION('',(#5570),#5573);
#5570 = B_SPLINE_CURVE_WITH_KNOTS('',1,(#5571,#5572),.UNSPECIFIED.,.F.,
  .F.,(2,2),(-47.5,-44.915),.PIECEWISE_BEZIER_KNOTS.);
#5571 = CARTESIAN_POINT('',(-1.,-1.));
#5572 = CARTESIAN_POINT('',(1.585,-1.));
#5573 = ( GEOMETRIC_REPRESENTATION_CONTEXT(2) 
PARAMETRIC_REPRESENTATION_CONTEXT() REPRESENTATION_CONTEXT('2D SPACE',''
  ) );
#5574 = ADVANCED_FACE('',(#5575),#1220,.F.);
#5575 = FACE_BOUND('',#5576,.F.);
#5576 = EDGE_LOOP('',(#5577,#5599,#5600,#5601));
#5577 = ORIENTED_EDGE('',*,*,#5578,.F.);
#5578 = EDGE_CURVE('',#5492,#5444,#5579,.T.);
#5579 = SURFACE_CURVE('',#5580,(#5585,#5592),.PCURVE_S1.);
#5580 = CIRCLE('',#5581,1.585);
#5581 = AXIS2_PLACEMENT_3D('',#5582,#5583,#5584);
#5582 = CARTESIAN_POINT('',(93.,4.,67.72));
#5583 = DIRECTION('',(0.,0.,-1.));
#5584 = DIRECTION('',(-0.775852100406,-0.630914826498,-0.));
#5585 = PCURVE('',#1220,#5586);
#5586 = DEFINITIONAL_REPRESENTATION('',(#5587),#5591);
#5587 = LINE('',#5588,#5589);
#5588 = CARTESIAN_POINT('',(5.600453535247,4.48));
#5589 = VECTOR('',#5590,1.);
#5590 = DIRECTION('',(1.,0.));
#5591 = ( GEOMETRIC_REPRESENTATION_CONTEXT(2) 
PARAMETRIC_REPRESENTATION_CONTEXT() REPRESENTATION_CONTEXT('2D SPACE',''
  ) );
#5592 = PCURVE('',#5458,#5593);
#5593 = DEFINITIONAL_REPRESENTATION('',(#5594),#5598);
#5594 = CIRCLE('',#5595,1.585);
#5595 = AXIS2_PLACEMENT_2D('',#5596,#5597);
#5596 = CARTESIAN_POINT('',(0.,0.));
#5597 = DIRECTION('',(0.775852100406,-0.630914826498));
#5598 = ( GEOMETRIC_REPRESENTATION_CONTEXT(2) 
PARAMETRIC_REPRESENTATION_CONTEXT() REPRESENTATION_CONTEXT('2D SPACE',''
  ) );
#5599 = ORIENTED_EDGE('',*,*,#5491,.F.);
#5600 = ORIENTED_EDGE('',*,*,#1201,.T.);
#5601 = ORIENTED_EDGE('',*,*,#5469,.T.);
#5602 = ADVANCED_FACE('',(#5603),#1304,.F.);
#5603 = FACE_BOUND('',#5604,.T.);
#5604 = EDGE_LOOP('',(#5605,#5606,#5629,#5656));
#5605 = ORIENTED_EDGE('',*,*,#1283,.T.);
#5606 = ORIENTED_EDGE('',*,*,#5607,.T.);
#5607 = EDGE_CURVE('',#1284,#5608,#5610,.T.);
#5608 = VERTEX_POINT('',#5609);
#5609 = CARTESIAN_POINT('',(15.3,10.8,2.7));
#5610 = SEAM_CURVE('',#5611,(#5615,#5622),.PCURVE_S1.);
#5611 = LINE('',#5612,#5613);
#5612 = CARTESIAN_POINT('',(15.3,10.8,-1.));
#5613 = VECTOR('',#5614,1.);
#5614 = DIRECTION('',(0.,0.,1.));
#5615 = PCURVE('',#1304,#5616);
#5616 = DEFINITIONAL_REPRESENTATION('',(#5617),#5621);
#5617 = LINE('',#5618,#5619);
#5618 = CARTESIAN_POINT('',(-6.28318530718,0.));
#5619 = VECTOR('',#5620,1.);
#5620 = DIRECTION('',(-0.,-1.));
#5621 = ( GEOMETRIC_REPRESENTATION_CONTEXT(2) 
PARAMETRIC_REPRESENTATION_CONTEXT() REPRESENTATION_CONTEXT('2D SPACE',''
  ) );
#5622 = PCURVE('',#1304,#5623);
#5623 = DEFINITIONAL_REPRESENTATION('',(#5624),#5628);
#5624 = LINE('',#5625,#5626);
#5625 = CARTESIAN_POINT('',(-0.,0.));
#5626 = VECTOR('',#5627,1.);
#5627 = DIRECTION('',(-0.,-1.));
#5628 = ( GEOMETRIC_REPRESENTATION_CONTEXT(2) 
PARAMETRIC_REPRESENTATION_CONTEXT() REPRESENTATION_CONTEXT('2D SPACE',''
  ) );
#5629 = ORIENTED_EDGE('',*,*,#5630,.T.);
#5630 = EDGE_CURVE('',#5608,#5608,#5631,.T.);
#5631 = SURFACE_CURVE('',#5632,(#5637,#5644),.PCURVE_S1.);
#5632 = CIRCLE('',#5633,2.8);
#5633 = AXIS2_PLACEMENT_3D('',#5634,#5635,#5636);
#5634 = CARTESIAN_POINT('',(12.5,10.8,2.7));
#5635 = DIRECTION('',(0.,0.,1.));
#5636 = DIRECTION('',(1.,0.,0.));
#5637 = PCURVE('',#1304,#5638);
#5638 = DEFINITIONAL_REPRESENTATION('',(#5639),#5643);
#5639 = LINE('',#5640,#5641);
#5640 = CARTESIAN_POINT('',(-0.,-3.7));
#5641 = VECTOR('',#5642,1.);
#5642 = DIRECTION('',(-1.,0.));
#5643 = ( GEOMETRIC_REPRESENTATION_CONTEXT(2) 
PARAMETRIC_REPRESENTATION_CONTEXT() REPRESENTATION_CONTEXT('2D SPACE',''
  ) );
#5644 = PCURVE('',#5645,#5650);
#5645 = PLANE('',#5646);
#5646 = AXIS2_PLACEMENT_3D('',#5647,#5648,#5649);
#5647 = CARTESIAN_POINT('',(12.5,10.8,2.7));
#5648 = DIRECTION('',(0.,0.,1.));
#5649 = DIRECTION('',(1.,0.,-0.));
#5650 = DEFINITIONAL_REPRESENTATION('',(#5651),#5655);
#5651 = CIRCLE('',#5652,2.8);
#5652 = AXIS2_PLACEMENT_2D('',#5653,#5654);
#5653 = CARTESIAN_POINT('',(0.,0.));
#5654 = DIRECTION('',(1.,0.));
#5655 = ( GEOMETRIC_REPRESENTATION_CONTEXT(2) 
PARAMETRIC_REPRESENTATION_CONTEXT() REPRESENTATION_CONTEXT('2D SPACE',''
  ) );
#5656 = ORIENTED_EDGE('',*,*,#5607,.F.);
#5657 = ADVANCED_FACE('',(#5658),#1339,.F.);
#5658 = FACE_BOUND('',#5659,.T.);
#5659 = EDGE_LOOP('',(#5660,#5661,#5684,#5711));
#5660 = ORIENTED_EDGE('',*,*,#1318,.T.);
#5661 = ORIENTED_EDGE('',*,*,#5662,.T.);
#5662 = EDGE_CURVE('',#1319,#5663,#5665,.T.);
#5663 = VERTEX_POINT('',#5664);
#5664 = CARTESIAN_POINT('',(73.3,10.8,2.7));
#5665 = SEAM_CURVE('',#5666,(#5670,#5677),.PCURVE_S1.);
#5666 = LINE('',#5667,#5668);
#5667 = CARTESIAN_POINT('',(73.3,10.8,-1.));
#5668 = VECTOR('',#5669,1.);
#5669 = DIRECTION('',(0.,0.,1.));
#5670 = PCURVE('',#1339,#5671);
#5671 = DEFINITIONAL_REPRESENTATION('',(#5672),#5676);
#5672 = LINE('',#5673,#5674);
#5673 = CARTESIAN_POINT('',(-6.28318530718,0.));
#5674 = VECTOR('',#5675,1.);
#5675 = DIRECTION('',(-0.,-1.));
#5676 = ( GEOMETRIC_REPRESENTATION_CONTEXT(2) 
PARAMETRIC_REPRESENTATION_CONTEXT() REPRESENTATION_CONTEXT('2D SPACE',''
  ) );
#5677 = PCURVE('',#1339,#5678);
#5678 = DEFINITIONAL_REPRESENTATION('',(#5679),#5683);
#5679 = LINE('',#5680,#5681);
#5680 = CARTESIAN_POINT('',(-0.,0.));
#5681 = VECTOR('',#5682,1.);
#5682 = DIRECTION('',(-0.,-1.));
#5683 = ( GEOMETRIC_REPRESENTATION_CONTEXT(2) 
PARAMETRIC_REPRESENTATION_CONTEXT() REPRESENTATION_CONTEXT('2D SPACE',''
  ) );
#5684 = ORIENTED_EDGE('',*,*,#5685,.T.);
#5685 = EDGE_CURVE('',#5663,#5663,#5686,.T.);
#5686 = SURFACE_CURVE('',#5687,(#5692,#5699),.PCURVE_S1.);
#5687 = CIRCLE('',#5688,2.8);
#5688 = AXIS2_PLACEMENT_3D('',#5689,#5690,#5691);
#5689 = CARTESIAN_POINT('',(70.5,10.8,2.7));
#5690 = DIRECTION('',(0.,0.,1.));
#5691 = DIRECTION('',(1.,0.,0.));
#5692 = PCURVE('',#1339,#5693);
#5693 = DEFINITIONAL_REPRESENTATION('',(#5694),#5698);
#5694 = LINE('',#5695,#5696);
#5695 = CARTESIAN_POINT('',(-0.,-3.7));
#5696 = VECTOR('',#5697,1.);
#5697 = DIRECTION('',(-1.,0.));
#5698 = ( GEOMETRIC_REPRESENTATION_CONTEXT(2) 
PARAMETRIC_REPRESENTATION_CONTEXT() REPRESENTATION_CONTEXT('2D SPACE',''
  ) );
#5699 = PCURVE('',#5700,#5705);
#5700 = PLANE('',#5701);
#5701 = AXIS2_PLACEMENT_3D('',#5702,#5703,#5704);
#5702 = CARTESIAN_POINT('',(12.5,10.8,2.7));
#5703 = DIRECTION('',(0.,0.,1.));
#5704 = DIRECTION('',(1.,0.,-0.));
#5705 = DEFINITIONAL_REPRESENTATION('',(#5706),#5710);
#5706 = CIRCLE('',#5707,2.8);
#5707 = AXIS2_PLACEMENT_2D('',#5708,#5709);
#5708 = CARTESIAN_POINT('',(58.,0.));
#5709 = DIRECTION('',(1.,0.));
#5710 = ( GEOMETRIC_REPRESENTATION_CONTEXT(2) 
PARAMETRIC_REPRESENTATION_CONTEXT() REPRESENTATION_CONTEXT('2D SPACE',''
  ) );
#5711 = ORIENTED_EDGE('',*,*,#5662,.F.);
#5712 = ADVANCED_FACE('',(#5713),#1374,.F.);
#5713 = FACE_BOUND('',#5714,.T.);
#5714 = EDGE_LOOP('',(#5715,#5716,#5739,#5766));
#5715 = ORIENTED_EDGE('',*,*,#1353,.T.);
#5716 = ORIENTED_EDGE('',*,*,#5717,.T.);
#5717 = EDGE_CURVE('',#1354,#5718,#5720,.T.);
#5718 = VERTEX_POINT('',#5719);
#5719 = CARTESIAN_POINT('',(15.3,59.8,2.7));
#5720 = SEAM_CURVE('',#5721,(#5725,#5732),.PCURVE_S1.);
#5721 = LINE('',#5722,#5723);
#5722 = CARTESIAN_POINT('',(15.3,59.8,-1.));
#5723 = VECTOR('',#5724,1.);
#5724 = DIRECTION('',(0.,0.,1.));
#5725 = PCURVE('',#1374,#5726);
#5726 = DEFINITIONAL_REPRESENTATION('',(#5727),#5731);
#5727 = LINE('',#5728,#5729);
#5728 = CARTESIAN_POINT('',(-6.28318530718,0.));
#5729 = VECTOR('',#5730,1.);
#5730 = DIRECTION('',(-0.,-1.));
#5731 = ( GEOMETRIC_REPRESENTATION_CONTEXT(2) 
PARAMETRIC_REPRESENTATION_CONTEXT() REPRESENTATION_CONTEXT('2D SPACE',''
  ) );
#5732 = PCURVE('',#1374,#5733);
#5733 = DEFINITIONAL_REPRESENTATION('',(#5734),#5738);
#5734 = LINE('',#5735,#5736);
#5735 = CARTESIAN_POINT('',(-0.,0.));
#5736 = VECTOR('',#5737,1.);
#5737 = DIRECTION('',(-0.,-1.));
#5738 = ( GEOMETRIC_REPRESENTATION_CONTEXT(2) 
PARAMETRIC_REPRESENTATION_CONTEXT() REPRESENTATION_CONTEXT('2D SPACE',''
  ) );
#5739 = ORIENTED_EDGE('',*,*,#5740,.T.);
#5740 = EDGE_CURVE('',#5718,#5718,#5741,.T.);
#5741 = SURFACE_CURVE('',#5742,(#5747,#5754),.PCURVE_S1.);
#5742 = CIRCLE('',#5743,2.8);
#5743 = AXIS2_PLACEMENT_3D('',#5744,#5745,#5746);
#5744 = CARTESIAN_POINT('',(12.5,59.8,2.7));
#5745 = DIRECTION('',(0.,0.,1.));
#5746 = DIRECTION('',(1.,0.,0.));
#5747 = PCURVE('',#1374,#5748);
#5748 = DEFINITIONAL_REPRESENTATION('',(#5749),#5753);
#5749 = LINE('',#5750,#5751);
#5750 = CARTESIAN_POINT('',(-0.,-3.7));
#5751 = VECTOR('',#5752,1.);
#5752 = DIRECTION('',(-1.,0.));
#5753 = ( GEOMETRIC_REPRESENTATION_CONTEXT(2) 
PARAMETRIC_REPRESENTATION_CONTEXT() REPRESENTATION_CONTEXT('2D SPACE',''
  ) );
#5754 = PCURVE('',#5755,#5760);
#5755 = PLANE('',#5756);
#5756 = AXIS2_PLACEMENT_3D('',#5757,#5758,#5759);
#5757 = CARTESIAN_POINT('',(12.5,10.8,2.7));
#5758 = DIRECTION('',(0.,0.,1.));
#5759 = DIRECTION('',(1.,0.,-0.));
#5760 = DEFINITIONAL_REPRESENTATION('',(#5761),#5765);
#5761 = CIRCLE('',#5762,2.8);
#5762 = AXIS2_PLACEMENT_2D('',#5763,#5764);
#5763 = CARTESIAN_POINT('',(0.,49.));
#5764 = DIRECTION('',(1.,0.));
#5765 = ( GEOMETRIC_REPRESENTATION_CONTEXT(2) 
PARAMETRIC_REPRESENTATION_CONTEXT() REPRESENTATION_CONTEXT('2D SPACE',''
  ) );
#5766 = ORIENTED_EDGE('',*,*,#5717,.F.);
#5767 = ADVANCED_FACE('',(#5768),#1409,.F.);
#5768 = FACE_BOUND('',#5769,.T.);
#5769 = EDGE_LOOP('',(#5770,#5771,#5794,#5821));
#5770 = ORIENTED_EDGE('',*,*,#1388,.T.);
#5771 = ORIENTED_EDGE('',*,*,#5772,.T.);
#5772 = EDGE_CURVE('',#1389,#5773,#5775,.T.);
#5773 = VERTEX_POINT('',#5774);
#5774 = CARTESIAN_POINT('',(73.3,59.8,2.7));
#5775 = SEAM_CURVE('',#5776,(#5780,#5787),.PCURVE_S1.);
#5776 = LINE('',#5777,#5778);
#5777 = CARTESIAN_POINT('',(73.3,59.8,-1.));
#5778 = VECTOR('',#5779,1.);
#5779 = DIRECTION('',(0.,0.,1.));
#5780 = PCURVE('',#1409,#5781);
#5781 = DEFINITIONAL_REPRESENTATION('',(#5782),#5786);
#5782 = LINE('',#5783,#5784);
#5783 = CARTESIAN_POINT('',(-6.28318530718,0.));
#5784 = VECTOR('',#5785,1.);
#5785 = DIRECTION('',(-0.,-1.));
#5786 = ( GEOMETRIC_REPRESENTATION_CONTEXT(2) 
PARAMETRIC_REPRESENTATION_CONTEXT() REPRESENTATION_CONTEXT('2D SPACE',''
  ) );
#5787 = PCURVE('',#1409,#5788);
#5788 = DEFINITIONAL_REPRESENTATION('',(#5789),#5793);
#5789 = LINE('',#5790,#5791);
#5790 = CARTESIAN_POINT('',(-0.,0.));
#5791 = VECTOR('',#5792,1.);
#5792 = DIRECTION('',(-0.,-1.));
#5793 = ( GEOMETRIC_REPRESENTATION_CONTEXT(2) 
PARAMETRIC_REPRESENTATION_CONTEXT() REPRESENTATION_CONTEXT('2D SPACE',''
  ) );
#5794 = ORIENTED_EDGE('',*,*,#5795,.T.);
#5795 = EDGE_CURVE('',#5773,#5773,#5796,.T.);
#5796 = SURFACE_CURVE('',#5797,(#5802,#5809),.PCURVE_S1.);
#5797 = CIRCLE('',#5798,2.8);
#5798 = AXIS2_PLACEMENT_3D('',#5799,#5800,#5801);
#5799 = CARTESIAN_POINT('',(70.5,59.8,2.7));
#5800 = DIRECTION('',(0.,0.,1.));
#5801 = DIRECTION('',(1.,0.,0.));
#5802 = PCURVE('',#1409,#5803);
#5803 = DEFINITIONAL_REPRESENTATION('',(#5804),#5808);
#5804 = LINE('',#5805,#5806);
#5805 = CARTESIAN_POINT('',(-0.,-3.7));
#5806 = VECTOR('',#5807,1.);
#5807 = DIRECTION('',(-1.,0.));
#5808 = ( GEOMETRIC_REPRESENTATION_CONTEXT(2) 
PARAMETRIC_REPRESENTATION_CONTEXT() REPRESENTATION_CONTEXT('2D SPACE',''
  ) );
#5809 = PCURVE('',#5810,#5815);
#5810 = PLANE('',#5811);
#5811 = AXIS2_PLACEMENT_3D('',#5812,#5813,#5814);
#5812 = CARTESIAN_POINT('',(12.5,10.8,2.7));
#5813 = DIRECTION('',(0.,0.,1.));
#5814 = DIRECTION('',(1.,0.,-0.));
#5815 = DEFINITIONAL_REPRESENTATION('',(#5816),#5820);
#5816 = CIRCLE('',#5817,2.8);
#5817 = AXIS2_PLACEMENT_2D('',#5818,#5819);
#5818 = CARTESIAN_POINT('',(58.,49.));
#5819 = DIRECTION('',(1.,0.));
#5820 = ( GEOMETRIC_REPRESENTATION_CONTEXT(2) 
PARAMETRIC_REPRESENTATION_CONTEXT() REPRESENTATION_CONTEXT('2D SPACE',''
  ) );
#5821 = ORIENTED_EDGE('',*,*,#5772,.F.);
#5822 = ADVANCED_FACE('',(#5823),#1720,.F.);
#5823 = FACE_BOUND('',#5824,.T.);
#5824 = EDGE_LOOP('',(#5825,#5826,#5847,#5848));
#5825 = ORIENTED_EDGE('',*,*,#1699,.T.);
#5826 = ORIENTED_EDGE('',*,*,#5827,.T.);
#5827 = EDGE_CURVE('',#1700,#3753,#5828,.T.);
#5828 = SEAM_CURVE('',#5829,(#5833,#5840),.PCURVE_S1.);
#5829 = LINE('',#5830,#5831);
#5830 = CARTESIAN_POINT('',(-1.,57.8,21.));
#5831 = VECTOR('',#5832,1.);
#5832 = DIRECTION('',(1.,0.,0.));
#5833 = PCURVE('',#1720,#5834);
#5834 = DEFINITIONAL_REPRESENTATION('',(#5835),#5839);
#5835 = LINE('',#5836,#5837);
#5836 = CARTESIAN_POINT('',(-6.28318530718,0.));
#5837 = VECTOR('',#5838,1.);
#5838 = DIRECTION('',(-0.,-1.));
#5839 = ( GEOMETRIC_REPRESENTATION_CONTEXT(2) 
PARAMETRIC_REPRESENTATION_CONTEXT() REPRESENTATION_CONTEXT('2D SPACE',''
  ) );
#5840 = PCURVE('',#1720,#5841);
#5841 = DEFINITIONAL_REPRESENTATION('',(#5842),#5846);
#5842 = LINE('',#5843,#5844);
#5843 = CARTESIAN_POINT('',(-0.,0.));
#5844 = VECTOR('',#5845,1.);
#5845 = DIRECTION('',(-0.,-1.));
#5846 = ( GEOMETRIC_REPRESENTATION_CONTEXT(2) 
PARAMETRIC_REPRESENTATION_CONTEXT() REPRESENTATION_CONTEXT('2D SPACE',''
  ) );
#5847 = ORIENTED_EDGE('',*,*,#3752,.F.);
#5848 = ORIENTED_EDGE('',*,*,#5827,.F.);
#5849 = ADVANCED_FACE('',(#5850),#1751,.T.);
#5850 = FACE_BOUND('',#5851,.T.);
#5851 = EDGE_LOOP('',(#5852,#5873,#5874,#5895));
#5852 = ORIENTED_EDGE('',*,*,#5853,.F.);
#5853 = EDGE_CURVE('',#1735,#3783,#5854,.T.);
#5854 = SURFACE_CURVE('',#5855,(#5859,#5866),.PCURVE_S1.);
#5855 = LINE('',#5856,#5857);
#5856 = CARTESIAN_POINT('',(-4.5,59.3,33.5));
#5857 = VECTOR('',#5858,1.);
#5858 = DIRECTION('',(1.,0.,0.));
#5859 = PCURVE('',#1751,#5860);
#5860 = DEFINITIONAL_REPRESENTATION('',(#5861),#5865);
#5861 = LINE('',#5862,#5863);
#5862 = CARTESIAN_POINT('',(0.,3.));
#5863 = VECTOR('',#5864,1.);
#5864 = DIRECTION('',(1.,0.));
#5865 = ( GEOMETRIC_REPRESENTATION_CONTEXT(2) 
PARAMETRIC_REPRESENTATION_CONTEXT() REPRESENTATION_CONTEXT('2D SPACE',''
  ) );
#5866 = PCURVE('',#1827,#5867);
#5867 = DEFINITIONAL_REPRESENTATION('',(#5868),#5872);
#5868 = LINE('',#5869,#5870);
#5869 = CARTESIAN_POINT('',(0.,0.));
#5870 = VECTOR('',#5871,1.);
#5871 = DIRECTION('',(0.,1.));
#5872 = ( GEOMETRIC_REPRESENTATION_CONTEXT(2) 
PARAMETRIC_REPRESENTATION_CONTEXT() REPRESENTATION_CONTEXT('2D SPACE',''
  ) );
#5873 = ORIENTED_EDGE('',*,*,#1734,.T.);
#5874 = ORIENTED_EDGE('',*,*,#5875,.T.);
#5875 = EDGE_CURVE('',#1737,#3785,#5876,.T.);
#5876 = SURFACE_CURVE('',#5877,(#5881,#5888),.PCURVE_S1.);
#5877 = LINE('',#5878,#5879);
#5878 = CARTESIAN_POINT('',(-4.5,56.3,33.5));
#5879 = VECTOR('',#5880,1.);
#5880 = DIRECTION('',(1.,0.,0.));
#5881 = PCURVE('',#1751,#5882);
#5882 = DEFINITIONAL_REPRESENTATION('',(#5883),#5887);
#5883 = LINE('',#5884,#5885);
#5884 = CARTESIAN_POINT('',(0.,0.));
#5885 = VECTOR('',#5886,1.);
#5886 = DIRECTION('',(1.,0.));
#5887 = ( GEOMETRIC_REPRESENTATION_CONTEXT(2) 
PARAMETRIC_REPRESENTATION_CONTEXT() REPRESENTATION_CONTEXT('2D SPACE',''
  ) );
#5888 = PCURVE('',#1777,#5889);
#5889 = DEFINITIONAL_REPRESENTATION('',(#5890),#5894);
#5890 = LINE('',#5891,#5892);
#5891 = CARTESIAN_POINT('',(0.,0.));
#5892 = VECTOR('',#5893,1.);
#5893 = DIRECTION('',(0.,1.));
#5894 = ( GEOMETRIC_REPRESENTATION_CONTEXT(2) 
PARAMETRIC_REPRESENTATION_CONTEXT() REPRESENTATION_CONTEXT('2D SPACE',''
  ) );
#5895 = ORIENTED_EDGE('',*,*,#3782,.F.);
#5896 = ADVANCED_FACE('',(#5897),#1827,.F.);
#5897 = FACE_BOUND('',#5898,.F.);
#5898 = EDGE_LOOP('',(#5899,#5900,#5901,#5922));
#5899 = ORIENTED_EDGE('',*,*,#5853,.F.);
#5900 = ORIENTED_EDGE('',*,*,#1814,.T.);
#5901 = ORIENTED_EDGE('',*,*,#5902,.T.);
#5902 = EDGE_CURVE('',#1789,#3827,#5903,.T.);
#5903 = SURFACE_CURVE('',#5904,(#5908,#5915),.PCURVE_S1.);
#5904 = LINE('',#5905,#5906);
#5905 = CARTESIAN_POINT('',(-4.5,59.3,46.7));
#5906 = VECTOR('',#5907,1.);
#5907 = DIRECTION('',(1.,0.,0.));
#5908 = PCURVE('',#1827,#5909);
#5909 = DEFINITIONAL_REPRESENTATION('',(#5910),#5914);
#5910 = LINE('',#5911,#5912);
#5911 = CARTESIAN_POINT('',(13.2,0.));
#5912 = VECTOR('',#5913,1.);
#5913 = DIRECTION('',(0.,1.));
#5914 = ( GEOMETRIC_REPRESENTATION_CONTEXT(2) 
PARAMETRIC_REPRESENTATION_CONTEXT() REPRESENTATION_CONTEXT('2D SPACE',''
  ) );
#5915 = PCURVE('',#1803,#5916);
#5916 = DEFINITIONAL_REPRESENTATION('',(#5917),#5921);
#5917 = LINE('',#5918,#5919);
#5918 = CARTESIAN_POINT('',(0.,3.));
#5919 = VECTOR('',#5920,1.);
#5920 = DIRECTION('',(1.,0.));
#5921 = ( GEOMETRIC_REPRESENTATION_CONTEXT(2) 
PARAMETRIC_REPRESENTATION_CONTEXT() REPRESENTATION_CONTEXT('2D SPACE',''
  ) );
#5922 = ORIENTED_EDGE('',*,*,#3847,.F.);
#5923 = ADVANCED_FACE('',(#5924),#1803,.F.);
#5924 = FACE_BOUND('',#5925,.F.);
#5925 = EDGE_LOOP('',(#5926,#5927,#5928,#5949));
#5926 = ORIENTED_EDGE('',*,*,#5902,.F.);
#5927 = ORIENTED_EDGE('',*,*,#1788,.T.);
#5928 = ORIENTED_EDGE('',*,*,#5929,.T.);
#5929 = EDGE_CURVE('',#1763,#3806,#5930,.T.);
#5930 = SURFACE_CURVE('',#5931,(#5935,#5942),.PCURVE_S1.);
#5931 = LINE('',#5932,#5933);
#5932 = CARTESIAN_POINT('',(-4.5,56.3,46.7));
#5933 = VECTOR('',#5934,1.);
#5934 = DIRECTION('',(1.,0.,0.));
#5935 = PCURVE('',#1803,#5936);
#5936 = DEFINITIONAL_REPRESENTATION('',(#5937),#5941);
#5937 = LINE('',#5938,#5939);
#5938 = CARTESIAN_POINT('',(0.,0.));
#5939 = VECTOR('',#5940,1.);
#5940 = DIRECTION('',(1.,0.));
#5941 = ( GEOMETRIC_REPRESENTATION_CONTEXT(2) 
PARAMETRIC_REPRESENTATION_CONTEXT() REPRESENTATION_CONTEXT('2D SPACE',''
  ) );
#5942 = PCURVE('',#1777,#5943);
#5943 = DEFINITIONAL_REPRESENTATION('',(#5944),#5948);
#5944 = LINE('',#5945,#5946);
#5945 = CARTESIAN_POINT('',(13.2,0.));
#5946 = VECTOR('',#5947,1.);
#5947 = DIRECTION('',(0.,1.));
#5948 = ( GEOMETRIC_REPRESENTATION_CONTEXT(2) 
PARAMETRIC_REPRESENTATION_CONTEXT() REPRESENTATION_CONTEXT('2D SPACE',''
  ) );
#5949 = ORIENTED_EDGE('',*,*,#3826,.F.);
#5950 = ADVANCED_FACE('',(#5951),#1777,.T.);
#5951 = FACE_BOUND('',#5952,.T.);
#5952 = EDGE_LOOP('',(#5953,#5954,#5955,#5956));
#5953 = ORIENTED_EDGE('',*,*,#5875,.F.);
#5954 = ORIENTED_EDGE('',*,*,#1762,.T.);
#5955 = ORIENTED_EDGE('',*,*,#5929,.T.);
#5956 = ORIENTED_EDGE('',*,*,#3805,.F.);
#5957 = ADVANCED_FACE('',(#5958),#1857,.T.);
#5958 = FACE_BOUND('',#5959,.T.);
#5959 = EDGE_LOOP('',(#5960,#5981,#5982,#6003));
#5960 = ORIENTED_EDGE('',*,*,#5961,.F.);
#5961 = EDGE_CURVE('',#1841,#3869,#5962,.T.);
#5962 = SURFACE_CURVE('',#5963,(#5967,#5974),.PCURVE_S1.);
#5963 = LINE('',#5964,#5965);
#5964 = CARTESIAN_POINT('',(-4.5,51.8,33.5));
#5965 = VECTOR('',#5966,1.);
#5966 = DIRECTION('',(1.,0.,0.));
#5967 = PCURVE('',#1857,#5968);
#5968 = DEFINITIONAL_REPRESENTATION('',(#5969),#5973);
#5969 = LINE('',#5970,#5971);
#5970 = CARTESIAN_POINT('',(0.,3.));
#5971 = VECTOR('',#5972,1.);
#5972 = DIRECTION('',(1.,0.));
#5973 = ( GEOMETRIC_REPRESENTATION_CONTEXT(2) 
PARAMETRIC_REPRESENTATION_CONTEXT() REPRESENTATION_CONTEXT('2D SPACE',''
  ) );
#5974 = PCURVE('',#1933,#5975);
#5975 = DEFINITIONAL_REPRESENTATION('',(#5976),#5980);
#5976 = LINE('',#5977,#5978);
#5977 = CARTESIAN_POINT('',(0.,0.));
#5978 = VECTOR('',#5979,1.);
#5979 = DIRECTION('',(0.,1.));
#5980 = ( GEOMETRIC_REPRESENTATION_CONTEXT(2) 
PARAMETRIC_REPRESENTATION_CONTEXT() REPRESENTATION_CONTEXT('2D SPACE',''
  ) );
#5981 = ORIENTED_EDGE('',*,*,#1840,.T.);
#5982 = ORIENTED_EDGE('',*,*,#5983,.T.);
#5983 = EDGE_CURVE('',#1843,#3871,#5984,.T.);
#5984 = SURFACE_CURVE('',#5985,(#5989,#5996),.PCURVE_S1.);
#5985 = LINE('',#5986,#5987);
#5986 = CARTESIAN_POINT('',(-4.5,48.8,33.5));
#5987 = VECTOR('',#5988,1.);
#5988 = DIRECTION('',(1.,0.,0.));
#5989 = PCURVE('',#1857,#5990);
#5990 = DEFINITIONAL_REPRESENTATION('',(#5991),#5995);
#5991 = LINE('',#5992,#5993);
#5992 = CARTESIAN_POINT('',(0.,0.));
#5993 = VECTOR('',#5994,1.);
#5994 = DIRECTION('',(1.,0.));
#5995 = ( GEOMETRIC_REPRESENTATION_CONTEXT(2) 
PARAMETRIC_REPRESENTATION_CONTEXT() REPRESENTATION_CONTEXT('2D SPACE',''
  ) );
#5996 = PCURVE('',#1883,#5997);
#5997 = DEFINITIONAL_REPRESENTATION('',(#5998),#6002);
#5998 = LINE('',#5999,#6000);
#5999 = CARTESIAN_POINT('',(0.,0.));
#6000 = VECTOR('',#6001,1.);
#6001 = DIRECTION('',(0.,1.));
#6002 = ( GEOMETRIC_REPRESENTATION_CONTEXT(2) 
PARAMETRIC_REPRESENTATION_CONTEXT() REPRESENTATION_CONTEXT('2D SPACE',''
  ) );
#6003 = ORIENTED_EDGE('',*,*,#3868,.F.);
#6004 = ADVANCED_FACE('',(#6005),#1933,.F.);
#6005 = FACE_BOUND('',#6006,.F.);
#6006 = EDGE_LOOP('',(#6007,#6008,#6009,#6030));
#6007 = ORIENTED_EDGE('',*,*,#5961,.F.);
#6008 = ORIENTED_EDGE('',*,*,#1920,.T.);
#6009 = ORIENTED_EDGE('',*,*,#6010,.T.);
#6010 = EDGE_CURVE('',#1895,#3913,#6011,.T.);
#6011 = SURFACE_CURVE('',#6012,(#6016,#6023),.PCURVE_S1.);
#6012 = LINE('',#6013,#6014);
#6013 = CARTESIAN_POINT('',(-4.5,51.8,46.7));
#6014 = VECTOR('',#6015,1.);
#6015 = DIRECTION('',(1.,0.,0.));
#6016 = PCURVE('',#1933,#6017);
#6017 = DEFINITIONAL_REPRESENTATION('',(#6018),#6022);
#6018 = LINE('',#6019,#6020);
#6019 = CARTESIAN_POINT('',(13.2,0.));
#6020 = VECTOR('',#6021,1.);
#6021 = DIRECTION('',(0.,1.));
#6022 = ( GEOMETRIC_REPRESENTATION_CONTEXT(2) 
PARAMETRIC_REPRESENTATION_CONTEXT() REPRESENTATION_CONTEXT('2D SPACE',''
  ) );
#6023 = PCURVE('',#1909,#6024);
#6024 = DEFINITIONAL_REPRESENTATION('',(#6025),#6029);
#6025 = LINE('',#6026,#6027);
#6026 = CARTESIAN_POINT('',(0.,3.));
#6027 = VECTOR('',#6028,1.);
#6028 = DIRECTION('',(1.,0.));
#6029 = ( GEOMETRIC_REPRESENTATION_CONTEXT(2) 
PARAMETRIC_REPRESENTATION_CONTEXT() REPRESENTATION_CONTEXT('2D SPACE',''
  ) );
#6030 = ORIENTED_EDGE('',*,*,#3933,.F.);
#6031 = ADVANCED_FACE('',(#6032),#1883,.T.);
#6032 = FACE_BOUND('',#6033,.T.);
#6033 = EDGE_LOOP('',(#6034,#6035,#6036,#6057));
#6034 = ORIENTED_EDGE('',*,*,#5983,.F.);
#6035 = ORIENTED_EDGE('',*,*,#1868,.T.);
#6036 = ORIENTED_EDGE('',*,*,#6037,.T.);
#6037 = EDGE_CURVE('',#1869,#3892,#6038,.T.);
#6038 = SURFACE_CURVE('',#6039,(#6043,#6050),.PCURVE_S1.);
#6039 = LINE('',#6040,#6041);
#6040 = CARTESIAN_POINT('',(-4.5,48.8,46.7));
#6041 = VECTOR('',#6042,1.);
#6042 = DIRECTION('',(1.,0.,0.));
#6043 = PCURVE('',#1883,#6044);
#6044 = DEFINITIONAL_REPRESENTATION('',(#6045),#6049);
#6045 = LINE('',#6046,#6047);
#6046 = CARTESIAN_POINT('',(13.2,0.));
#6047 = VECTOR('',#6048,1.);
#6048 = DIRECTION('',(0.,1.));
#6049 = ( GEOMETRIC_REPRESENTATION_CONTEXT(2) 
PARAMETRIC_REPRESENTATION_CONTEXT() REPRESENTATION_CONTEXT('2D SPACE',''
  ) );
#6050 = PCURVE('',#1909,#6051);
#6051 = DEFINITIONAL_REPRESENTATION('',(#6052),#6056);
#6052 = LINE('',#6053,#6054);
#6053 = CARTESIAN_POINT('',(0.,0.));
#6054 = VECTOR('',#6055,1.);
#6055 = DIRECTION('',(1.,0.));
#6056 = ( GEOMETRIC_REPRESENTATION_CONTEXT(2) 
PARAMETRIC_REPRESENTATION_CONTEXT() REPRESENTATION_CONTEXT('2D SPACE',''
  ) );
#6057 = ORIENTED_EDGE('',*,*,#3891,.F.);
#6058 = ADVANCED_FACE('',(#6059),#1909,.F.);
#6059 = FACE_BOUND('',#6060,.F.);
#6060 = EDGE_LOOP('',(#6061,#6062,#6063,#6064));
#6061 = ORIENTED_EDGE('',*,*,#6010,.F.);
#6062 = ORIENTED_EDGE('',*,*,#1894,.T.);
#6063 = ORIENTED_EDGE('',*,*,#6037,.T.);
#6064 = ORIENTED_EDGE('',*,*,#3912,.F.);
#6065 = ADVANCED_FACE('',(#6066),#1963,.T.);
#6066 = FACE_BOUND('',#6067,.T.);
#6067 = EDGE_LOOP('',(#6068,#6089,#6090,#6111));
#6068 = ORIENTED_EDGE('',*,*,#6069,.F.);
#6069 = EDGE_CURVE('',#1947,#3955,#6070,.T.);
#6070 = SURFACE_CURVE('',#6071,(#6075,#6082),.PCURVE_S1.);
#6071 = LINE('',#6072,#6073);
#6072 = CARTESIAN_POINT('',(-4.5,44.3,33.5));
#6073 = VECTOR('',#6074,1.);
#6074 = DIRECTION('',(1.,0.,0.));
#6075 = PCURVE('',#1963,#6076);
#6076 = DEFINITIONAL_REPRESENTATION('',(#6077),#6081);
#6077 = LINE('',#6078,#6079);
#6078 = CARTESIAN_POINT('',(0.,3.));
#6079 = VECTOR('',#6080,1.);
#6080 = DIRECTION('',(1.,0.));
#6081 = ( GEOMETRIC_REPRESENTATION_CONTEXT(2) 
PARAMETRIC_REPRESENTATION_CONTEXT() REPRESENTATION_CONTEXT('2D SPACE',''
  ) );
#6082 = PCURVE('',#2039,#6083);
#6083 = DEFINITIONAL_REPRESENTATION('',(#6084),#6088);
#6084 = LINE('',#6085,#6086);
#6085 = CARTESIAN_POINT('',(0.,0.));
#6086 = VECTOR('',#6087,1.);
#6087 = DIRECTION('',(0.,1.));
#6088 = ( GEOMETRIC_REPRESENTATION_CONTEXT(2) 
PARAMETRIC_REPRESENTATION_CONTEXT() REPRESENTATION_CONTEXT('2D SPACE',''
  ) );
#6089 = ORIENTED_EDGE('',*,*,#1946,.T.);
#6090 = ORIENTED_EDGE('',*,*,#6091,.T.);
#6091 = EDGE_CURVE('',#1949,#3957,#6092,.T.);
#6092 = SURFACE_CURVE('',#6093,(#6097,#6104),.PCURVE_S1.);
#6093 = LINE('',#6094,#6095);
#6094 = CARTESIAN_POINT('',(-4.5,41.3,33.5));
#6095 = VECTOR('',#6096,1.);
#6096 = DIRECTION('',(1.,0.,0.));
#6097 = PCURVE('',#1963,#6098);
#6098 = DEFINITIONAL_REPRESENTATION('',(#6099),#6103);
#6099 = LINE('',#6100,#6101);
#6100 = CARTESIAN_POINT('',(0.,0.));
#6101 = VECTOR('',#6102,1.);
#6102 = DIRECTION('',(1.,0.));
#6103 = ( GEOMETRIC_REPRESENTATION_CONTEXT(2) 
PARAMETRIC_REPRESENTATION_CONTEXT() REPRESENTATION_CONTEXT('2D SPACE',''
  ) );
#6104 = PCURVE('',#1989,#6105);
#6105 = DEFINITIONAL_REPRESENTATION('',(#6106),#6110);
#6106 = LINE('',#6107,#6108);
#6107 = CARTESIAN_POINT('',(0.,0.));
#6108 = VECTOR('',#6109,1.);
#6109 = DIRECTION('',(0.,1.));
#6110 = ( GEOMETRIC_REPRESENTATION_CONTEXT(2) 
PARAMETRIC_REPRESENTATION_CONTEXT() REPRESENTATION_CONTEXT('2D SPACE',''
  ) );
#6111 = ORIENTED_EDGE('',*,*,#3954,.F.);
#6112 = ADVANCED_FACE('',(#6113),#2039,.F.);
#6113 = FACE_BOUND('',#6114,.F.);
#6114 = EDGE_LOOP('',(#6115,#6116,#6117,#6138));
#6115 = ORIENTED_EDGE('',*,*,#6069,.F.);
#6116 = ORIENTED_EDGE('',*,*,#2026,.T.);
#6117 = ORIENTED_EDGE('',*,*,#6118,.T.);
#6118 = EDGE_CURVE('',#2001,#3999,#6119,.T.);
#6119 = SURFACE_CURVE('',#6120,(#6124,#6131),.PCURVE_S1.);
#6120 = LINE('',#6121,#6122);
#6121 = CARTESIAN_POINT('',(-4.5,44.3,46.7));
#6122 = VECTOR('',#6123,1.);
#6123 = DIRECTION('',(1.,0.,0.));
#6124 = PCURVE('',#2039,#6125);
#6125 = DEFINITIONAL_REPRESENTATION('',(#6126),#6130);
#6126 = LINE('',#6127,#6128);
#6127 = CARTESIAN_POINT('',(13.2,0.));
#6128 = VECTOR('',#6129,1.);
#6129 = DIRECTION('',(0.,1.));
#6130 = ( GEOMETRIC_REPRESENTATION_CONTEXT(2) 
PARAMETRIC_REPRESENTATION_CONTEXT() REPRESENTATION_CONTEXT('2D SPACE',''
  ) );
#6131 = PCURVE('',#2015,#6132);
#6132 = DEFINITIONAL_REPRESENTATION('',(#6133),#6137);
#6133 = LINE('',#6134,#6135);
#6134 = CARTESIAN_POINT('',(0.,3.));
#6135 = VECTOR('',#6136,1.);
#6136 = DIRECTION('',(1.,0.));
#6137 = ( GEOMETRIC_REPRESENTATION_CONTEXT(2) 
PARAMETRIC_REPRESENTATION_CONTEXT() REPRESENTATION_CONTEXT('2D SPACE',''
  ) );
#6138 = ORIENTED_EDGE('',*,*,#4019,.F.);
#6139 = ADVANCED_FACE('',(#6140),#1989,.T.);
#6140 = FACE_BOUND('',#6141,.T.);
#6141 = EDGE_LOOP('',(#6142,#6143,#6144,#6165));
#6142 = ORIENTED_EDGE('',*,*,#6091,.F.);
#6143 = ORIENTED_EDGE('',*,*,#1974,.T.);
#6144 = ORIENTED_EDGE('',*,*,#6145,.T.);
#6145 = EDGE_CURVE('',#1975,#3978,#6146,.T.);
#6146 = SURFACE_CURVE('',#6147,(#6151,#6158),.PCURVE_S1.);
#6147 = LINE('',#6148,#6149);
#6148 = CARTESIAN_POINT('',(-4.5,41.3,46.7));
#6149 = VECTOR('',#6150,1.);
#6150 = DIRECTION('',(1.,0.,0.));
#6151 = PCURVE('',#1989,#6152);
#6152 = DEFINITIONAL_REPRESENTATION('',(#6153),#6157);
#6153 = LINE('',#6154,#6155);
#6154 = CARTESIAN_POINT('',(13.2,0.));
#6155 = VECTOR('',#6156,1.);
#6156 = DIRECTION('',(0.,1.));
#6157 = ( GEOMETRIC_REPRESENTATION_CONTEXT(2) 
PARAMETRIC_REPRESENTATION_CONTEXT() REPRESENTATION_CONTEXT('2D SPACE',''
  ) );
#6158 = PCURVE('',#2015,#6159);
#6159 = DEFINITIONAL_REPRESENTATION('',(#6160),#6164);
#6160 = LINE('',#6161,#6162);
#6161 = CARTESIAN_POINT('',(0.,0.));
#6162 = VECTOR('',#6163,1.);
#6163 = DIRECTION('',(1.,0.));
#6164 = ( GEOMETRIC_REPRESENTATION_CONTEXT(2) 
PARAMETRIC_REPRESENTATION_CONTEXT() REPRESENTATION_CONTEXT('2D SPACE',''
  ) );
#6165 = ORIENTED_EDGE('',*,*,#3977,.F.);
#6166 = ADVANCED_FACE('',(#6167),#2015,.F.);
#6167 = FACE_BOUND('',#6168,.F.);
#6168 = EDGE_LOOP('',(#6169,#6170,#6171,#6172));
#6169 = ORIENTED_EDGE('',*,*,#6118,.F.);
#6170 = ORIENTED_EDGE('',*,*,#2000,.T.);
#6171 = ORIENTED_EDGE('',*,*,#6145,.T.);
#6172 = ORIENTED_EDGE('',*,*,#3998,.F.);
#6173 = ADVANCED_FACE('',(#6174),#2069,.T.);
#6174 = FACE_BOUND('',#6175,.T.);
#6175 = EDGE_LOOP('',(#6176,#6197,#6198,#6219));
#6176 = ORIENTED_EDGE('',*,*,#6177,.F.);
#6177 = EDGE_CURVE('',#2053,#4041,#6178,.T.);
#6178 = SURFACE_CURVE('',#6179,(#6183,#6190),.PCURVE_S1.);
#6179 = LINE('',#6180,#6181);
#6180 = CARTESIAN_POINT('',(-4.5,42.3,26.4));
#6181 = VECTOR('',#6182,1.);
#6182 = DIRECTION('',(1.,0.,0.));
#6183 = PCURVE('',#2069,#6184);
#6184 = DEFINITIONAL_REPRESENTATION('',(#6185),#6189);
#6185 = LINE('',#6186,#6187);
#6186 = CARTESIAN_POINT('',(0.,14.));
#6187 = VECTOR('',#6188,1.);
#6188 = DIRECTION('',(1.,0.));
#6189 = ( GEOMETRIC_REPRESENTATION_CONTEXT(2) 
PARAMETRIC_REPRESENTATION_CONTEXT() REPRESENTATION_CONTEXT('2D SPACE',''
  ) );
#6190 = PCURVE('',#2145,#6191);
#6191 = DEFINITIONAL_REPRESENTATION('',(#6192),#6196);
#6192 = LINE('',#6193,#6194);
#6193 = CARTESIAN_POINT('',(0.,0.));
#6194 = VECTOR('',#6195,1.);
#6195 = DIRECTION('',(0.,1.));
#6196 = ( GEOMETRIC_REPRESENTATION_CONTEXT(2) 
PARAMETRIC_REPRESENTATION_CONTEXT() REPRESENTATION_CONTEXT('2D SPACE',''
  ) );
#6197 = ORIENTED_EDGE('',*,*,#2052,.T.);
#6198 = ORIENTED_EDGE('',*,*,#6199,.T.);
#6199 = EDGE_CURVE('',#2055,#4043,#6200,.T.);
#6200 = SURFACE_CURVE('',#6201,(#6205,#6212),.PCURVE_S1.);
#6201 = LINE('',#6202,#6203);
#6202 = CARTESIAN_POINT('',(-4.5,28.3,26.4));
#6203 = VECTOR('',#6204,1.);
#6204 = DIRECTION('',(1.,0.,0.));
#6205 = PCURVE('',#2069,#6206);
#6206 = DEFINITIONAL_REPRESENTATION('',(#6207),#6211);
#6207 = LINE('',#6208,#6209);
#6208 = CARTESIAN_POINT('',(0.,0.));
#6209 = VECTOR('',#6210,1.);
#6210 = DIRECTION('',(1.,0.));
#6211 = ( GEOMETRIC_REPRESENTATION_CONTEXT(2) 
PARAMETRIC_REPRESENTATION_CONTEXT() REPRESENTATION_CONTEXT('2D SPACE',''
  ) );
#6212 = PCURVE('',#2095,#6213);
#6213 = DEFINITIONAL_REPRESENTATION('',(#6214),#6218);
#6214 = LINE('',#6215,#6216);
#6215 = CARTESIAN_POINT('',(0.,0.));
#6216 = VECTOR('',#6217,1.);
#6217 = DIRECTION('',(0.,1.));
#6218 = ( GEOMETRIC_REPRESENTATION_CONTEXT(2) 
PARAMETRIC_REPRESENTATION_CONTEXT() REPRESENTATION_CONTEXT('2D SPACE',''
  ) );
#6219 = ORIENTED_EDGE('',*,*,#4040,.F.);
#6220 = ADVANCED_FACE('',(#6221),#2145,.F.);
#6221 = FACE_BOUND('',#6222,.F.);
#6222 = EDGE_LOOP('',(#6223,#6224,#6225,#6246));
#6223 = ORIENTED_EDGE('',*,*,#6177,.F.);
#6224 = ORIENTED_EDGE('',*,*,#2132,.T.);
#6225 = ORIENTED_EDGE('',*,*,#6226,.T.);
#6226 = EDGE_CURVE('',#2107,#4085,#6227,.T.);
#6227 = SURFACE_CURVE('',#6228,(#6232,#6239),.PCURVE_S1.);
#6228 = LINE('',#6229,#6230);
#6229 = CARTESIAN_POINT('',(-4.5,42.3,29.4));
#6230 = VECTOR('',#6231,1.);
#6231 = DIRECTION('',(1.,0.,0.));
#6232 = PCURVE('',#2145,#6233);
#6233 = DEFINITIONAL_REPRESENTATION('',(#6234),#6238);
#6234 = LINE('',#6235,#6236);
#6235 = CARTESIAN_POINT('',(3.,0.));
#6236 = VECTOR('',#6237,1.);
#6237 = DIRECTION('',(0.,1.));
#6238 = ( GEOMETRIC_REPRESENTATION_CONTEXT(2) 
PARAMETRIC_REPRESENTATION_CONTEXT() REPRESENTATION_CONTEXT('2D SPACE',''
  ) );
#6239 = PCURVE('',#2121,#6240);
#6240 = DEFINITIONAL_REPRESENTATION('',(#6241),#6245);
#6241 = LINE('',#6242,#6243);
#6242 = CARTESIAN_POINT('',(0.,14.));
#6243 = VECTOR('',#6244,1.);
#6244 = DIRECTION('',(1.,0.));
#6245 = ( GEOMETRIC_REPRESENTATION_CONTEXT(2) 
PARAMETRIC_REPRESENTATION_CONTEXT() REPRESENTATION_CONTEXT('2D SPACE',''
  ) );
#6246 = ORIENTED_EDGE('',*,*,#4105,.F.);
#6247 = ADVANCED_FACE('',(#6248),#2095,.T.);
#6248 = FACE_BOUND('',#6249,.T.);
#6249 = EDGE_LOOP('',(#6250,#6251,#6252,#6273));
#6250 = ORIENTED_EDGE('',*,*,#6199,.F.);
#6251 = ORIENTED_EDGE('',*,*,#2080,.T.);
#6252 = ORIENTED_EDGE('',*,*,#6253,.T.);
#6253 = EDGE_CURVE('',#2081,#4064,#6254,.T.);
#6254 = SURFACE_CURVE('',#6255,(#6259,#6266),.PCURVE_S1.);
#6255 = LINE('',#6256,#6257);
#6256 = CARTESIAN_POINT('',(-4.5,28.3,29.4));
#6257 = VECTOR('',#6258,1.);
#6258 = DIRECTION('',(1.,0.,0.));
#6259 = PCURVE('',#2095,#6260);
#6260 = DEFINITIONAL_REPRESENTATION('',(#6261),#6265);
#6261 = LINE('',#6262,#6263);
#6262 = CARTESIAN_POINT('',(3.,0.));
#6263 = VECTOR('',#6264,1.);
#6264 = DIRECTION('',(0.,1.));
#6265 = ( GEOMETRIC_REPRESENTATION_CONTEXT(2) 
PARAMETRIC_REPRESENTATION_CONTEXT() REPRESENTATION_CONTEXT('2D SPACE',''
  ) );
#6266 = PCURVE('',#2121,#6267);
#6267 = DEFINITIONAL_REPRESENTATION('',(#6268),#6272);
#6268 = LINE('',#6269,#6270);
#6269 = CARTESIAN_POINT('',(0.,0.));
#6270 = VECTOR('',#6271,1.);
#6271 = DIRECTION('',(1.,0.));
#6272 = ( GEOMETRIC_REPRESENTATION_CONTEXT(2) 
PARAMETRIC_REPRESENTATION_CONTEXT() REPRESENTATION_CONTEXT('2D SPACE',''
  ) );
#6273 = ORIENTED_EDGE('',*,*,#4063,.F.);
#6274 = ADVANCED_FACE('',(#6275),#2121,.F.);
#6275 = FACE_BOUND('',#6276,.F.);
#6276 = EDGE_LOOP('',(#6277,#6278,#6279,#6280));
#6277 = ORIENTED_EDGE('',*,*,#6226,.F.);
#6278 = ORIENTED_EDGE('',*,*,#2106,.T.);
#6279 = ORIENTED_EDGE('',*,*,#6253,.T.);
#6280 = ORIENTED_EDGE('',*,*,#4084,.F.);
#6281 = ADVANCED_FACE('',(#6282),#2179,.F.);
#6282 = FACE_BOUND('',#6283,.T.);
#6283 = EDGE_LOOP('',(#6284,#6285,#6306,#6307));
#6284 = ORIENTED_EDGE('',*,*,#2158,.T.);
#6285 = ORIENTED_EDGE('',*,*,#6286,.T.);
#6286 = EDGE_CURVE('',#2159,#4127,#6287,.T.);
#6287 = SEAM_CURVE('',#6288,(#6292,#6299),.PCURVE_S1.);
#6288 = LINE('',#6289,#6290);
#6289 = CARTESIAN_POINT('',(-1.,18.9,27.6));
#6290 = VECTOR('',#6291,1.);
#6291 = DIRECTION('',(1.,0.,0.));
#6292 = PCURVE('',#2179,#6293);
#6293 = DEFINITIONAL_REPRESENTATION('',(#6294),#6298);
#6294 = LINE('',#6295,#6296);
#6295 = CARTESIAN_POINT('',(-6.28318530718,0.));
#6296 = VECTOR('',#6297,1.);
#6297 = DIRECTION('',(-0.,-1.));
#6298 = ( GEOMETRIC_REPRESENTATION_CONTEXT(2) 
PARAMETRIC_REPRESENTATION_CONTEXT() REPRESENTATION_CONTEXT('2D SPACE',''
  ) );
#6299 = PCURVE('',#2179,#6300);
#6300 = DEFINITIONAL_REPRESENTATION('',(#6301),#6305);
#6301 = LINE('',#6302,#6303);
#6302 = CARTESIAN_POINT('',(-0.,0.));
#6303 = VECTOR('',#6304,1.);
#6304 = DIRECTION('',(-0.,-1.));
#6305 = ( GEOMETRIC_REPRESENTATION_CONTEXT(2) 
PARAMETRIC_REPRESENTATION_CONTEXT() REPRESENTATION_CONTEXT('2D SPACE',''
  ) );
#6306 = ORIENTED_EDGE('',*,*,#4126,.F.);
#6307 = ORIENTED_EDGE('',*,*,#6286,.F.);
#6308 = ADVANCED_FACE('',(#6309),#2210,.T.);
#6309 = FACE_BOUND('',#6310,.T.);
#6310 = EDGE_LOOP('',(#6311,#6332,#6333,#6354));
#6311 = ORIENTED_EDGE('',*,*,#6312,.F.);
#6312 = EDGE_CURVE('',#2194,#4157,#6313,.T.);
#6313 = SURFACE_CURVE('',#6314,(#6318,#6325),.PCURVE_S1.);
#6314 = LINE('',#6315,#6316);
#6315 = CARTESIAN_POINT('',(-4.5,29.3,33.5));
#6316 = VECTOR('',#6317,1.);
#6317 = DIRECTION('',(1.,0.,0.));
#6318 = PCURVE('',#2210,#6319);
#6319 = DEFINITIONAL_REPRESENTATION('',(#6320),#6324);
#6320 = LINE('',#6321,#6322);
#6321 = CARTESIAN_POINT('',(0.,3.));
#6322 = VECTOR('',#6323,1.);
#6323 = DIRECTION('',(1.,0.));
#6324 = ( GEOMETRIC_REPRESENTATION_CONTEXT(2) 
PARAMETRIC_REPRESENTATION_CONTEXT() REPRESENTATION_CONTEXT('2D SPACE',''
  ) );
#6325 = PCURVE('',#2286,#6326);
#6326 = DEFINITIONAL_REPRESENTATION('',(#6327),#6331);
#6327 = LINE('',#6328,#6329);
#6328 = CARTESIAN_POINT('',(0.,0.));
#6329 = VECTOR('',#6330,1.);
#6330 = DIRECTION('',(0.,1.));
#6331 = ( GEOMETRIC_REPRESENTATION_CONTEXT(2) 
PARAMETRIC_REPRESENTATION_CONTEXT() REPRESENTATION_CONTEXT('2D SPACE',''
  ) );
#6332 = ORIENTED_EDGE('',*,*,#2193,.T.);
#6333 = ORIENTED_EDGE('',*,*,#6334,.T.);
#6334 = EDGE_CURVE('',#2196,#4159,#6335,.T.);
#6335 = SURFACE_CURVE('',#6336,(#6340,#6347),.PCURVE_S1.);
#6336 = LINE('',#6337,#6338);
#6337 = CARTESIAN_POINT('',(-4.5,26.3,33.5));
#6338 = VECTOR('',#6339,1.);
#6339 = DIRECTION('',(1.,0.,0.));
#6340 = PCURVE('',#2210,#6341);
#6341 = DEFINITIONAL_REPRESENTATION('',(#6342),#6346);
#6342 = LINE('',#6343,#6344);
#6343 = CARTESIAN_POINT('',(0.,0.));
#6344 = VECTOR('',#6345,1.);
#6345 = DIRECTION('',(1.,0.));
#6346 = ( GEOMETRIC_REPRESENTATION_CONTEXT(2) 
PARAMETRIC_REPRESENTATION_CONTEXT() REPRESENTATION_CONTEXT('2D SPACE',''
  ) );
#6347 = PCURVE('',#2236,#6348);
#6348 = DEFINITIONAL_REPRESENTATION('',(#6349),#6353);
#6349 = LINE('',#6350,#6351);
#6350 = CARTESIAN_POINT('',(0.,0.));
#6351 = VECTOR('',#6352,1.);
#6352 = DIRECTION('',(0.,1.));
#6353 = ( GEOMETRIC_REPRESENTATION_CONTEXT(2) 
PARAMETRIC_REPRESENTATION_CONTEXT() REPRESENTATION_CONTEXT('2D SPACE',''
  ) );
#6354 = ORIENTED_EDGE('',*,*,#4156,.F.);
#6355 = ADVANCED_FACE('',(#6356),#2286,.F.);
#6356 = FACE_BOUND('',#6357,.F.);
#6357 = EDGE_LOOP('',(#6358,#6359,#6360,#6381));
#6358 = ORIENTED_EDGE('',*,*,#6312,.F.);
#6359 = ORIENTED_EDGE('',*,*,#2273,.T.);
#6360 = ORIENTED_EDGE('',*,*,#6361,.T.);
#6361 = EDGE_CURVE('',#2248,#4201,#6362,.T.);
#6362 = SURFACE_CURVE('',#6363,(#6367,#6374),.PCURVE_S1.);
#6363 = LINE('',#6364,#6365);
#6364 = CARTESIAN_POINT('',(-4.5,29.3,46.7));
#6365 = VECTOR('',#6366,1.);
#6366 = DIRECTION('',(1.,0.,0.));
#6367 = PCURVE('',#2286,#6368);
#6368 = DEFINITIONAL_REPRESENTATION('',(#6369),#6373);
#6369 = LINE('',#6370,#6371);
#6370 = CARTESIAN_POINT('',(13.2,0.));
#6371 = VECTOR('',#6372,1.);
#6372 = DIRECTION('',(0.,1.));
#6373 = ( GEOMETRIC_REPRESENTATION_CONTEXT(2) 
PARAMETRIC_REPRESENTATION_CONTEXT() REPRESENTATION_CONTEXT('2D SPACE',''
  ) );
#6374 = PCURVE('',#2262,#6375);
#6375 = DEFINITIONAL_REPRESENTATION('',(#6376),#6380);
#6376 = LINE('',#6377,#6378);
#6377 = CARTESIAN_POINT('',(0.,3.));
#6378 = VECTOR('',#6379,1.);
#6379 = DIRECTION('',(1.,0.));
#6380 = ( GEOMETRIC_REPRESENTATION_CONTEXT(2) 
PARAMETRIC_REPRESENTATION_CONTEXT() REPRESENTATION_CONTEXT('2D SPACE',''
  ) );
#6381 = ORIENTED_EDGE('',*,*,#4221,.F.);
#6382 = ADVANCED_FACE('',(#6383),#2236,.T.);
#6383 = FACE_BOUND('',#6384,.T.);
#6384 = EDGE_LOOP('',(#6385,#6386,#6387,#6408));
#6385 = ORIENTED_EDGE('',*,*,#6334,.F.);
#6386 = ORIENTED_EDGE('',*,*,#2221,.T.);
#6387 = ORIENTED_EDGE('',*,*,#6388,.T.);
#6388 = EDGE_CURVE('',#2222,#4180,#6389,.T.);
#6389 = SURFACE_CURVE('',#6390,(#6394,#6401),.PCURVE_S1.);
#6390 = LINE('',#6391,#6392);
#6391 = CARTESIAN_POINT('',(-4.5,26.3,46.7));
#6392 = VECTOR('',#6393,1.);
#6393 = DIRECTION('',(1.,0.,0.));
#6394 = PCURVE('',#2236,#6395);
#6395 = DEFINITIONAL_REPRESENTATION('',(#6396),#6400);
#6396 = LINE('',#6397,#6398);
#6397 = CARTESIAN_POINT('',(13.2,0.));
#6398 = VECTOR('',#6399,1.);
#6399 = DIRECTION('',(0.,1.));
#6400 = ( GEOMETRIC_REPRESENTATION_CONTEXT(2) 
PARAMETRIC_REPRESENTATION_CONTEXT() REPRESENTATION_CONTEXT('2D SPACE',''
  ) );
#6401 = PCURVE('',#2262,#6402);
#6402 = DEFINITIONAL_REPRESENTATION('',(#6403),#6407);
#6403 = LINE('',#6404,#6405);
#6404 = CARTESIAN_POINT('',(0.,0.));
#6405 = VECTOR('',#6406,1.);
#6406 = DIRECTION('',(1.,0.));
#6407 = ( GEOMETRIC_REPRESENTATION_CONTEXT(2) 
PARAMETRIC_REPRESENTATION_CONTEXT() REPRESENTATION_CONTEXT('2D SPACE',''
  ) );
#6408 = ORIENTED_EDGE('',*,*,#4179,.F.);
#6409 = ADVANCED_FACE('',(#6410),#2262,.F.);
#6410 = FACE_BOUND('',#6411,.F.);
#6411 = EDGE_LOOP('',(#6412,#6413,#6414,#6415));
#6412 = ORIENTED_EDGE('',*,*,#6361,.F.);
#6413 = ORIENTED_EDGE('',*,*,#2247,.T.);
#6414 = ORIENTED_EDGE('',*,*,#6388,.T.);
#6415 = ORIENTED_EDGE('',*,*,#4200,.F.);
#6416 = ADVANCED_FACE('',(#6417),#2316,.T.);
#6417 = FACE_BOUND('',#6418,.T.);
#6418 = EDGE_LOOP('',(#6419,#6440,#6441,#6462));
#6419 = ORIENTED_EDGE('',*,*,#6420,.F.);
#6420 = EDGE_CURVE('',#2300,#4243,#6421,.T.);
#6421 = SURFACE_CURVE('',#6422,(#6426,#6433),.PCURVE_S1.);
#6422 = LINE('',#6423,#6424);
#6423 = CARTESIAN_POINT('',(-4.5,21.8,33.5));
#6424 = VECTOR('',#6425,1.);
#6425 = DIRECTION('',(1.,0.,0.));
#6426 = PCURVE('',#2316,#6427);
#6427 = DEFINITIONAL_REPRESENTATION('',(#6428),#6432);
#6428 = LINE('',#6429,#6430);
#6429 = CARTESIAN_POINT('',(0.,3.));
#6430 = VECTOR('',#6431,1.);
#6431 = DIRECTION('',(1.,0.));
#6432 = ( GEOMETRIC_REPRESENTATION_CONTEXT(2) 
PARAMETRIC_REPRESENTATION_CONTEXT() REPRESENTATION_CONTEXT('2D SPACE',''
  ) );
#6433 = PCURVE('',#2392,#6434);
#6434 = DEFINITIONAL_REPRESENTATION('',(#6435),#6439);
#6435 = LINE('',#6436,#6437);
#6436 = CARTESIAN_POINT('',(0.,0.));
#6437 = VECTOR('',#6438,1.);
#6438 = DIRECTION('',(0.,1.));
#6439 = ( GEOMETRIC_REPRESENTATION_CONTEXT(2) 
PARAMETRIC_REPRESENTATION_CONTEXT() REPRESENTATION_CONTEXT('2D SPACE',''
  ) );
#6440 = ORIENTED_EDGE('',*,*,#2299,.T.);
#6441 = ORIENTED_EDGE('',*,*,#6442,.T.);
#6442 = EDGE_CURVE('',#2302,#4245,#6443,.T.);
#6443 = SURFACE_CURVE('',#6444,(#6448,#6455),.PCURVE_S1.);
#6444 = LINE('',#6445,#6446);
#6445 = CARTESIAN_POINT('',(-4.5,18.8,33.5));
#6446 = VECTOR('',#6447,1.);
#6447 = DIRECTION('',(1.,0.,0.));
#6448 = PCURVE('',#2316,#6449);
#6449 = DEFINITIONAL_REPRESENTATION('',(#6450),#6454);
#6450 = LINE('',#6451,#6452);
#6451 = CARTESIAN_POINT('',(0.,0.));
#6452 = VECTOR('',#6453,1.);
#6453 = DIRECTION('',(1.,0.));
#6454 = ( GEOMETRIC_REPRESENTATION_CONTEXT(2) 
PARAMETRIC_REPRESENTATION_CONTEXT() REPRESENTATION_CONTEXT('2D SPACE',''
  ) );
#6455 = PCURVE('',#2342,#6456);
#6456 = DEFINITIONAL_REPRESENTATION('',(#6457),#6461);
#6457 = LINE('',#6458,#6459);
#6458 = CARTESIAN_POINT('',(0.,0.));
#6459 = VECTOR('',#6460,1.);
#6460 = DIRECTION('',(0.,1.));
#6461 = ( GEOMETRIC_REPRESENTATION_CONTEXT(2) 
PARAMETRIC_REPRESENTATION_CONTEXT() REPRESENTATION_CONTEXT('2D SPACE',''
  ) );
#6462 = ORIENTED_EDGE('',*,*,#4242,.F.);
#6463 = ADVANCED_FACE('',(#6464),#2392,.F.);
#6464 = FACE_BOUND('',#6465,.F.);
#6465 = EDGE_LOOP('',(#6466,#6467,#6468,#6489));
#6466 = ORIENTED_EDGE('',*,*,#6420,.F.);
#6467 = ORIENTED_EDGE('',*,*,#2379,.T.);
#6468 = ORIENTED_EDGE('',*,*,#6469,.T.);
#6469 = EDGE_CURVE('',#2354,#4287,#6470,.T.);
#6470 = SURFACE_CURVE('',#6471,(#6475,#6482),.PCURVE_S1.);
#6471 = LINE('',#6472,#6473);
#6472 = CARTESIAN_POINT('',(-4.5,21.8,46.7));
#6473 = VECTOR('',#6474,1.);
#6474 = DIRECTION('',(1.,0.,0.));
#6475 = PCURVE('',#2392,#6476);
#6476 = DEFINITIONAL_REPRESENTATION('',(#6477),#6481);
#6477 = LINE('',#6478,#6479);
#6478 = CARTESIAN_POINT('',(13.2,0.));
#6479 = VECTOR('',#6480,1.);
#6480 = DIRECTION('',(0.,1.));
#6481 = ( GEOMETRIC_REPRESENTATION_CONTEXT(2) 
PARAMETRIC_REPRESENTATION_CONTEXT() REPRESENTATION_CONTEXT('2D SPACE',''
  ) );
#6482 = PCURVE('',#2368,#6483);
#6483 = DEFINITIONAL_REPRESENTATION('',(#6484),#6488);
#6484 = LINE('',#6485,#6486);
#6485 = CARTESIAN_POINT('',(0.,3.));
#6486 = VECTOR('',#6487,1.);
#6487 = DIRECTION('',(1.,0.));
#6488 = ( GEOMETRIC_REPRESENTATION_CONTEXT(2) 
PARAMETRIC_REPRESENTATION_CONTEXT() REPRESENTATION_CONTEXT('2D SPACE',''
  ) );
#6489 = ORIENTED_EDGE('',*,*,#4307,.F.);
#6490 = ADVANCED_FACE('',(#6491),#2342,.T.);
#6491 = FACE_BOUND('',#6492,.T.);
#6492 = EDGE_LOOP('',(#6493,#6494,#6495,#6516));
#6493 = ORIENTED_EDGE('',*,*,#6442,.F.);
#6494 = ORIENTED_EDGE('',*,*,#2327,.T.);
#6495 = ORIENTED_EDGE('',*,*,#6496,.T.);
#6496 = EDGE_CURVE('',#2328,#4266,#6497,.T.);
#6497 = SURFACE_CURVE('',#6498,(#6502,#6509),.PCURVE_S1.);
#6498 = LINE('',#6499,#6500);
#6499 = CARTESIAN_POINT('',(-4.5,18.8,46.7));
#6500 = VECTOR('',#6501,1.);
#6501 = DIRECTION('',(1.,0.,0.));
#6502 = PCURVE('',#2342,#6503);
#6503 = DEFINITIONAL_REPRESENTATION('',(#6504),#6508);
#6504 = LINE('',#6505,#6506);
#6505 = CARTESIAN_POINT('',(13.2,0.));
#6506 = VECTOR('',#6507,1.);
#6507 = DIRECTION('',(0.,1.));
#6508 = ( GEOMETRIC_REPRESENTATION_CONTEXT(2) 
PARAMETRIC_REPRESENTATION_CONTEXT() REPRESENTATION_CONTEXT('2D SPACE',''
  ) );
#6509 = PCURVE('',#2368,#6510);
#6510 = DEFINITIONAL_REPRESENTATION('',(#6511),#6515);
#6511 = LINE('',#6512,#6513);
#6512 = CARTESIAN_POINT('',(0.,0.));
#6513 = VECTOR('',#6514,1.);
#6514 = DIRECTION('',(1.,0.));
#6515 = ( GEOMETRIC_REPRESENTATION_CONTEXT(2) 
PARAMETRIC_REPRESENTATION_CONTEXT() REPRESENTATION_CONTEXT('2D SPACE',''
  ) );
#6516 = ORIENTED_EDGE('',*,*,#4265,.F.);
#6517 = ADVANCED_FACE('',(#6518),#2368,.F.);
#6518 = FACE_BOUND('',#6519,.F.);
#6519 = EDGE_LOOP('',(#6520,#6521,#6522,#6523));
#6520 = ORIENTED_EDGE('',*,*,#6469,.F.);
#6521 = ORIENTED_EDGE('',*,*,#2353,.T.);
#6522 = ORIENTED_EDGE('',*,*,#6496,.T.);
#6523 = ORIENTED_EDGE('',*,*,#4286,.F.);
#6524 = ADVANCED_FACE('',(#6525),#2422,.T.);
#6525 = FACE_BOUND('',#6526,.T.);
#6526 = EDGE_LOOP('',(#6527,#6548,#6549,#6570));
#6527 = ORIENTED_EDGE('',*,*,#6528,.F.);
#6528 = EDGE_CURVE('',#2406,#4329,#6529,.T.);
#6529 = SURFACE_CURVE('',#6530,(#6534,#6541),.PCURVE_S1.);
#6530 = LINE('',#6531,#6532);
#6531 = CARTESIAN_POINT('',(-4.5,14.3,33.5));
#6532 = VECTOR('',#6533,1.);
#6533 = DIRECTION('',(1.,0.,0.));
#6534 = PCURVE('',#2422,#6535);
#6535 = DEFINITIONAL_REPRESENTATION('',(#6536),#6540);
#6536 = LINE('',#6537,#6538);
#6537 = CARTESIAN_POINT('',(0.,3.));
#6538 = VECTOR('',#6539,1.);
#6539 = DIRECTION('',(1.,0.));
#6540 = ( GEOMETRIC_REPRESENTATION_CONTEXT(2) 
PARAMETRIC_REPRESENTATION_CONTEXT() REPRESENTATION_CONTEXT('2D SPACE',''
  ) );
#6541 = PCURVE('',#2498,#6542);
#6542 = DEFINITIONAL_REPRESENTATION('',(#6543),#6547);
#6543 = LINE('',#6544,#6545);
#6544 = CARTESIAN_POINT('',(0.,0.));
#6545 = VECTOR('',#6546,1.);
#6546 = DIRECTION('',(0.,1.));
#6547 = ( GEOMETRIC_REPRESENTATION_CONTEXT(2) 
PARAMETRIC_REPRESENTATION_CONTEXT() REPRESENTATION_CONTEXT('2D SPACE',''
  ) );
#6548 = ORIENTED_EDGE('',*,*,#2405,.T.);
#6549 = ORIENTED_EDGE('',*,*,#6550,.T.);
#6550 = EDGE_CURVE('',#2408,#4331,#6551,.T.);
#6551 = SURFACE_CURVE('',#6552,(#6556,#6563),.PCURVE_S1.);
#6552 = LINE('',#6553,#6554);
#6553 = CARTESIAN_POINT('',(-4.5,11.3,33.5));
#6554 = VECTOR('',#6555,1.);
#6555 = DIRECTION('',(1.,0.,0.));
#6556 = PCURVE('',#2422,#6557);
#6557 = DEFINITIONAL_REPRESENTATION('',(#6558),#6562);
#6558 = LINE('',#6559,#6560);
#6559 = CARTESIAN_POINT('',(0.,0.));
#6560 = VECTOR('',#6561,1.);
#6561 = DIRECTION('',(1.,0.));
#6562 = ( GEOMETRIC_REPRESENTATION_CONTEXT(2) 
PARAMETRIC_REPRESENTATION_CONTEXT() REPRESENTATION_CONTEXT('2D SPACE',''
  ) );
#6563 = PCURVE('',#2448,#6564);
#6564 = DEFINITIONAL_REPRESENTATION('',(#6565),#6569);
#6565 = LINE('',#6566,#6567);
#6566 = CARTESIAN_POINT('',(0.,0.));
#6567 = VECTOR('',#6568,1.);
#6568 = DIRECTION('',(0.,1.));
#6569 = ( GEOMETRIC_REPRESENTATION_CONTEXT(2) 
PARAMETRIC_REPRESENTATION_CONTEXT() REPRESENTATION_CONTEXT('2D SPACE',''
  ) );
#6570 = ORIENTED_EDGE('',*,*,#4328,.F.);
#6571 = ADVANCED_FACE('',(#6572),#2498,.F.);
#6572 = FACE_BOUND('',#6573,.F.);
#6573 = EDGE_LOOP('',(#6574,#6575,#6576,#6597));
#6574 = ORIENTED_EDGE('',*,*,#6528,.F.);
#6575 = ORIENTED_EDGE('',*,*,#2485,.T.);
#6576 = ORIENTED_EDGE('',*,*,#6577,.T.);
#6577 = EDGE_CURVE('',#2460,#4373,#6578,.T.);
#6578 = SURFACE_CURVE('',#6579,(#6583,#6590),.PCURVE_S1.);
#6579 = LINE('',#6580,#6581);
#6580 = CARTESIAN_POINT('',(-4.5,14.3,46.7));
#6581 = VECTOR('',#6582,1.);
#6582 = DIRECTION('',(1.,0.,0.));
#6583 = PCURVE('',#2498,#6584);
#6584 = DEFINITIONAL_REPRESENTATION('',(#6585),#6589);
#6585 = LINE('',#6586,#6587);
#6586 = CARTESIAN_POINT('',(13.2,0.));
#6587 = VECTOR('',#6588,1.);
#6588 = DIRECTION('',(0.,1.));
#6589 = ( GEOMETRIC_REPRESENTATION_CONTEXT(2) 
PARAMETRIC_REPRESENTATION_CONTEXT() REPRESENTATION_CONTEXT('2D SPACE',''
  ) );
#6590 = PCURVE('',#2474,#6591);
#6591 = DEFINITIONAL_REPRESENTATION('',(#6592),#6596);
#6592 = LINE('',#6593,#6594);
#6593 = CARTESIAN_POINT('',(0.,3.));
#6594 = VECTOR('',#6595,1.);
#6595 = DIRECTION('',(1.,0.));
#6596 = ( GEOMETRIC_REPRESENTATION_CONTEXT(2) 
PARAMETRIC_REPRESENTATION_CONTEXT() REPRESENTATION_CONTEXT('2D SPACE',''
  ) );
#6597 = ORIENTED_EDGE('',*,*,#4393,.F.);
#6598 = ADVANCED_FACE('',(#6599),#2448,.T.);
#6599 = FACE_BOUND('',#6600,.T.);
#6600 = EDGE_LOOP('',(#6601,#6602,#6603,#6624));
#6601 = ORIENTED_EDGE('',*,*,#6550,.F.);
#6602 = ORIENTED_EDGE('',*,*,#2433,.T.);
#6603 = ORIENTED_EDGE('',*,*,#6604,.T.);
#6604 = EDGE_CURVE('',#2434,#4352,#6605,.T.);
#6605 = SURFACE_CURVE('',#6606,(#6610,#6617),.PCURVE_S1.);
#6606 = LINE('',#6607,#6608);
#6607 = CARTESIAN_POINT('',(-4.5,11.3,46.7));
#6608 = VECTOR('',#6609,1.);
#6609 = DIRECTION('',(1.,0.,0.));
#6610 = PCURVE('',#2448,#6611);
#6611 = DEFINITIONAL_REPRESENTATION('',(#6612),#6616);
#6612 = LINE('',#6613,#6614);
#6613 = CARTESIAN_POINT('',(13.2,0.));
#6614 = VECTOR('',#6615,1.);
#6615 = DIRECTION('',(0.,1.));
#6616 = ( GEOMETRIC_REPRESENTATION_CONTEXT(2) 
PARAMETRIC_REPRESENTATION_CONTEXT() REPRESENTATION_CONTEXT('2D SPACE',''
  ) );
#6617 = PCURVE('',#2474,#6618);
#6618 = DEFINITIONAL_REPRESENTATION('',(#6619),#6623);
#6619 = LINE('',#6620,#6621);
#6620 = CARTESIAN_POINT('',(0.,0.));
#6621 = VECTOR('',#6622,1.);
#6622 = DIRECTION('',(1.,0.));
#6623 = ( GEOMETRIC_REPRESENTATION_CONTEXT(2) 
PARAMETRIC_REPRESENTATION_CONTEXT() REPRESENTATION_CONTEXT('2D SPACE',''
  ) );
#6624 = ORIENTED_EDGE('',*,*,#4351,.F.);
#6625 = ADVANCED_FACE('',(#6626),#2474,.F.);
#6626 = FACE_BOUND('',#6627,.F.);
#6627 = EDGE_LOOP('',(#6628,#6629,#6630,#6631));
#6628 = ORIENTED_EDGE('',*,*,#6577,.F.);
#6629 = ORIENTED_EDGE('',*,*,#2459,.T.);
#6630 = ORIENTED_EDGE('',*,*,#6604,.T.);
#6631 = ORIENTED_EDGE('',*,*,#4372,.F.);
#6632 = ADVANCED_FACE('',(#6633,#6639),#2761,.F.);
#6633 = FACE_BOUND('',#6634,.F.);
#6634 = EDGE_LOOP('',(#6635,#6636,#6637,#6638));
#6635 = ORIENTED_EDGE('',*,*,#2850,.F.);
#6636 = ORIENTED_EDGE('',*,*,#2877,.T.);
#6637 = ORIENTED_EDGE('',*,*,#2747,.T.);
#6638 = ORIENTED_EDGE('',*,*,#2801,.F.);
#6639 = FACE_BOUND('',#6640,.F.);
#6640 = EDGE_LOOP('',(#6641,#6669,#6695,#6721));
#6641 = ORIENTED_EDGE('',*,*,#6642,.T.);
#6642 = EDGE_CURVE('',#6643,#6645,#6647,.T.);
#6643 = VERTEX_POINT('',#6644);
#6644 = CARTESIAN_POINT('',(68.,1.2,24.65));
#6645 = VERTEX_POINT('',#6646);
#6646 = CARTESIAN_POINT('',(68.,1.2,31.65));
#6647 = SURFACE_CURVE('',#6648,(#6652,#6658),.PCURVE_S1.);
#6648 = LINE('',#6649,#6650);
#6649 = CARTESIAN_POINT('',(68.,1.2,23.9));
#6650 = VECTOR('',#6651,1.);
#6651 = DIRECTION('',(0.,0.,1.));
#6652 = PCURVE('',#2761,#6653);
#6653 = DEFINITIONAL_REPRESENTATION('',(#6654),#6657);
#6654 = B_SPLINE_CURVE_WITH_KNOTS('',1,(#6655,#6656),.UNSPECIFIED.,.F.,
  .F.,(2,2),(0.75,7.75),.PIECEWISE_BEZIER_KNOTS.);
#6655 = CARTESIAN_POINT('',(1.5,14.5));
#6656 = CARTESIAN_POINT('',(8.5,14.5));
#6657 = ( GEOMETRIC_REPRESENTATION_CONTEXT(2) 
PARAMETRIC_REPRESENTATION_CONTEXT() REPRESENTATION_CONTEXT('2D SPACE',''
  ) );
#6658 = PCURVE('',#6659,#6664);
#6659 = PLANE('',#6660);
#6660 = AXIS2_PLACEMENT_3D('',#6661,#6662,#6663);
#6661 = CARTESIAN_POINT('',(68.,-4.3,24.65));
#6662 = DIRECTION('',(1.,0.,0.));
#6663 = DIRECTION('',(0.,0.,1.));
#6664 = DEFINITIONAL_REPRESENTATION('',(#6665),#6668);
#6665 = B_SPLINE_CURVE_WITH_KNOTS('',1,(#6666,#6667),.UNSPECIFIED.,.F.,
  .F.,(2,2),(0.75,7.75),.PIECEWISE_BEZIER_KNOTS.);
#6666 = CARTESIAN_POINT('',(0.,-5.5));
#6667 = CARTESIAN_POINT('',(7.,-5.5));
#6668 = ( GEOMETRIC_REPRESENTATION_CONTEXT(2) 
PARAMETRIC_REPRESENTATION_CONTEXT() REPRESENTATION_CONTEXT('2D SPACE',''
  ) );
#6669 = ORIENTED_EDGE('',*,*,#6670,.T.);
#6670 = EDGE_CURVE('',#6645,#6671,#6673,.T.);
#6671 = VERTEX_POINT('',#6672);
#6672 = CARTESIAN_POINT('',(55.,1.2,31.65));
#6673 = SURFACE_CURVE('',#6674,(#6678,#6684),.PCURVE_S1.);
#6674 = LINE('',#6675,#6676);
#6675 = CARTESIAN_POINT('',(54.25,1.2,31.65));
#6676 = VECTOR('',#6677,1.);
#6677 = DIRECTION('',(-1.,0.,0.));
#6678 = PCURVE('',#2761,#6679);
#6679 = DEFINITIONAL_REPRESENTATION('',(#6680),#6683);
#6680 = B_SPLINE_CURVE_WITH_KNOTS('',1,(#6681,#6682),.UNSPECIFIED.,.F.,
  .F.,(2,2),(-13.75,-0.75),.PIECEWISE_BEZIER_KNOTS.);
#6681 = CARTESIAN_POINT('',(8.5,14.5));
#6682 = CARTESIAN_POINT('',(8.5,1.5));
#6683 = ( GEOMETRIC_REPRESENTATION_CONTEXT(2) 
PARAMETRIC_REPRESENTATION_CONTEXT() REPRESENTATION_CONTEXT('2D SPACE',''
  ) );
#6684 = PCURVE('',#6685,#6690);
#6685 = PLANE('',#6686);
#6686 = AXIS2_PLACEMENT_3D('',#6687,#6688,#6689);
#6687 = CARTESIAN_POINT('',(55.,-4.3,31.65));
#6688 = DIRECTION('',(0.,0.,1.));
#6689 = DIRECTION('',(1.,0.,0.));
#6690 = DEFINITIONAL_REPRESENTATION('',(#6691),#6694);
#6691 = B_SPLINE_CURVE_WITH_KNOTS('',1,(#6692,#6693),.UNSPECIFIED.,.F.,
  .F.,(2,2),(-13.75,-0.75),.PIECEWISE_BEZIER_KNOTS.);
#6692 = CARTESIAN_POINT('',(13.,5.5));
#6693 = CARTESIAN_POINT('',(0.,5.5));
#6694 = ( GEOMETRIC_REPRESENTATION_CONTEXT(2) 
PARAMETRIC_REPRESENTATION_CONTEXT() REPRESENTATION_CONTEXT('2D SPACE',''
  ) );
#6695 = ORIENTED_EDGE('',*,*,#6696,.F.);
#6696 = EDGE_CURVE('',#6697,#6671,#6699,.T.);
#6697 = VERTEX_POINT('',#6698);
#6698 = CARTESIAN_POINT('',(55.,1.2,24.65));
#6699 = SURFACE_CURVE('',#6700,(#6704,#6710),.PCURVE_S1.);
#6700 = LINE('',#6701,#6702);
#6701 = CARTESIAN_POINT('',(55.,1.2,23.9));
#6702 = VECTOR('',#6703,1.);
#6703 = DIRECTION('',(0.,0.,1.));
#6704 = PCURVE('',#2761,#6705);
#6705 = DEFINITIONAL_REPRESENTATION('',(#6706),#6709);
#6706 = B_SPLINE_CURVE_WITH_KNOTS('',1,(#6707,#6708),.UNSPECIFIED.,.F.,
  .F.,(2,2),(0.75,7.75),.PIECEWISE_BEZIER_KNOTS.);
#6707 = CARTESIAN_POINT('',(1.5,1.5));
#6708 = CARTESIAN_POINT('',(8.5,1.5));
#6709 = ( GEOMETRIC_REPRESENTATION_CONTEXT(2) 
PARAMETRIC_REPRESENTATION_CONTEXT() REPRESENTATION_CONTEXT('2D SPACE',''
  ) );
#6710 = PCURVE('',#6711,#6716);
#6711 = PLANE('',#6712);
#6712 = AXIS2_PLACEMENT_3D('',#6713,#6714,#6715);
#6713 = CARTESIAN_POINT('',(55.,-4.3,24.65));
#6714 = DIRECTION('',(1.,0.,0.));
#6715 = DIRECTION('',(0.,0.,1.));
#6716 = DEFINITIONAL_REPRESENTATION('',(#6717),#6720);
#6717 = B_SPLINE_CURVE_WITH_KNOTS('',1,(#6718,#6719),.UNSPECIFIED.,.F.,
  .F.,(2,2),(0.75,7.75),.PIECEWISE_BEZIER_KNOTS.);
#6718 = CARTESIAN_POINT('',(0.,-5.5));
#6719 = CARTESIAN_POINT('',(7.,-5.5));
#6720 = ( GEOMETRIC_REPRESENTATION_CONTEXT(2) 
PARAMETRIC_REPRESENTATION_CONTEXT() REPRESENTATION_CONTEXT('2D SPACE',''
  ) );
#6721 = ORIENTED_EDGE('',*,*,#6722,.F.);
#6722 = EDGE_CURVE('',#6643,#6697,#6723,.T.);
#6723 = SURFACE_CURVE('',#6724,(#6728,#6734),.PCURVE_S1.);
#6724 = LINE('',#6725,#6726);
#6725 = CARTESIAN_POINT('',(54.25,1.2,24.65));
#6726 = VECTOR('',#6727,1.);
#6727 = DIRECTION('',(-1.,0.,0.));
#6728 = PCURVE('',#2761,#6729);
#6729 = DEFINITIONAL_REPRESENTATION('',(#6730),#6733);
#6730 = B_SPLINE_CURVE_WITH_KNOTS('',1,(#6731,#6732),.UNSPECIFIED.,.F.,
  .F.,(2,2),(-13.75,-0.75),.PIECEWISE_BEZIER_KNOTS.);
#6731 = CARTESIAN_POINT('',(1.5,14.5));
#6732 = CARTESIAN_POINT('',(1.5,1.5));
#6733 = ( GEOMETRIC_REPRESENTATION_CONTEXT(2) 
PARAMETRIC_REPRESENTATION_CONTEXT() REPRESENTATION_CONTEXT('2D SPACE',''
  ) );
#6734 = PCURVE('',#6735,#6740);
#6735 = PLANE('',#6736);
#6736 = AXIS2_PLACEMENT_3D('',#6737,#6738,#6739);
#6737 = CARTESIAN_POINT('',(55.,-4.3,24.65));
#6738 = DIRECTION('',(0.,0.,1.));
#6739 = DIRECTION('',(1.,0.,0.));
#6740 = DEFINITIONAL_REPRESENTATION('',(#6741),#6744);
#6741 = B_SPLINE_CURVE_WITH_KNOTS('',1,(#6742,#6743),.UNSPECIFIED.,.F.,
  .F.,(2,2),(-13.75,-0.75),.PIECEWISE_BEZIER_KNOTS.);
#6742 = CARTESIAN_POINT('',(13.,5.5));
#6743 = CARTESIAN_POINT('',(0.,5.5));
#6744 = ( GEOMETRIC_REPRESENTATION_CONTEXT(2) 
PARAMETRIC_REPRESENTATION_CONTEXT() REPRESENTATION_CONTEXT('2D SPACE',''
  ) );
#6745 = ADVANCED_FACE('',(#6746),#2940,.T.);
#6746 = FACE_BOUND('',#6747,.T.);
#6747 = EDGE_LOOP('',(#6748,#6768,#6795,#6796,#6797,#6798,#6799));
#6748 = ORIENTED_EDGE('',*,*,#6749,.F.);
#6749 = EDGE_CURVE('',#6750,#2924,#6752,.T.);
#6750 = VERTEX_POINT('',#6751);
#6751 = CARTESIAN_POINT('',(93.4,4.,56.2));
#6752 = SEAM_CURVE('',#6753,(#6756,#6762),.PCURVE_S1.);
#6753 = B_SPLINE_CURVE_WITH_KNOTS('',1,(#6754,#6755),.UNSPECIFIED.,.F.,
  .F.,(2,2),(0.,1.),.PIECEWISE_BEZIER_KNOTS.);
#6754 = CARTESIAN_POINT('',(93.4,4.,56.2));
#6755 = CARTESIAN_POINT('',(96.,4.,59.2));
#6756 = PCURVE('',#2940,#6757);
#6757 = DEFINITIONAL_REPRESENTATION('',(#6758),#6761);
#6758 = B_SPLINE_CURVE_WITH_KNOTS('',1,(#6759,#6760),.UNSPECIFIED.,.F.,
  .F.,(2,2),(0.,1.),.PIECEWISE_BEZIER_KNOTS.);
#6759 = CARTESIAN_POINT('',(0.,0.));
#6760 = CARTESIAN_POINT('',(0.,3.));
#6761 = ( GEOMETRIC_REPRESENTATION_CONTEXT(2) 
PARAMETRIC_REPRESENTATION_CONTEXT() REPRESENTATION_CONTEXT('2D SPACE',''
  ) );
#6762 = PCURVE('',#2940,#6763);
#6763 = DEFINITIONAL_REPRESENTATION('',(#6764),#6767);
#6764 = B_SPLINE_CURVE_WITH_KNOTS('',1,(#6765,#6766),.UNSPECIFIED.,.F.,
  .F.,(2,2),(0.,1.),.PIECEWISE_BEZIER_KNOTS.);
#6765 = CARTESIAN_POINT('',(6.28318530718,0.));
#6766 = CARTESIAN_POINT('',(6.28318530718,3.));
#6767 = ( GEOMETRIC_REPRESENTATION_CONTEXT(2) 
PARAMETRIC_REPRESENTATION_CONTEXT() REPRESENTATION_CONTEXT('2D SPACE',''
  ) );
#6768 = ORIENTED_EDGE('',*,*,#6769,.T.);
#6769 = EDGE_CURVE('',#6750,#6750,#6770,.T.);
#6770 = SURFACE_CURVE('',#6771,(#6776,#6783),.PCURVE_S1.);
#6771 = CIRCLE('',#6772,0.4);
#6772 = AXIS2_PLACEMENT_3D('',#6773,#6774,#6775);
#6773 = CARTESIAN_POINT('',(93.,4.,56.2));
#6774 = DIRECTION('',(0.,0.,1.));
#6775 = DIRECTION('',(1.,0.,0.));
#6776 = PCURVE('',#2940,#6777);
#6777 = DEFINITIONAL_REPRESENTATION('',(#6778),#6782);
#6778 = LINE('',#6779,#6780);
#6779 = CARTESIAN_POINT('',(0.,0.));
#6780 = VECTOR('',#6781,1.);
#6781 = DIRECTION('',(1.,0.));
#6782 = ( GEOMETRIC_REPRESENTATION_CONTEXT(2) 
PARAMETRIC_REPRESENTATION_CONTEXT() REPRESENTATION_CONTEXT('2D SPACE',''
  ) );
#6783 = PCURVE('',#6784,#6789);
#6784 = PLANE('',#6785);
#6785 = AXIS2_PLACEMENT_3D('',#6786,#6787,#6788);
#6786 = CARTESIAN_POINT('',(93.,4.,56.2));
#6787 = DIRECTION('',(0.,0.,1.));
#6788 = DIRECTION('',(1.,0.,0.));
#6789 = DEFINITIONAL_REPRESENTATION('',(#6790),#6794);
#6790 = CIRCLE('',#6791,0.4);
#6791 = AXIS2_PLACEMENT_2D('',#6792,#6793);
#6792 = CARTESIAN_POINT('',(0.,0.));
#6793 = DIRECTION('',(1.,0.));
#6794 = ( GEOMETRIC_REPRESENTATION_CONTEXT(2) 
PARAMETRIC_REPRESENTATION_CONTEXT() REPRESENTATION_CONTEXT('2D SPACE',''
  ) );
#6795 = ORIENTED_EDGE('',*,*,#6749,.T.);
#6796 = ORIENTED_EDGE('',*,*,#2965,.T.);
#6797 = ORIENTED_EDGE('',*,*,#3251,.F.);
#6798 = ORIENTED_EDGE('',*,*,#3180,.F.);
#6799 = ORIENTED_EDGE('',*,*,#2923,.T.);
#6800 = ADVANCED_FACE('',(#6801),#3087,.T.);
#6801 = FACE_BOUND('',#6802,.T.);
#6802 = EDGE_LOOP('',(#6803,#6823,#6850,#6851,#6852,#6853,#6854));
#6803 = ORIENTED_EDGE('',*,*,#6804,.F.);
#6804 = EDGE_CURVE('',#6805,#3071,#6807,.T.);
#6805 = VERTEX_POINT('',#6806);
#6806 = CARTESIAN_POINT('',(93.4,109.13,56.2));
#6807 = SEAM_CURVE('',#6808,(#6811,#6817),.PCURVE_S1.);
#6808 = B_SPLINE_CURVE_WITH_KNOTS('',1,(#6809,#6810),.UNSPECIFIED.,.F.,
  .F.,(2,2),(0.,1.),.PIECEWISE_BEZIER_KNOTS.);
#6809 = CARTESIAN_POINT('',(93.4,109.13,56.2));
#6810 = CARTESIAN_POINT('',(96.,109.13,59.2));
#6811 = PCURVE('',#3087,#6812);
#6812 = DEFINITIONAL_REPRESENTATION('',(#6813),#6816);
#6813 = B_SPLINE_CURVE_WITH_KNOTS('',1,(#6814,#6815),.UNSPECIFIED.,.F.,
  .F.,(2,2),(0.,1.),.PIECEWISE_BEZIER_KNOTS.);
#6814 = CARTESIAN_POINT('',(0.,0.));
#6815 = CARTESIAN_POINT('',(0.,3.));
#6816 = ( GEOMETRIC_REPRESENTATION_CONTEXT(2) 
PARAMETRIC_REPRESENTATION_CONTEXT() REPRESENTATION_CONTEXT('2D SPACE',''
  ) );
#6817 = PCURVE('',#3087,#6818);
#6818 = DEFINITIONAL_REPRESENTATION('',(#6819),#6822);
#6819 = B_SPLINE_CURVE_WITH_KNOTS('',1,(#6820,#6821),.UNSPECIFIED.,.F.,
  .F.,(2,2),(0.,1.),.PIECEWISE_BEZIER_KNOTS.);
#6820 = CARTESIAN_POINT('',(6.28318530718,0.));
#6821 = CARTESIAN_POINT('',(6.28318530718,3.));
#6822 = ( GEOMETRIC_REPRESENTATION_CONTEXT(2) 
PARAMETRIC_REPRESENTATION_CONTEXT() REPRESENTATION_CONTEXT('2D SPACE',''
  ) );
#6823 = ORIENTED_EDGE('',*,*,#6824,.T.);
#6824 = EDGE_CURVE('',#6805,#6805,#6825,.T.);
#6825 = SURFACE_CURVE('',#6826,(#6831,#6838),.PCURVE_S1.);
#6826 = CIRCLE('',#6827,0.4);
#6827 = AXIS2_PLACEMENT_3D('',#6828,#6829,#6830);
#6828 = CARTESIAN_POINT('',(93.,109.13,56.2));
#6829 = DIRECTION('',(0.,0.,1.));
#6830 = DIRECTION('',(1.,0.,0.));
#6831 = PCURVE('',#3087,#6832);
#6832 = DEFINITIONAL_REPRESENTATION('',(#6833),#6837);
#6833 = LINE('',#6834,#6835);
#6834 = CARTESIAN_POINT('',(0.,0.));
#6835 = VECTOR('',#6836,1.);
#6836 = DIRECTION('',(1.,0.));
#6837 = ( GEOMETRIC_REPRESENTATION_CONTEXT(2) 
PARAMETRIC_REPRESENTATION_CONTEXT() REPRESENTATION_CONTEXT('2D SPACE',''
  ) );
#6838 = PCURVE('',#6839,#6844);
#6839 = PLANE('',#6840);
#6840 = AXIS2_PLACEMENT_3D('',#6841,#6842,#6843);
#6841 = CARTESIAN_POINT('',(93.,109.13,56.2));
#6842 = DIRECTION('',(0.,0.,1.));
#6843 = DIRECTION('',(1.,0.,0.));
#6844 = DEFINITIONAL_REPRESENTATION('',(#6845),#6849);
#6845 = CIRCLE('',#6846,0.4);
#6846 = AXIS2_PLACEMENT_2D('',#6847,#6848);
#6847 = CARTESIAN_POINT('',(0.,0.));
#6848 = DIRECTION('',(1.,0.));
#6849 = ( GEOMETRIC_REPRESENTATION_CONTEXT(2) 
PARAMETRIC_REPRESENTATION_CONTEXT() REPRESENTATION_CONTEXT('2D SPACE',''
  ) );
#6850 = ORIENTED_EDGE('',*,*,#6804,.T.);
#6851 = ORIENTED_EDGE('',*,*,#3112,.T.);
#6852 = ORIENTED_EDGE('',*,*,#4630,.F.);
#6853 = ORIENTED_EDGE('',*,*,#4508,.T.);
#6854 = ORIENTED_EDGE('',*,*,#3070,.T.);
#6855 = ADVANCED_FACE('',(#6856,#6968,#7003,#7038,#7073,#7108,#7143,
    #7178,#7213,#7248,#7283,#7318),#3038,.T.);
#6856 = FACE_BOUND('',#6857,.T.);
#6857 = EDGE_LOOP('',(#6858,#6859,#6860,#6861,#6884,#6912,#6945,#6966,
    #6967));
#6858 = ORIENTED_EDGE('',*,*,#4558,.F.);
#6859 = ORIENTED_EDGE('',*,*,#3633,.T.);
#6860 = ORIENTED_EDGE('',*,*,#3406,.T.);
#6861 = ORIENTED_EDGE('',*,*,#6862,.T.);
#6862 = EDGE_CURVE('',#3379,#6863,#6865,.T.);
#6863 = VERTEX_POINT('',#6864);
#6864 = CARTESIAN_POINT('',(53.,7.,3.));
#6865 = SURFACE_CURVE('',#6866,(#6870,#6877),.PCURVE_S1.);
#6866 = LINE('',#6867,#6868);
#6867 = CARTESIAN_POINT('',(53.,3.,3.));
#6868 = VECTOR('',#6869,1.);
#6869 = DIRECTION('',(0.,1.,0.));
#6870 = PCURVE('',#3038,#6871);
#6871 = DEFINITIONAL_REPRESENTATION('',(#6872),#6876);
#6872 = LINE('',#6873,#6874);
#6873 = CARTESIAN_POINT('',(53.,3.));
#6874 = VECTOR('',#6875,1.);
#6875 = DIRECTION('',(0.,1.));
#6876 = ( GEOMETRIC_REPRESENTATION_CONTEXT(2) 
PARAMETRIC_REPRESENTATION_CONTEXT() REPRESENTATION_CONTEXT('2D SPACE',''
  ) );
#6877 = PCURVE('',#3394,#6878);
#6878 = DEFINITIONAL_REPRESENTATION('',(#6879),#6883);
#6879 = LINE('',#6880,#6881);
#6880 = CARTESIAN_POINT('',(0.,0.));
#6881 = VECTOR('',#6882,1.);
#6882 = DIRECTION('',(0.,-1.));
#6883 = ( GEOMETRIC_REPRESENTATION_CONTEXT(2) 
PARAMETRIC_REPRESENTATION_CONTEXT() REPRESENTATION_CONTEXT('2D SPACE',''
  ) );
#6884 = ORIENTED_EDGE('',*,*,#6885,.T.);
#6885 = EDGE_CURVE('',#6863,#6886,#6888,.T.);
#6886 = VERTEX_POINT('',#6887);
#6887 = CARTESIAN_POINT('',(66.523820929586,7.,3.));
#6888 = SURFACE_CURVE('',#6889,(#6893,#6900),.PCURVE_S1.);
#6889 = LINE('',#6890,#6891);
#6890 = CARTESIAN_POINT('',(53.,7.,3.));
#6891 = VECTOR('',#6892,1.);
#6892 = DIRECTION('',(1.,0.,0.));
#6893 = PCURVE('',#3038,#6894);
#6894 = DEFINITIONAL_REPRESENTATION('',(#6895),#6899);
#6895 = LINE('',#6896,#6897);
#6896 = CARTESIAN_POINT('',(53.,7.));
#6897 = VECTOR('',#6898,1.);
#6898 = DIRECTION('',(1.,0.));
#6899 = ( GEOMETRIC_REPRESENTATION_CONTEXT(2) 
PARAMETRIC_REPRESENTATION_CONTEXT() REPRESENTATION_CONTEXT('2D SPACE',''
  ) );
#6900 = PCURVE('',#6901,#6906);
#6901 = PLANE('',#6902);
#6902 = AXIS2_PLACEMENT_3D('',#6903,#6904,#6905);
#6903 = CARTESIAN_POINT('',(53.,7.,3.));
#6904 = DIRECTION('',(0.,1.,0.));
#6905 = DIRECTION('',(0.,0.,1.));
#6906 = DEFINITIONAL_REPRESENTATION('',(#6907),#6911);
#6907 = LINE('',#6908,#6909);
#6908 = CARTESIAN_POINT('',(0.,0.));
#6909 = VECTOR('',#6910,1.);
#6910 = DIRECTION('',(0.,1.));
#6911 = ( GEOMETRIC_REPRESENTATION_CONTEXT(2) 
PARAMETRIC_REPRESENTATION_CONTEXT() REPRESENTATION_CONTEXT('2D SPACE',''
  ) );
#6912 = ORIENTED_EDGE('',*,*,#6913,.T.);
#6913 = EDGE_CURVE('',#6886,#6914,#6916,.T.);
#6914 = VERTEX_POINT('',#6915);
#6915 = CARTESIAN_POINT('',(70.,5.322774424948,3.));
#6916 = SURFACE_CURVE('',#6917,(#6922,#6933),.PCURVE_S1.);
#6917 = CIRCLE('',#6918,5.5);
#6918 = AXIS2_PLACEMENT_3D('',#6919,#6920,#6921);
#6919 = CARTESIAN_POINT('',(70.5,10.8,3.));
#6920 = DIRECTION('',(-0.,0.,-1.));
#6921 = DIRECTION('',(-0.722941649166,-0.690909090909,0.));
#6922 = PCURVE('',#3038,#6923);
#6923 = DEFINITIONAL_REPRESENTATION('',(#6924),#6932);
#6924 = ( BOUNDED_CURVE() B_SPLINE_CURVE(2,(#6925,#6926,#6927,#6928,
#6929,#6930,#6931),.UNSPECIFIED.,.T.,.F.) B_SPLINE_CURVE_WITH_KNOTS((1,2
    ,2,2,2,1),(-2.094395102393,0.,2.094395102393,4.188790204786,
6.28318530718,8.377580409573),.UNSPECIFIED.) CURVE() 
GEOMETRIC_REPRESENTATION_ITEM() RATIONAL_B_SPLINE_CURVE((1.,0.5,1.,0.5,
1.,0.5,1.)) REPRESENTATION_ITEM('') );
#6925 = CARTESIAN_POINT('',(66.523820929586,7.));
#6926 = CARTESIAN_POINT('',(59.942027860824,13.886944169949));
#6927 = CARTESIAN_POINT('',(69.197193000826,16.143472084975));
#6928 = CARTESIAN_POINT('',(78.452358140828,18.4));
#6929 = CARTESIAN_POINT('',(75.778986069588,9.256527915025));
#6930 = CARTESIAN_POINT('',(73.105613998348,0.113055830051));
#6931 = CARTESIAN_POINT('',(66.523820929586,7.));
#6932 = ( GEOMETRIC_REPRESENTATION_CONTEXT(2) 
PARAMETRIC_REPRESENTATION_CONTEXT() REPRESENTATION_CONTEXT('2D SPACE',''
  ) );
#6933 = PCURVE('',#6934,#6939);
#6934 = CYLINDRICAL_SURFACE('',#6935,5.5);
#6935 = AXIS2_PLACEMENT_3D('',#6936,#6937,#6938);
#6936 = CARTESIAN_POINT('',(70.5,10.8,0.));
#6937 = DIRECTION('',(-0.,-0.,-1.));
#6938 = DIRECTION('',(1.,0.,0.));
#6939 = DEFINITIONAL_REPRESENTATION('',(#6940),#6944);
#6940 = LINE('',#6941,#6942);
#6941 = CARTESIAN_POINT('',(-10.18752374778,-3.));
#6942 = VECTOR('',#6943,1.);
#6943 = DIRECTION('',(1.,-0.));
#6944 = ( GEOMETRIC_REPRESENTATION_CONTEXT(2) 
PARAMETRIC_REPRESENTATION_CONTEXT() REPRESENTATION_CONTEXT('2D SPACE',''
  ) );
#6945 = ORIENTED_EDGE('',*,*,#6946,.F.);
#6946 = EDGE_CURVE('',#3302,#6914,#6947,.T.);
#6947 = SURFACE_CURVE('',#6948,(#6952,#6959),.PCURVE_S1.);
#6948 = LINE('',#6949,#6950);
#6949 = CARTESIAN_POINT('',(70.,3.,3.));
#6950 = VECTOR('',#6951,1.);
#6951 = DIRECTION('',(0.,1.,0.));
#6952 = PCURVE('',#3038,#6953);
#6953 = DEFINITIONAL_REPRESENTATION('',(#6954),#6958);
#6954 = LINE('',#6955,#6956);
#6955 = CARTESIAN_POINT('',(70.,3.));
#6956 = VECTOR('',#6957,1.);
#6957 = DIRECTION('',(0.,1.));
#6958 = ( GEOMETRIC_REPRESENTATION_CONTEXT(2) 
PARAMETRIC_REPRESENTATION_CONTEXT() REPRESENTATION_CONTEXT('2D SPACE',''
  ) );
#6959 = PCURVE('',#3338,#6960);
#6960 = DEFINITIONAL_REPRESENTATION('',(#6961),#6965);
#6961 = LINE('',#6962,#6963);
#6962 = CARTESIAN_POINT('',(0.,0.));
#6963 = VECTOR('',#6964,1.);
#6964 = DIRECTION('',(0.,-1.));
#6965 = ( GEOMETRIC_REPRESENTATION_CONTEXT(2) 
PARAMETRIC_REPRESENTATION_CONTEXT() REPRESENTATION_CONTEXT('2D SPACE',''
  ) );
#6966 = ORIENTED_EDGE('',*,*,#3301,.T.);
#6967 = ORIENTED_EDGE('',*,*,#3023,.F.);
#6968 = FACE_BOUND('',#6969,.T.);
#6969 = EDGE_LOOP('',(#6970));
#6970 = ORIENTED_EDGE('',*,*,#6971,.T.);
#6971 = EDGE_CURVE('',#6972,#6972,#6974,.T.);
#6972 = VERTEX_POINT('',#6973);
#6973 = CARTESIAN_POINT('',(18.,10.8,3.));
#6974 = SURFACE_CURVE('',#6975,(#6980,#6991),.PCURVE_S1.);
#6975 = CIRCLE('',#6976,5.5);
#6976 = AXIS2_PLACEMENT_3D('',#6977,#6978,#6979);
#6977 = CARTESIAN_POINT('',(12.5,10.8,3.));
#6978 = DIRECTION('',(0.,0.,-1.));
#6979 = DIRECTION('',(1.,0.,0.));
#6980 = PCURVE('',#3038,#6981);
#6981 = DEFINITIONAL_REPRESENTATION('',(#6982),#6990);
#6982 = ( BOUNDED_CURVE() B_SPLINE_CURVE(2,(#6983,#6984,#6985,#6986,
#6987,#6988,#6989),.UNSPECIFIED.,.T.,.F.) B_SPLINE_CURVE_WITH_KNOTS((1,2
    ,2,2,2,1),(-2.094395102393,0.,2.094395102393,4.188790204786,
6.28318530718,8.377580409573),.UNSPECIFIED.) CURVE() 
GEOMETRIC_REPRESENTATION_ITEM() RATIONAL_B_SPLINE_CURVE((1.,0.5,1.,0.5,
1.,0.5,1.)) REPRESENTATION_ITEM('') );
#6983 = CARTESIAN_POINT('',(18.,10.8));
#6984 = CARTESIAN_POINT('',(18.,1.273720558371));
#6985 = CARTESIAN_POINT('',(9.75,6.036860279186));
#6986 = CARTESIAN_POINT('',(1.5,10.8));
#6987 = CARTESIAN_POINT('',(9.75,15.563139720814));
#6988 = CARTESIAN_POINT('',(18.,20.326279441629));
#6989 = CARTESIAN_POINT('',(18.,10.8));
#6990 = ( GEOMETRIC_REPRESENTATION_CONTEXT(2) 
PARAMETRIC_REPRESENTATION_CONTEXT() REPRESENTATION_CONTEXT('2D SPACE',''
  ) );
#6991 = PCURVE('',#6992,#6997);
#6992 = CYLINDRICAL_SURFACE('',#6993,5.5);
#6993 = AXIS2_PLACEMENT_3D('',#6994,#6995,#6996);
#6994 = CARTESIAN_POINT('',(12.5,10.8,0.));
#6995 = DIRECTION('',(-0.,-0.,-1.));
#6996 = DIRECTION('',(1.,0.,0.));
#6997 = DEFINITIONAL_REPRESENTATION('',(#6998),#7002);
#6998 = LINE('',#6999,#7000);
#6999 = CARTESIAN_POINT('',(-6.28318530718,-3.));
#7000 = VECTOR('',#7001,1.);
#7001 = DIRECTION('',(1.,-0.));
#7002 = ( GEOMETRIC_REPRESENTATION_CONTEXT(2) 
PARAMETRIC_REPRESENTATION_CONTEXT() REPRESENTATION_CONTEXT('2D SPACE',''
  ) );
#7003 = FACE_BOUND('',#7004,.T.);
#7004 = EDGE_LOOP('',(#7005));
#7005 = ORIENTED_EDGE('',*,*,#7006,.T.);
#7006 = EDGE_CURVE('',#7007,#7007,#7009,.T.);
#7007 = VERTEX_POINT('',#7008);
#7008 = CARTESIAN_POINT('',(18.,59.8,3.));
#7009 = SURFACE_CURVE('',#7010,(#7015,#7026),.PCURVE_S1.);
#7010 = CIRCLE('',#7011,5.5);
#7011 = AXIS2_PLACEMENT_3D('',#7012,#7013,#7014);
#7012 = CARTESIAN_POINT('',(12.5,59.8,3.));
#7013 = DIRECTION('',(0.,0.,-1.));
#7014 = DIRECTION('',(1.,0.,0.));
#7015 = PCURVE('',#3038,#7016);
#7016 = DEFINITIONAL_REPRESENTATION('',(#7017),#7025);
#7017 = ( BOUNDED_CURVE() B_SPLINE_CURVE(2,(#7018,#7019,#7020,#7021,
#7022,#7023,#7024),.UNSPECIFIED.,.T.,.F.) B_SPLINE_CURVE_WITH_KNOTS((1,2
    ,2,2,2,1),(-2.094395102393,0.,2.094395102393,4.188790204786,
6.28318530718,8.377580409573),.UNSPECIFIED.) CURVE() 
GEOMETRIC_REPRESENTATION_ITEM() RATIONAL_B_SPLINE_CURVE((1.,0.5,1.,0.5,
1.,0.5,1.)) REPRESENTATION_ITEM('') );
#7018 = CARTESIAN_POINT('',(18.,59.8));
#7019 = CARTESIAN_POINT('',(18.,50.273720558371));
#7020 = CARTESIAN_POINT('',(9.75,55.036860279186));
#7021 = CARTESIAN_POINT('',(1.5,59.8));
#7022 = CARTESIAN_POINT('',(9.75,64.563139720814));
#7023 = CARTESIAN_POINT('',(18.,69.326279441629));
#7024 = CARTESIAN_POINT('',(18.,59.8));
#7025 = ( GEOMETRIC_REPRESENTATION_CONTEXT(2) 
PARAMETRIC_REPRESENTATION_CONTEXT() REPRESENTATION_CONTEXT('2D SPACE',''
  ) );
#7026 = PCURVE('',#7027,#7032);
#7027 = CYLINDRICAL_SURFACE('',#7028,5.5);
#7028 = AXIS2_PLACEMENT_3D('',#7029,#7030,#7031);
#7029 = CARTESIAN_POINT('',(12.5,59.8,0.));
#7030 = DIRECTION('',(-0.,-0.,-1.));
#7031 = DIRECTION('',(1.,0.,0.));
#7032 = DEFINITIONAL_REPRESENTATION('',(#7033),#7037);
#7033 = LINE('',#7034,#7035);
#7034 = CARTESIAN_POINT('',(-6.28318530718,-3.));
#7035 = VECTOR('',#7036,1.);
#7036 = DIRECTION('',(1.,-0.));
#7037 = ( GEOMETRIC_REPRESENTATION_CONTEXT(2) 
PARAMETRIC_REPRESENTATION_CONTEXT() REPRESENTATION_CONTEXT('2D SPACE',''
  ) );
#7038 = FACE_BOUND('',#7039,.T.);
#7039 = EDGE_LOOP('',(#7040));
#7040 = ORIENTED_EDGE('',*,*,#7041,.T.);
#7041 = EDGE_CURVE('',#7042,#7042,#7044,.T.);
#7042 = VERTEX_POINT('',#7043);
#7043 = CARTESIAN_POINT('',(11.54,69.84,3.));
#7044 = SURFACE_CURVE('',#7045,(#7050,#7061),.PCURVE_S1.);
#7045 = CIRCLE('',#7046,3.);
#7046 = AXIS2_PLACEMENT_3D('',#7047,#7048,#7049);
#7047 = CARTESIAN_POINT('',(8.54,69.84,3.));
#7048 = DIRECTION('',(0.,0.,-1.));
#7049 = DIRECTION('',(1.,0.,0.));
#7050 = PCURVE('',#3038,#7051);
#7051 = DEFINITIONAL_REPRESENTATION('',(#7052),#7060);
#7052 = ( BOUNDED_CURVE() B_SPLINE_CURVE(2,(#7053,#7054,#7055,#7056,
#7057,#7058,#7059),.UNSPECIFIED.,.T.,.F.) B_SPLINE_CURVE_WITH_KNOTS((1,2
    ,2,2,2,1),(-2.094395102393,0.,2.094395102393,4.188790204786,
6.28318530718,8.377580409573),.UNSPECIFIED.) CURVE() 
GEOMETRIC_REPRESENTATION_ITEM() RATIONAL_B_SPLINE_CURVE((1.,0.5,1.,0.5,
1.,0.5,1.)) REPRESENTATION_ITEM('') );
#7053 = CARTESIAN_POINT('',(11.54,69.84));
#7054 = CARTESIAN_POINT('',(11.54,64.643847577293));
#7055 = CARTESIAN_POINT('',(7.04,67.241923788647));
#7056 = CARTESIAN_POINT('',(2.54,69.84));
#7057 = CARTESIAN_POINT('',(7.04,72.438076211353));
#7058 = CARTESIAN_POINT('',(11.54,75.036152422707));
#7059 = CARTESIAN_POINT('',(11.54,69.84));
#7060 = ( GEOMETRIC_REPRESENTATION_CONTEXT(2) 
PARAMETRIC_REPRESENTATION_CONTEXT() REPRESENTATION_CONTEXT('2D SPACE',''
  ) );
#7061 = PCURVE('',#7062,#7067);
#7062 = CYLINDRICAL_SURFACE('',#7063,3.);
#7063 = AXIS2_PLACEMENT_3D('',#7064,#7065,#7066);
#7064 = CARTESIAN_POINT('',(8.54,69.84,0.));
#7065 = DIRECTION('',(-0.,-0.,-1.));
#7066 = DIRECTION('',(1.,0.,0.));
#7067 = DEFINITIONAL_REPRESENTATION('',(#7068),#7072);
#7068 = LINE('',#7069,#7070);
#7069 = CARTESIAN_POINT('',(-6.28318530718,-3.));
#7070 = VECTOR('',#7071,1.);
#7071 = DIRECTION('',(1.,-0.));
#7072 = ( GEOMETRIC_REPRESENTATION_CONTEXT(2) 
PARAMETRIC_REPRESENTATION_CONTEXT() REPRESENTATION_CONTEXT('2D SPACE',''
  ) );
#7073 = FACE_BOUND('',#7074,.T.);
#7074 = EDGE_LOOP('',(#7075));
#7075 = ORIENTED_EDGE('',*,*,#7076,.T.);
#7076 = EDGE_CURVE('',#7077,#7077,#7079,.T.);
#7077 = VERTEX_POINT('',#7078);
#7078 = CARTESIAN_POINT('',(11.54,101.59,3.));
#7079 = SURFACE_CURVE('',#7080,(#7085,#7096),.PCURVE_S1.);
#7080 = CIRCLE('',#7081,3.);
#7081 = AXIS2_PLACEMENT_3D('',#7082,#7083,#7084);
#7082 = CARTESIAN_POINT('',(8.54,101.59,3.));
#7083 = DIRECTION('',(0.,0.,-1.));
#7084 = DIRECTION('',(1.,0.,0.));
#7085 = PCURVE('',#3038,#7086);
#7086 = DEFINITIONAL_REPRESENTATION('',(#7087),#7095);
#7087 = ( BOUNDED_CURVE() B_SPLINE_CURVE(2,(#7088,#7089,#7090,#7091,
#7092,#7093,#7094),.UNSPECIFIED.,.T.,.F.) B_SPLINE_CURVE_WITH_KNOTS((1,2
    ,2,2,2,1),(-2.094395102393,0.,2.094395102393,4.188790204786,
6.28318530718,8.377580409573),.UNSPECIFIED.) CURVE() 
GEOMETRIC_REPRESENTATION_ITEM() RATIONAL_B_SPLINE_CURVE((1.,0.5,1.,0.5,
1.,0.5,1.)) REPRESENTATION_ITEM('') );
#7088 = CARTESIAN_POINT('',(11.54,101.59));
#7089 = CARTESIAN_POINT('',(11.54,96.393847577293));
#7090 = CARTESIAN_POINT('',(7.04,98.991923788647));
#7091 = CARTESIAN_POINT('',(2.54,101.59));
#7092 = CARTESIAN_POINT('',(7.04,104.18807621135));
#7093 = CARTESIAN_POINT('',(11.54,106.7861524227));
#7094 = CARTESIAN_POINT('',(11.54,101.59));
#7095 = ( GEOMETRIC_REPRESENTATION_CONTEXT(2) 
PARAMETRIC_REPRESENTATION_CONTEXT() REPRESENTATION_CONTEXT('2D SPACE',''
  ) );
#7096 = PCURVE('',#7097,#7102);
#7097 = CYLINDRICAL_SURFACE('',#7098,3.);
#7098 = AXIS2_PLACEMENT_3D('',#7099,#7100,#7101);
#7099 = CARTESIAN_POINT('',(8.54,101.59,0.));
#7100 = DIRECTION('',(-0.,-0.,-1.));
#7101 = DIRECTION('',(1.,0.,0.));
#7102 = DEFINITIONAL_REPRESENTATION('',(#7103),#7107);
#7103 = LINE('',#7104,#7105);
#7104 = CARTESIAN_POINT('',(-6.28318530718,-3.));
#7105 = VECTOR('',#7106,1.);
#7106 = DIRECTION('',(1.,-0.));
#7107 = ( GEOMETRIC_REPRESENTATION_CONTEXT(2) 
PARAMETRIC_REPRESENTATION_CONTEXT() REPRESENTATION_CONTEXT('2D SPACE',''
  ) );
#7108 = FACE_BOUND('',#7109,.T.);
#7109 = EDGE_LOOP('',(#7110));
#7110 = ORIENTED_EDGE('',*,*,#7111,.T.);
#7111 = EDGE_CURVE('',#7112,#7112,#7114,.T.);
#7112 = VERTEX_POINT('',#7113);
#7113 = CARTESIAN_POINT('',(47.1,69.84,3.));
#7114 = SURFACE_CURVE('',#7115,(#7120,#7131),.PCURVE_S1.);
#7115 = CIRCLE('',#7116,3.);
#7116 = AXIS2_PLACEMENT_3D('',#7117,#7118,#7119);
#7117 = CARTESIAN_POINT('',(44.1,69.84,3.));
#7118 = DIRECTION('',(0.,0.,-1.));
#7119 = DIRECTION('',(1.,0.,0.));
#7120 = PCURVE('',#3038,#7121);
#7121 = DEFINITIONAL_REPRESENTATION('',(#7122),#7130);
#7122 = ( BOUNDED_CURVE() B_SPLINE_CURVE(2,(#7123,#7124,#7125,#7126,
#7127,#7128,#7129),.UNSPECIFIED.,.T.,.F.) B_SPLINE_CURVE_WITH_KNOTS((1,2
    ,2,2,2,1),(-2.094395102393,0.,2.094395102393,4.188790204786,
6.28318530718,8.377580409573),.UNSPECIFIED.) CURVE() 
GEOMETRIC_REPRESENTATION_ITEM() RATIONAL_B_SPLINE_CURVE((1.,0.5,1.,0.5,
1.,0.5,1.)) REPRESENTATION_ITEM('') );
#7123 = CARTESIAN_POINT('',(47.1,69.84));
#7124 = CARTESIAN_POINT('',(47.1,64.643847577293));
#7125 = CARTESIAN_POINT('',(42.6,67.241923788647));
#7126 = CARTESIAN_POINT('',(38.1,69.84));
#7127 = CARTESIAN_POINT('',(42.6,72.438076211353));
#7128 = CARTESIAN_POINT('',(47.1,75.036152422707));
#7129 = CARTESIAN_POINT('',(47.1,69.84));
#7130 = ( GEOMETRIC_REPRESENTATION_CONTEXT(2) 
PARAMETRIC_REPRESENTATION_CONTEXT() REPRESENTATION_CONTEXT('2D SPACE',''
  ) );
#7131 = PCURVE('',#7132,#7137);
#7132 = CYLINDRICAL_SURFACE('',#7133,3.);
#7133 = AXIS2_PLACEMENT_3D('',#7134,#7135,#7136);
#7134 = CARTESIAN_POINT('',(44.1,69.84,0.));
#7135 = DIRECTION('',(-0.,-0.,-1.));
#7136 = DIRECTION('',(1.,0.,0.));
#7137 = DEFINITIONAL_REPRESENTATION('',(#7138),#7142);
#7138 = LINE('',#7139,#7140);
#7139 = CARTESIAN_POINT('',(-6.28318530718,-3.));
#7140 = VECTOR('',#7141,1.);
#7141 = DIRECTION('',(1.,-0.));
#7142 = ( GEOMETRIC_REPRESENTATION_CONTEXT(2) 
PARAMETRIC_REPRESENTATION_CONTEXT() REPRESENTATION_CONTEXT('2D SPACE',''
  ) );
#7143 = FACE_BOUND('',#7144,.T.);
#7144 = EDGE_LOOP('',(#7145));
#7145 = ORIENTED_EDGE('',*,*,#7146,.T.);
#7146 = EDGE_CURVE('',#7147,#7147,#7149,.T.);
#7147 = VERTEX_POINT('',#7148);
#7148 = CARTESIAN_POINT('',(76.,59.8,3.));
#7149 = SURFACE_CURVE('',#7150,(#7155,#7166),.PCURVE_S1.);
#7150 = CIRCLE('',#7151,5.5);
#7151 = AXIS2_PLACEMENT_3D('',#7152,#7153,#7154);
#7152 = CARTESIAN_POINT('',(70.5,59.8,3.));
#7153 = DIRECTION('',(0.,0.,-1.));
#7154 = DIRECTION('',(1.,0.,0.));
#7155 = PCURVE('',#3038,#7156);
#7156 = DEFINITIONAL_REPRESENTATION('',(#7157),#7165);
#7157 = ( BOUNDED_CURVE() B_SPLINE_CURVE(2,(#7158,#7159,#7160,#7161,
#7162,#7163,#7164),.UNSPECIFIED.,.T.,.F.) B_SPLINE_CURVE_WITH_KNOTS((1,2
    ,2,2,2,1),(-2.094395102393,0.,2.094395102393,4.188790204786,
6.28318530718,8.377580409573),.UNSPECIFIED.) CURVE() 
GEOMETRIC_REPRESENTATION_ITEM() RATIONAL_B_SPLINE_CURVE((1.,0.5,1.,0.5,
1.,0.5,1.)) REPRESENTATION_ITEM('') );
#7158 = CARTESIAN_POINT('',(76.,59.8));
#7159 = CARTESIAN_POINT('',(76.,50.273720558371));
#7160 = CARTESIAN_POINT('',(67.75,55.036860279186));
#7161 = CARTESIAN_POINT('',(59.5,59.8));
#7162 = CARTESIAN_POINT('',(67.75,64.563139720814));
#7163 = CARTESIAN_POINT('',(76.,69.326279441629));
#7164 = CARTESIAN_POINT('',(76.,59.8));
#7165 = ( GEOMETRIC_REPRESENTATION_CONTEXT(2) 
PARAMETRIC_REPRESENTATION_CONTEXT() REPRESENTATION_CONTEXT('2D SPACE',''
  ) );
#7166 = PCURVE('',#7167,#7172);
#7167 = CYLINDRICAL_SURFACE('',#7168,5.5);
#7168 = AXIS2_PLACEMENT_3D('',#7169,#7170,#7171);
#7169 = CARTESIAN_POINT('',(70.5,59.8,0.));
#7170 = DIRECTION('',(-0.,-0.,-1.));
#7171 = DIRECTION('',(1.,0.,0.));
#7172 = DEFINITIONAL_REPRESENTATION('',(#7173),#7177);
#7173 = LINE('',#7174,#7175);
#7174 = CARTESIAN_POINT('',(-6.28318530718,-3.));
#7175 = VECTOR('',#7176,1.);
#7176 = DIRECTION('',(1.,-0.));
#7177 = ( GEOMETRIC_REPRESENTATION_CONTEXT(2) 
PARAMETRIC_REPRESENTATION_CONTEXT() REPRESENTATION_CONTEXT('2D SPACE',''
  ) );
#7178 = FACE_BOUND('',#7179,.T.);
#7179 = EDGE_LOOP('',(#7180));
#7180 = ORIENTED_EDGE('',*,*,#7181,.T.);
#7181 = EDGE_CURVE('',#7182,#7182,#7184,.T.);
#7182 = VERTEX_POINT('',#7183);
#7183 = CARTESIAN_POINT('',(65.52,74.3,3.));
#7184 = SURFACE_CURVE('',#7185,(#7190,#7201),.PCURVE_S1.);
#7185 = CIRCLE('',#7186,3.);
#7186 = AXIS2_PLACEMENT_3D('',#7187,#7188,#7189);
#7187 = CARTESIAN_POINT('',(62.52,74.3,3.));
#7188 = DIRECTION('',(0.,0.,-1.));
#7189 = DIRECTION('',(1.,0.,0.));
#7190 = PCURVE('',#3038,#7191);
#7191 = DEFINITIONAL_REPRESENTATION('',(#7192),#7200);
#7192 = ( BOUNDED_CURVE() B_SPLINE_CURVE(2,(#7193,#7194,#7195,#7196,
#7197,#7198,#7199),.UNSPECIFIED.,.T.,.F.) B_SPLINE_CURVE_WITH_KNOTS((1,2
    ,2,2,2,1),(-2.094395102393,0.,2.094395102393,4.188790204786,
6.28318530718,8.377580409573),.UNSPECIFIED.) CURVE() 
GEOMETRIC_REPRESENTATION_ITEM() RATIONAL_B_SPLINE_CURVE((1.,0.5,1.,0.5,
1.,0.5,1.)) REPRESENTATION_ITEM('') );
#7193 = CARTESIAN_POINT('',(65.52,74.3));
#7194 = CARTESIAN_POINT('',(65.52,69.103847577293));
#7195 = CARTESIAN_POINT('',(61.02,71.701923788647));
#7196 = CARTESIAN_POINT('',(56.52,74.3));
#7197 = CARTESIAN_POINT('',(61.02,76.898076211353));
#7198 = CARTESIAN_POINT('',(65.52,79.496152422707));
#7199 = CARTESIAN_POINT('',(65.52,74.3));
#7200 = ( GEOMETRIC_REPRESENTATION_CONTEXT(2) 
PARAMETRIC_REPRESENTATION_CONTEXT() REPRESENTATION_CONTEXT('2D SPACE',''
  ) );
#7201 = PCURVE('',#7202,#7207);
#7202 = CYLINDRICAL_SURFACE('',#7203,3.);
#7203 = AXIS2_PLACEMENT_3D('',#7204,#7205,#7206);
#7204 = CARTESIAN_POINT('',(62.52,74.3,0.));
#7205 = DIRECTION('',(-0.,-0.,-1.));
#7206 = DIRECTION('',(1.,0.,0.));
#7207 = DEFINITIONAL_REPRESENTATION('',(#7208),#7212);
#7208 = LINE('',#7209,#7210);
#7209 = CARTESIAN_POINT('',(-6.28318530718,-3.));
#7210 = VECTOR('',#7211,1.);
#7211 = DIRECTION('',(1.,-0.));
#7212 = ( GEOMETRIC_REPRESENTATION_CONTEXT(2) 
PARAMETRIC_REPRESENTATION_CONTEXT() REPRESENTATION_CONTEXT('2D SPACE',''
  ) );
#7213 = FACE_BOUND('',#7214,.T.);
#7214 = EDGE_LOOP('',(#7215));
#7215 = ORIENTED_EDGE('',*,*,#7216,.T.);
#7216 = EDGE_CURVE('',#7217,#7217,#7219,.T.);
#7217 = VERTEX_POINT('',#7218);
#7218 = CARTESIAN_POINT('',(81.12,74.3,3.));
#7219 = SURFACE_CURVE('',#7220,(#7225,#7236),.PCURVE_S1.);
#7220 = CIRCLE('',#7221,3.);
#7221 = AXIS2_PLACEMENT_3D('',#7222,#7223,#7224);
#7222 = CARTESIAN_POINT('',(78.12,74.3,3.));
#7223 = DIRECTION('',(0.,0.,-1.));
#7224 = DIRECTION('',(1.,0.,0.));
#7225 = PCURVE('',#3038,#7226);
#7226 = DEFINITIONAL_REPRESENTATION('',(#7227),#7235);
#7227 = ( BOUNDED_CURVE() B_SPLINE_CURVE(2,(#7228,#7229,#7230,#7231,
#7232,#7233,#7234),.UNSPECIFIED.,.T.,.F.) B_SPLINE_CURVE_WITH_KNOTS((1,2
    ,2,2,2,1),(-2.094395102393,0.,2.094395102393,4.188790204786,
6.28318530718,8.377580409573),.UNSPECIFIED.) CURVE() 
GEOMETRIC_REPRESENTATION_ITEM() RATIONAL_B_SPLINE_CURVE((1.,0.5,1.,0.5,
1.,0.5,1.)) REPRESENTATION_ITEM('') );
#7228 = CARTESIAN_POINT('',(81.12,74.3));
#7229 = CARTESIAN_POINT('',(81.12,69.103847577293));
#7230 = CARTESIAN_POINT('',(76.62,71.701923788647));
#7231 = CARTESIAN_POINT('',(72.12,74.3));
#7232 = CARTESIAN_POINT('',(76.62,76.898076211353));
#7233 = CARTESIAN_POINT('',(81.12,79.496152422707));
#7234 = CARTESIAN_POINT('',(81.12,74.3));
#7235 = ( GEOMETRIC_REPRESENTATION_CONTEXT(2) 
PARAMETRIC_REPRESENTATION_CONTEXT() REPRESENTATION_CONTEXT('2D SPACE',''
  ) );
#7236 = PCURVE('',#7237,#7242);
#7237 = CYLINDRICAL_SURFACE('',#7238,3.);
#7238 = AXIS2_PLACEMENT_3D('',#7239,#7240,#7241);
#7239 = CARTESIAN_POINT('',(78.12,74.3,0.));
#7240 = DIRECTION('',(-0.,-0.,-1.));
#7241 = DIRECTION('',(1.,0.,0.));
#7242 = DEFINITIONAL_REPRESENTATION('',(#7243),#7247);
#7243 = LINE('',#7244,#7245);
#7244 = CARTESIAN_POINT('',(-6.28318530718,-3.));
#7245 = VECTOR('',#7246,1.);
#7246 = DIRECTION('',(1.,-0.));
#7247 = ( GEOMETRIC_REPRESENTATION_CONTEXT(2) 
PARAMETRIC_REPRESENTATION_CONTEXT() REPRESENTATION_CONTEXT('2D SPACE',''
  ) );
#7248 = FACE_BOUND('',#7249,.T.);
#7249 = EDGE_LOOP('',(#7250));
#7250 = ORIENTED_EDGE('',*,*,#7251,.T.);
#7251 = EDGE_CURVE('',#7252,#7252,#7254,.T.);
#7252 = VERTEX_POINT('',#7253);
#7253 = CARTESIAN_POINT('',(47.1,101.59,3.));
#7254 = SURFACE_CURVE('',#7255,(#7260,#7271),.PCURVE_S1.);
#7255 = CIRCLE('',#7256,3.);
#7256 = AXIS2_PLACEMENT_3D('',#7257,#7258,#7259);
#7257 = CARTESIAN_POINT('',(44.1,101.59,3.));
#7258 = DIRECTION('',(0.,0.,-1.));
#7259 = DIRECTION('',(1.,0.,0.));
#7260 = PCURVE('',#3038,#7261);
#7261 = DEFINITIONAL_REPRESENTATION('',(#7262),#7270);
#7262 = ( BOUNDED_CURVE() B_SPLINE_CURVE(2,(#7263,#7264,#7265,#7266,
#7267,#7268,#7269),.UNSPECIFIED.,.T.,.F.) B_SPLINE_CURVE_WITH_KNOTS((1,2
    ,2,2,2,1),(-2.094395102393,0.,2.094395102393,4.188790204786,
6.28318530718,8.377580409573),.UNSPECIFIED.) CURVE() 
GEOMETRIC_REPRESENTATION_ITEM() RATIONAL_B_SPLINE_CURVE((1.,0.5,1.,0.5,
1.,0.5,1.)) REPRESENTATION_ITEM('') );
#7263 = CARTESIAN_POINT('',(47.1,101.59));
#7264 = CARTESIAN_POINT('',(47.1,96.393847577293));
#7265 = CARTESIAN_POINT('',(42.6,98.991923788647));
#7266 = CARTESIAN_POINT('',(38.1,101.59));
#7267 = CARTESIAN_POINT('',(42.6,104.18807621135));
#7268 = CARTESIAN_POINT('',(47.1,106.7861524227));
#7269 = CARTESIAN_POINT('',(47.1,101.59));
#7270 = ( GEOMETRIC_REPRESENTATION_CONTEXT(2) 
PARAMETRIC_REPRESENTATION_CONTEXT() REPRESENTATION_CONTEXT('2D SPACE',''
  ) );
#7271 = PCURVE('',#7272,#7277);
#7272 = CYLINDRICAL_SURFACE('',#7273,3.);
#7273 = AXIS2_PLACEMENT_3D('',#7274,#7275,#7276);
#7274 = CARTESIAN_POINT('',(44.1,101.59,0.));
#7275 = DIRECTION('',(-0.,-0.,-1.));
#7276 = DIRECTION('',(1.,0.,0.));
#7277 = DEFINITIONAL_REPRESENTATION('',(#7278),#7282);
#7278 = LINE('',#7279,#7280);
#7279 = CARTESIAN_POINT('',(-6.28318530718,-3.));
#7280 = VECTOR('',#7281,1.);
#7281 = DIRECTION('',(1.,-0.));
#7282 = ( GEOMETRIC_REPRESENTATION_CONTEXT(2) 
PARAMETRIC_REPRESENTATION_CONTEXT() REPRESENTATION_CONTEXT('2D SPACE',''
  ) );
#7283 = FACE_BOUND('',#7284,.T.);
#7284 = EDGE_LOOP('',(#7285));
#7285 = ORIENTED_EDGE('',*,*,#7286,.T.);
#7286 = EDGE_CURVE('',#7287,#7287,#7289,.T.);
#7287 = VERTEX_POINT('',#7288);
#7288 = CARTESIAN_POINT('',(65.02,82.1,3.));
#7289 = SURFACE_CURVE('',#7290,(#7295,#7306),.PCURVE_S1.);
#7290 = CIRCLE('',#7291,2.);
#7291 = AXIS2_PLACEMENT_3D('',#7292,#7293,#7294);
#7292 = CARTESIAN_POINT('',(63.02,82.1,3.));
#7293 = DIRECTION('',(0.,0.,-1.));
#7294 = DIRECTION('',(1.,0.,0.));
#7295 = PCURVE('',#3038,#7296);
#7296 = DEFINITIONAL_REPRESENTATION('',(#7297),#7305);
#7297 = ( BOUNDED_CURVE() B_SPLINE_CURVE(2,(#7298,#7299,#7300,#7301,
#7302,#7303,#7304),.UNSPECIFIED.,.T.,.F.) B_SPLINE_CURVE_WITH_KNOTS((1,2
    ,2,2,2,1),(-2.094395102393,0.,2.094395102393,4.188790204786,
6.28318530718,8.377580409573),.UNSPECIFIED.) CURVE() 
GEOMETRIC_REPRESENTATION_ITEM() RATIONAL_B_SPLINE_CURVE((1.,0.5,1.,0.5,
1.,0.5,1.)) REPRESENTATION_ITEM('') );
#7298 = CARTESIAN_POINT('',(65.02,82.1));
#7299 = CARTESIAN_POINT('',(65.02,78.635898384862));
#7300 = CARTESIAN_POINT('',(62.02,80.367949192431));
#7301 = CARTESIAN_POINT('',(59.02,82.1));
#7302 = CARTESIAN_POINT('',(62.02,83.832050807569));
#7303 = CARTESIAN_POINT('',(65.02,85.564101615138));
#7304 = CARTESIAN_POINT('',(65.02,82.1));
#7305 = ( GEOMETRIC_REPRESENTATION_CONTEXT(2) 
PARAMETRIC_REPRESENTATION_CONTEXT() REPRESENTATION_CONTEXT('2D SPACE',''
  ) );
#7306 = PCURVE('',#7307,#7312);
#7307 = CYLINDRICAL_SURFACE('',#7308,2.);
#7308 = AXIS2_PLACEMENT_3D('',#7309,#7310,#7311);
#7309 = CARTESIAN_POINT('',(63.02,82.1,0.));
#7310 = DIRECTION('',(-0.,-0.,-1.));
#7311 = DIRECTION('',(1.,0.,0.));
#7312 = DEFINITIONAL_REPRESENTATION('',(#7313),#7317);
#7313 = LINE('',#7314,#7315);
#7314 = CARTESIAN_POINT('',(-6.28318530718,-3.));
#7315 = VECTOR('',#7316,1.);
#7316 = DIRECTION('',(1.,-0.));
#7317 = ( GEOMETRIC_REPRESENTATION_CONTEXT(2) 
PARAMETRIC_REPRESENTATION_CONTEXT() REPRESENTATION_CONTEXT('2D SPACE',''
  ) );
#7318 = FACE_BOUND('',#7319,.T.);
#7319 = EDGE_LOOP('',(#7320));
#7320 = ORIENTED_EDGE('',*,*,#7321,.T.);
#7321 = EDGE_CURVE('',#7322,#7322,#7324,.T.);
#7322 = VERTEX_POINT('',#7323);
#7323 = CARTESIAN_POINT('',(79.62,82.1,3.));
#7324 = SURFACE_CURVE('',#7325,(#7330,#7341),.PCURVE_S1.);
#7325 = CIRCLE('',#7326,2.);
#7326 = AXIS2_PLACEMENT_3D('',#7327,#7328,#7329);
#7327 = CARTESIAN_POINT('',(77.62,82.1,3.));
#7328 = DIRECTION('',(0.,0.,-1.));
#7329 = DIRECTION('',(1.,0.,0.));
#7330 = PCURVE('',#3038,#7331);
#7331 = DEFINITIONAL_REPRESENTATION('',(#7332),#7340);
#7332 = ( BOUNDED_CURVE() B_SPLINE_CURVE(2,(#7333,#7334,#7335,#7336,
#7337,#7338,#7339),.UNSPECIFIED.,.T.,.F.) B_SPLINE_CURVE_WITH_KNOTS((1,2
    ,2,2,2,1),(-2.094395102393,0.,2.094395102393,4.188790204786,
6.28318530718,8.377580409573),.UNSPECIFIED.) CURVE() 
GEOMETRIC_REPRESENTATION_ITEM() RATIONAL_B_SPLINE_CURVE((1.,0.5,1.,0.5,
1.,0.5,1.)) REPRESENTATION_ITEM('') );
#7333 = CARTESIAN_POINT('',(79.62,82.1));
#7334 = CARTESIAN_POINT('',(79.62,78.635898384862));
#7335 = CARTESIAN_POINT('',(76.62,80.367949192431));
#7336 = CARTESIAN_POINT('',(73.62,82.1));
#7337 = CARTESIAN_POINT('',(76.62,83.832050807569));
#7338 = CARTESIAN_POINT('',(79.62,85.564101615138));
#7339 = CARTESIAN_POINT('',(79.62,82.1));
#7340 = ( GEOMETRIC_REPRESENTATION_CONTEXT(2) 
PARAMETRIC_REPRESENTATION_CONTEXT() REPRESENTATION_CONTEXT('2D SPACE',''
  ) );
#7341 = PCURVE('',#7342,#7347);
#7342 = CYLINDRICAL_SURFACE('',#7343,2.);
#7343 = AXIS2_PLACEMENT_3D('',#7344,#7345,#7346);
#7344 = CARTESIAN_POINT('',(77.62,82.1,0.));
#7345 = DIRECTION('',(-0.,-0.,-1.));
#7346 = DIRECTION('',(1.,0.,0.));
#7347 = DEFINITIONAL_REPRESENTATION('',(#7348),#7352);
#7348 = LINE('',#7349,#7350);
#7349 = CARTESIAN_POINT('',(-6.28318530718,-3.));
#7350 = VECTOR('',#7351,1.);
#7351 = DIRECTION('',(1.,-0.));
#7352 = ( GEOMETRIC_REPRESENTATION_CONTEXT(2) 
PARAMETRIC_REPRESENTATION_CONTEXT() REPRESENTATION_CONTEXT('2D SPACE',''
  ) );
#7353 = ADVANCED_FACE('',(#7354),#3463,.T.);
#7354 = FACE_BOUND('',#7355,.T.);
#7355 = EDGE_LOOP('',(#7356,#7376,#7403,#7404,#7405,#7406,#7407));
#7356 = ORIENTED_EDGE('',*,*,#7357,.F.);
#7357 = EDGE_CURVE('',#7358,#3512,#7360,.T.);
#7358 = VERTEX_POINT('',#7359);
#7359 = CARTESIAN_POINT('',(4.4,4.,56.2));
#7360 = SEAM_CURVE('',#7361,(#7364,#7370),.PCURVE_S1.);
#7361 = B_SPLINE_CURVE_WITH_KNOTS('',1,(#7362,#7363),.UNSPECIFIED.,.F.,
  .F.,(2,2),(0.,1.),.PIECEWISE_BEZIER_KNOTS.);
#7362 = CARTESIAN_POINT('',(4.4,4.,56.2));
#7363 = CARTESIAN_POINT('',(7.,4.,59.2));
#7364 = PCURVE('',#3463,#7365);
#7365 = DEFINITIONAL_REPRESENTATION('',(#7366),#7369);
#7366 = B_SPLINE_CURVE_WITH_KNOTS('',1,(#7367,#7368),.UNSPECIFIED.,.F.,
  .F.,(2,2),(0.,1.),.PIECEWISE_BEZIER_KNOTS.);
#7367 = CARTESIAN_POINT('',(0.,0.));
#7368 = CARTESIAN_POINT('',(0.,3.));
#7369 = ( GEOMETRIC_REPRESENTATION_CONTEXT(2) 
PARAMETRIC_REPRESENTATION_CONTEXT() REPRESENTATION_CONTEXT('2D SPACE',''
  ) );
#7370 = PCURVE('',#3463,#7371);
#7371 = DEFINITIONAL_REPRESENTATION('',(#7372),#7375);
#7372 = B_SPLINE_CURVE_WITH_KNOTS('',1,(#7373,#7374),.UNSPECIFIED.,.F.,
  .F.,(2,2),(0.,1.),.PIECEWISE_BEZIER_KNOTS.);
#7373 = CARTESIAN_POINT('',(6.28318530718,0.));
#7374 = CARTESIAN_POINT('',(6.28318530718,3.));
#7375 = ( GEOMETRIC_REPRESENTATION_CONTEXT(2) 
PARAMETRIC_REPRESENTATION_CONTEXT() REPRESENTATION_CONTEXT('2D SPACE',''
  ) );
#7376 = ORIENTED_EDGE('',*,*,#7377,.T.);
#7377 = EDGE_CURVE('',#7358,#7358,#7378,.T.);
#7378 = SURFACE_CURVE('',#7379,(#7384,#7391),.PCURVE_S1.);
#7379 = CIRCLE('',#7380,0.4);
#7380 = AXIS2_PLACEMENT_3D('',#7381,#7382,#7383);
#7381 = CARTESIAN_POINT('',(4.,4.,56.2));
#7382 = DIRECTION('',(0.,0.,1.));
#7383 = DIRECTION('',(1.,0.,0.));
#7384 = PCURVE('',#3463,#7385);
#7385 = DEFINITIONAL_REPRESENTATION('',(#7386),#7390);
#7386 = LINE('',#7387,#7388);
#7387 = CARTESIAN_POINT('',(0.,0.));
#7388 = VECTOR('',#7389,1.);
#7389 = DIRECTION('',(1.,0.));
#7390 = ( GEOMETRIC_REPRESENTATION_CONTEXT(2) 
PARAMETRIC_REPRESENTATION_CONTEXT() REPRESENTATION_CONTEXT('2D SPACE',''
  ) );
#7391 = PCURVE('',#7392,#7397);
#7392 = PLANE('',#7393);
#7393 = AXIS2_PLACEMENT_3D('',#7394,#7395,#7396);
#7394 = CARTESIAN_POINT('',(4.,4.,56.2));
#7395 = DIRECTION('',(0.,0.,1.));
#7396 = DIRECTION('',(1.,0.,0.));
#7397 = DEFINITIONAL_REPRESENTATION('',(#7398),#7402);
#7398 = CIRCLE('',#7399,0.4);
#7399 = AXIS2_PLACEMENT_2D('',#7400,#7401);
#7400 = CARTESIAN_POINT('',(0.,0.));
#7401 = DIRECTION('',(1.,0.));
#7402 = ( GEOMETRIC_REPRESENTATION_CONTEXT(2) 
PARAMETRIC_REPRESENTATION_CONTEXT() REPRESENTATION_CONTEXT('2D SPACE',''
  ) );
#7403 = ORIENTED_EDGE('',*,*,#7357,.T.);
#7404 = ORIENTED_EDGE('',*,*,#3536,.F.);
#7405 = ORIENTED_EDGE('',*,*,#3448,.F.);
#7406 = ORIENTED_EDGE('',*,*,#3583,.F.);
#7407 = ORIENTED_EDGE('',*,*,#3511,.F.);
#7408 = ADVANCED_FACE('',(#7409),#3394,.F.);
#7409 = FACE_BOUND('',#7410,.F.);
#7410 = EDGE_LOOP('',(#7411,#7412,#7413,#7436));
#7411 = ORIENTED_EDGE('',*,*,#3378,.F.);
#7412 = ORIENTED_EDGE('',*,*,#6862,.T.);
#7413 = ORIENTED_EDGE('',*,*,#7414,.T.);
#7414 = EDGE_CURVE('',#6863,#7415,#7417,.T.);
#7415 = VERTEX_POINT('',#7416);
#7416 = CARTESIAN_POINT('',(53.,7.,34.15));
#7417 = SURFACE_CURVE('',#7418,(#7422,#7429),.PCURVE_S1.);
#7418 = LINE('',#7419,#7420);
#7419 = CARTESIAN_POINT('',(53.,7.,3.));
#7420 = VECTOR('',#7421,1.);
#7421 = DIRECTION('',(0.,0.,1.));
#7422 = PCURVE('',#3394,#7423);
#7423 = DEFINITIONAL_REPRESENTATION('',(#7424),#7428);
#7424 = LINE('',#7425,#7426);
#7425 = CARTESIAN_POINT('',(0.,-4.));
#7426 = VECTOR('',#7427,1.);
#7427 = DIRECTION('',(1.,0.));
#7428 = ( GEOMETRIC_REPRESENTATION_CONTEXT(2) 
PARAMETRIC_REPRESENTATION_CONTEXT() REPRESENTATION_CONTEXT('2D SPACE',''
  ) );
#7429 = PCURVE('',#6901,#7430);
#7430 = DEFINITIONAL_REPRESENTATION('',(#7431),#7435);
#7431 = LINE('',#7432,#7433);
#7432 = CARTESIAN_POINT('',(0.,0.));
#7433 = VECTOR('',#7434,1.);
#7434 = DIRECTION('',(1.,0.));
#7435 = ( GEOMETRIC_REPRESENTATION_CONTEXT(2) 
PARAMETRIC_REPRESENTATION_CONTEXT() REPRESENTATION_CONTEXT('2D SPACE',''
  ) );
#7436 = ORIENTED_EDGE('',*,*,#7437,.F.);
#7437 = EDGE_CURVE('',#3351,#7415,#7438,.T.);
#7438 = SURFACE_CURVE('',#7439,(#7443,#7450),.PCURVE_S1.);
#7439 = LINE('',#7440,#7441);
#7440 = CARTESIAN_POINT('',(53.,3.,34.15));
#7441 = VECTOR('',#7442,1.);
#7442 = DIRECTION('',(0.,1.,0.));
#7443 = PCURVE('',#3394,#7444);
#7444 = DEFINITIONAL_REPRESENTATION('',(#7445),#7449);
#7445 = LINE('',#7446,#7447);
#7446 = CARTESIAN_POINT('',(31.15,0.));
#7447 = VECTOR('',#7448,1.);
#7448 = DIRECTION('',(0.,-1.));
#7449 = ( GEOMETRIC_REPRESENTATION_CONTEXT(2) 
PARAMETRIC_REPRESENTATION_CONTEXT() REPRESENTATION_CONTEXT('2D SPACE',''
  ) );
#7450 = PCURVE('',#3366,#7451);
#7451 = DEFINITIONAL_REPRESENTATION('',(#7452),#7456);
#7452 = LINE('',#7453,#7454);
#7453 = CARTESIAN_POINT('',(0.,0.));
#7454 = VECTOR('',#7455,1.);
#7455 = DIRECTION('',(0.,1.));
#7456 = ( GEOMETRIC_REPRESENTATION_CONTEXT(2) 
PARAMETRIC_REPRESENTATION_CONTEXT() REPRESENTATION_CONTEXT('2D SPACE',''
  ) );
#7457 = ADVANCED_FACE('',(#7458),#3366,.T.);
#7458 = FACE_BOUND('',#7459,.T.);
#7459 = EDGE_LOOP('',(#7460,#7461,#7462,#7485));
#7460 = ORIENTED_EDGE('',*,*,#7437,.F.);
#7461 = ORIENTED_EDGE('',*,*,#3350,.T.);
#7462 = ORIENTED_EDGE('',*,*,#7463,.T.);
#7463 = EDGE_CURVE('',#3323,#7464,#7466,.T.);
#7464 = VERTEX_POINT('',#7465);
#7465 = CARTESIAN_POINT('',(70.,7.,34.15));
#7466 = SURFACE_CURVE('',#7467,(#7471,#7478),.PCURVE_S1.);
#7467 = LINE('',#7468,#7469);
#7468 = CARTESIAN_POINT('',(70.,3.,34.15));
#7469 = VECTOR('',#7470,1.);
#7470 = DIRECTION('',(0.,1.,0.));
#7471 = PCURVE('',#3366,#7472);
#7472 = DEFINITIONAL_REPRESENTATION('',(#7473),#7477);
#7473 = LINE('',#7474,#7475);
#7474 = CARTESIAN_POINT('',(17.,0.));
#7475 = VECTOR('',#7476,1.);
#7476 = DIRECTION('',(0.,1.));
#7477 = ( GEOMETRIC_REPRESENTATION_CONTEXT(2) 
PARAMETRIC_REPRESENTATION_CONTEXT() REPRESENTATION_CONTEXT('2D SPACE',''
  ) );
#7478 = PCURVE('',#3338,#7479);
#7479 = DEFINITIONAL_REPRESENTATION('',(#7480),#7484);
#7480 = LINE('',#7481,#7482);
#7481 = CARTESIAN_POINT('',(31.15,0.));
#7482 = VECTOR('',#7483,1.);
#7483 = DIRECTION('',(0.,-1.));
#7484 = ( GEOMETRIC_REPRESENTATION_CONTEXT(2) 
PARAMETRIC_REPRESENTATION_CONTEXT() REPRESENTATION_CONTEXT('2D SPACE',''
  ) );
#7485 = ORIENTED_EDGE('',*,*,#7486,.F.);
#7486 = EDGE_CURVE('',#7415,#7464,#7487,.T.);
#7487 = SURFACE_CURVE('',#7488,(#7492,#7499),.PCURVE_S1.);
#7488 = LINE('',#7489,#7490);
#7489 = CARTESIAN_POINT('',(53.,7.,34.15));
#7490 = VECTOR('',#7491,1.);
#7491 = DIRECTION('',(1.,0.,0.));
#7492 = PCURVE('',#3366,#7493);
#7493 = DEFINITIONAL_REPRESENTATION('',(#7494),#7498);
#7494 = LINE('',#7495,#7496);
#7495 = CARTESIAN_POINT('',(0.,4.));
#7496 = VECTOR('',#7497,1.);
#7497 = DIRECTION('',(1.,0.));
#7498 = ( GEOMETRIC_REPRESENTATION_CONTEXT(2) 
PARAMETRIC_REPRESENTATION_CONTEXT() REPRESENTATION_CONTEXT('2D SPACE',''
  ) );
#7499 = PCURVE('',#6901,#7500);
#7500 = DEFINITIONAL_REPRESENTATION('',(#7501),#7505);
#7501 = LINE('',#7502,#7503);
#7502 = CARTESIAN_POINT('',(31.15,0.));
#7503 = VECTOR('',#7504,1.);
#7504 = DIRECTION('',(0.,1.));
#7505 = ( GEOMETRIC_REPRESENTATION_CONTEXT(2) 
PARAMETRIC_REPRESENTATION_CONTEXT() REPRESENTATION_CONTEXT('2D SPACE',''
  ) );
#7506 = ADVANCED_FACE('',(#7507),#3338,.T.);
#7507 = FACE_BOUND('',#7508,.T.);
#7508 = EDGE_LOOP('',(#7509,#7510,#7511,#7512,#7533,#7559));
#7509 = ORIENTED_EDGE('',*,*,#7463,.F.);
#7510 = ORIENTED_EDGE('',*,*,#3322,.F.);
#7511 = ORIENTED_EDGE('',*,*,#6946,.T.);
#7512 = ORIENTED_EDGE('',*,*,#7513,.F.);
#7513 = EDGE_CURVE('',#7514,#6914,#7516,.T.);
#7514 = VERTEX_POINT('',#7515);
#7515 = CARTESIAN_POINT('',(70.,5.322774424948,5.));
#7516 = SURFACE_CURVE('',#7517,(#7521,#7527),.PCURVE_S1.);
#7517 = LINE('',#7518,#7519);
#7518 = CARTESIAN_POINT('',(70.,5.322774424948,0.));
#7519 = VECTOR('',#7520,1.);
#7520 = DIRECTION('',(-0.,-0.,-1.));
#7521 = PCURVE('',#3338,#7522);
#7522 = DEFINITIONAL_REPRESENTATION('',(#7523),#7526);
#7523 = B_SPLINE_CURVE_WITH_KNOTS('',1,(#7524,#7525),.UNSPECIFIED.,.F.,
  .F.,(2,2),(-5.0000006,-2.9999994),.PIECEWISE_BEZIER_KNOTS.);
#7524 = CARTESIAN_POINT('',(2.0000006,-2.322774424948));
#7525 = CARTESIAN_POINT('',(-5.999999999062E-07,-2.322774424948));
#7526 = ( GEOMETRIC_REPRESENTATION_CONTEXT(2) 
PARAMETRIC_REPRESENTATION_CONTEXT() REPRESENTATION_CONTEXT('2D SPACE',''
  ) );
#7527 = PCURVE('',#6934,#7528);
#7528 = DEFINITIONAL_REPRESENTATION('',(#7529),#7532);
#7529 = B_SPLINE_CURVE_WITH_KNOTS('',1,(#7530,#7531),.UNSPECIFIED.,.F.,
  .F.,(2,2),(-5.,-3.),.PIECEWISE_BEZIER_KNOTS.);
#7530 = CARTESIAN_POINT('',(-4.621354202347,-5.));
#7531 = CARTESIAN_POINT('',(-4.621354202347,-3.));
#7532 = ( GEOMETRIC_REPRESENTATION_CONTEXT(2) 
PARAMETRIC_REPRESENTATION_CONTEXT() REPRESENTATION_CONTEXT('2D SPACE',''
  ) );
#7533 = ORIENTED_EDGE('',*,*,#7534,.T.);
#7534 = EDGE_CURVE('',#7514,#7535,#7537,.T.);
#7535 = VERTEX_POINT('',#7536);
#7536 = CARTESIAN_POINT('',(70.,7.,5.));
#7537 = SURFACE_CURVE('',#7538,(#7542,#7548),.PCURVE_S1.);
#7538 = LINE('',#7539,#7540);
#7539 = CARTESIAN_POINT('',(70.,6.9,5.));
#7540 = VECTOR('',#7541,1.);
#7541 = DIRECTION('',(0.,1.,0.));
#7542 = PCURVE('',#3338,#7543);
#7543 = DEFINITIONAL_REPRESENTATION('',(#7544),#7547);
#7544 = B_SPLINE_CURVE_WITH_KNOTS('',1,(#7545,#7546),.UNSPECIFIED.,.F.,
  .F.,(2,2),(-1.6,0.1),.PIECEWISE_BEZIER_KNOTS.);
#7545 = CARTESIAN_POINT('',(2.,-2.3));
#7546 = CARTESIAN_POINT('',(2.,-4.));
#7547 = ( GEOMETRIC_REPRESENTATION_CONTEXT(2) 
PARAMETRIC_REPRESENTATION_CONTEXT() REPRESENTATION_CONTEXT('2D SPACE',''
  ) );
#7548 = PCURVE('',#7549,#7554);
#7549 = PLANE('',#7550);
#7550 = AXIS2_PLACEMENT_3D('',#7551,#7552,#7553);
#7551 = CARTESIAN_POINT('',(12.5,10.8,5.));
#7552 = DIRECTION('',(0.,0.,1.));
#7553 = DIRECTION('',(1.,0.,-0.));
#7554 = DEFINITIONAL_REPRESENTATION('',(#7555),#7558);
#7555 = B_SPLINE_CURVE_WITH_KNOTS('',1,(#7556,#7557),.UNSPECIFIED.,.F.,
  .F.,(2,2),(-1.6,0.1),.PIECEWISE_BEZIER_KNOTS.);
#7556 = CARTESIAN_POINT('',(57.5,-5.5));
#7557 = CARTESIAN_POINT('',(57.5,-3.8));
#7558 = ( GEOMETRIC_REPRESENTATION_CONTEXT(2) 
PARAMETRIC_REPRESENTATION_CONTEXT() REPRESENTATION_CONTEXT('2D SPACE',''
  ) );
#7559 = ORIENTED_EDGE('',*,*,#7560,.T.);
#7560 = EDGE_CURVE('',#7535,#7464,#7561,.T.);
#7561 = SURFACE_CURVE('',#7562,(#7566,#7573),.PCURVE_S1.);
#7562 = LINE('',#7563,#7564);
#7563 = CARTESIAN_POINT('',(70.,7.,3.));
#7564 = VECTOR('',#7565,1.);
#7565 = DIRECTION('',(0.,0.,1.));
#7566 = PCURVE('',#3338,#7567);
#7567 = DEFINITIONAL_REPRESENTATION('',(#7568),#7572);
#7568 = LINE('',#7569,#7570);
#7569 = CARTESIAN_POINT('',(0.,-4.));
#7570 = VECTOR('',#7571,1.);
#7571 = DIRECTION('',(1.,0.));
#7572 = ( GEOMETRIC_REPRESENTATION_CONTEXT(2) 
PARAMETRIC_REPRESENTATION_CONTEXT() REPRESENTATION_CONTEXT('2D SPACE',''
  ) );
#7573 = PCURVE('',#6901,#7574);
#7574 = DEFINITIONAL_REPRESENTATION('',(#7575),#7579);
#7575 = LINE('',#7576,#7577);
#7576 = CARTESIAN_POINT('',(0.,17.));
#7577 = VECTOR('',#7578,1.);
#7578 = DIRECTION('',(1.,0.));
#7579 = ( GEOMETRIC_REPRESENTATION_CONTEXT(2) 
PARAMETRIC_REPRESENTATION_CONTEXT() REPRESENTATION_CONTEXT('2D SPACE',''
  ) );
#7580 = ADVANCED_FACE('',(#7581),#3692,.T.);
#7581 = FACE_BOUND('',#7582,.T.);
#7582 = EDGE_LOOP('',(#7583,#7603,#7630,#7631,#7632,#7633,#7634));
#7583 = ORIENTED_EDGE('',*,*,#7584,.F.);
#7584 = EDGE_CURVE('',#7585,#4416,#7587,.T.);
#7585 = VERTEX_POINT('',#7586);
#7586 = CARTESIAN_POINT('',(4.4,109.13,56.2));
#7587 = SEAM_CURVE('',#7588,(#7591,#7597),.PCURVE_S1.);
#7588 = B_SPLINE_CURVE_WITH_KNOTS('',1,(#7589,#7590),.UNSPECIFIED.,.F.,
  .F.,(2,2),(0.,1.),.PIECEWISE_BEZIER_KNOTS.);
#7589 = CARTESIAN_POINT('',(4.4,109.13,56.2));
#7590 = CARTESIAN_POINT('',(7.,109.13,59.2));
#7591 = PCURVE('',#3692,#7592);
#7592 = DEFINITIONAL_REPRESENTATION('',(#7593),#7596);
#7593 = B_SPLINE_CURVE_WITH_KNOTS('',1,(#7594,#7595),.UNSPECIFIED.,.F.,
  .F.,(2,2),(0.,1.),.PIECEWISE_BEZIER_KNOTS.);
#7594 = CARTESIAN_POINT('',(0.,0.));
#7595 = CARTESIAN_POINT('',(0.,3.));
#7596 = ( GEOMETRIC_REPRESENTATION_CONTEXT(2) 
PARAMETRIC_REPRESENTATION_CONTEXT() REPRESENTATION_CONTEXT('2D SPACE',''
  ) );
#7597 = PCURVE('',#3692,#7598);
#7598 = DEFINITIONAL_REPRESENTATION('',(#7599),#7602);
#7599 = B_SPLINE_CURVE_WITH_KNOTS('',1,(#7600,#7601),.UNSPECIFIED.,.F.,
  .F.,(2,2),(0.,1.),.PIECEWISE_BEZIER_KNOTS.);
#7600 = CARTESIAN_POINT('',(6.28318530718,0.));
#7601 = CARTESIAN_POINT('',(6.28318530718,3.));
#7602 = ( GEOMETRIC_REPRESENTATION_CONTEXT(2) 
PARAMETRIC_REPRESENTATION_CONTEXT() REPRESENTATION_CONTEXT('2D SPACE',''
  ) );
#7603 = ORIENTED_EDGE('',*,*,#7604,.T.);
#7604 = EDGE_CURVE('',#7585,#7585,#7605,.T.);
#7605 = SURFACE_CURVE('',#7606,(#7611,#7618),.PCURVE_S1.);
#7606 = CIRCLE('',#7607,0.4);
#7607 = AXIS2_PLACEMENT_3D('',#7608,#7609,#7610);
#7608 = CARTESIAN_POINT('',(4.,109.13,56.2));
#7609 = DIRECTION('',(0.,0.,1.));
#7610 = DIRECTION('',(1.,0.,0.));
#7611 = PCURVE('',#3692,#7612);
#7612 = DEFINITIONAL_REPRESENTATION('',(#7613),#7617);
#7613 = LINE('',#7614,#7615);
#7614 = CARTESIAN_POINT('',(0.,0.));
#7615 = VECTOR('',#7616,1.);
#7616 = DIRECTION('',(1.,0.));
#7617 = ( GEOMETRIC_REPRESENTATION_CONTEXT(2) 
PARAMETRIC_REPRESENTATION_CONTEXT() REPRESENTATION_CONTEXT('2D SPACE',''
  ) );
#7618 = PCURVE('',#7619,#7624);
#7619 = PLANE('',#7620);
#7620 = AXIS2_PLACEMENT_3D('',#7621,#7622,#7623);
#7621 = CARTESIAN_POINT('',(4.,109.13,56.2));
#7622 = DIRECTION('',(0.,0.,1.));
#7623 = DIRECTION('',(1.,0.,0.));
#7624 = DEFINITIONAL_REPRESENTATION('',(#7625),#7629);
#7625 = CIRCLE('',#7626,0.4);
#7626 = AXIS2_PLACEMENT_2D('',#7627,#7628);
#7627 = CARTESIAN_POINT('',(0.,0.));
#7628 = DIRECTION('',(1.,0.));
#7629 = ( GEOMETRIC_REPRESENTATION_CONTEXT(2) 
PARAMETRIC_REPRESENTATION_CONTEXT() REPRESENTATION_CONTEXT('2D SPACE',''
  ) );
#7630 = ORIENTED_EDGE('',*,*,#7584,.T.);
#7631 = ORIENTED_EDGE('',*,*,#4440,.F.);
#7632 = ORIENTED_EDGE('',*,*,#3675,.F.);
#7633 = ORIENTED_EDGE('',*,*,#4578,.T.);
#7634 = ORIENTED_EDGE('',*,*,#4415,.F.);
#7635 = ADVANCED_FACE('',(#7636),#4766,.F.);
#7636 = FACE_BOUND('',#7637,.F.);
#7637 = EDGE_LOOP('',(#7638,#7639,#7640,#7662));
#7638 = ORIENTED_EDGE('',*,*,#4867,.T.);
#7639 = ORIENTED_EDGE('',*,*,#4753,.F.);
#7640 = ORIENTED_EDGE('',*,*,#7641,.F.);
#7641 = EDGE_CURVE('',#4803,#4728,#7642,.T.);
#7642 = SURFACE_CURVE('',#7643,(#7648,#7655),.PCURVE_S1.);
#7643 = CIRCLE('',#7644,1.45);
#7644 = AXIS2_PLACEMENT_3D('',#7645,#7646,#7647);
#7645 = CARTESIAN_POINT('',(93.,109.13,67.72));
#7646 = DIRECTION('',(0.,-0.,-1.));
#7647 = DIRECTION('',(0.689655172414,-0.724137931034,0.));
#7648 = PCURVE('',#4766,#7649);
#7649 = DEFINITIONAL_REPRESENTATION('',(#7650),#7654);
#7650 = CIRCLE('',#7651,1.45);
#7651 = AXIS2_PLACEMENT_2D('',#7652,#7653);
#7652 = CARTESIAN_POINT('',(0.,0.));
#7653 = DIRECTION('',(-0.689655172414,-0.724137931034));
#7654 = ( GEOMETRIC_REPRESENTATION_CONTEXT(2) 
PARAMETRIC_REPRESENTATION_CONTEXT() REPRESENTATION_CONTEXT('2D SPACE',''
  ) );
#7655 = PCURVE('',#4742,#7656);
#7656 = DEFINITIONAL_REPRESENTATION('',(#7657),#7661);
#7657 = LINE('',#7658,#7659);
#7658 = CARTESIAN_POINT('',(3.95137622616,4.48));
#7659 = VECTOR('',#7660,1.);
#7660 = DIRECTION('',(1.,0.));
#7661 = ( GEOMETRIC_REPRESENTATION_CONTEXT(2) 
PARAMETRIC_REPRESENTATION_CONTEXT() REPRESENTATION_CONTEXT('2D SPACE',''
  ) );
#7662 = ORIENTED_EDGE('',*,*,#4802,.F.);
#7663 = ADVANCED_FACE('',(#7664),#4742,.F.);
#7664 = FACE_BOUND('',#7665,.F.);
#7665 = EDGE_LOOP('',(#7666,#7667,#7668,#7694));
#7666 = ORIENTED_EDGE('',*,*,#7641,.T.);
#7667 = ORIENTED_EDGE('',*,*,#4727,.T.);
#7668 = ORIENTED_EDGE('',*,*,#7669,.T.);
#7669 = EDGE_CURVE('',#4702,#4824,#7670,.T.);
#7670 = SURFACE_CURVE('',#7671,(#7676,#7683),.PCURVE_S1.);
#7671 = CIRCLE('',#7672,1.45);
#7672 = AXIS2_PLACEMENT_3D('',#7673,#7674,#7675);
#7673 = CARTESIAN_POINT('',(93.,109.13,63.72));
#7674 = DIRECTION('',(0.,0.,1.));
#7675 = DIRECTION('',(-0.724137931034,0.689655172414,0.));
#7676 = PCURVE('',#4742,#7677);
#7677 = DEFINITIONAL_REPRESENTATION('',(#7678),#7682);
#7678 = LINE('',#7679,#7680);
#7679 = CARTESIAN_POINT('',(7.044198061404,8.48));
#7680 = VECTOR('',#7681,1.);
#7681 = DIRECTION('',(-1.,-0.));
#7682 = ( GEOMETRIC_REPRESENTATION_CONTEXT(2) 
PARAMETRIC_REPRESENTATION_CONTEXT() REPRESENTATION_CONTEXT('2D SPACE',''
  ) );
#7683 = PCURVE('',#4716,#7684);
#7684 = DEFINITIONAL_REPRESENTATION('',(#7685),#7693);
#7685 = ( BOUNDED_CURVE() B_SPLINE_CURVE(2,(#7686,#7687,#7688,#7689,
#7690,#7691,#7692),.UNSPECIFIED.,.T.,.F.) B_SPLINE_CURVE_WITH_KNOTS((1,2
    ,2,2,2,1),(-2.094395102393,0.,2.094395102393,4.188790204786,
6.28318530718,8.377580409573),.UNSPECIFIED.) CURVE() 
GEOMETRIC_REPRESENTATION_ITEM() RATIONAL_B_SPLINE_CURVE((1.,0.5,1.,0.5,
1.,0.5,1.)) REPRESENTATION_ITEM('') );
#7686 = CARTESIAN_POINT('',(1.05,1.));
#7687 = CARTESIAN_POINT('',(2.782050807569,-0.818653347947));
#7688 = CARTESIAN_POINT('',(0.341025403784,-1.409326673974));
#7689 = CARTESIAN_POINT('',(-2.1,-2.));
#7690 = CARTESIAN_POINT('',(-1.391025403784,0.409326673974));
#7691 = CARTESIAN_POINT('',(-0.682050807569,2.818653347947));
#7692 = CARTESIAN_POINT('',(1.05,1.));
#7693 = ( GEOMETRIC_REPRESENTATION_CONTEXT(2) 
PARAMETRIC_REPRESENTATION_CONTEXT() REPRESENTATION_CONTEXT('2D SPACE',''
  ) );
#7694 = ORIENTED_EDGE('',*,*,#4823,.F.);
#7695 = ADVANCED_FACE('',(#7696),#4716,.F.);
#7696 = FACE_BOUND('',#7697,.F.);
#7697 = EDGE_LOOP('',(#7698,#7699,#7700));
#7698 = ORIENTED_EDGE('',*,*,#4844,.F.);
#7699 = ORIENTED_EDGE('',*,*,#7669,.F.);
#7700 = ORIENTED_EDGE('',*,*,#4701,.F.);
#7701 = ADVANCED_FACE('',(#7702),#4914,.F.);
#7702 = FACE_BOUND('',#7703,.F.);
#7703 = EDGE_LOOP('',(#7704,#7705,#7706,#7707));
#7704 = ORIENTED_EDGE('',*,*,#5068,.F.);
#7705 = ORIENTED_EDGE('',*,*,#4895,.T.);
#7706 = ORIENTED_EDGE('',*,*,#4970,.T.);
#7707 = ORIENTED_EDGE('',*,*,#7708,.F.);
#7708 = EDGE_CURVE('',#5069,#4971,#7709,.T.);
#7709 = SURFACE_CURVE('',#7710,(#7715,#7722),.PCURVE_S1.);
#7710 = CIRCLE('',#7711,1.45);
#7711 = AXIS2_PLACEMENT_3D('',#7712,#7713,#7714);
#7712 = CARTESIAN_POINT('',(4.,109.13,67.72));
#7713 = DIRECTION('',(0.,0.,-1.));
#7714 = DIRECTION('',(-1.,0.,0.));
#7715 = PCURVE('',#4914,#7716);
#7716 = DEFINITIONAL_REPRESENTATION('',(#7717),#7721);
#7717 = CIRCLE('',#7718,1.45);
#7718 = AXIS2_PLACEMENT_2D('',#7719,#7720);
#7719 = CARTESIAN_POINT('',(0.,0.));
#7720 = DIRECTION('',(1.,0.));
#7721 = ( GEOMETRIC_REPRESENTATION_CONTEXT(2) 
PARAMETRIC_REPRESENTATION_CONTEXT() REPRESENTATION_CONTEXT('2D SPACE',''
  ) );
#7722 = PCURVE('',#5006,#7723);
#7723 = DEFINITIONAL_REPRESENTATION('',(#7724),#7728);
#7724 = LINE('',#7725,#7726);
#7725 = CARTESIAN_POINT('',(0.,4.48));
#7726 = VECTOR('',#7727,1.);
#7727 = DIRECTION('',(1.,0.));
#7728 = ( GEOMETRIC_REPRESENTATION_CONTEXT(2) 
PARAMETRIC_REPRESENTATION_CONTEXT() REPRESENTATION_CONTEXT('2D SPACE',''
  ) );
#7729 = ADVANCED_FACE('',(#7730),#5032,.F.);
#7730 = FACE_BOUND('',#7731,.F.);
#7731 = EDGE_LOOP('',(#7732,#7733,#7755));
#7732 = ORIENTED_EDGE('',*,*,#5110,.F.);
#7733 = ORIENTED_EDGE('',*,*,#7734,.T.);
#7734 = EDGE_CURVE('',#5090,#4992,#7735,.T.);
#7735 = SURFACE_CURVE('',#7736,(#7741,#7748),.PCURVE_S1.);
#7736 = CIRCLE('',#7737,1.45);
#7737 = AXIS2_PLACEMENT_3D('',#7738,#7739,#7740);
#7738 = CARTESIAN_POINT('',(4.,109.13,63.72));
#7739 = DIRECTION('',(0.,0.,-1.));
#7740 = DIRECTION('',(-1.,0.,0.));
#7741 = PCURVE('',#5032,#7742);
#7742 = DEFINITIONAL_REPRESENTATION('',(#7743),#7747);
#7743 = CIRCLE('',#7744,1.45);
#7744 = AXIS2_PLACEMENT_2D('',#7745,#7746);
#7745 = CARTESIAN_POINT('',(0.,0.));
#7746 = DIRECTION('',(1.,0.));
#7747 = ( GEOMETRIC_REPRESENTATION_CONTEXT(2) 
PARAMETRIC_REPRESENTATION_CONTEXT() REPRESENTATION_CONTEXT('2D SPACE',''
  ) );
#7748 = PCURVE('',#5006,#7749);
#7749 = DEFINITIONAL_REPRESENTATION('',(#7750),#7754);
#7750 = LINE('',#7751,#7752);
#7751 = CARTESIAN_POINT('',(0.,8.48));
#7752 = VECTOR('',#7753,1.);
#7753 = DIRECTION('',(1.,0.));
#7754 = ( GEOMETRIC_REPRESENTATION_CONTEXT(2) 
PARAMETRIC_REPRESENTATION_CONTEXT() REPRESENTATION_CONTEXT('2D SPACE',''
  ) );
#7755 = ORIENTED_EDGE('',*,*,#5017,.T.);
#7756 = ADVANCED_FACE('',(#7757),#5006,.F.);
#7757 = FACE_BOUND('',#7758,.F.);
#7758 = EDGE_LOOP('',(#7759,#7760,#7761,#7762));
#7759 = ORIENTED_EDGE('',*,*,#5089,.F.);
#7760 = ORIENTED_EDGE('',*,*,#7708,.T.);
#7761 = ORIENTED_EDGE('',*,*,#4991,.T.);
#7762 = ORIENTED_EDGE('',*,*,#7734,.F.);
#7763 = ADVANCED_FACE('',(#7764),#5151,.F.);
#7764 = FACE_BOUND('',#7765,.F.);
#7765 = EDGE_LOOP('',(#7766,#7767,#7768,#7769));
#7766 = ORIENTED_EDGE('',*,*,#5346,.T.);
#7767 = ORIENTED_EDGE('',*,*,#5132,.T.);
#7768 = ORIENTED_EDGE('',*,*,#5228,.T.);
#7769 = ORIENTED_EDGE('',*,*,#7770,.F.);
#7770 = EDGE_CURVE('',#5326,#5229,#7771,.T.);
#7771 = SURFACE_CURVE('',#7772,(#7777,#7784),.PCURVE_S1.);
#7772 = CIRCLE('',#7773,1.45);
#7773 = AXIS2_PLACEMENT_3D('',#7774,#7775,#7776);
#7774 = CARTESIAN_POINT('',(4.,4.,67.72));
#7775 = DIRECTION('',(0.,0.,-1.));
#7776 = DIRECTION('',(-1.,0.,0.));
#7777 = PCURVE('',#5151,#7778);
#7778 = DEFINITIONAL_REPRESENTATION('',(#7779),#7783);
#7779 = CIRCLE('',#7780,1.45);
#7780 = AXIS2_PLACEMENT_2D('',#7781,#7782);
#7781 = CARTESIAN_POINT('',(0.,0.));
#7782 = DIRECTION('',(1.,0.));
#7783 = ( GEOMETRIC_REPRESENTATION_CONTEXT(2) 
PARAMETRIC_REPRESENTATION_CONTEXT() REPRESENTATION_CONTEXT('2D SPACE',''
  ) );
#7784 = PCURVE('',#5264,#7785);
#7785 = DEFINITIONAL_REPRESENTATION('',(#7786),#7790);
#7786 = LINE('',#7787,#7788);
#7787 = CARTESIAN_POINT('',(0.,4.48));
#7788 = VECTOR('',#7789,1.);
#7789 = DIRECTION('',(1.,0.));
#7790 = ( GEOMETRIC_REPRESENTATION_CONTEXT(2) 
PARAMETRIC_REPRESENTATION_CONTEXT() REPRESENTATION_CONTEXT('2D SPACE',''
  ) );
#7791 = ADVANCED_FACE('',(#7792),#5288,.F.);
#7792 = FACE_BOUND('',#7793,.F.);
#7793 = EDGE_LOOP('',(#7794,#7795,#7817));
#7794 = ORIENTED_EDGE('',*,*,#5304,.T.);
#7795 = ORIENTED_EDGE('',*,*,#7796,.T.);
#7796 = EDGE_CURVE('',#5305,#5250,#7797,.T.);
#7797 = SURFACE_CURVE('',#7798,(#7803,#7810),.PCURVE_S1.);
#7798 = CIRCLE('',#7799,1.45);
#7799 = AXIS2_PLACEMENT_3D('',#7800,#7801,#7802);
#7800 = CARTESIAN_POINT('',(4.,4.,63.72));
#7801 = DIRECTION('',(0.,0.,-1.));
#7802 = DIRECTION('',(-1.,0.,0.));
#7803 = PCURVE('',#5288,#7804);
#7804 = DEFINITIONAL_REPRESENTATION('',(#7805),#7809);
#7805 = CIRCLE('',#7806,1.45);
#7806 = AXIS2_PLACEMENT_2D('',#7807,#7808);
#7807 = CARTESIAN_POINT('',(0.,0.));
#7808 = DIRECTION('',(1.,0.));
#7809 = ( GEOMETRIC_REPRESENTATION_CONTEXT(2) 
PARAMETRIC_REPRESENTATION_CONTEXT() REPRESENTATION_CONTEXT('2D SPACE',''
  ) );
#7810 = PCURVE('',#5264,#7811);
#7811 = DEFINITIONAL_REPRESENTATION('',(#7812),#7816);
#7812 = LINE('',#7813,#7814);
#7813 = CARTESIAN_POINT('',(0.,8.48));
#7814 = VECTOR('',#7815,1.);
#7815 = DIRECTION('',(1.,0.));
#7816 = ( GEOMETRIC_REPRESENTATION_CONTEXT(2) 
PARAMETRIC_REPRESENTATION_CONTEXT() REPRESENTATION_CONTEXT('2D SPACE',''
  ) );
#7817 = ORIENTED_EDGE('',*,*,#5275,.T.);
#7818 = ADVANCED_FACE('',(#7819),#5264,.F.);
#7819 = FACE_BOUND('',#7820,.F.);
#7820 = EDGE_LOOP('',(#7821,#7822,#7823,#7824));
#7821 = ORIENTED_EDGE('',*,*,#5325,.F.);
#7822 = ORIENTED_EDGE('',*,*,#7770,.T.);
#7823 = ORIENTED_EDGE('',*,*,#5249,.T.);
#7824 = ORIENTED_EDGE('',*,*,#7796,.F.);
#7825 = ADVANCED_FACE('',(#7826),#5458,.F.);
#7826 = FACE_BOUND('',#7827,.F.);
#7827 = EDGE_LOOP('',(#7828,#7829,#7830,#7852));
#7828 = ORIENTED_EDGE('',*,*,#5578,.T.);
#7829 = ORIENTED_EDGE('',*,*,#5443,.F.);
#7830 = ORIENTED_EDGE('',*,*,#7831,.F.);
#7831 = EDGE_CURVE('',#5536,#5418,#7832,.T.);
#7832 = SURFACE_CURVE('',#7833,(#7838,#7845),.PCURVE_S1.);
#7833 = CIRCLE('',#7834,1.45);
#7834 = AXIS2_PLACEMENT_3D('',#7835,#7836,#7837);
#7835 = CARTESIAN_POINT('',(93.,4.,67.72));
#7836 = DIRECTION('',(0.,0.,-1.));
#7837 = DIRECTION('',(-0.724137931034,-0.689655172414,-0.));
#7838 = PCURVE('',#5458,#7839);
#7839 = DEFINITIONAL_REPRESENTATION('',(#7840),#7844);
#7840 = CIRCLE('',#7841,1.45);
#7841 = AXIS2_PLACEMENT_2D('',#7842,#7843);
#7842 = CARTESIAN_POINT('',(0.,0.));
#7843 = DIRECTION('',(0.724137931034,-0.689655172414));
#7844 = ( GEOMETRIC_REPRESENTATION_CONTEXT(2) 
PARAMETRIC_REPRESENTATION_CONTEXT() REPRESENTATION_CONTEXT('2D SPACE',''
  ) );
#7845 = PCURVE('',#5432,#7846);
#7846 = DEFINITIONAL_REPRESENTATION('',(#7847),#7851);
#7847 = LINE('',#7848,#7849);
#7848 = CARTESIAN_POINT('',(5.522172552955,4.48));
#7849 = VECTOR('',#7850,1.);
#7850 = DIRECTION('',(1.,0.));
#7851 = ( GEOMETRIC_REPRESENTATION_CONTEXT(2) 
PARAMETRIC_REPRESENTATION_CONTEXT() REPRESENTATION_CONTEXT('2D SPACE',''
  ) );
#7852 = ORIENTED_EDGE('',*,*,#5556,.T.);
#7853 = ADVANCED_FACE('',(#7854),#5432,.F.);
#7854 = FACE_BOUND('',#7855,.F.);
#7855 = EDGE_LOOP('',(#7856,#7878,#7879,#7880));
#7856 = ORIENTED_EDGE('',*,*,#7857,.F.);
#7857 = EDGE_CURVE('',#5515,#5392,#7858,.T.);
#7858 = SURFACE_CURVE('',#7859,(#7864,#7871),.PCURVE_S1.);
#7859 = CIRCLE('',#7860,1.45);
#7860 = AXIS2_PLACEMENT_3D('',#7861,#7862,#7863);
#7861 = CARTESIAN_POINT('',(93.,4.,63.72));
#7862 = DIRECTION('',(0.,0.,-1.));
#7863 = DIRECTION('',(-0.724137931034,-0.689655172414,-0.));
#7864 = PCURVE('',#5432,#7865);
#7865 = DEFINITIONAL_REPRESENTATION('',(#7866),#7870);
#7866 = LINE('',#7867,#7868);
#7867 = CARTESIAN_POINT('',(5.522172552955,8.48));
#7868 = VECTOR('',#7869,1.);
#7869 = DIRECTION('',(1.,0.));
#7870 = ( GEOMETRIC_REPRESENTATION_CONTEXT(2) 
PARAMETRIC_REPRESENTATION_CONTEXT() REPRESENTATION_CONTEXT('2D SPACE',''
  ) );
#7871 = PCURVE('',#5406,#7872);
#7872 = DEFINITIONAL_REPRESENTATION('',(#7873),#7877);
#7873 = CIRCLE('',#7874,1.45);
#7874 = AXIS2_PLACEMENT_2D('',#7875,#7876);
#7875 = CARTESIAN_POINT('',(0.,0.));
#7876 = DIRECTION('',(0.724137931034,-0.689655172414));
#7877 = ( GEOMETRIC_REPRESENTATION_CONTEXT(2) 
PARAMETRIC_REPRESENTATION_CONTEXT() REPRESENTATION_CONTEXT('2D SPACE',''
  ) );
#7878 = ORIENTED_EDGE('',*,*,#5535,.F.);
#7879 = ORIENTED_EDGE('',*,*,#7831,.T.);
#7880 = ORIENTED_EDGE('',*,*,#5417,.T.);
#7881 = ADVANCED_FACE('',(#7882),#5406,.F.);
#7882 = FACE_BOUND('',#7883,.F.);
#7883 = EDGE_LOOP('',(#7884,#7885,#7886));
#7884 = ORIENTED_EDGE('',*,*,#7857,.T.);
#7885 = ORIENTED_EDGE('',*,*,#5391,.F.);
#7886 = ORIENTED_EDGE('',*,*,#5514,.T.);
#7887 = ADVANCED_FACE('',(#7888,#7891),#5645,.F.);
#7888 = FACE_BOUND('',#7889,.F.);
#7889 = EDGE_LOOP('',(#7890));
#7890 = ORIENTED_EDGE('',*,*,#5630,.T.);
#7891 = FACE_BOUND('',#7892,.F.);
#7892 = EDGE_LOOP('',(#7893));
#7893 = ORIENTED_EDGE('',*,*,#7894,.T.);
#7894 = EDGE_CURVE('',#7895,#7895,#7897,.T.);
#7895 = VERTEX_POINT('',#7896);
#7896 = CARTESIAN_POINT('',(13.9,10.8,2.7));
#7897 = SURFACE_CURVE('',#7898,(#7903,#7914),.PCURVE_S1.);
#7898 = CIRCLE('',#7899,1.4);
#7899 = AXIS2_PLACEMENT_3D('',#7900,#7901,#7902);
#7900 = CARTESIAN_POINT('',(12.5,10.8,2.7));
#7901 = DIRECTION('',(0.,0.,-1.));
#7902 = DIRECTION('',(1.,0.,0.));
#7903 = PCURVE('',#5645,#7904);
#7904 = DEFINITIONAL_REPRESENTATION('',(#7905),#7913);
#7905 = ( BOUNDED_CURVE() B_SPLINE_CURVE(2,(#7906,#7907,#7908,#7909,
#7910,#7911,#7912),.UNSPECIFIED.,.T.,.F.) B_SPLINE_CURVE_WITH_KNOTS((1,2
    ,2,2,2,1),(-2.094395102393,0.,2.094395102393,4.188790204786,
6.28318530718,8.377580409573),.UNSPECIFIED.) CURVE() 
GEOMETRIC_REPRESENTATION_ITEM() RATIONAL_B_SPLINE_CURVE((1.,0.5,1.,0.5,
1.,0.5,1.)) REPRESENTATION_ITEM('') );
#7906 = CARTESIAN_POINT('',(1.4,0.));
#7907 = CARTESIAN_POINT('',(1.4,-2.424871130596));
#7908 = CARTESIAN_POINT('',(-0.7,-1.212435565298));
#7909 = CARTESIAN_POINT('',(-2.8,-3.429011037613E-16));
#7910 = CARTESIAN_POINT('',(-0.7,1.212435565298));
#7911 = CARTESIAN_POINT('',(1.4,2.424871130596));
#7912 = CARTESIAN_POINT('',(1.4,0.));
#7913 = ( GEOMETRIC_REPRESENTATION_CONTEXT(2) 
PARAMETRIC_REPRESENTATION_CONTEXT() REPRESENTATION_CONTEXT('2D SPACE',''
  ) );
#7914 = PCURVE('',#7915,#7920);
#7915 = CYLINDRICAL_SURFACE('',#7916,1.4);
#7916 = AXIS2_PLACEMENT_3D('',#7917,#7918,#7919);
#7917 = CARTESIAN_POINT('',(12.5,10.8,-1.));
#7918 = DIRECTION('',(-0.,-0.,-1.));
#7919 = DIRECTION('',(1.,0.,0.));
#7920 = DEFINITIONAL_REPRESENTATION('',(#7921),#7925);
#7921 = LINE('',#7922,#7923);
#7922 = CARTESIAN_POINT('',(-6.28318530718,-3.7));
#7923 = VECTOR('',#7924,1.);
#7924 = DIRECTION('',(1.,-0.));
#7925 = ( GEOMETRIC_REPRESENTATION_CONTEXT(2) 
PARAMETRIC_REPRESENTATION_CONTEXT() REPRESENTATION_CONTEXT('2D SPACE',''
  ) );
#7926 = ADVANCED_FACE('',(#7927,#7930),#5700,.F.);
#7927 = FACE_BOUND('',#7928,.F.);
#7928 = EDGE_LOOP('',(#7929));
#7929 = ORIENTED_EDGE('',*,*,#5685,.T.);
#7930 = FACE_BOUND('',#7931,.F.);
#7931 = EDGE_LOOP('',(#7932));
#7932 = ORIENTED_EDGE('',*,*,#7933,.T.);
#7933 = EDGE_CURVE('',#7934,#7934,#7936,.T.);
#7934 = VERTEX_POINT('',#7935);
#7935 = CARTESIAN_POINT('',(71.9,10.8,2.7));
#7936 = SURFACE_CURVE('',#7937,(#7942,#7953),.PCURVE_S1.);
#7937 = CIRCLE('',#7938,1.4);
#7938 = AXIS2_PLACEMENT_3D('',#7939,#7940,#7941);
#7939 = CARTESIAN_POINT('',(70.5,10.8,2.7));
#7940 = DIRECTION('',(0.,0.,-1.));
#7941 = DIRECTION('',(1.,0.,0.));
#7942 = PCURVE('',#5700,#7943);
#7943 = DEFINITIONAL_REPRESENTATION('',(#7944),#7952);
#7944 = ( BOUNDED_CURVE() B_SPLINE_CURVE(2,(#7945,#7946,#7947,#7948,
#7949,#7950,#7951),.UNSPECIFIED.,.T.,.F.) B_SPLINE_CURVE_WITH_KNOTS((1,2
    ,2,2,2,1),(-2.094395102393,0.,2.094395102393,4.188790204786,
6.28318530718,8.377580409573),.UNSPECIFIED.) CURVE() 
GEOMETRIC_REPRESENTATION_ITEM() RATIONAL_B_SPLINE_CURVE((1.,0.5,1.,0.5,
1.,0.5,1.)) REPRESENTATION_ITEM('') );
#7945 = CARTESIAN_POINT('',(59.4,0.));
#7946 = CARTESIAN_POINT('',(59.4,-2.424871130596));
#7947 = CARTESIAN_POINT('',(57.3,-1.212435565298));
#7948 = CARTESIAN_POINT('',(55.2,-3.429011037613E-16));
#7949 = CARTESIAN_POINT('',(57.3,1.212435565298));
#7950 = CARTESIAN_POINT('',(59.4,2.424871130596));
#7951 = CARTESIAN_POINT('',(59.4,0.));
#7952 = ( GEOMETRIC_REPRESENTATION_CONTEXT(2) 
PARAMETRIC_REPRESENTATION_CONTEXT() REPRESENTATION_CONTEXT('2D SPACE',''
  ) );
#7953 = PCURVE('',#7954,#7959);
#7954 = CYLINDRICAL_SURFACE('',#7955,1.4);
#7955 = AXIS2_PLACEMENT_3D('',#7956,#7957,#7958);
#7956 = CARTESIAN_POINT('',(70.5,10.8,-1.));
#7957 = DIRECTION('',(-0.,-0.,-1.));
#7958 = DIRECTION('',(1.,0.,0.));
#7959 = DEFINITIONAL_REPRESENTATION('',(#7960),#7964);
#7960 = LINE('',#7961,#7962);
#7961 = CARTESIAN_POINT('',(-6.28318530718,-3.7));
#7962 = VECTOR('',#7963,1.);
#7963 = DIRECTION('',(1.,-0.));
#7964 = ( GEOMETRIC_REPRESENTATION_CONTEXT(2) 
PARAMETRIC_REPRESENTATION_CONTEXT() REPRESENTATION_CONTEXT('2D SPACE',''
  ) );
#7965 = ADVANCED_FACE('',(#7966,#7969),#5755,.F.);
#7966 = FACE_BOUND('',#7967,.F.);
#7967 = EDGE_LOOP('',(#7968));
#7968 = ORIENTED_EDGE('',*,*,#5740,.T.);
#7969 = FACE_BOUND('',#7970,.F.);
#7970 = EDGE_LOOP('',(#7971));
#7971 = ORIENTED_EDGE('',*,*,#7972,.T.);
#7972 = EDGE_CURVE('',#7973,#7973,#7975,.T.);
#7973 = VERTEX_POINT('',#7974);
#7974 = CARTESIAN_POINT('',(13.9,59.8,2.7));
#7975 = SURFACE_CURVE('',#7976,(#7981,#7992),.PCURVE_S1.);
#7976 = CIRCLE('',#7977,1.4);
#7977 = AXIS2_PLACEMENT_3D('',#7978,#7979,#7980);
#7978 = CARTESIAN_POINT('',(12.5,59.8,2.7));
#7979 = DIRECTION('',(0.,0.,-1.));
#7980 = DIRECTION('',(1.,0.,0.));
#7981 = PCURVE('',#5755,#7982);
#7982 = DEFINITIONAL_REPRESENTATION('',(#7983),#7991);
#7983 = ( BOUNDED_CURVE() B_SPLINE_CURVE(2,(#7984,#7985,#7986,#7987,
#7988,#7989,#7990),.UNSPECIFIED.,.T.,.F.) B_SPLINE_CURVE_WITH_KNOTS((1,2
    ,2,2,2,1),(-2.094395102393,0.,2.094395102393,4.188790204786,
6.28318530718,8.377580409573),.UNSPECIFIED.) CURVE() 
GEOMETRIC_REPRESENTATION_ITEM() RATIONAL_B_SPLINE_CURVE((1.,0.5,1.,0.5,
1.,0.5,1.)) REPRESENTATION_ITEM('') );
#7984 = CARTESIAN_POINT('',(1.4,49.));
#7985 = CARTESIAN_POINT('',(1.4,46.575128869404));
#7986 = CARTESIAN_POINT('',(-0.7,47.787564434702));
#7987 = CARTESIAN_POINT('',(-2.8,49.));
#7988 = CARTESIAN_POINT('',(-0.7,50.212435565298));
#7989 = CARTESIAN_POINT('',(1.4,51.424871130596));
#7990 = CARTESIAN_POINT('',(1.4,49.));
#7991 = ( GEOMETRIC_REPRESENTATION_CONTEXT(2) 
PARAMETRIC_REPRESENTATION_CONTEXT() REPRESENTATION_CONTEXT('2D SPACE',''
  ) );
#7992 = PCURVE('',#7993,#7998);
#7993 = CYLINDRICAL_SURFACE('',#7994,1.4);
#7994 = AXIS2_PLACEMENT_3D('',#7995,#7996,#7997);
#7995 = CARTESIAN_POINT('',(12.5,59.8,-1.));
#7996 = DIRECTION('',(-0.,-0.,-1.));
#7997 = DIRECTION('',(1.,0.,0.));
#7998 = DEFINITIONAL_REPRESENTATION('',(#7999),#8003);
#7999 = LINE('',#8000,#8001);
#8000 = CARTESIAN_POINT('',(-6.28318530718,-3.7));
#8001 = VECTOR('',#8002,1.);
#8002 = DIRECTION('',(1.,-0.));
#8003 = ( GEOMETRIC_REPRESENTATION_CONTEXT(2) 
PARAMETRIC_REPRESENTATION_CONTEXT() REPRESENTATION_CONTEXT('2D SPACE',''
  ) );
#8004 = ADVANCED_FACE('',(#8005,#8008),#5810,.F.);
#8005 = FACE_BOUND('',#8006,.F.);
#8006 = EDGE_LOOP('',(#8007));
#8007 = ORIENTED_EDGE('',*,*,#5795,.T.);
#8008 = FACE_BOUND('',#8009,.F.);
#8009 = EDGE_LOOP('',(#8010));
#8010 = ORIENTED_EDGE('',*,*,#8011,.T.);
#8011 = EDGE_CURVE('',#8012,#8012,#8014,.T.);
#8012 = VERTEX_POINT('',#8013);
#8013 = CARTESIAN_POINT('',(71.9,59.8,2.7));
#8014 = SURFACE_CURVE('',#8015,(#8020,#8031),.PCURVE_S1.);
#8015 = CIRCLE('',#8016,1.4);
#8016 = AXIS2_PLACEMENT_3D('',#8017,#8018,#8019);
#8017 = CARTESIAN_POINT('',(70.5,59.8,2.7));
#8018 = DIRECTION('',(0.,0.,-1.));
#8019 = DIRECTION('',(1.,0.,0.));
#8020 = PCURVE('',#5810,#8021);
#8021 = DEFINITIONAL_REPRESENTATION('',(#8022),#8030);
#8022 = ( BOUNDED_CURVE() B_SPLINE_CURVE(2,(#8023,#8024,#8025,#8026,
#8027,#8028,#8029),.UNSPECIFIED.,.T.,.F.) B_SPLINE_CURVE_WITH_KNOTS((1,2
    ,2,2,2,1),(-2.094395102393,0.,2.094395102393,4.188790204786,
6.28318530718,8.377580409573),.UNSPECIFIED.) CURVE() 
GEOMETRIC_REPRESENTATION_ITEM() RATIONAL_B_SPLINE_CURVE((1.,0.5,1.,0.5,
1.,0.5,1.)) REPRESENTATION_ITEM('') );
#8023 = CARTESIAN_POINT('',(59.4,49.));
#8024 = CARTESIAN_POINT('',(59.4,46.575128869404));
#8025 = CARTESIAN_POINT('',(57.3,47.787564434702));
#8026 = CARTESIAN_POINT('',(55.2,49.));
#8027 = CARTESIAN_POINT('',(57.3,50.212435565298));
#8028 = CARTESIAN_POINT('',(59.4,51.424871130596));
#8029 = CARTESIAN_POINT('',(59.4,49.));
#8030 = ( GEOMETRIC_REPRESENTATION_CONTEXT(2) 
PARAMETRIC_REPRESENTATION_CONTEXT() REPRESENTATION_CONTEXT('2D SPACE',''
  ) );
#8031 = PCURVE('',#8032,#8037);
#8032 = CYLINDRICAL_SURFACE('',#8033,1.4);
#8033 = AXIS2_PLACEMENT_3D('',#8034,#8035,#8036);
#8034 = CARTESIAN_POINT('',(70.5,59.8,-1.));
#8035 = DIRECTION('',(-0.,-0.,-1.));
#8036 = DIRECTION('',(1.,0.,0.));
#8037 = DEFINITIONAL_REPRESENTATION('',(#8038),#8042);
#8038 = LINE('',#8039,#8040);
#8039 = CARTESIAN_POINT('',(-6.28318530718,-3.7));
#8040 = VECTOR('',#8041,1.);
#8041 = DIRECTION('',(1.,-0.));
#8042 = ( GEOMETRIC_REPRESENTATION_CONTEXT(2) 
PARAMETRIC_REPRESENTATION_CONTEXT() REPRESENTATION_CONTEXT('2D SPACE',''
  ) );
#8043 = ADVANCED_FACE('',(#8044),#6659,.F.);
#8044 = FACE_BOUND('',#8045,.F.);
#8045 = EDGE_LOOP('',(#8046,#8069,#8070,#8093));
#8046 = ORIENTED_EDGE('',*,*,#8047,.F.);
#8047 = EDGE_CURVE('',#6645,#8048,#8050,.T.);
#8048 = VERTEX_POINT('',#8049);
#8049 = CARTESIAN_POINT('',(68.,7.,31.65));
#8050 = SURFACE_CURVE('',#8051,(#8055,#8062),.PCURVE_S1.);
#8051 = LINE('',#8052,#8053);
#8052 = CARTESIAN_POINT('',(68.,-4.3,31.65));
#8053 = VECTOR('',#8054,1.);
#8054 = DIRECTION('',(0.,1.,0.));
#8055 = PCURVE('',#6659,#8056);
#8056 = DEFINITIONAL_REPRESENTATION('',(#8057),#8061);
#8057 = LINE('',#8058,#8059);
#8058 = CARTESIAN_POINT('',(7.,0.));
#8059 = VECTOR('',#8060,1.);
#8060 = DIRECTION('',(0.,-1.));
#8061 = ( GEOMETRIC_REPRESENTATION_CONTEXT(2) 
PARAMETRIC_REPRESENTATION_CONTEXT() REPRESENTATION_CONTEXT('2D SPACE',''
  ) );
#8062 = PCURVE('',#6685,#8063);
#8063 = DEFINITIONAL_REPRESENTATION('',(#8064),#8068);
#8064 = LINE('',#8065,#8066);
#8065 = CARTESIAN_POINT('',(13.,0.));
#8066 = VECTOR('',#8067,1.);
#8067 = DIRECTION('',(0.,1.));
#8068 = ( GEOMETRIC_REPRESENTATION_CONTEXT(2) 
PARAMETRIC_REPRESENTATION_CONTEXT() REPRESENTATION_CONTEXT('2D SPACE',''
  ) );
#8069 = ORIENTED_EDGE('',*,*,#6642,.F.);
#8070 = ORIENTED_EDGE('',*,*,#8071,.T.);
#8071 = EDGE_CURVE('',#6643,#8072,#8074,.T.);
#8072 = VERTEX_POINT('',#8073);
#8073 = CARTESIAN_POINT('',(68.,7.,24.65));
#8074 = SURFACE_CURVE('',#8075,(#8079,#8086),.PCURVE_S1.);
#8075 = LINE('',#8076,#8077);
#8076 = CARTESIAN_POINT('',(68.,-4.3,24.65));
#8077 = VECTOR('',#8078,1.);
#8078 = DIRECTION('',(0.,1.,0.));
#8079 = PCURVE('',#6659,#8080);
#8080 = DEFINITIONAL_REPRESENTATION('',(#8081),#8085);
#8081 = LINE('',#8082,#8083);
#8082 = CARTESIAN_POINT('',(0.,0.));
#8083 = VECTOR('',#8084,1.);
#8084 = DIRECTION('',(0.,-1.));
#8085 = ( GEOMETRIC_REPRESENTATION_CONTEXT(2) 
PARAMETRIC_REPRESENTATION_CONTEXT() REPRESENTATION_CONTEXT('2D SPACE',''
  ) );
#8086 = PCURVE('',#6735,#8087);
#8087 = DEFINITIONAL_REPRESENTATION('',(#8088),#8092);
#8088 = LINE('',#8089,#8090);
#8089 = CARTESIAN_POINT('',(13.,0.));
#8090 = VECTOR('',#8091,1.);
#8091 = DIRECTION('',(0.,1.));
#8092 = ( GEOMETRIC_REPRESENTATION_CONTEXT(2) 
PARAMETRIC_REPRESENTATION_CONTEXT() REPRESENTATION_CONTEXT('2D SPACE',''
  ) );
#8093 = ORIENTED_EDGE('',*,*,#8094,.F.);
#8094 = EDGE_CURVE('',#8048,#8072,#8095,.T.);
#8095 = SURFACE_CURVE('',#8096,(#8100,#8106),.PCURVE_S1.);
#8096 = LINE('',#8097,#8098);
#8097 = CARTESIAN_POINT('',(68.,7.,13.825));
#8098 = VECTOR('',#8099,1.);
#8099 = DIRECTION('',(0.,0.,-1.));
#8100 = PCURVE('',#6659,#8101);
#8101 = DEFINITIONAL_REPRESENTATION('',(#8102),#8105);
#8102 = B_SPLINE_CURVE_WITH_KNOTS('',1,(#8103,#8104),.UNSPECIFIED.,.F.,
  .F.,(2,2),(-17.825,-10.825),.PIECEWISE_BEZIER_KNOTS.);
#8103 = CARTESIAN_POINT('',(7.,-11.3));
#8104 = CARTESIAN_POINT('',(0.,-11.3));
#8105 = ( GEOMETRIC_REPRESENTATION_CONTEXT(2) 
PARAMETRIC_REPRESENTATION_CONTEXT() REPRESENTATION_CONTEXT('2D SPACE',''
  ) );
#8106 = PCURVE('',#6901,#8107);
#8107 = DEFINITIONAL_REPRESENTATION('',(#8108),#8111);
#8108 = B_SPLINE_CURVE_WITH_KNOTS('',1,(#8109,#8110),.UNSPECIFIED.,.F.,
  .F.,(2,2),(-17.825,-10.825),.PIECEWISE_BEZIER_KNOTS.);
#8109 = CARTESIAN_POINT('',(28.65,15.));
#8110 = CARTESIAN_POINT('',(21.65,15.));
#8111 = ( GEOMETRIC_REPRESENTATION_CONTEXT(2) 
PARAMETRIC_REPRESENTATION_CONTEXT() REPRESENTATION_CONTEXT('2D SPACE',''
  ) );
#8112 = ADVANCED_FACE('',(#8113),#6735,.T.);
#8113 = FACE_BOUND('',#8114,.T.);
#8114 = EDGE_LOOP('',(#8115,#8138,#8139,#8140));
#8115 = ORIENTED_EDGE('',*,*,#8116,.F.);
#8116 = EDGE_CURVE('',#6697,#8117,#8119,.T.);
#8117 = VERTEX_POINT('',#8118);
#8118 = CARTESIAN_POINT('',(55.,7.,24.65));
#8119 = SURFACE_CURVE('',#8120,(#8124,#8131),.PCURVE_S1.);
#8120 = LINE('',#8121,#8122);
#8121 = CARTESIAN_POINT('',(55.,-4.3,24.65));
#8122 = VECTOR('',#8123,1.);
#8123 = DIRECTION('',(0.,1.,0.));
#8124 = PCURVE('',#6735,#8125);
#8125 = DEFINITIONAL_REPRESENTATION('',(#8126),#8130);
#8126 = LINE('',#8127,#8128);
#8127 = CARTESIAN_POINT('',(0.,0.));
#8128 = VECTOR('',#8129,1.);
#8129 = DIRECTION('',(0.,1.));
#8130 = ( GEOMETRIC_REPRESENTATION_CONTEXT(2) 
PARAMETRIC_REPRESENTATION_CONTEXT() REPRESENTATION_CONTEXT('2D SPACE',''
  ) );
#8131 = PCURVE('',#6711,#8132);
#8132 = DEFINITIONAL_REPRESENTATION('',(#8133),#8137);
#8133 = LINE('',#8134,#8135);
#8134 = CARTESIAN_POINT('',(0.,0.));
#8135 = VECTOR('',#8136,1.);
#8136 = DIRECTION('',(0.,-1.));
#8137 = ( GEOMETRIC_REPRESENTATION_CONTEXT(2) 
PARAMETRIC_REPRESENTATION_CONTEXT() REPRESENTATION_CONTEXT('2D SPACE',''
  ) );
#8138 = ORIENTED_EDGE('',*,*,#6722,.F.);
#8139 = ORIENTED_EDGE('',*,*,#8071,.T.);
#8140 = ORIENTED_EDGE('',*,*,#8141,.F.);
#8141 = EDGE_CURVE('',#8117,#8072,#8142,.T.);
#8142 = SURFACE_CURVE('',#8143,(#8147,#8153),.PCURVE_S1.);
#8143 = LINE('',#8144,#8145);
#8144 = CARTESIAN_POINT('',(54.,7.,24.65));
#8145 = VECTOR('',#8146,1.);
#8146 = DIRECTION('',(1.,0.,0.));
#8147 = PCURVE('',#6735,#8148);
#8148 = DEFINITIONAL_REPRESENTATION('',(#8149),#8152);
#8149 = B_SPLINE_CURVE_WITH_KNOTS('',1,(#8150,#8151),.UNSPECIFIED.,.F.,
  .F.,(2,2),(1.,14.),.PIECEWISE_BEZIER_KNOTS.);
#8150 = CARTESIAN_POINT('',(0.,11.3));
#8151 = CARTESIAN_POINT('',(13.,11.3));
#8152 = ( GEOMETRIC_REPRESENTATION_CONTEXT(2) 
PARAMETRIC_REPRESENTATION_CONTEXT() REPRESENTATION_CONTEXT('2D SPACE',''
  ) );
#8153 = PCURVE('',#6901,#8154);
#8154 = DEFINITIONAL_REPRESENTATION('',(#8155),#8158);
#8155 = B_SPLINE_CURVE_WITH_KNOTS('',1,(#8156,#8157),.UNSPECIFIED.,.F.,
  .F.,(2,2),(1.,14.),.PIECEWISE_BEZIER_KNOTS.);
#8156 = CARTESIAN_POINT('',(21.65,2.));
#8157 = CARTESIAN_POINT('',(21.65,15.));
#8158 = ( GEOMETRIC_REPRESENTATION_CONTEXT(2) 
PARAMETRIC_REPRESENTATION_CONTEXT() REPRESENTATION_CONTEXT('2D SPACE',''
  ) );
#8159 = ADVANCED_FACE('',(#8160),#6711,.T.);
#8160 = FACE_BOUND('',#8161,.T.);
#8161 = EDGE_LOOP('',(#8162,#8185,#8186,#8187));
#8162 = ORIENTED_EDGE('',*,*,#8163,.F.);
#8163 = EDGE_CURVE('',#6671,#8164,#8166,.T.);
#8164 = VERTEX_POINT('',#8165);
#8165 = CARTESIAN_POINT('',(55.,7.,31.65));
#8166 = SURFACE_CURVE('',#8167,(#8171,#8178),.PCURVE_S1.);
#8167 = LINE('',#8168,#8169);
#8168 = CARTESIAN_POINT('',(55.,-4.3,31.65));
#8169 = VECTOR('',#8170,1.);
#8170 = DIRECTION('',(0.,1.,0.));
#8171 = PCURVE('',#6711,#8172);
#8172 = DEFINITIONAL_REPRESENTATION('',(#8173),#8177);
#8173 = LINE('',#8174,#8175);
#8174 = CARTESIAN_POINT('',(7.,0.));
#8175 = VECTOR('',#8176,1.);
#8176 = DIRECTION('',(0.,-1.));
#8177 = ( GEOMETRIC_REPRESENTATION_CONTEXT(2) 
PARAMETRIC_REPRESENTATION_CONTEXT() REPRESENTATION_CONTEXT('2D SPACE',''
  ) );
#8178 = PCURVE('',#6685,#8179);
#8179 = DEFINITIONAL_REPRESENTATION('',(#8180),#8184);
#8180 = LINE('',#8181,#8182);
#8181 = CARTESIAN_POINT('',(0.,0.));
#8182 = VECTOR('',#8183,1.);
#8183 = DIRECTION('',(0.,1.));
#8184 = ( GEOMETRIC_REPRESENTATION_CONTEXT(2) 
PARAMETRIC_REPRESENTATION_CONTEXT() REPRESENTATION_CONTEXT('2D SPACE',''
  ) );
#8185 = ORIENTED_EDGE('',*,*,#6696,.F.);
#8186 = ORIENTED_EDGE('',*,*,#8116,.T.);
#8187 = ORIENTED_EDGE('',*,*,#8188,.F.);
#8188 = EDGE_CURVE('',#8164,#8117,#8189,.T.);
#8189 = SURFACE_CURVE('',#8190,(#8194,#8200),.PCURVE_S1.);
#8190 = LINE('',#8191,#8192);
#8191 = CARTESIAN_POINT('',(55.,7.,13.825));
#8192 = VECTOR('',#8193,1.);
#8193 = DIRECTION('',(0.,0.,-1.));
#8194 = PCURVE('',#6711,#8195);
#8195 = DEFINITIONAL_REPRESENTATION('',(#8196),#8199);
#8196 = B_SPLINE_CURVE_WITH_KNOTS('',1,(#8197,#8198),.UNSPECIFIED.,.F.,
  .F.,(2,2),(-17.825,-10.825),.PIECEWISE_BEZIER_KNOTS.);
#8197 = CARTESIAN_POINT('',(7.,-11.3));
#8198 = CARTESIAN_POINT('',(0.,-11.3));
#8199 = ( GEOMETRIC_REPRESENTATION_CONTEXT(2) 
PARAMETRIC_REPRESENTATION_CONTEXT() REPRESENTATION_CONTEXT('2D SPACE',''
  ) );
#8200 = PCURVE('',#6901,#8201);
#8201 = DEFINITIONAL_REPRESENTATION('',(#8202),#8205);
#8202 = B_SPLINE_CURVE_WITH_KNOTS('',1,(#8203,#8204),.UNSPECIFIED.,.F.,
  .F.,(2,2),(-17.825,-10.825),.PIECEWISE_BEZIER_KNOTS.);
#8203 = CARTESIAN_POINT('',(28.65,2.));
#8204 = CARTESIAN_POINT('',(21.65,2.));
#8205 = ( GEOMETRIC_REPRESENTATION_CONTEXT(2) 
PARAMETRIC_REPRESENTATION_CONTEXT() REPRESENTATION_CONTEXT('2D SPACE',''
  ) );
#8206 = ADVANCED_FACE('',(#8207),#6685,.F.);
#8207 = FACE_BOUND('',#8208,.F.);
#8208 = EDGE_LOOP('',(#8209,#8210,#8211,#8212));
#8209 = ORIENTED_EDGE('',*,*,#8163,.F.);
#8210 = ORIENTED_EDGE('',*,*,#6670,.F.);
#8211 = ORIENTED_EDGE('',*,*,#8047,.T.);
#8212 = ORIENTED_EDGE('',*,*,#8213,.F.);
#8213 = EDGE_CURVE('',#8164,#8048,#8214,.T.);
#8214 = SURFACE_CURVE('',#8215,(#8219,#8225),.PCURVE_S1.);
#8215 = LINE('',#8216,#8217);
#8216 = CARTESIAN_POINT('',(54.,7.,31.65));
#8217 = VECTOR('',#8218,1.);
#8218 = DIRECTION('',(1.,0.,0.));
#8219 = PCURVE('',#6685,#8220);
#8220 = DEFINITIONAL_REPRESENTATION('',(#8221),#8224);
#8221 = B_SPLINE_CURVE_WITH_KNOTS('',1,(#8222,#8223),.UNSPECIFIED.,.F.,
  .F.,(2,2),(1.,14.),.PIECEWISE_BEZIER_KNOTS.);
#8222 = CARTESIAN_POINT('',(0.,11.3));
#8223 = CARTESIAN_POINT('',(13.,11.3));
#8224 = ( GEOMETRIC_REPRESENTATION_CONTEXT(2) 
PARAMETRIC_REPRESENTATION_CONTEXT() REPRESENTATION_CONTEXT('2D SPACE',''
  ) );
#8225 = PCURVE('',#6901,#8226);
#8226 = DEFINITIONAL_REPRESENTATION('',(#8227),#8230);
#8227 = B_SPLINE_CURVE_WITH_KNOTS('',1,(#8228,#8229),.UNSPECIFIED.,.F.,
  .F.,(2,2),(1.,14.),.PIECEWISE_BEZIER_KNOTS.);
#8228 = CARTESIAN_POINT('',(28.65,2.));
#8229 = CARTESIAN_POINT('',(28.65,15.));
#8230 = ( GEOMETRIC_REPRESENTATION_CONTEXT(2) 
PARAMETRIC_REPRESENTATION_CONTEXT() REPRESENTATION_CONTEXT('2D SPACE',''
  ) );
#8231 = ADVANCED_FACE('',(#8232),#6784,.F.);
#8232 = FACE_BOUND('',#8233,.F.);
#8233 = EDGE_LOOP('',(#8234));
#8234 = ORIENTED_EDGE('',*,*,#6769,.T.);
#8235 = ADVANCED_FACE('',(#8236),#6839,.F.);
#8236 = FACE_BOUND('',#8237,.F.);
#8237 = EDGE_LOOP('',(#8238));
#8238 = ORIENTED_EDGE('',*,*,#6824,.T.);
#8239 = ADVANCED_FACE('',(#8240,#8286),#6901,.T.);
#8240 = FACE_BOUND('',#8241,.T.);
#8241 = EDGE_LOOP('',(#8242,#8243,#8244,#8245,#8246,#8267));
#8242 = ORIENTED_EDGE('',*,*,#6885,.F.);
#8243 = ORIENTED_EDGE('',*,*,#7414,.T.);
#8244 = ORIENTED_EDGE('',*,*,#7486,.T.);
#8245 = ORIENTED_EDGE('',*,*,#7560,.F.);
#8246 = ORIENTED_EDGE('',*,*,#8247,.T.);
#8247 = EDGE_CURVE('',#7535,#8248,#8250,.T.);
#8248 = VERTEX_POINT('',#8249);
#8249 = CARTESIAN_POINT('',(66.523820929586,7.,5.));
#8250 = SURFACE_CURVE('',#8251,(#8255,#8261),.PCURVE_S1.);
#8251 = LINE('',#8252,#8253);
#8252 = CARTESIAN_POINT('',(32.75,7.,5.));
#8253 = VECTOR('',#8254,1.);
#8254 = DIRECTION('',(-1.,0.,0.));
#8255 = PCURVE('',#6901,#8256);
#8256 = DEFINITIONAL_REPRESENTATION('',(#8257),#8260);
#8257 = B_SPLINE_CURVE_WITH_KNOTS('',1,(#8258,#8259),.UNSPECIFIED.,.F.,
  .F.,(2,2),(-37.25,-32.25),.PIECEWISE_BEZIER_KNOTS.);
#8258 = CARTESIAN_POINT('',(2.,17.));
#8259 = CARTESIAN_POINT('',(2.,12.));
#8260 = ( GEOMETRIC_REPRESENTATION_CONTEXT(2) 
PARAMETRIC_REPRESENTATION_CONTEXT() REPRESENTATION_CONTEXT('2D SPACE',''
  ) );
#8261 = PCURVE('',#7549,#8262);
#8262 = DEFINITIONAL_REPRESENTATION('',(#8263),#8266);
#8263 = B_SPLINE_CURVE_WITH_KNOTS('',1,(#8264,#8265),.UNSPECIFIED.,.F.,
  .F.,(2,2),(-37.25,-32.25),.PIECEWISE_BEZIER_KNOTS.);
#8264 = CARTESIAN_POINT('',(57.5,-3.8));
#8265 = CARTESIAN_POINT('',(52.5,-3.8));
#8266 = ( GEOMETRIC_REPRESENTATION_CONTEXT(2) 
PARAMETRIC_REPRESENTATION_CONTEXT() REPRESENTATION_CONTEXT('2D SPACE',''
  ) );
#8267 = ORIENTED_EDGE('',*,*,#8268,.T.);
#8268 = EDGE_CURVE('',#8248,#6886,#8269,.T.);
#8269 = SURFACE_CURVE('',#8270,(#8274,#8280),.PCURVE_S1.);
#8270 = LINE('',#8271,#8272);
#8271 = CARTESIAN_POINT('',(66.523820929586,7.,0.));
#8272 = VECTOR('',#8273,1.);
#8273 = DIRECTION('',(-0.,-0.,-1.));
#8274 = PCURVE('',#6901,#8275);
#8275 = DEFINITIONAL_REPRESENTATION('',(#8276),#8279);
#8276 = B_SPLINE_CURVE_WITH_KNOTS('',1,(#8277,#8278),.UNSPECIFIED.,.F.,
  .F.,(2,2),(-5.0000006,-2.9999994),.PIECEWISE_BEZIER_KNOTS.);
#8277 = CARTESIAN_POINT('',(2.0000006,13.523820929586));
#8278 = CARTESIAN_POINT('',(-5.999999999062E-07,13.523820929586));
#8279 = ( GEOMETRIC_REPRESENTATION_CONTEXT(2) 
PARAMETRIC_REPRESENTATION_CONTEXT() REPRESENTATION_CONTEXT('2D SPACE',''
  ) );
#8280 = PCURVE('',#6934,#8281);
#8281 = DEFINITIONAL_REPRESENTATION('',(#8282),#8285);
#8282 = B_SPLINE_CURVE_WITH_KNOTS('',1,(#8283,#8284),.UNSPECIFIED.,.F.,
  .F.,(2,2),(-5.,-3.),.PIECEWISE_BEZIER_KNOTS.);
#8283 = CARTESIAN_POINT('',(-10.18752374778,-5.));
#8284 = CARTESIAN_POINT('',(-10.18752374778,-3.));
#8285 = ( GEOMETRIC_REPRESENTATION_CONTEXT(2) 
PARAMETRIC_REPRESENTATION_CONTEXT() REPRESENTATION_CONTEXT('2D SPACE',''
  ) );
#8286 = FACE_BOUND('',#8287,.T.);
#8287 = EDGE_LOOP('',(#8288,#8289,#8290,#8291));
#8288 = ORIENTED_EDGE('',*,*,#8213,.F.);
#8289 = ORIENTED_EDGE('',*,*,#8188,.T.);
#8290 = ORIENTED_EDGE('',*,*,#8141,.T.);
#8291 = ORIENTED_EDGE('',*,*,#8094,.F.);
#8292 = ADVANCED_FACE('',(#8293),#6934,.T.);
#8293 = FACE_BOUND('',#8294,.F.);
#8294 = EDGE_LOOP('',(#8295,#8321,#8322,#8323));
#8295 = ORIENTED_EDGE('',*,*,#8296,.F.);
#8296 = EDGE_CURVE('',#8248,#7514,#8297,.T.);
#8297 = SURFACE_CURVE('',#8298,(#8303,#8310),.PCURVE_S1.);
#8298 = CIRCLE('',#8299,5.5);
#8299 = AXIS2_PLACEMENT_3D('',#8300,#8301,#8302);
#8300 = CARTESIAN_POINT('',(70.5,10.8,5.));
#8301 = DIRECTION('',(-0.,0.,-1.));
#8302 = DIRECTION('',(-0.722941649166,-0.690909090909,0.));
#8303 = PCURVE('',#6934,#8304);
#8304 = DEFINITIONAL_REPRESENTATION('',(#8305),#8309);
#8305 = LINE('',#8306,#8307);
#8306 = CARTESIAN_POINT('',(-10.18752374778,-5.));
#8307 = VECTOR('',#8308,1.);
#8308 = DIRECTION('',(1.,-0.));
#8309 = ( GEOMETRIC_REPRESENTATION_CONTEXT(2) 
PARAMETRIC_REPRESENTATION_CONTEXT() REPRESENTATION_CONTEXT('2D SPACE',''
  ) );
#8310 = PCURVE('',#7549,#8311);
#8311 = DEFINITIONAL_REPRESENTATION('',(#8312),#8320);
#8312 = ( BOUNDED_CURVE() B_SPLINE_CURVE(2,(#8313,#8314,#8315,#8316,
#8317,#8318,#8319),.UNSPECIFIED.,.T.,.F.) B_SPLINE_CURVE_WITH_KNOTS((1,2
    ,2,2,2,1),(-2.094395102393,0.,2.094395102393,4.188790204786,
6.28318530718,8.377580409573),.UNSPECIFIED.) CURVE() 
GEOMETRIC_REPRESENTATION_ITEM() RATIONAL_B_SPLINE_CURVE((1.,0.5,1.,0.5,
1.,0.5,1.)) REPRESENTATION_ITEM('') );
#8313 = CARTESIAN_POINT('',(54.023820929586,-3.8));
#8314 = CARTESIAN_POINT('',(47.442027860824,3.086944169949));
#8315 = CARTESIAN_POINT('',(56.697193000826,5.343472084975));
#8316 = CARTESIAN_POINT('',(65.952358140828,7.6));
#8317 = CARTESIAN_POINT('',(63.278986069588,-1.543472084975));
#8318 = CARTESIAN_POINT('',(60.605613998348,-10.68694416994));
#8319 = CARTESIAN_POINT('',(54.023820929586,-3.8));
#8320 = ( GEOMETRIC_REPRESENTATION_CONTEXT(2) 
PARAMETRIC_REPRESENTATION_CONTEXT() REPRESENTATION_CONTEXT('2D SPACE',''
  ) );
#8321 = ORIENTED_EDGE('',*,*,#8268,.T.);
#8322 = ORIENTED_EDGE('',*,*,#6913,.T.);
#8323 = ORIENTED_EDGE('',*,*,#7513,.F.);
#8324 = ADVANCED_FACE('',(#8325),#6992,.T.);
#8325 = FACE_BOUND('',#8326,.F.);
#8326 = EDGE_LOOP('',(#8327,#8328,#8351,#8378));
#8327 = ORIENTED_EDGE('',*,*,#6971,.T.);
#8328 = ORIENTED_EDGE('',*,*,#8329,.T.);
#8329 = EDGE_CURVE('',#6972,#8330,#8332,.T.);
#8330 = VERTEX_POINT('',#8331);
#8331 = CARTESIAN_POINT('',(18.,10.8,5.));
#8332 = SEAM_CURVE('',#8333,(#8337,#8344),.PCURVE_S1.);
#8333 = LINE('',#8334,#8335);
#8334 = CARTESIAN_POINT('',(18.,10.8,0.));
#8335 = VECTOR('',#8336,1.);
#8336 = DIRECTION('',(0.,0.,1.));
#8337 = PCURVE('',#6992,#8338);
#8338 = DEFINITIONAL_REPRESENTATION('',(#8339),#8343);
#8339 = LINE('',#8340,#8341);
#8340 = CARTESIAN_POINT('',(-6.28318530718,0.));
#8341 = VECTOR('',#8342,1.);
#8342 = DIRECTION('',(-0.,-1.));
#8343 = ( GEOMETRIC_REPRESENTATION_CONTEXT(2) 
PARAMETRIC_REPRESENTATION_CONTEXT() REPRESENTATION_CONTEXT('2D SPACE',''
  ) );
#8344 = PCURVE('',#6992,#8345);
#8345 = DEFINITIONAL_REPRESENTATION('',(#8346),#8350);
#8346 = LINE('',#8347,#8348);
#8347 = CARTESIAN_POINT('',(-0.,0.));
#8348 = VECTOR('',#8349,1.);
#8349 = DIRECTION('',(-0.,-1.));
#8350 = ( GEOMETRIC_REPRESENTATION_CONTEXT(2) 
PARAMETRIC_REPRESENTATION_CONTEXT() REPRESENTATION_CONTEXT('2D SPACE',''
  ) );
#8351 = ORIENTED_EDGE('',*,*,#8352,.T.);
#8352 = EDGE_CURVE('',#8330,#8330,#8353,.T.);
#8353 = SURFACE_CURVE('',#8354,(#8359,#8366),.PCURVE_S1.);
#8354 = CIRCLE('',#8355,5.5);
#8355 = AXIS2_PLACEMENT_3D('',#8356,#8357,#8358);
#8356 = CARTESIAN_POINT('',(12.5,10.8,5.));
#8357 = DIRECTION('',(0.,0.,1.));
#8358 = DIRECTION('',(1.,0.,0.));
#8359 = PCURVE('',#6992,#8360);
#8360 = DEFINITIONAL_REPRESENTATION('',(#8361),#8365);
#8361 = LINE('',#8362,#8363);
#8362 = CARTESIAN_POINT('',(-0.,-5.));
#8363 = VECTOR('',#8364,1.);
#8364 = DIRECTION('',(-1.,0.));
#8365 = ( GEOMETRIC_REPRESENTATION_CONTEXT(2) 
PARAMETRIC_REPRESENTATION_CONTEXT() REPRESENTATION_CONTEXT('2D SPACE',''
  ) );
#8366 = PCURVE('',#8367,#8372);
#8367 = PLANE('',#8368);
#8368 = AXIS2_PLACEMENT_3D('',#8369,#8370,#8371);
#8369 = CARTESIAN_POINT('',(12.5,10.8,5.));
#8370 = DIRECTION('',(0.,0.,1.));
#8371 = DIRECTION('',(1.,0.,-0.));
#8372 = DEFINITIONAL_REPRESENTATION('',(#8373),#8377);
#8373 = CIRCLE('',#8374,5.5);
#8374 = AXIS2_PLACEMENT_2D('',#8375,#8376);
#8375 = CARTESIAN_POINT('',(3.552713678801E-15,1.7763568394E-15));
#8376 = DIRECTION('',(1.,0.));
#8377 = ( GEOMETRIC_REPRESENTATION_CONTEXT(2) 
PARAMETRIC_REPRESENTATION_CONTEXT() REPRESENTATION_CONTEXT('2D SPACE',''
  ) );
#8378 = ORIENTED_EDGE('',*,*,#8329,.F.);
#8379 = ADVANCED_FACE('',(#8380),#7027,.T.);
#8380 = FACE_BOUND('',#8381,.F.);
#8381 = EDGE_LOOP('',(#8382,#8383,#8406,#8433));
#8382 = ORIENTED_EDGE('',*,*,#7006,.T.);
#8383 = ORIENTED_EDGE('',*,*,#8384,.T.);
#8384 = EDGE_CURVE('',#7007,#8385,#8387,.T.);
#8385 = VERTEX_POINT('',#8386);
#8386 = CARTESIAN_POINT('',(18.,59.8,5.));
#8387 = SEAM_CURVE('',#8388,(#8392,#8399),.PCURVE_S1.);
#8388 = LINE('',#8389,#8390);
#8389 = CARTESIAN_POINT('',(18.,59.8,0.));
#8390 = VECTOR('',#8391,1.);
#8391 = DIRECTION('',(0.,0.,1.));
#8392 = PCURVE('',#7027,#8393);
#8393 = DEFINITIONAL_REPRESENTATION('',(#8394),#8398);
#8394 = LINE('',#8395,#8396);
#8395 = CARTESIAN_POINT('',(-6.28318530718,0.));
#8396 = VECTOR('',#8397,1.);
#8397 = DIRECTION('',(-0.,-1.));
#8398 = ( GEOMETRIC_REPRESENTATION_CONTEXT(2) 
PARAMETRIC_REPRESENTATION_CONTEXT() REPRESENTATION_CONTEXT('2D SPACE',''
  ) );
#8399 = PCURVE('',#7027,#8400);
#8400 = DEFINITIONAL_REPRESENTATION('',(#8401),#8405);
#8401 = LINE('',#8402,#8403);
#8402 = CARTESIAN_POINT('',(-0.,0.));
#8403 = VECTOR('',#8404,1.);
#8404 = DIRECTION('',(-0.,-1.));
#8405 = ( GEOMETRIC_REPRESENTATION_CONTEXT(2) 
PARAMETRIC_REPRESENTATION_CONTEXT() REPRESENTATION_CONTEXT('2D SPACE',''
  ) );
#8406 = ORIENTED_EDGE('',*,*,#8407,.T.);
#8407 = EDGE_CURVE('',#8385,#8385,#8408,.T.);
#8408 = SURFACE_CURVE('',#8409,(#8414,#8421),.PCURVE_S1.);
#8409 = CIRCLE('',#8410,5.5);
#8410 = AXIS2_PLACEMENT_3D('',#8411,#8412,#8413);
#8411 = CARTESIAN_POINT('',(12.5,59.8,5.));
#8412 = DIRECTION('',(0.,0.,1.));
#8413 = DIRECTION('',(1.,0.,0.));
#8414 = PCURVE('',#7027,#8415);
#8415 = DEFINITIONAL_REPRESENTATION('',(#8416),#8420);
#8416 = LINE('',#8417,#8418);
#8417 = CARTESIAN_POINT('',(-0.,-5.));
#8418 = VECTOR('',#8419,1.);
#8419 = DIRECTION('',(-1.,0.));
#8420 = ( GEOMETRIC_REPRESENTATION_CONTEXT(2) 
PARAMETRIC_REPRESENTATION_CONTEXT() REPRESENTATION_CONTEXT('2D SPACE',''
  ) );
#8421 = PCURVE('',#8422,#8427);
#8422 = PLANE('',#8423);
#8423 = AXIS2_PLACEMENT_3D('',#8424,#8425,#8426);
#8424 = CARTESIAN_POINT('',(12.5,10.8,5.));
#8425 = DIRECTION('',(0.,0.,1.));
#8426 = DIRECTION('',(1.,0.,-0.));
#8427 = DEFINITIONAL_REPRESENTATION('',(#8428),#8432);
#8428 = CIRCLE('',#8429,5.5);
#8429 = AXIS2_PLACEMENT_2D('',#8430,#8431);
#8430 = CARTESIAN_POINT('',(3.552713678801E-15,49.));
#8431 = DIRECTION('',(1.,0.));
#8432 = ( GEOMETRIC_REPRESENTATION_CONTEXT(2) 
PARAMETRIC_REPRESENTATION_CONTEXT() REPRESENTATION_CONTEXT('2D SPACE',''
  ) );
#8433 = ORIENTED_EDGE('',*,*,#8384,.F.);
#8434 = ADVANCED_FACE('',(#8435),#7062,.T.);
#8435 = FACE_BOUND('',#8436,.F.);
#8436 = EDGE_LOOP('',(#8437,#8438,#8461,#8488));
#8437 = ORIENTED_EDGE('',*,*,#7041,.T.);
#8438 = ORIENTED_EDGE('',*,*,#8439,.T.);
#8439 = EDGE_CURVE('',#7042,#8440,#8442,.T.);
#8440 = VERTEX_POINT('',#8441);
#8441 = CARTESIAN_POINT('',(11.54,69.84,9.));
#8442 = SEAM_CURVE('',#8443,(#8447,#8454),.PCURVE_S1.);
#8443 = LINE('',#8444,#8445);
#8444 = CARTESIAN_POINT('',(11.54,69.84,0.));
#8445 = VECTOR('',#8446,1.);
#8446 = DIRECTION('',(0.,0.,1.));
#8447 = PCURVE('',#7062,#8448);
#8448 = DEFINITIONAL_REPRESENTATION('',(#8449),#8453);
#8449 = LINE('',#8450,#8451);
#8450 = CARTESIAN_POINT('',(-6.28318530718,0.));
#8451 = VECTOR('',#8452,1.);
#8452 = DIRECTION('',(-0.,-1.));
#8453 = ( GEOMETRIC_REPRESENTATION_CONTEXT(2) 
PARAMETRIC_REPRESENTATION_CONTEXT() REPRESENTATION_CONTEXT('2D SPACE',''
  ) );
#8454 = PCURVE('',#7062,#8455);
#8455 = DEFINITIONAL_REPRESENTATION('',(#8456),#8460);
#8456 = LINE('',#8457,#8458);
#8457 = CARTESIAN_POINT('',(-0.,0.));
#8458 = VECTOR('',#8459,1.);
#8459 = DIRECTION('',(-0.,-1.));
#8460 = ( GEOMETRIC_REPRESENTATION_CONTEXT(2) 
PARAMETRIC_REPRESENTATION_CONTEXT() REPRESENTATION_CONTEXT('2D SPACE',''
  ) );
#8461 = ORIENTED_EDGE('',*,*,#8462,.T.);
#8462 = EDGE_CURVE('',#8440,#8440,#8463,.T.);
#8463 = SURFACE_CURVE('',#8464,(#8469,#8476),.PCURVE_S1.);
#8464 = CIRCLE('',#8465,3.);
#8465 = AXIS2_PLACEMENT_3D('',#8466,#8467,#8468);
#8466 = CARTESIAN_POINT('',(8.54,69.84,9.));
#8467 = DIRECTION('',(0.,0.,1.));
#8468 = DIRECTION('',(1.,0.,0.));
#8469 = PCURVE('',#7062,#8470);
#8470 = DEFINITIONAL_REPRESENTATION('',(#8471),#8475);
#8471 = LINE('',#8472,#8473);
#8472 = CARTESIAN_POINT('',(-0.,-9.));
#8473 = VECTOR('',#8474,1.);
#8474 = DIRECTION('',(-1.,0.));
#8475 = ( GEOMETRIC_REPRESENTATION_CONTEXT(2) 
PARAMETRIC_REPRESENTATION_CONTEXT() REPRESENTATION_CONTEXT('2D SPACE',''
  ) );
#8476 = PCURVE('',#8477,#8482);
#8477 = PLANE('',#8478);
#8478 = AXIS2_PLACEMENT_3D('',#8479,#8480,#8481);
#8479 = CARTESIAN_POINT('',(8.54,69.84,9.));
#8480 = DIRECTION('',(0.,0.,1.));
#8481 = DIRECTION('',(1.,0.,-0.));
#8482 = DEFINITIONAL_REPRESENTATION('',(#8483),#8487);
#8483 = CIRCLE('',#8484,3.);
#8484 = AXIS2_PLACEMENT_2D('',#8485,#8486);
#8485 = CARTESIAN_POINT('',(0.,-1.42108547152E-14));
#8486 = DIRECTION('',(1.,0.));
#8487 = ( GEOMETRIC_REPRESENTATION_CONTEXT(2) 
PARAMETRIC_REPRESENTATION_CONTEXT() REPRESENTATION_CONTEXT('2D SPACE',''
  ) );
#8488 = ORIENTED_EDGE('',*,*,#8439,.F.);
#8489 = ADVANCED_FACE('',(#8490),#7097,.T.);
#8490 = FACE_BOUND('',#8491,.F.);
#8491 = EDGE_LOOP('',(#8492,#8493,#8516,#8543));
#8492 = ORIENTED_EDGE('',*,*,#7076,.T.);
#8493 = ORIENTED_EDGE('',*,*,#8494,.T.);
#8494 = EDGE_CURVE('',#7077,#8495,#8497,.T.);
#8495 = VERTEX_POINT('',#8496);
#8496 = CARTESIAN_POINT('',(11.54,101.59,9.));
#8497 = SEAM_CURVE('',#8498,(#8502,#8509),.PCURVE_S1.);
#8498 = LINE('',#8499,#8500);
#8499 = CARTESIAN_POINT('',(11.54,101.59,0.));
#8500 = VECTOR('',#8501,1.);
#8501 = DIRECTION('',(0.,0.,1.));
#8502 = PCURVE('',#7097,#8503);
#8503 = DEFINITIONAL_REPRESENTATION('',(#8504),#8508);
#8504 = LINE('',#8505,#8506);
#8505 = CARTESIAN_POINT('',(-6.28318530718,0.));
#8506 = VECTOR('',#8507,1.);
#8507 = DIRECTION('',(-0.,-1.));
#8508 = ( GEOMETRIC_REPRESENTATION_CONTEXT(2) 
PARAMETRIC_REPRESENTATION_CONTEXT() REPRESENTATION_CONTEXT('2D SPACE',''
  ) );
#8509 = PCURVE('',#7097,#8510);
#8510 = DEFINITIONAL_REPRESENTATION('',(#8511),#8515);
#8511 = LINE('',#8512,#8513);
#8512 = CARTESIAN_POINT('',(-0.,0.));
#8513 = VECTOR('',#8514,1.);
#8514 = DIRECTION('',(-0.,-1.));
#8515 = ( GEOMETRIC_REPRESENTATION_CONTEXT(2) 
PARAMETRIC_REPRESENTATION_CONTEXT() REPRESENTATION_CONTEXT('2D SPACE',''
  ) );
#8516 = ORIENTED_EDGE('',*,*,#8517,.T.);
#8517 = EDGE_CURVE('',#8495,#8495,#8518,.T.);
#8518 = SURFACE_CURVE('',#8519,(#8524,#8531),.PCURVE_S1.);
#8519 = CIRCLE('',#8520,3.);
#8520 = AXIS2_PLACEMENT_3D('',#8521,#8522,#8523);
#8521 = CARTESIAN_POINT('',(8.54,101.59,9.));
#8522 = DIRECTION('',(0.,0.,1.));
#8523 = DIRECTION('',(1.,0.,0.));
#8524 = PCURVE('',#7097,#8525);
#8525 = DEFINITIONAL_REPRESENTATION('',(#8526),#8530);
#8526 = LINE('',#8527,#8528);
#8527 = CARTESIAN_POINT('',(-0.,-9.));
#8528 = VECTOR('',#8529,1.);
#8529 = DIRECTION('',(-1.,0.));
#8530 = ( GEOMETRIC_REPRESENTATION_CONTEXT(2) 
PARAMETRIC_REPRESENTATION_CONTEXT() REPRESENTATION_CONTEXT('2D SPACE',''
  ) );
#8531 = PCURVE('',#8532,#8537);
#8532 = PLANE('',#8533);
#8533 = AXIS2_PLACEMENT_3D('',#8534,#8535,#8536);
#8534 = CARTESIAN_POINT('',(8.54,69.84,9.));
#8535 = DIRECTION('',(0.,0.,1.));
#8536 = DIRECTION('',(1.,0.,-0.));
#8537 = DEFINITIONAL_REPRESENTATION('',(#8538),#8542);
#8538 = CIRCLE('',#8539,3.);
#8539 = AXIS2_PLACEMENT_2D('',#8540,#8541);
#8540 = CARTESIAN_POINT('',(0.,31.75));
#8541 = DIRECTION('',(1.,0.));
#8542 = ( GEOMETRIC_REPRESENTATION_CONTEXT(2) 
PARAMETRIC_REPRESENTATION_CONTEXT() REPRESENTATION_CONTEXT('2D SPACE',''
  ) );
#8543 = ORIENTED_EDGE('',*,*,#8494,.F.);
#8544 = ADVANCED_FACE('',(#8545),#7132,.T.);
#8545 = FACE_BOUND('',#8546,.F.);
#8546 = EDGE_LOOP('',(#8547,#8548,#8571,#8598));
#8547 = ORIENTED_EDGE('',*,*,#7111,.T.);
#8548 = ORIENTED_EDGE('',*,*,#8549,.T.);
#8549 = EDGE_CURVE('',#7112,#8550,#8552,.T.);
#8550 = VERTEX_POINT('',#8551);
#8551 = CARTESIAN_POINT('',(47.1,69.84,9.));
#8552 = SEAM_CURVE('',#8553,(#8557,#8564),.PCURVE_S1.);
#8553 = LINE('',#8554,#8555);
#8554 = CARTESIAN_POINT('',(47.1,69.84,0.));
#8555 = VECTOR('',#8556,1.);
#8556 = DIRECTION('',(0.,0.,1.));
#8557 = PCURVE('',#7132,#8558);
#8558 = DEFINITIONAL_REPRESENTATION('',(#8559),#8563);
#8559 = LINE('',#8560,#8561);
#8560 = CARTESIAN_POINT('',(-6.28318530718,0.));
#8561 = VECTOR('',#8562,1.);
#8562 = DIRECTION('',(-0.,-1.));
#8563 = ( GEOMETRIC_REPRESENTATION_CONTEXT(2) 
PARAMETRIC_REPRESENTATION_CONTEXT() REPRESENTATION_CONTEXT('2D SPACE',''
  ) );
#8564 = PCURVE('',#7132,#8565);
#8565 = DEFINITIONAL_REPRESENTATION('',(#8566),#8570);
#8566 = LINE('',#8567,#8568);
#8567 = CARTESIAN_POINT('',(-0.,0.));
#8568 = VECTOR('',#8569,1.);
#8569 = DIRECTION('',(-0.,-1.));
#8570 = ( GEOMETRIC_REPRESENTATION_CONTEXT(2) 
PARAMETRIC_REPRESENTATION_CONTEXT() REPRESENTATION_CONTEXT('2D SPACE',''
  ) );
#8571 = ORIENTED_EDGE('',*,*,#8572,.T.);
#8572 = EDGE_CURVE('',#8550,#8550,#8573,.T.);
#8573 = SURFACE_CURVE('',#8574,(#8579,#8586),.PCURVE_S1.);
#8574 = CIRCLE('',#8575,3.);
#8575 = AXIS2_PLACEMENT_3D('',#8576,#8577,#8578);
#8576 = CARTESIAN_POINT('',(44.1,69.84,9.));
#8577 = DIRECTION('',(0.,0.,1.));
#8578 = DIRECTION('',(1.,0.,0.));
#8579 = PCURVE('',#7132,#8580);
#8580 = DEFINITIONAL_REPRESENTATION('',(#8581),#8585);
#8581 = LINE('',#8582,#8583);
#8582 = CARTESIAN_POINT('',(-0.,-9.));
#8583 = VECTOR('',#8584,1.);
#8584 = DIRECTION('',(-1.,0.));
#8585 = ( GEOMETRIC_REPRESENTATION_CONTEXT(2) 
PARAMETRIC_REPRESENTATION_CONTEXT() REPRESENTATION_CONTEXT('2D SPACE',''
  ) );
#8586 = PCURVE('',#8587,#8592);
#8587 = PLANE('',#8588);
#8588 = AXIS2_PLACEMENT_3D('',#8589,#8590,#8591);
#8589 = CARTESIAN_POINT('',(8.54,69.84,9.));
#8590 = DIRECTION('',(0.,0.,1.));
#8591 = DIRECTION('',(1.,0.,-0.));
#8592 = DEFINITIONAL_REPRESENTATION('',(#8593),#8597);
#8593 = CIRCLE('',#8594,3.);
#8594 = AXIS2_PLACEMENT_2D('',#8595,#8596);
#8595 = CARTESIAN_POINT('',(35.56,-1.42108547152E-14));
#8596 = DIRECTION('',(1.,0.));
#8597 = ( GEOMETRIC_REPRESENTATION_CONTEXT(2) 
PARAMETRIC_REPRESENTATION_CONTEXT() REPRESENTATION_CONTEXT('2D SPACE',''
  ) );
#8598 = ORIENTED_EDGE('',*,*,#8549,.F.);
#8599 = ADVANCED_FACE('',(#8600),#7167,.T.);
#8600 = FACE_BOUND('',#8601,.F.);
#8601 = EDGE_LOOP('',(#8602,#8603,#8626,#8653));
#8602 = ORIENTED_EDGE('',*,*,#7146,.T.);
#8603 = ORIENTED_EDGE('',*,*,#8604,.T.);
#8604 = EDGE_CURVE('',#7147,#8605,#8607,.T.);
#8605 = VERTEX_POINT('',#8606);
#8606 = CARTESIAN_POINT('',(76.,59.8,5.));
#8607 = SEAM_CURVE('',#8608,(#8612,#8619),.PCURVE_S1.);
#8608 = LINE('',#8609,#8610);
#8609 = CARTESIAN_POINT('',(76.,59.8,0.));
#8610 = VECTOR('',#8611,1.);
#8611 = DIRECTION('',(0.,0.,1.));
#8612 = PCURVE('',#7167,#8613);
#8613 = DEFINITIONAL_REPRESENTATION('',(#8614),#8618);
#8614 = LINE('',#8615,#8616);
#8615 = CARTESIAN_POINT('',(-6.28318530718,0.));
#8616 = VECTOR('',#8617,1.);
#8617 = DIRECTION('',(-0.,-1.));
#8618 = ( GEOMETRIC_REPRESENTATION_CONTEXT(2) 
PARAMETRIC_REPRESENTATION_CONTEXT() REPRESENTATION_CONTEXT('2D SPACE',''
  ) );
#8619 = PCURVE('',#7167,#8620);
#8620 = DEFINITIONAL_REPRESENTATION('',(#8621),#8625);
#8621 = LINE('',#8622,#8623);
#8622 = CARTESIAN_POINT('',(-0.,0.));
#8623 = VECTOR('',#8624,1.);
#8624 = DIRECTION('',(-0.,-1.));
#8625 = ( GEOMETRIC_REPRESENTATION_CONTEXT(2) 
PARAMETRIC_REPRESENTATION_CONTEXT() REPRESENTATION_CONTEXT('2D SPACE',''
  ) );
#8626 = ORIENTED_EDGE('',*,*,#8627,.T.);
#8627 = EDGE_CURVE('',#8605,#8605,#8628,.T.);
#8628 = SURFACE_CURVE('',#8629,(#8634,#8641),.PCURVE_S1.);
#8629 = CIRCLE('',#8630,5.5);
#8630 = AXIS2_PLACEMENT_3D('',#8631,#8632,#8633);
#8631 = CARTESIAN_POINT('',(70.5,59.8,5.));
#8632 = DIRECTION('',(0.,0.,1.));
#8633 = DIRECTION('',(1.,0.,0.));
#8634 = PCURVE('',#7167,#8635);
#8635 = DEFINITIONAL_REPRESENTATION('',(#8636),#8640);
#8636 = LINE('',#8637,#8638);
#8637 = CARTESIAN_POINT('',(-0.,-5.));
#8638 = VECTOR('',#8639,1.);
#8639 = DIRECTION('',(-1.,0.));
#8640 = ( GEOMETRIC_REPRESENTATION_CONTEXT(2) 
PARAMETRIC_REPRESENTATION_CONTEXT() REPRESENTATION_CONTEXT('2D SPACE',''
  ) );
#8641 = PCURVE('',#8642,#8647);
#8642 = PLANE('',#8643);
#8643 = AXIS2_PLACEMENT_3D('',#8644,#8645,#8646);
#8644 = CARTESIAN_POINT('',(12.5,10.8,5.));
#8645 = DIRECTION('',(0.,0.,1.));
#8646 = DIRECTION('',(1.,0.,-0.));
#8647 = DEFINITIONAL_REPRESENTATION('',(#8648),#8652);
#8648 = CIRCLE('',#8649,5.5);
#8649 = AXIS2_PLACEMENT_2D('',#8650,#8651);
#8650 = CARTESIAN_POINT('',(58.,49.));
#8651 = DIRECTION('',(1.,0.));
#8652 = ( GEOMETRIC_REPRESENTATION_CONTEXT(2) 
PARAMETRIC_REPRESENTATION_CONTEXT() REPRESENTATION_CONTEXT('2D SPACE',''
  ) );
#8653 = ORIENTED_EDGE('',*,*,#8604,.F.);
#8654 = ADVANCED_FACE('',(#8655),#7202,.T.);
#8655 = FACE_BOUND('',#8656,.F.);
#8656 = EDGE_LOOP('',(#8657,#8658,#8681,#8708));
#8657 = ORIENTED_EDGE('',*,*,#7181,.T.);
#8658 = ORIENTED_EDGE('',*,*,#8659,.T.);
#8659 = EDGE_CURVE('',#7182,#8660,#8662,.T.);
#8660 = VERTEX_POINT('',#8661);
#8661 = CARTESIAN_POINT('',(65.52,74.3,15.));
#8662 = SEAM_CURVE('',#8663,(#8667,#8674),.PCURVE_S1.);
#8663 = LINE('',#8664,#8665);
#8664 = CARTESIAN_POINT('',(65.52,74.3,0.));
#8665 = VECTOR('',#8666,1.);
#8666 = DIRECTION('',(0.,0.,1.));
#8667 = PCURVE('',#7202,#8668);
#8668 = DEFINITIONAL_REPRESENTATION('',(#8669),#8673);
#8669 = LINE('',#8670,#8671);
#8670 = CARTESIAN_POINT('',(-6.28318530718,0.));
#8671 = VECTOR('',#8672,1.);
#8672 = DIRECTION('',(-0.,-1.));
#8673 = ( GEOMETRIC_REPRESENTATION_CONTEXT(2) 
PARAMETRIC_REPRESENTATION_CONTEXT() REPRESENTATION_CONTEXT('2D SPACE',''
  ) );
#8674 = PCURVE('',#7202,#8675);
#8675 = DEFINITIONAL_REPRESENTATION('',(#8676),#8680);
#8676 = LINE('',#8677,#8678);
#8677 = CARTESIAN_POINT('',(-0.,0.));
#8678 = VECTOR('',#8679,1.);
#8679 = DIRECTION('',(-0.,-1.));
#8680 = ( GEOMETRIC_REPRESENTATION_CONTEXT(2) 
PARAMETRIC_REPRESENTATION_CONTEXT() REPRESENTATION_CONTEXT('2D SPACE',''
  ) );
#8681 = ORIENTED_EDGE('',*,*,#8682,.T.);
#8682 = EDGE_CURVE('',#8660,#8660,#8683,.T.);
#8683 = SURFACE_CURVE('',#8684,(#8689,#8696),.PCURVE_S1.);
#8684 = CIRCLE('',#8685,3.);
#8685 = AXIS2_PLACEMENT_3D('',#8686,#8687,#8688);
#8686 = CARTESIAN_POINT('',(62.52,74.3,15.));
#8687 = DIRECTION('',(0.,0.,1.));
#8688 = DIRECTION('',(1.,0.,0.));
#8689 = PCURVE('',#7202,#8690);
#8690 = DEFINITIONAL_REPRESENTATION('',(#8691),#8695);
#8691 = LINE('',#8692,#8693);
#8692 = CARTESIAN_POINT('',(-0.,-15.));
#8693 = VECTOR('',#8694,1.);
#8694 = DIRECTION('',(-1.,0.));
#8695 = ( GEOMETRIC_REPRESENTATION_CONTEXT(2) 
PARAMETRIC_REPRESENTATION_CONTEXT() REPRESENTATION_CONTEXT('2D SPACE',''
  ) );
#8696 = PCURVE('',#8697,#8702);
#8697 = PLANE('',#8698);
#8698 = AXIS2_PLACEMENT_3D('',#8699,#8700,#8701);
#8699 = CARTESIAN_POINT('',(62.52,74.3,15.));
#8700 = DIRECTION('',(0.,0.,1.));
#8701 = DIRECTION('',(1.,0.,-0.));
#8702 = DEFINITIONAL_REPRESENTATION('',(#8703),#8707);
#8703 = CIRCLE('',#8704,3.);
#8704 = AXIS2_PLACEMENT_2D('',#8705,#8706);
#8705 = CARTESIAN_POINT('',(0.,0.));
#8706 = DIRECTION('',(1.,0.));
#8707 = ( GEOMETRIC_REPRESENTATION_CONTEXT(2) 
PARAMETRIC_REPRESENTATION_CONTEXT() REPRESENTATION_CONTEXT('2D SPACE',''
  ) );
#8708 = ORIENTED_EDGE('',*,*,#8659,.F.);
#8709 = ADVANCED_FACE('',(#8710),#7237,.T.);
#8710 = FACE_BOUND('',#8711,.F.);
#8711 = EDGE_LOOP('',(#8712,#8713,#8736,#8763));
#8712 = ORIENTED_EDGE('',*,*,#7216,.T.);
#8713 = ORIENTED_EDGE('',*,*,#8714,.T.);
#8714 = EDGE_CURVE('',#7217,#8715,#8717,.T.);
#8715 = VERTEX_POINT('',#8716);
#8716 = CARTESIAN_POINT('',(81.12,74.3,15.));
#8717 = SEAM_CURVE('',#8718,(#8722,#8729),.PCURVE_S1.);
#8718 = LINE('',#8719,#8720);
#8719 = CARTESIAN_POINT('',(81.12,74.3,0.));
#8720 = VECTOR('',#8721,1.);
#8721 = DIRECTION('',(0.,0.,1.));
#8722 = PCURVE('',#7237,#8723);
#8723 = DEFINITIONAL_REPRESENTATION('',(#8724),#8728);
#8724 = LINE('',#8725,#8726);
#8725 = CARTESIAN_POINT('',(-6.28318530718,0.));
#8726 = VECTOR('',#8727,1.);
#8727 = DIRECTION('',(-0.,-1.));
#8728 = ( GEOMETRIC_REPRESENTATION_CONTEXT(2) 
PARAMETRIC_REPRESENTATION_CONTEXT() REPRESENTATION_CONTEXT('2D SPACE',''
  ) );
#8729 = PCURVE('',#7237,#8730);
#8730 = DEFINITIONAL_REPRESENTATION('',(#8731),#8735);
#8731 = LINE('',#8732,#8733);
#8732 = CARTESIAN_POINT('',(-0.,0.));
#8733 = VECTOR('',#8734,1.);
#8734 = DIRECTION('',(-0.,-1.));
#8735 = ( GEOMETRIC_REPRESENTATION_CONTEXT(2) 
PARAMETRIC_REPRESENTATION_CONTEXT() REPRESENTATION_CONTEXT('2D SPACE',''
  ) );
#8736 = ORIENTED_EDGE('',*,*,#8737,.T.);
#8737 = EDGE_CURVE('',#8715,#8715,#8738,.T.);
#8738 = SURFACE_CURVE('',#8739,(#8744,#8751),.PCURVE_S1.);
#8739 = CIRCLE('',#8740,3.);
#8740 = AXIS2_PLACEMENT_3D('',#8741,#8742,#8743);
#8741 = CARTESIAN_POINT('',(78.12,74.3,15.));
#8742 = DIRECTION('',(0.,0.,1.));
#8743 = DIRECTION('',(1.,0.,0.));
#8744 = PCURVE('',#7237,#8745);
#8745 = DEFINITIONAL_REPRESENTATION('',(#8746),#8750);
#8746 = LINE('',#8747,#8748);
#8747 = CARTESIAN_POINT('',(-0.,-15.));
#8748 = VECTOR('',#8749,1.);
#8749 = DIRECTION('',(-1.,0.));
#8750 = ( GEOMETRIC_REPRESENTATION_CONTEXT(2) 
PARAMETRIC_REPRESENTATION_CONTEXT() REPRESENTATION_CONTEXT('2D SPACE',''
  ) );
#8751 = PCURVE('',#8752,#8757);
#8752 = PLANE('',#8753);
#8753 = AXIS2_PLACEMENT_3D('',#8754,#8755,#8756);
#8754 = CARTESIAN_POINT('',(62.52,74.3,15.));
#8755 = DIRECTION('',(0.,0.,1.));
#8756 = DIRECTION('',(1.,0.,-0.));
#8757 = DEFINITIONAL_REPRESENTATION('',(#8758),#8762);
#8758 = CIRCLE('',#8759,3.);
#8759 = AXIS2_PLACEMENT_2D('',#8760,#8761);
#8760 = CARTESIAN_POINT('',(15.6,0.));
#8761 = DIRECTION('',(1.,0.));
#8762 = ( GEOMETRIC_REPRESENTATION_CONTEXT(2) 
PARAMETRIC_REPRESENTATION_CONTEXT() REPRESENTATION_CONTEXT('2D SPACE',''
  ) );
#8763 = ORIENTED_EDGE('',*,*,#8714,.F.);
#8764 = ADVANCED_FACE('',(#8765),#7272,.T.);
#8765 = FACE_BOUND('',#8766,.F.);
#8766 = EDGE_LOOP('',(#8767,#8768,#8791,#8818));
#8767 = ORIENTED_EDGE('',*,*,#7251,.T.);
#8768 = ORIENTED_EDGE('',*,*,#8769,.T.);
#8769 = EDGE_CURVE('',#7252,#8770,#8772,.T.);
#8770 = VERTEX_POINT('',#8771);
#8771 = CARTESIAN_POINT('',(47.1,101.59,9.));
#8772 = SEAM_CURVE('',#8773,(#8777,#8784),.PCURVE_S1.);
#8773 = LINE('',#8774,#8775);
#8774 = CARTESIAN_POINT('',(47.1,101.59,0.));
#8775 = VECTOR('',#8776,1.);
#8776 = DIRECTION('',(0.,0.,1.));
#8777 = PCURVE('',#7272,#8778);
#8778 = DEFINITIONAL_REPRESENTATION('',(#8779),#8783);
#8779 = LINE('',#8780,#8781);
#8780 = CARTESIAN_POINT('',(-6.28318530718,0.));
#8781 = VECTOR('',#8782,1.);
#8782 = DIRECTION('',(-0.,-1.));
#8783 = ( GEOMETRIC_REPRESENTATION_CONTEXT(2) 
PARAMETRIC_REPRESENTATION_CONTEXT() REPRESENTATION_CONTEXT('2D SPACE',''
  ) );
#8784 = PCURVE('',#7272,#8785);
#8785 = DEFINITIONAL_REPRESENTATION('',(#8786),#8790);
#8786 = LINE('',#8787,#8788);
#8787 = CARTESIAN_POINT('',(-0.,0.));
#8788 = VECTOR('',#8789,1.);
#8789 = DIRECTION('',(-0.,-1.));
#8790 = ( GEOMETRIC_REPRESENTATION_CONTEXT(2) 
PARAMETRIC_REPRESENTATION_CONTEXT() REPRESENTATION_CONTEXT('2D SPACE',''
  ) );
#8791 = ORIENTED_EDGE('',*,*,#8792,.T.);
#8792 = EDGE_CURVE('',#8770,#8770,#8793,.T.);
#8793 = SURFACE_CURVE('',#8794,(#8799,#8806),.PCURVE_S1.);
#8794 = CIRCLE('',#8795,3.);
#8795 = AXIS2_PLACEMENT_3D('',#8796,#8797,#8798);
#8796 = CARTESIAN_POINT('',(44.1,101.59,9.));
#8797 = DIRECTION('',(0.,0.,1.));
#8798 = DIRECTION('',(1.,0.,0.));
#8799 = PCURVE('',#7272,#8800);
#8800 = DEFINITIONAL_REPRESENTATION('',(#8801),#8805);
#8801 = LINE('',#8802,#8803);
#8802 = CARTESIAN_POINT('',(-0.,-9.));
#8803 = VECTOR('',#8804,1.);
#8804 = DIRECTION('',(-1.,0.));
#8805 = ( GEOMETRIC_REPRESENTATION_CONTEXT(2) 
PARAMETRIC_REPRESENTATION_CONTEXT() REPRESENTATION_CONTEXT('2D SPACE',''
  ) );
#8806 = PCURVE('',#8807,#8812);
#8807 = PLANE('',#8808);
#8808 = AXIS2_PLACEMENT_3D('',#8809,#8810,#8811);
#8809 = CARTESIAN_POINT('',(8.54,69.84,9.));
#8810 = DIRECTION('',(0.,0.,1.));
#8811 = DIRECTION('',(1.,0.,-0.));
#8812 = DEFINITIONAL_REPRESENTATION('',(#8813),#8817);
#8813 = CIRCLE('',#8814,3.);
#8814 = AXIS2_PLACEMENT_2D('',#8815,#8816);
#8815 = CARTESIAN_POINT('',(35.56,31.75));
#8816 = DIRECTION('',(1.,0.));
#8817 = ( GEOMETRIC_REPRESENTATION_CONTEXT(2) 
PARAMETRIC_REPRESENTATION_CONTEXT() REPRESENTATION_CONTEXT('2D SPACE',''
  ) );
#8818 = ORIENTED_EDGE('',*,*,#8769,.F.);
#8819 = ADVANCED_FACE('',(#8820),#7307,.T.);
#8820 = FACE_BOUND('',#8821,.F.);
#8821 = EDGE_LOOP('',(#8822,#8823,#8846,#8873));
#8822 = ORIENTED_EDGE('',*,*,#7286,.T.);
#8823 = ORIENTED_EDGE('',*,*,#8824,.T.);
#8824 = EDGE_CURVE('',#7287,#8825,#8827,.T.);
#8825 = VERTEX_POINT('',#8826);
#8826 = CARTESIAN_POINT('',(65.02,82.1,15.));
#8827 = SEAM_CURVE('',#8828,(#8832,#8839),.PCURVE_S1.);
#8828 = LINE('',#8829,#8830);
#8829 = CARTESIAN_POINT('',(65.02,82.1,0.));
#8830 = VECTOR('',#8831,1.);
#8831 = DIRECTION('',(0.,0.,1.));
#8832 = PCURVE('',#7307,#8833);
#8833 = DEFINITIONAL_REPRESENTATION('',(#8834),#8838);
#8834 = LINE('',#8835,#8836);
#8835 = CARTESIAN_POINT('',(-6.28318530718,0.));
#8836 = VECTOR('',#8837,1.);
#8837 = DIRECTION('',(-0.,-1.));
#8838 = ( GEOMETRIC_REPRESENTATION_CONTEXT(2) 
PARAMETRIC_REPRESENTATION_CONTEXT() REPRESENTATION_CONTEXT('2D SPACE',''
  ) );
#8839 = PCURVE('',#7307,#8840);
#8840 = DEFINITIONAL_REPRESENTATION('',(#8841),#8845);
#8841 = LINE('',#8842,#8843);
#8842 = CARTESIAN_POINT('',(-0.,0.));
#8843 = VECTOR('',#8844,1.);
#8844 = DIRECTION('',(-0.,-1.));
#8845 = ( GEOMETRIC_REPRESENTATION_CONTEXT(2) 
PARAMETRIC_REPRESENTATION_CONTEXT() REPRESENTATION_CONTEXT('2D SPACE',''
  ) );
#8846 = ORIENTED_EDGE('',*,*,#8847,.T.);
#8847 = EDGE_CURVE('',#8825,#8825,#8848,.T.);
#8848 = SURFACE_CURVE('',#8849,(#8854,#8861),.PCURVE_S1.);
#8849 = CIRCLE('',#8850,2.);
#8850 = AXIS2_PLACEMENT_3D('',#8851,#8852,#8853);
#8851 = CARTESIAN_POINT('',(63.02,82.1,15.));
#8852 = DIRECTION('',(0.,0.,1.));
#8853 = DIRECTION('',(1.,0.,0.));
#8854 = PCURVE('',#7307,#8855);
#8855 = DEFINITIONAL_REPRESENTATION('',(#8856),#8860);
#8856 = LINE('',#8857,#8858);
#8857 = CARTESIAN_POINT('',(-0.,-15.));
#8858 = VECTOR('',#8859,1.);
#8859 = DIRECTION('',(-1.,0.));
#8860 = ( GEOMETRIC_REPRESENTATION_CONTEXT(2) 
PARAMETRIC_REPRESENTATION_CONTEXT() REPRESENTATION_CONTEXT('2D SPACE',''
  ) );
#8861 = PCURVE('',#8862,#8867);
#8862 = PLANE('',#8863);
#8863 = AXIS2_PLACEMENT_3D('',#8864,#8865,#8866);
#8864 = CARTESIAN_POINT('',(63.02,82.1,15.));
#8865 = DIRECTION('',(0.,0.,1.));
#8866 = DIRECTION('',(1.,0.,-0.));
#8867 = DEFINITIONAL_REPRESENTATION('',(#8868),#8872);
#8868 = CIRCLE('',#8869,2.);
#8869 = AXIS2_PLACEMENT_2D('',#8870,#8871);
#8870 = CARTESIAN_POINT('',(-7.105427357601E-15,0.));
#8871 = DIRECTION('',(1.,0.));
#8872 = ( GEOMETRIC_REPRESENTATION_CONTEXT(2) 
PARAMETRIC_REPRESENTATION_CONTEXT() REPRESENTATION_CONTEXT('2D SPACE',''
  ) );
#8873 = ORIENTED_EDGE('',*,*,#8824,.F.);
#8874 = ADVANCED_FACE('',(#8875),#7342,.T.);
#8875 = FACE_BOUND('',#8876,.F.);
#8876 = EDGE_LOOP('',(#8877,#8878,#8901,#8928));
#8877 = ORIENTED_EDGE('',*,*,#7321,.T.);
#8878 = ORIENTED_EDGE('',*,*,#8879,.T.);
#8879 = EDGE_CURVE('',#7322,#8880,#8882,.T.);
#8880 = VERTEX_POINT('',#8881);
#8881 = CARTESIAN_POINT('',(79.62,82.1,15.));
#8882 = SEAM_CURVE('',#8883,(#8887,#8894),.PCURVE_S1.);
#8883 = LINE('',#8884,#8885);
#8884 = CARTESIAN_POINT('',(79.62,82.1,0.));
#8885 = VECTOR('',#8886,1.);
#8886 = DIRECTION('',(0.,0.,1.));
#8887 = PCURVE('',#7342,#8888);
#8888 = DEFINITIONAL_REPRESENTATION('',(#8889),#8893);
#8889 = LINE('',#8890,#8891);
#8890 = CARTESIAN_POINT('',(-6.28318530718,0.));
#8891 = VECTOR('',#8892,1.);
#8892 = DIRECTION('',(-0.,-1.));
#8893 = ( GEOMETRIC_REPRESENTATION_CONTEXT(2) 
PARAMETRIC_REPRESENTATION_CONTEXT() REPRESENTATION_CONTEXT('2D SPACE',''
  ) );
#8894 = PCURVE('',#7342,#8895);
#8895 = DEFINITIONAL_REPRESENTATION('',(#8896),#8900);
#8896 = LINE('',#8897,#8898);
#8897 = CARTESIAN_POINT('',(-0.,0.));
#8898 = VECTOR('',#8899,1.);
#8899 = DIRECTION('',(-0.,-1.));
#8900 = ( GEOMETRIC_REPRESENTATION_CONTEXT(2) 
PARAMETRIC_REPRESENTATION_CONTEXT() REPRESENTATION_CONTEXT('2D SPACE',''
  ) );
#8901 = ORIENTED_EDGE('',*,*,#8902,.T.);
#8902 = EDGE_CURVE('',#8880,#8880,#8903,.T.);
#8903 = SURFACE_CURVE('',#8904,(#8909,#8916),.PCURVE_S1.);
#8904 = CIRCLE('',#8905,2.);
#8905 = AXIS2_PLACEMENT_3D('',#8906,#8907,#8908);
#8906 = CARTESIAN_POINT('',(77.62,82.1,15.));
#8907 = DIRECTION('',(0.,0.,1.));
#8908 = DIRECTION('',(1.,0.,0.));
#8909 = PCURVE('',#7342,#8910);
#8910 = DEFINITIONAL_REPRESENTATION('',(#8911),#8915);
#8911 = LINE('',#8912,#8913);
#8912 = CARTESIAN_POINT('',(-0.,-15.));
#8913 = VECTOR('',#8914,1.);
#8914 = DIRECTION('',(-1.,0.));
#8915 = ( GEOMETRIC_REPRESENTATION_CONTEXT(2) 
PARAMETRIC_REPRESENTATION_CONTEXT() REPRESENTATION_CONTEXT('2D SPACE',''
  ) );
#8916 = PCURVE('',#8917,#8922);
#8917 = PLANE('',#8918);
#8918 = AXIS2_PLACEMENT_3D('',#8919,#8920,#8921);
#8919 = CARTESIAN_POINT('',(63.02,82.1,15.));
#8920 = DIRECTION('',(0.,0.,1.));
#8921 = DIRECTION('',(1.,0.,-0.));
#8922 = DEFINITIONAL_REPRESENTATION('',(#8923),#8927);
#8923 = CIRCLE('',#8924,2.);
#8924 = AXIS2_PLACEMENT_2D('',#8925,#8926);
#8925 = CARTESIAN_POINT('',(14.6,0.));
#8926 = DIRECTION('',(1.,0.));
#8927 = ( GEOMETRIC_REPRESENTATION_CONTEXT(2) 
PARAMETRIC_REPRESENTATION_CONTEXT() REPRESENTATION_CONTEXT('2D SPACE',''
  ) );
#8928 = ORIENTED_EDGE('',*,*,#8879,.F.);
#8929 = ADVANCED_FACE('',(#8930),#7392,.F.);
#8930 = FACE_BOUND('',#8931,.F.);
#8931 = EDGE_LOOP('',(#8932));
#8932 = ORIENTED_EDGE('',*,*,#7377,.T.);
#8933 = ADVANCED_FACE('',(#8934,#8939),#7549,.T.);
#8934 = FACE_BOUND('',#8935,.T.);
#8935 = EDGE_LOOP('',(#8936,#8937,#8938));
#8936 = ORIENTED_EDGE('',*,*,#7534,.F.);
#8937 = ORIENTED_EDGE('',*,*,#8296,.F.);
#8938 = ORIENTED_EDGE('',*,*,#8247,.F.);
#8939 = FACE_BOUND('',#8940,.T.);
#8940 = EDGE_LOOP('',(#8941));
#8941 = ORIENTED_EDGE('',*,*,#8942,.T.);
#8942 = EDGE_CURVE('',#8943,#8943,#8945,.T.);
#8943 = VERTEX_POINT('',#8944);
#8944 = CARTESIAN_POINT('',(71.9,10.8,5.));
#8945 = SURFACE_CURVE('',#8946,(#8951,#8962),.PCURVE_S1.);
#8946 = CIRCLE('',#8947,1.4);
#8947 = AXIS2_PLACEMENT_3D('',#8948,#8949,#8950);
#8948 = CARTESIAN_POINT('',(70.5,10.8,5.));
#8949 = DIRECTION('',(0.,0.,-1.));
#8950 = DIRECTION('',(1.,0.,0.));
#8951 = PCURVE('',#7549,#8952);
#8952 = DEFINITIONAL_REPRESENTATION('',(#8953),#8961);
#8953 = ( BOUNDED_CURVE() B_SPLINE_CURVE(2,(#8954,#8955,#8956,#8957,
#8958,#8959,#8960),.UNSPECIFIED.,.T.,.F.) B_SPLINE_CURVE_WITH_KNOTS((1,2
    ,2,2,2,1),(-2.094395102393,0.,2.094395102393,4.188790204786,
6.28318530718,8.377580409573),.UNSPECIFIED.) CURVE() 
GEOMETRIC_REPRESENTATION_ITEM() RATIONAL_B_SPLINE_CURVE((1.,0.5,1.,0.5,
1.,0.5,1.)) REPRESENTATION_ITEM('') );
#8954 = CARTESIAN_POINT('',(59.4,1.7763568394E-15));
#8955 = CARTESIAN_POINT('',(59.4,-2.424871130596));
#8956 = CARTESIAN_POINT('',(57.3,-1.212435565298));
#8957 = CARTESIAN_POINT('',(55.2,1.433455735639E-15));
#8958 = CARTESIAN_POINT('',(57.3,1.212435565298));
#8959 = CARTESIAN_POINT('',(59.4,2.424871130596));
#8960 = CARTESIAN_POINT('',(59.4,1.7763568394E-15));
#8961 = ( GEOMETRIC_REPRESENTATION_CONTEXT(2) 
PARAMETRIC_REPRESENTATION_CONTEXT() REPRESENTATION_CONTEXT('2D SPACE',''
  ) );
#8962 = PCURVE('',#7954,#8963);
#8963 = DEFINITIONAL_REPRESENTATION('',(#8964),#8968);
#8964 = LINE('',#8965,#8966);
#8965 = CARTESIAN_POINT('',(-6.28318530718,-6.));
#8966 = VECTOR('',#8967,1.);
#8967 = DIRECTION('',(1.,-0.));
#8968 = ( GEOMETRIC_REPRESENTATION_CONTEXT(2) 
PARAMETRIC_REPRESENTATION_CONTEXT() REPRESENTATION_CONTEXT('2D SPACE',''
  ) );
#8969 = ADVANCED_FACE('',(#8970),#7619,.F.);
#8970 = FACE_BOUND('',#8971,.F.);
#8971 = EDGE_LOOP('',(#8972));
#8972 = ORIENTED_EDGE('',*,*,#7604,.T.);
#8973 = ADVANCED_FACE('',(#8974),#7915,.F.);
#8974 = FACE_BOUND('',#8975,.T.);
#8975 = EDGE_LOOP('',(#8976,#8977,#9000,#9026));
#8976 = ORIENTED_EDGE('',*,*,#7894,.T.);
#8977 = ORIENTED_EDGE('',*,*,#8978,.T.);
#8978 = EDGE_CURVE('',#7895,#8979,#8981,.T.);
#8979 = VERTEX_POINT('',#8980);
#8980 = CARTESIAN_POINT('',(13.9,10.8,5.));
#8981 = SEAM_CURVE('',#8982,(#8986,#8993),.PCURVE_S1.);
#8982 = LINE('',#8983,#8984);
#8983 = CARTESIAN_POINT('',(13.9,10.8,-1.));
#8984 = VECTOR('',#8985,1.);
#8985 = DIRECTION('',(0.,0.,1.));
#8986 = PCURVE('',#7915,#8987);
#8987 = DEFINITIONAL_REPRESENTATION('',(#8988),#8992);
#8988 = LINE('',#8989,#8990);
#8989 = CARTESIAN_POINT('',(-6.28318530718,0.));
#8990 = VECTOR('',#8991,1.);
#8991 = DIRECTION('',(-0.,-1.));
#8992 = ( GEOMETRIC_REPRESENTATION_CONTEXT(2) 
PARAMETRIC_REPRESENTATION_CONTEXT() REPRESENTATION_CONTEXT('2D SPACE',''
  ) );
#8993 = PCURVE('',#7915,#8994);
#8994 = DEFINITIONAL_REPRESENTATION('',(#8995),#8999);
#8995 = LINE('',#8996,#8997);
#8996 = CARTESIAN_POINT('',(-0.,0.));
#8997 = VECTOR('',#8998,1.);
#8998 = DIRECTION('',(-0.,-1.));
#8999 = ( GEOMETRIC_REPRESENTATION_CONTEXT(2) 
PARAMETRIC_REPRESENTATION_CONTEXT() REPRESENTATION_CONTEXT('2D SPACE',''
  ) );
#9000 = ORIENTED_EDGE('',*,*,#9001,.F.);
#9001 = EDGE_CURVE('',#8979,#8979,#9002,.T.);
#9002 = SURFACE_CURVE('',#9003,(#9008,#9015),.PCURVE_S1.);
#9003 = CIRCLE('',#9004,1.4);
#9004 = AXIS2_PLACEMENT_3D('',#9005,#9006,#9007);
#9005 = CARTESIAN_POINT('',(12.5,10.8,5.));
#9006 = DIRECTION('',(0.,0.,-1.));
#9007 = DIRECTION('',(1.,0.,0.));
#9008 = PCURVE('',#7915,#9009);
#9009 = DEFINITIONAL_REPRESENTATION('',(#9010),#9014);
#9010 = LINE('',#9011,#9012);
#9011 = CARTESIAN_POINT('',(-6.28318530718,-6.));
#9012 = VECTOR('',#9013,1.);
#9013 = DIRECTION('',(1.,-0.));
#9014 = ( GEOMETRIC_REPRESENTATION_CONTEXT(2) 
PARAMETRIC_REPRESENTATION_CONTEXT() REPRESENTATION_CONTEXT('2D SPACE',''
  ) );
#9015 = PCURVE('',#8367,#9016);
#9016 = DEFINITIONAL_REPRESENTATION('',(#9017),#9025);
#9017 = ( BOUNDED_CURVE() B_SPLINE_CURVE(2,(#9018,#9019,#9020,#9021,
#9022,#9023,#9024),.UNSPECIFIED.,.T.,.F.) B_SPLINE_CURVE_WITH_KNOTS((1,2
    ,2,2,2,1),(-2.094395102393,0.,2.094395102393,4.188790204786,
6.28318530718,8.377580409573),.UNSPECIFIED.) CURVE() 
GEOMETRIC_REPRESENTATION_ITEM() RATIONAL_B_SPLINE_CURVE((1.,0.5,1.,0.5,
1.,0.5,1.)) REPRESENTATION_ITEM('') );
#9018 = CARTESIAN_POINT('',(1.4,1.7763568394E-15));
#9019 = CARTESIAN_POINT('',(1.4,-2.424871130596));
#9020 = CARTESIAN_POINT('',(-0.7,-1.212435565298));
#9021 = CARTESIAN_POINT('',(-2.8,1.433455735639E-15));
#9022 = CARTESIAN_POINT('',(-0.7,1.212435565298));
#9023 = CARTESIAN_POINT('',(1.4,2.424871130596));
#9024 = CARTESIAN_POINT('',(1.4,1.7763568394E-15));
#9025 = ( GEOMETRIC_REPRESENTATION_CONTEXT(2) 
PARAMETRIC_REPRESENTATION_CONTEXT() REPRESENTATION_CONTEXT('2D SPACE',''
  ) );
#9026 = ORIENTED_EDGE('',*,*,#8978,.F.);
#9027 = ADVANCED_FACE('',(#9028),#7954,.F.);
#9028 = FACE_BOUND('',#9029,.T.);
#9029 = EDGE_LOOP('',(#9030,#9031,#9052,#9053));
#9030 = ORIENTED_EDGE('',*,*,#7933,.T.);
#9031 = ORIENTED_EDGE('',*,*,#9032,.T.);
#9032 = EDGE_CURVE('',#7934,#8943,#9033,.T.);
#9033 = SEAM_CURVE('',#9034,(#9038,#9045),.PCURVE_S1.);
#9034 = LINE('',#9035,#9036);
#9035 = CARTESIAN_POINT('',(71.9,10.8,-1.));
#9036 = VECTOR('',#9037,1.);
#9037 = DIRECTION('',(0.,0.,1.));
#9038 = PCURVE('',#7954,#9039);
#9039 = DEFINITIONAL_REPRESENTATION('',(#9040),#9044);
#9040 = LINE('',#9041,#9042);
#9041 = CARTESIAN_POINT('',(-6.28318530718,0.));
#9042 = VECTOR('',#9043,1.);
#9043 = DIRECTION('',(-0.,-1.));
#9044 = ( GEOMETRIC_REPRESENTATION_CONTEXT(2) 
PARAMETRIC_REPRESENTATION_CONTEXT() REPRESENTATION_CONTEXT('2D SPACE',''
  ) );
#9045 = PCURVE('',#7954,#9046);
#9046 = DEFINITIONAL_REPRESENTATION('',(#9047),#9051);
#9047 = LINE('',#9048,#9049);
#9048 = CARTESIAN_POINT('',(-0.,0.));
#9049 = VECTOR('',#9050,1.);
#9050 = DIRECTION('',(-0.,-1.));
#9051 = ( GEOMETRIC_REPRESENTATION_CONTEXT(2) 
PARAMETRIC_REPRESENTATION_CONTEXT() REPRESENTATION_CONTEXT('2D SPACE',''
  ) );
#9052 = ORIENTED_EDGE('',*,*,#8942,.F.);
#9053 = ORIENTED_EDGE('',*,*,#9032,.F.);
#9054 = ADVANCED_FACE('',(#9055),#7993,.F.);
#9055 = FACE_BOUND('',#9056,.T.);
#9056 = EDGE_LOOP('',(#9057,#9058,#9081,#9107));
#9057 = ORIENTED_EDGE('',*,*,#7972,.T.);
#9058 = ORIENTED_EDGE('',*,*,#9059,.T.);
#9059 = EDGE_CURVE('',#7973,#9060,#9062,.T.);
#9060 = VERTEX_POINT('',#9061);
#9061 = CARTESIAN_POINT('',(13.9,59.8,5.));
#9062 = SEAM_CURVE('',#9063,(#9067,#9074),.PCURVE_S1.);
#9063 = LINE('',#9064,#9065);
#9064 = CARTESIAN_POINT('',(13.9,59.8,-1.));
#9065 = VECTOR('',#9066,1.);
#9066 = DIRECTION('',(0.,0.,1.));
#9067 = PCURVE('',#7993,#9068);
#9068 = DEFINITIONAL_REPRESENTATION('',(#9069),#9073);
#9069 = LINE('',#9070,#9071);
#9070 = CARTESIAN_POINT('',(-6.28318530718,0.));
#9071 = VECTOR('',#9072,1.);
#9072 = DIRECTION('',(-0.,-1.));
#9073 = ( GEOMETRIC_REPRESENTATION_CONTEXT(2) 
PARAMETRIC_REPRESENTATION_CONTEXT() REPRESENTATION_CONTEXT('2D SPACE',''
  ) );
#9074 = PCURVE('',#7993,#9075);
#9075 = DEFINITIONAL_REPRESENTATION('',(#9076),#9080);
#9076 = LINE('',#9077,#9078);
#9077 = CARTESIAN_POINT('',(-0.,0.));
#9078 = VECTOR('',#9079,1.);
#9079 = DIRECTION('',(-0.,-1.));
#9080 = ( GEOMETRIC_REPRESENTATION_CONTEXT(2) 
PARAMETRIC_REPRESENTATION_CONTEXT() REPRESENTATION_CONTEXT('2D SPACE',''
  ) );
#9081 = ORIENTED_EDGE('',*,*,#9082,.F.);
#9082 = EDGE_CURVE('',#9060,#9060,#9083,.T.);
#9083 = SURFACE_CURVE('',#9084,(#9089,#9096),.PCURVE_S1.);
#9084 = CIRCLE('',#9085,1.4);
#9085 = AXIS2_PLACEMENT_3D('',#9086,#9087,#9088);
#9086 = CARTESIAN_POINT('',(12.5,59.8,5.));
#9087 = DIRECTION('',(0.,0.,-1.));
#9088 = DIRECTION('',(1.,0.,0.));
#9089 = PCURVE('',#7993,#9090);
#9090 = DEFINITIONAL_REPRESENTATION('',(#9091),#9095);
#9091 = LINE('',#9092,#9093);
#9092 = CARTESIAN_POINT('',(-6.28318530718,-6.));
#9093 = VECTOR('',#9094,1.);
#9094 = DIRECTION('',(1.,-0.));
#9095 = ( GEOMETRIC_REPRESENTATION_CONTEXT(2) 
PARAMETRIC_REPRESENTATION_CONTEXT() REPRESENTATION_CONTEXT('2D SPACE',''
  ) );
#9096 = PCURVE('',#8422,#9097);
#9097 = DEFINITIONAL_REPRESENTATION('',(#9098),#9106);
#9098 = ( BOUNDED_CURVE() B_SPLINE_CURVE(2,(#9099,#9100,#9101,#9102,
#9103,#9104,#9105),.UNSPECIFIED.,.T.,.F.) B_SPLINE_CURVE_WITH_KNOTS((1,2
    ,2,2,2,1),(-2.094395102393,0.,2.094395102393,4.188790204786,
6.28318530718,8.377580409573),.UNSPECIFIED.) CURVE() 
GEOMETRIC_REPRESENTATION_ITEM() RATIONAL_B_SPLINE_CURVE((1.,0.5,1.,0.5,
1.,0.5,1.)) REPRESENTATION_ITEM('') );
#9099 = CARTESIAN_POINT('',(1.4,49.));
#9100 = CARTESIAN_POINT('',(1.4,46.575128869404));
#9101 = CARTESIAN_POINT('',(-0.7,47.787564434702));
#9102 = CARTESIAN_POINT('',(-2.8,49.));
#9103 = CARTESIAN_POINT('',(-0.7,50.212435565298));
#9104 = CARTESIAN_POINT('',(1.4,51.424871130596));
#9105 = CARTESIAN_POINT('',(1.4,49.));
#9106 = ( GEOMETRIC_REPRESENTATION_CONTEXT(2) 
PARAMETRIC_REPRESENTATION_CONTEXT() REPRESENTATION_CONTEXT('2D SPACE',''
  ) );
#9107 = ORIENTED_EDGE('',*,*,#9059,.F.);
#9108 = ADVANCED_FACE('',(#9109),#8032,.F.);
#9109 = FACE_BOUND('',#9110,.T.);
#9110 = EDGE_LOOP('',(#9111,#9112,#9135,#9161));
#9111 = ORIENTED_EDGE('',*,*,#8011,.T.);
#9112 = ORIENTED_EDGE('',*,*,#9113,.T.);
#9113 = EDGE_CURVE('',#8012,#9114,#9116,.T.);
#9114 = VERTEX_POINT('',#9115);
#9115 = CARTESIAN_POINT('',(71.9,59.8,5.));
#9116 = SEAM_CURVE('',#9117,(#9121,#9128),.PCURVE_S1.);
#9117 = LINE('',#9118,#9119);
#9118 = CARTESIAN_POINT('',(71.9,59.8,-1.));
#9119 = VECTOR('',#9120,1.);
#9120 = DIRECTION('',(0.,0.,1.));
#9121 = PCURVE('',#8032,#9122);
#9122 = DEFINITIONAL_REPRESENTATION('',(#9123),#9127);
#9123 = LINE('',#9124,#9125);
#9124 = CARTESIAN_POINT('',(-6.28318530718,0.));
#9125 = VECTOR('',#9126,1.);
#9126 = DIRECTION('',(-0.,-1.));
#9127 = ( GEOMETRIC_REPRESENTATION_CONTEXT(2) 
PARAMETRIC_REPRESENTATION_CONTEXT() REPRESENTATION_CONTEXT('2D SPACE',''
  ) );
#9128 = PCURVE('',#8032,#9129);
#9129 = DEFINITIONAL_REPRESENTATION('',(#9130),#9134);
#9130 = LINE('',#9131,#9132);
#9131 = CARTESIAN_POINT('',(-0.,0.));
#9132 = VECTOR('',#9133,1.);
#9133 = DIRECTION('',(-0.,-1.));
#9134 = ( GEOMETRIC_REPRESENTATION_CONTEXT(2) 
PARAMETRIC_REPRESENTATION_CONTEXT() REPRESENTATION_CONTEXT('2D SPACE',''
  ) );
#9135 = ORIENTED_EDGE('',*,*,#9136,.F.);
#9136 = EDGE_CURVE('',#9114,#9114,#9137,.T.);
#9137 = SURFACE_CURVE('',#9138,(#9143,#9150),.PCURVE_S1.);
#9138 = CIRCLE('',#9139,1.4);
#9139 = AXIS2_PLACEMENT_3D('',#9140,#9141,#9142);
#9140 = CARTESIAN_POINT('',(70.5,59.8,5.));
#9141 = DIRECTION('',(0.,0.,-1.));
#9142 = DIRECTION('',(1.,0.,0.));
#9143 = PCURVE('',#8032,#9144);
#9144 = DEFINITIONAL_REPRESENTATION('',(#9145),#9149);
#9145 = LINE('',#9146,#9147);
#9146 = CARTESIAN_POINT('',(-6.28318530718,-6.));
#9147 = VECTOR('',#9148,1.);
#9148 = DIRECTION('',(1.,-0.));
#9149 = ( GEOMETRIC_REPRESENTATION_CONTEXT(2) 
PARAMETRIC_REPRESENTATION_CONTEXT() REPRESENTATION_CONTEXT('2D SPACE',''
  ) );
#9150 = PCURVE('',#8642,#9151);
#9151 = DEFINITIONAL_REPRESENTATION('',(#9152),#9160);
#9152 = ( BOUNDED_CURVE() B_SPLINE_CURVE(2,(#9153,#9154,#9155,#9156,
#9157,#9158,#9159),.UNSPECIFIED.,.T.,.F.) B_SPLINE_CURVE_WITH_KNOTS((1,2
    ,2,2,2,1),(-2.094395102393,0.,2.094395102393,4.188790204786,
6.28318530718,8.377580409573),.UNSPECIFIED.) CURVE() 
GEOMETRIC_REPRESENTATION_ITEM() RATIONAL_B_SPLINE_CURVE((1.,0.5,1.,0.5,
1.,0.5,1.)) REPRESENTATION_ITEM('') );
#9153 = CARTESIAN_POINT('',(59.4,49.));
#9154 = CARTESIAN_POINT('',(59.4,46.575128869404));
#9155 = CARTESIAN_POINT('',(57.3,47.787564434702));
#9156 = CARTESIAN_POINT('',(55.2,49.));
#9157 = CARTESIAN_POINT('',(57.3,50.212435565298));
#9158 = CARTESIAN_POINT('',(59.4,51.424871130596));
#9159 = CARTESIAN_POINT('',(59.4,49.));
#9160 = ( GEOMETRIC_REPRESENTATION_CONTEXT(2) 
PARAMETRIC_REPRESENTATION_CONTEXT() REPRESENTATION_CONTEXT('2D SPACE',''
  ) );
#9161 = ORIENTED_EDGE('',*,*,#9113,.F.);
#9162 = ADVANCED_FACE('',(#9163,#9166),#8367,.T.);
#9163 = FACE_BOUND('',#9164,.T.);
#9164 = EDGE_LOOP('',(#9165));
#9165 = ORIENTED_EDGE('',*,*,#8352,.T.);
#9166 = FACE_BOUND('',#9167,.T.);
#9167 = EDGE_LOOP('',(#9168));
#9168 = ORIENTED_EDGE('',*,*,#9001,.T.);
#9169 = ADVANCED_FACE('',(#9170,#9173),#8422,.T.);
#9170 = FACE_BOUND('',#9171,.T.);
#9171 = EDGE_LOOP('',(#9172));
#9172 = ORIENTED_EDGE('',*,*,#8407,.T.);
#9173 = FACE_BOUND('',#9174,.T.);
#9174 = EDGE_LOOP('',(#9175));
#9175 = ORIENTED_EDGE('',*,*,#9082,.T.);
#9176 = ADVANCED_FACE('',(#9177,#9180),#8477,.T.);
#9177 = FACE_BOUND('',#9178,.T.);
#9178 = EDGE_LOOP('',(#9179));
#9179 = ORIENTED_EDGE('',*,*,#8462,.T.);
#9180 = FACE_BOUND('',#9181,.T.);
#9181 = EDGE_LOOP('',(#9182));
#9182 = ORIENTED_EDGE('',*,*,#9183,.T.);
#9183 = EDGE_CURVE('',#9184,#9184,#9186,.T.);
#9184 = VERTEX_POINT('',#9185);
#9185 = CARTESIAN_POINT('',(6.955,69.84,9.));
#9186 = SURFACE_CURVE('',#9187,(#9192,#9203),.PCURVE_S1.);
#9187 = CIRCLE('',#9188,1.585);
#9188 = AXIS2_PLACEMENT_3D('',#9189,#9190,#9191);
#9189 = CARTESIAN_POINT('',(8.54,69.84,9.));
#9190 = DIRECTION('',(0.,0.,-1.));
#9191 = DIRECTION('',(-1.,0.,0.));
#9192 = PCURVE('',#8477,#9193);
#9193 = DEFINITIONAL_REPRESENTATION('',(#9194),#9202);
#9194 = ( BOUNDED_CURVE() B_SPLINE_CURVE(2,(#9195,#9196,#9197,#9198,
#9199,#9200,#9201),.UNSPECIFIED.,.T.,.F.) B_SPLINE_CURVE_WITH_KNOTS((1,2
    ,2,2,2,1),(-2.094395102393,0.,2.094395102393,4.188790204786,
6.28318530718,8.377580409573),.UNSPECIFIED.) CURVE() 
GEOMETRIC_REPRESENTATION_ITEM() RATIONAL_B_SPLINE_CURVE((1.,0.5,1.,0.5,
1.,0.5,1.)) REPRESENTATION_ITEM('') );
#9195 = CARTESIAN_POINT('',(-1.585,-1.42108547152E-14));
#9196 = CARTESIAN_POINT('',(-1.585,2.745300529997));
#9197 = CARTESIAN_POINT('',(0.7925,1.372650264998));
#9198 = CARTESIAN_POINT('',(3.17,-1.382264167987E-14));
#9199 = CARTESIAN_POINT('',(0.7925,-1.372650264998));
#9200 = CARTESIAN_POINT('',(-1.585,-2.745300529997));
#9201 = CARTESIAN_POINT('',(-1.585,-1.42108547152E-14));
#9202 = ( GEOMETRIC_REPRESENTATION_CONTEXT(2) 
PARAMETRIC_REPRESENTATION_CONTEXT() REPRESENTATION_CONTEXT('2D SPACE',''
  ) );
#9203 = PCURVE('',#9204,#9209);
#9204 = CYLINDRICAL_SURFACE('',#9205,1.585);
#9205 = AXIS2_PLACEMENT_3D('',#9206,#9207,#9208);
#9206 = CARTESIAN_POINT('',(8.54,69.84,9.));
#9207 = DIRECTION('',(0.,0.,-1.));
#9208 = DIRECTION('',(-1.,0.,0.));
#9209 = DEFINITIONAL_REPRESENTATION('',(#9210),#9214);
#9210 = LINE('',#9211,#9212);
#9211 = CARTESIAN_POINT('',(0.,0.));
#9212 = VECTOR('',#9213,1.);
#9213 = DIRECTION('',(1.,0.));
#9214 = ( GEOMETRIC_REPRESENTATION_CONTEXT(2) 
PARAMETRIC_REPRESENTATION_CONTEXT() REPRESENTATION_CONTEXT('2D SPACE',''
  ) );
#9215 = ADVANCED_FACE('',(#9216,#9219),#8532,.T.);
#9216 = FACE_BOUND('',#9217,.T.);
#9217 = EDGE_LOOP('',(#9218));
#9218 = ORIENTED_EDGE('',*,*,#8517,.T.);
#9219 = FACE_BOUND('',#9220,.T.);
#9220 = EDGE_LOOP('',(#9221));
#9221 = ORIENTED_EDGE('',*,*,#9222,.T.);
#9222 = EDGE_CURVE('',#9223,#9223,#9225,.T.);
#9223 = VERTEX_POINT('',#9224);
#9224 = CARTESIAN_POINT('',(6.955,101.59,9.));
#9225 = SURFACE_CURVE('',#9226,(#9231,#9242),.PCURVE_S1.);
#9226 = CIRCLE('',#9227,1.585);
#9227 = AXIS2_PLACEMENT_3D('',#9228,#9229,#9230);
#9228 = CARTESIAN_POINT('',(8.54,101.59,9.));
#9229 = DIRECTION('',(0.,0.,-1.));
#9230 = DIRECTION('',(-1.,0.,0.));
#9231 = PCURVE('',#8532,#9232);
#9232 = DEFINITIONAL_REPRESENTATION('',(#9233),#9241);
#9233 = ( BOUNDED_CURVE() B_SPLINE_CURVE(2,(#9234,#9235,#9236,#9237,
#9238,#9239,#9240),.UNSPECIFIED.,.T.,.F.) B_SPLINE_CURVE_WITH_KNOTS((1,2
    ,2,2,2,1),(-2.094395102393,0.,2.094395102393,4.188790204786,
6.28318530718,8.377580409573),.UNSPECIFIED.) CURVE() 
GEOMETRIC_REPRESENTATION_ITEM() RATIONAL_B_SPLINE_CURVE((1.,0.5,1.,0.5,
1.,0.5,1.)) REPRESENTATION_ITEM('') );
#9234 = CARTESIAN_POINT('',(-1.585,31.75));
#9235 = CARTESIAN_POINT('',(-1.585,34.495300529997));
#9236 = CARTESIAN_POINT('',(0.7925,33.122650264998));
#9237 = CARTESIAN_POINT('',(3.17,31.75));
#9238 = CARTESIAN_POINT('',(0.7925,30.377349735002));
#9239 = CARTESIAN_POINT('',(-1.585,29.004699470003));
#9240 = CARTESIAN_POINT('',(-1.585,31.75));
#9241 = ( GEOMETRIC_REPRESENTATION_CONTEXT(2) 
PARAMETRIC_REPRESENTATION_CONTEXT() REPRESENTATION_CONTEXT('2D SPACE',''
  ) );
#9242 = PCURVE('',#9243,#9248);
#9243 = CYLINDRICAL_SURFACE('',#9244,1.585);
#9244 = AXIS2_PLACEMENT_3D('',#9245,#9246,#9247);
#9245 = CARTESIAN_POINT('',(8.54,101.59,9.));
#9246 = DIRECTION('',(0.,0.,-1.));
#9247 = DIRECTION('',(-1.,0.,0.));
#9248 = DEFINITIONAL_REPRESENTATION('',(#9249),#9253);
#9249 = LINE('',#9250,#9251);
#9250 = CARTESIAN_POINT('',(0.,0.));
#9251 = VECTOR('',#9252,1.);
#9252 = DIRECTION('',(1.,0.));
#9253 = ( GEOMETRIC_REPRESENTATION_CONTEXT(2) 
PARAMETRIC_REPRESENTATION_CONTEXT() REPRESENTATION_CONTEXT('2D SPACE',''
  ) );
#9254 = ADVANCED_FACE('',(#9255,#9258),#8587,.T.);
#9255 = FACE_BOUND('',#9256,.T.);
#9256 = EDGE_LOOP('',(#9257));
#9257 = ORIENTED_EDGE('',*,*,#8572,.T.);
#9258 = FACE_BOUND('',#9259,.T.);
#9259 = EDGE_LOOP('',(#9260));
#9260 = ORIENTED_EDGE('',*,*,#9261,.T.);
#9261 = EDGE_CURVE('',#9262,#9262,#9264,.T.);
#9262 = VERTEX_POINT('',#9263);
#9263 = CARTESIAN_POINT('',(42.515,69.84,9.));
#9264 = SURFACE_CURVE('',#9265,(#9270,#9281),.PCURVE_S1.);
#9265 = CIRCLE('',#9266,1.585);
#9266 = AXIS2_PLACEMENT_3D('',#9267,#9268,#9269);
#9267 = CARTESIAN_POINT('',(44.1,69.84,9.));
#9268 = DIRECTION('',(0.,0.,-1.));
#9269 = DIRECTION('',(-1.,0.,0.));
#9270 = PCURVE('',#8587,#9271);
#9271 = DEFINITIONAL_REPRESENTATION('',(#9272),#9280);
#9272 = ( BOUNDED_CURVE() B_SPLINE_CURVE(2,(#9273,#9274,#9275,#9276,
#9277,#9278,#9279),.UNSPECIFIED.,.T.,.F.) B_SPLINE_CURVE_WITH_KNOTS((1,2
    ,2,2,2,1),(-2.094395102393,0.,2.094395102393,4.188790204786,
6.28318530718,8.377580409573),.UNSPECIFIED.) CURVE() 
GEOMETRIC_REPRESENTATION_ITEM() RATIONAL_B_SPLINE_CURVE((1.,0.5,1.,0.5,
1.,0.5,1.)) REPRESENTATION_ITEM('') );
#9273 = CARTESIAN_POINT('',(33.975,-1.42108547152E-14));
#9274 = CARTESIAN_POINT('',(33.975,2.745300529997));
#9275 = CARTESIAN_POINT('',(36.3525,1.372650264998));
#9276 = CARTESIAN_POINT('',(38.73,-1.382264167987E-14));
#9277 = CARTESIAN_POINT('',(36.3525,-1.372650264998));
#9278 = CARTESIAN_POINT('',(33.975,-2.745300529997));
#9279 = CARTESIAN_POINT('',(33.975,-1.42108547152E-14));
#9280 = ( GEOMETRIC_REPRESENTATION_CONTEXT(2) 
PARAMETRIC_REPRESENTATION_CONTEXT() REPRESENTATION_CONTEXT('2D SPACE',''
  ) );
#9281 = PCURVE('',#9282,#9287);
#9282 = CYLINDRICAL_SURFACE('',#9283,1.585);
#9283 = AXIS2_PLACEMENT_3D('',#9284,#9285,#9286);
#9284 = CARTESIAN_POINT('',(44.1,69.84,9.));
#9285 = DIRECTION('',(0.,0.,-1.));
#9286 = DIRECTION('',(-1.,0.,0.));
#9287 = DEFINITIONAL_REPRESENTATION('',(#9288),#9292);
#9288 = LINE('',#9289,#9290);
#9289 = CARTESIAN_POINT('',(0.,0.));
#9290 = VECTOR('',#9291,1.);
#9291 = DIRECTION('',(1.,0.));
#9292 = ( GEOMETRIC_REPRESENTATION_CONTEXT(2) 
PARAMETRIC_REPRESENTATION_CONTEXT() REPRESENTATION_CONTEXT('2D SPACE',''
  ) );
#9293 = ADVANCED_FACE('',(#9294,#9297),#8642,.T.);
#9294 = FACE_BOUND('',#9295,.T.);
#9295 = EDGE_LOOP('',(#9296));
#9296 = ORIENTED_EDGE('',*,*,#8627,.T.);
#9297 = FACE_BOUND('',#9298,.T.);
#9298 = EDGE_LOOP('',(#9299));
#9299 = ORIENTED_EDGE('',*,*,#9136,.T.);
#9300 = ADVANCED_FACE('',(#9301,#9304),#8697,.T.);
#9301 = FACE_BOUND('',#9302,.T.);
#9302 = EDGE_LOOP('',(#9303));
#9303 = ORIENTED_EDGE('',*,*,#8682,.T.);
#9304 = FACE_BOUND('',#9305,.T.);
#9305 = EDGE_LOOP('',(#9306));
#9306 = ORIENTED_EDGE('',*,*,#9307,.T.);
#9307 = EDGE_CURVE('',#9308,#9308,#9310,.T.);
#9308 = VERTEX_POINT('',#9309);
#9309 = CARTESIAN_POINT('',(60.935,74.3,15.));
#9310 = SURFACE_CURVE('',#9311,(#9316,#9327),.PCURVE_S1.);
#9311 = CIRCLE('',#9312,1.585);
#9312 = AXIS2_PLACEMENT_3D('',#9313,#9314,#9315);
#9313 = CARTESIAN_POINT('',(62.52,74.3,15.));
#9314 = DIRECTION('',(0.,0.,-1.));
#9315 = DIRECTION('',(-1.,0.,0.));
#9316 = PCURVE('',#8697,#9317);
#9317 = DEFINITIONAL_REPRESENTATION('',(#9318),#9326);
#9318 = ( BOUNDED_CURVE() B_SPLINE_CURVE(2,(#9319,#9320,#9321,#9322,
#9323,#9324,#9325),.UNSPECIFIED.,.T.,.F.) B_SPLINE_CURVE_WITH_KNOTS((1,2
    ,2,2,2,1),(-2.094395102393,0.,2.094395102393,4.188790204786,
6.28318530718,8.377580409573),.UNSPECIFIED.) CURVE() 
GEOMETRIC_REPRESENTATION_ITEM() RATIONAL_B_SPLINE_CURVE((1.,0.5,1.,0.5,
1.,0.5,1.)) REPRESENTATION_ITEM('') );
#9319 = CARTESIAN_POINT('',(-1.585,0.));
#9320 = CARTESIAN_POINT('',(-1.585,2.745300529997));
#9321 = CARTESIAN_POINT('',(0.7925,1.372650264998));
#9322 = CARTESIAN_POINT('',(3.17,3.882130353297E-16));
#9323 = CARTESIAN_POINT('',(0.7925,-1.372650264998));
#9324 = CARTESIAN_POINT('',(-1.585,-2.745300529997));
#9325 = CARTESIAN_POINT('',(-1.585,0.));
#9326 = ( GEOMETRIC_REPRESENTATION_CONTEXT(2) 
PARAMETRIC_REPRESENTATION_CONTEXT() REPRESENTATION_CONTEXT('2D SPACE',''
  ) );
#9327 = PCURVE('',#9328,#9333);
#9328 = CYLINDRICAL_SURFACE('',#9329,1.585);
#9329 = AXIS2_PLACEMENT_3D('',#9330,#9331,#9332);
#9330 = CARTESIAN_POINT('',(62.52,74.3,15.));
#9331 = DIRECTION('',(0.,0.,-1.));
#9332 = DIRECTION('',(-1.,0.,0.));
#9333 = DEFINITIONAL_REPRESENTATION('',(#9334),#9338);
#9334 = LINE('',#9335,#9336);
#9335 = CARTESIAN_POINT('',(0.,0.));
#9336 = VECTOR('',#9337,1.);
#9337 = DIRECTION('',(1.,0.));
#9338 = ( GEOMETRIC_REPRESENTATION_CONTEXT(2) 
PARAMETRIC_REPRESENTATION_CONTEXT() REPRESENTATION_CONTEXT('2D SPACE',''
  ) );
#9339 = ADVANCED_FACE('',(#9340,#9343),#8752,.T.);
#9340 = FACE_BOUND('',#9341,.T.);
#9341 = EDGE_LOOP('',(#9342));
#9342 = ORIENTED_EDGE('',*,*,#8737,.T.);
#9343 = FACE_BOUND('',#9344,.T.);
#9344 = EDGE_LOOP('',(#9345));
#9345 = ORIENTED_EDGE('',*,*,#9346,.T.);
#9346 = EDGE_CURVE('',#9347,#9347,#9349,.T.);
#9347 = VERTEX_POINT('',#9348);
#9348 = CARTESIAN_POINT('',(76.535,74.3,15.));
#9349 = SURFACE_CURVE('',#9350,(#9355,#9366),.PCURVE_S1.);
#9350 = CIRCLE('',#9351,1.585);
#9351 = AXIS2_PLACEMENT_3D('',#9352,#9353,#9354);
#9352 = CARTESIAN_POINT('',(78.12,74.3,15.));
#9353 = DIRECTION('',(0.,0.,-1.));
#9354 = DIRECTION('',(-1.,0.,0.));
#9355 = PCURVE('',#8752,#9356);
#9356 = DEFINITIONAL_REPRESENTATION('',(#9357),#9365);
#9357 = ( BOUNDED_CURVE() B_SPLINE_CURVE(2,(#9358,#9359,#9360,#9361,
#9362,#9363,#9364),.UNSPECIFIED.,.T.,.F.) B_SPLINE_CURVE_WITH_KNOTS((1,2
    ,2,2,2,1),(-2.094395102393,0.,2.094395102393,4.188790204786,
6.28318530718,8.377580409573),.UNSPECIFIED.) CURVE() 
GEOMETRIC_REPRESENTATION_ITEM() RATIONAL_B_SPLINE_CURVE((1.,0.5,1.,0.5,
1.,0.5,1.)) REPRESENTATION_ITEM('') );
#9358 = CARTESIAN_POINT('',(14.015,0.));
#9359 = CARTESIAN_POINT('',(14.015,2.745300529997));
#9360 = CARTESIAN_POINT('',(16.3925,1.372650264998));
#9361 = CARTESIAN_POINT('',(18.77,3.882130353297E-16));
#9362 = CARTESIAN_POINT('',(16.3925,-1.372650264998));
#9363 = CARTESIAN_POINT('',(14.015,-2.745300529997));
#9364 = CARTESIAN_POINT('',(14.015,0.));
#9365 = ( GEOMETRIC_REPRESENTATION_CONTEXT(2) 
PARAMETRIC_REPRESENTATION_CONTEXT() REPRESENTATION_CONTEXT('2D SPACE',''
  ) );
#9366 = PCURVE('',#9367,#9372);
#9367 = CYLINDRICAL_SURFACE('',#9368,1.585);
#9368 = AXIS2_PLACEMENT_3D('',#9369,#9370,#9371);
#9369 = CARTESIAN_POINT('',(78.12,74.3,15.));
#9370 = DIRECTION('',(0.,0.,-1.));
#9371 = DIRECTION('',(-1.,0.,0.));
#9372 = DEFINITIONAL_REPRESENTATION('',(#9373),#9377);
#9373 = LINE('',#9374,#9375);
#9374 = CARTESIAN_POINT('',(0.,0.));
#9375 = VECTOR('',#9376,1.);
#9376 = DIRECTION('',(1.,0.));
#9377 = ( GEOMETRIC_REPRESENTATION_CONTEXT(2) 
PARAMETRIC_REPRESENTATION_CONTEXT() REPRESENTATION_CONTEXT('2D SPACE',''
  ) );
#9378 = ADVANCED_FACE('',(#9379,#9382),#8807,.T.);
#9379 = FACE_BOUND('',#9380,.T.);
#9380 = EDGE_LOOP('',(#9381));
#9381 = ORIENTED_EDGE('',*,*,#8792,.T.);
#9382 = FACE_BOUND('',#9383,.T.);
#9383 = EDGE_LOOP('',(#9384));
#9384 = ORIENTED_EDGE('',*,*,#9385,.T.);
#9385 = EDGE_CURVE('',#9386,#9386,#9388,.T.);
#9386 = VERTEX_POINT('',#9387);
#9387 = CARTESIAN_POINT('',(42.515,101.59,9.));
#9388 = SURFACE_CURVE('',#9389,(#9394,#9405),.PCURVE_S1.);
#9389 = CIRCLE('',#9390,1.585);
#9390 = AXIS2_PLACEMENT_3D('',#9391,#9392,#9393);
#9391 = CARTESIAN_POINT('',(44.1,101.59,9.));
#9392 = DIRECTION('',(0.,0.,-1.));
#9393 = DIRECTION('',(-1.,0.,0.));
#9394 = PCURVE('',#8807,#9395);
#9395 = DEFINITIONAL_REPRESENTATION('',(#9396),#9404);
#9396 = ( BOUNDED_CURVE() B_SPLINE_CURVE(2,(#9397,#9398,#9399,#9400,
#9401,#9402,#9403),.UNSPECIFIED.,.T.,.F.) B_SPLINE_CURVE_WITH_KNOTS((1,2
    ,2,2,2,1),(-2.094395102393,0.,2.094395102393,4.188790204786,
6.28318530718,8.377580409573),.UNSPECIFIED.) CURVE() 
GEOMETRIC_REPRESENTATION_ITEM() RATIONAL_B_SPLINE_CURVE((1.,0.5,1.,0.5,
1.,0.5,1.)) REPRESENTATION_ITEM('') );
#9397 = CARTESIAN_POINT('',(33.975,31.75));
#9398 = CARTESIAN_POINT('',(33.975,34.495300529997));
#9399 = CARTESIAN_POINT('',(36.3525,33.122650264998));
#9400 = CARTESIAN_POINT('',(38.73,31.75));
#9401 = CARTESIAN_POINT('',(36.3525,30.377349735002));
#9402 = CARTESIAN_POINT('',(33.975,29.004699470003));
#9403 = CARTESIAN_POINT('',(33.975,31.75));
#9404 = ( GEOMETRIC_REPRESENTATION_CONTEXT(2) 
PARAMETRIC_REPRESENTATION_CONTEXT() REPRESENTATION_CONTEXT('2D SPACE',''
  ) );
#9405 = PCURVE('',#9406,#9411);
#9406 = CYLINDRICAL_SURFACE('',#9407,1.585);
#9407 = AXIS2_PLACEMENT_3D('',#9408,#9409,#9410);
#9408 = CARTESIAN_POINT('',(44.1,101.59,9.));
#9409 = DIRECTION('',(0.,0.,-1.));
#9410 = DIRECTION('',(-1.,0.,0.));
#9411 = DEFINITIONAL_REPRESENTATION('',(#9412),#9416);
#9412 = LINE('',#9413,#9414);
#9413 = CARTESIAN_POINT('',(0.,0.));
#9414 = VECTOR('',#9415,1.);
#9415 = DIRECTION('',(1.,0.));
#9416 = ( GEOMETRIC_REPRESENTATION_CONTEXT(2) 
PARAMETRIC_REPRESENTATION_CONTEXT() REPRESENTATION_CONTEXT('2D SPACE',''
  ) );
#9417 = ADVANCED_FACE('',(#9418),#8862,.T.);
#9418 = FACE_BOUND('',#9419,.T.);
#9419 = EDGE_LOOP('',(#9420));
#9420 = ORIENTED_EDGE('',*,*,#8847,.T.);
#9421 = ADVANCED_FACE('',(#9422),#8917,.T.);
#9422 = FACE_BOUND('',#9423,.T.);
#9423 = EDGE_LOOP('',(#9424));
#9424 = ORIENTED_EDGE('',*,*,#8902,.T.);
#9425 = ADVANCED_FACE('',(#9426),#9204,.F.);
#9426 = FACE_BOUND('',#9427,.F.);
#9427 = EDGE_LOOP('',(#9428,#9457,#9478,#9479));
#9428 = ORIENTED_EDGE('',*,*,#9429,.F.);
#9429 = EDGE_CURVE('',#9430,#9430,#9432,.T.);
#9430 = VERTEX_POINT('',#9431);
#9431 = CARTESIAN_POINT('',(6.955,69.84,4.52));
#9432 = SURFACE_CURVE('',#9433,(#9438,#9445),.PCURVE_S1.);
#9433 = CIRCLE('',#9434,1.585);
#9434 = AXIS2_PLACEMENT_3D('',#9435,#9436,#9437);
#9435 = CARTESIAN_POINT('',(8.54,69.84,4.52));
#9436 = DIRECTION('',(0.,0.,-1.));
#9437 = DIRECTION('',(-1.,0.,0.));
#9438 = PCURVE('',#9204,#9439);
#9439 = DEFINITIONAL_REPRESENTATION('',(#9440),#9444);
#9440 = LINE('',#9441,#9442);
#9441 = CARTESIAN_POINT('',(0.,4.48));
#9442 = VECTOR('',#9443,1.);
#9443 = DIRECTION('',(1.,0.));
#9444 = ( GEOMETRIC_REPRESENTATION_CONTEXT(2) 
PARAMETRIC_REPRESENTATION_CONTEXT() REPRESENTATION_CONTEXT('2D SPACE',''
  ) );
#9445 = PCURVE('',#9446,#9451);
#9446 = PLANE('',#9447);
#9447 = AXIS2_PLACEMENT_3D('',#9448,#9449,#9450);
#9448 = CARTESIAN_POINT('',(8.54,69.84,4.52));
#9449 = DIRECTION('',(0.,0.,-1.));
#9450 = DIRECTION('',(-1.,0.,0.));
#9451 = DEFINITIONAL_REPRESENTATION('',(#9452),#9456);
#9452 = CIRCLE('',#9453,1.585);
#9453 = AXIS2_PLACEMENT_2D('',#9454,#9455);
#9454 = CARTESIAN_POINT('',(0.,0.));
#9455 = DIRECTION('',(1.,0.));
#9456 = ( GEOMETRIC_REPRESENTATION_CONTEXT(2) 
PARAMETRIC_REPRESENTATION_CONTEXT() REPRESENTATION_CONTEXT('2D SPACE',''
  ) );
#9457 = ORIENTED_EDGE('',*,*,#9458,.F.);
#9458 = EDGE_CURVE('',#9184,#9430,#9459,.T.);
#9459 = SEAM_CURVE('',#9460,(#9464,#9471),.PCURVE_S1.);
#9460 = LINE('',#9461,#9462);
#9461 = CARTESIAN_POINT('',(6.955,69.84,9.));
#9462 = VECTOR('',#9463,1.);
#9463 = DIRECTION('',(0.,0.,-1.));
#9464 = PCURVE('',#9204,#9465);
#9465 = DEFINITIONAL_REPRESENTATION('',(#9466),#9470);
#9466 = LINE('',#9467,#9468);
#9467 = CARTESIAN_POINT('',(6.28318530718,-0.));
#9468 = VECTOR('',#9469,1.);
#9469 = DIRECTION('',(0.,1.));
#9470 = ( GEOMETRIC_REPRESENTATION_CONTEXT(2) 
PARAMETRIC_REPRESENTATION_CONTEXT() REPRESENTATION_CONTEXT('2D SPACE',''
  ) );
#9471 = PCURVE('',#9204,#9472);
#9472 = DEFINITIONAL_REPRESENTATION('',(#9473),#9477);
#9473 = LINE('',#9474,#9475);
#9474 = CARTESIAN_POINT('',(0.,-0.));
#9475 = VECTOR('',#9476,1.);
#9476 = DIRECTION('',(0.,1.));
#9477 = ( GEOMETRIC_REPRESENTATION_CONTEXT(2) 
PARAMETRIC_REPRESENTATION_CONTEXT() REPRESENTATION_CONTEXT('2D SPACE',''
  ) );
#9478 = ORIENTED_EDGE('',*,*,#9183,.T.);
#9479 = ORIENTED_EDGE('',*,*,#9458,.T.);
#9480 = ADVANCED_FACE('',(#9481),#9243,.F.);
#9481 = FACE_BOUND('',#9482,.F.);
#9482 = EDGE_LOOP('',(#9483,#9512,#9533,#9534));
#9483 = ORIENTED_EDGE('',*,*,#9484,.F.);
#9484 = EDGE_CURVE('',#9485,#9485,#9487,.T.);
#9485 = VERTEX_POINT('',#9486);
#9486 = CARTESIAN_POINT('',(6.955,101.59,4.52));
#9487 = SURFACE_CURVE('',#9488,(#9493,#9500),.PCURVE_S1.);
#9488 = CIRCLE('',#9489,1.585);
#9489 = AXIS2_PLACEMENT_3D('',#9490,#9491,#9492);
#9490 = CARTESIAN_POINT('',(8.54,101.59,4.52));
#9491 = DIRECTION('',(0.,0.,-1.));
#9492 = DIRECTION('',(-1.,0.,0.));
#9493 = PCURVE('',#9243,#9494);
#9494 = DEFINITIONAL_REPRESENTATION('',(#9495),#9499);
#9495 = LINE('',#9496,#9497);
#9496 = CARTESIAN_POINT('',(0.,4.48));
#9497 = VECTOR('',#9498,1.);
#9498 = DIRECTION('',(1.,0.));
#9499 = ( GEOMETRIC_REPRESENTATION_CONTEXT(2) 
PARAMETRIC_REPRESENTATION_CONTEXT() REPRESENTATION_CONTEXT('2D SPACE',''
  ) );
#9500 = PCURVE('',#9501,#9506);
#9501 = PLANE('',#9502);
#9502 = AXIS2_PLACEMENT_3D('',#9503,#9504,#9505);
#9503 = CARTESIAN_POINT('',(8.54,101.59,4.52));
#9504 = DIRECTION('',(0.,0.,-1.));
#9505 = DIRECTION('',(-1.,0.,0.));
#9506 = DEFINITIONAL_REPRESENTATION('',(#9507),#9511);
#9507 = CIRCLE('',#9508,1.585);
#9508 = AXIS2_PLACEMENT_2D('',#9509,#9510);
#9509 = CARTESIAN_POINT('',(0.,0.));
#9510 = DIRECTION('',(1.,0.));
#9511 = ( GEOMETRIC_REPRESENTATION_CONTEXT(2) 
PARAMETRIC_REPRESENTATION_CONTEXT() REPRESENTATION_CONTEXT('2D SPACE',''
  ) );
#9512 = ORIENTED_EDGE('',*,*,#9513,.F.);
#9513 = EDGE_CURVE('',#9223,#9485,#9514,.T.);
#9514 = SEAM_CURVE('',#9515,(#9519,#9526),.PCURVE_S1.);
#9515 = LINE('',#9516,#9517);
#9516 = CARTESIAN_POINT('',(6.955,101.59,9.));
#9517 = VECTOR('',#9518,1.);
#9518 = DIRECTION('',(0.,0.,-1.));
#9519 = PCURVE('',#9243,#9520);
#9520 = DEFINITIONAL_REPRESENTATION('',(#9521),#9525);
#9521 = LINE('',#9522,#9523);
#9522 = CARTESIAN_POINT('',(6.28318530718,-0.));
#9523 = VECTOR('',#9524,1.);
#9524 = DIRECTION('',(0.,1.));
#9525 = ( GEOMETRIC_REPRESENTATION_CONTEXT(2) 
PARAMETRIC_REPRESENTATION_CONTEXT() REPRESENTATION_CONTEXT('2D SPACE',''
  ) );
#9526 = PCURVE('',#9243,#9527);
#9527 = DEFINITIONAL_REPRESENTATION('',(#9528),#9532);
#9528 = LINE('',#9529,#9530);
#9529 = CARTESIAN_POINT('',(0.,-0.));
#9530 = VECTOR('',#9531,1.);
#9531 = DIRECTION('',(0.,1.));
#9532 = ( GEOMETRIC_REPRESENTATION_CONTEXT(2) 
PARAMETRIC_REPRESENTATION_CONTEXT() REPRESENTATION_CONTEXT('2D SPACE',''
  ) );
#9533 = ORIENTED_EDGE('',*,*,#9222,.T.);
#9534 = ORIENTED_EDGE('',*,*,#9513,.T.);
#9535 = ADVANCED_FACE('',(#9536),#9282,.F.);
#9536 = FACE_BOUND('',#9537,.F.);
#9537 = EDGE_LOOP('',(#9538,#9567,#9588,#9589));
#9538 = ORIENTED_EDGE('',*,*,#9539,.F.);
#9539 = EDGE_CURVE('',#9540,#9540,#9542,.T.);
#9540 = VERTEX_POINT('',#9541);
#9541 = CARTESIAN_POINT('',(42.515,69.84,4.52));
#9542 = SURFACE_CURVE('',#9543,(#9548,#9555),.PCURVE_S1.);
#9543 = CIRCLE('',#9544,1.585);
#9544 = AXIS2_PLACEMENT_3D('',#9545,#9546,#9547);
#9545 = CARTESIAN_POINT('',(44.1,69.84,4.52));
#9546 = DIRECTION('',(0.,0.,-1.));
#9547 = DIRECTION('',(-1.,0.,0.));
#9548 = PCURVE('',#9282,#9549);
#9549 = DEFINITIONAL_REPRESENTATION('',(#9550),#9554);
#9550 = LINE('',#9551,#9552);
#9551 = CARTESIAN_POINT('',(0.,4.48));
#9552 = VECTOR('',#9553,1.);
#9553 = DIRECTION('',(1.,0.));
#9554 = ( GEOMETRIC_REPRESENTATION_CONTEXT(2) 
PARAMETRIC_REPRESENTATION_CONTEXT() REPRESENTATION_CONTEXT('2D SPACE',''
  ) );
#9555 = PCURVE('',#9556,#9561);
#9556 = PLANE('',#9557);
#9557 = AXIS2_PLACEMENT_3D('',#9558,#9559,#9560);
#9558 = CARTESIAN_POINT('',(44.1,69.84,4.52));
#9559 = DIRECTION('',(0.,0.,-1.));
#9560 = DIRECTION('',(-1.,0.,0.));
#9561 = DEFINITIONAL_REPRESENTATION('',(#9562),#9566);
#9562 = CIRCLE('',#9563,1.585);
#9563 = AXIS2_PLACEMENT_2D('',#9564,#9565);
#9564 = CARTESIAN_POINT('',(0.,0.));
#9565 = DIRECTION('',(1.,0.));
#9566 = ( GEOMETRIC_REPRESENTATION_CONTEXT(2) 
PARAMETRIC_REPRESENTATION_CONTEXT() REPRESENTATION_CONTEXT('2D SPACE',''
  ) );
#9567 = ORIENTED_EDGE('',*,*,#9568,.F.);
#9568 = EDGE_CURVE('',#9262,#9540,#9569,.T.);
#9569 = SEAM_CURVE('',#9570,(#9574,#9581),.PCURVE_S1.);
#9570 = LINE('',#9571,#9572);
#9571 = CARTESIAN_POINT('',(42.515,69.84,9.));
#9572 = VECTOR('',#9573,1.);
#9573 = DIRECTION('',(0.,0.,-1.));
#9574 = PCURVE('',#9282,#9575);
#9575 = DEFINITIONAL_REPRESENTATION('',(#9576),#9580);
#9576 = LINE('',#9577,#9578);
#9577 = CARTESIAN_POINT('',(6.28318530718,-0.));
#9578 = VECTOR('',#9579,1.);
#9579 = DIRECTION('',(0.,1.));
#9580 = ( GEOMETRIC_REPRESENTATION_CONTEXT(2) 
PARAMETRIC_REPRESENTATION_CONTEXT() REPRESENTATION_CONTEXT('2D SPACE',''
  ) );
#9581 = PCURVE('',#9282,#9582);
#9582 = DEFINITIONAL_REPRESENTATION('',(#9583),#9587);
#9583 = LINE('',#9584,#9585);
#9584 = CARTESIAN_POINT('',(0.,-0.));
#9585 = VECTOR('',#9586,1.);
#9586 = DIRECTION('',(0.,1.));
#9587 = ( GEOMETRIC_REPRESENTATION_CONTEXT(2) 
PARAMETRIC_REPRESENTATION_CONTEXT() REPRESENTATION_CONTEXT('2D SPACE',''
  ) );
#9588 = ORIENTED_EDGE('',*,*,#9261,.T.);
#9589 = ORIENTED_EDGE('',*,*,#9568,.T.);
#9590 = ADVANCED_FACE('',(#9591),#9328,.F.);
#9591 = FACE_BOUND('',#9592,.F.);
#9592 = EDGE_LOOP('',(#9593,#9622,#9643,#9644));
#9593 = ORIENTED_EDGE('',*,*,#9594,.F.);
#9594 = EDGE_CURVE('',#9595,#9595,#9597,.T.);
#9595 = VERTEX_POINT('',#9596);
#9596 = CARTESIAN_POINT('',(60.935,74.3,10.52));
#9597 = SURFACE_CURVE('',#9598,(#9603,#9610),.PCURVE_S1.);
#9598 = CIRCLE('',#9599,1.585);
#9599 = AXIS2_PLACEMENT_3D('',#9600,#9601,#9602);
#9600 = CARTESIAN_POINT('',(62.52,74.3,10.52));
#9601 = DIRECTION('',(0.,0.,-1.));
#9602 = DIRECTION('',(-1.,0.,0.));
#9603 = PCURVE('',#9328,#9604);
#9604 = DEFINITIONAL_REPRESENTATION('',(#9605),#9609);
#9605 = LINE('',#9606,#9607);
#9606 = CARTESIAN_POINT('',(0.,4.48));
#9607 = VECTOR('',#9608,1.);
#9608 = DIRECTION('',(1.,0.));
#9609 = ( GEOMETRIC_REPRESENTATION_CONTEXT(2) 
PARAMETRIC_REPRESENTATION_CONTEXT() REPRESENTATION_CONTEXT('2D SPACE',''
  ) );
#9610 = PCURVE('',#9611,#9616);
#9611 = PLANE('',#9612);
#9612 = AXIS2_PLACEMENT_3D('',#9613,#9614,#9615);
#9613 = CARTESIAN_POINT('',(62.52,74.3,10.52));
#9614 = DIRECTION('',(0.,0.,-1.));
#9615 = DIRECTION('',(-1.,0.,0.));
#9616 = DEFINITIONAL_REPRESENTATION('',(#9617),#9621);
#9617 = CIRCLE('',#9618,1.585);
#9618 = AXIS2_PLACEMENT_2D('',#9619,#9620);
#9619 = CARTESIAN_POINT('',(0.,0.));
#9620 = DIRECTION('',(1.,0.));
#9621 = ( GEOMETRIC_REPRESENTATION_CONTEXT(2) 
PARAMETRIC_REPRESENTATION_CONTEXT() REPRESENTATION_CONTEXT('2D SPACE',''
  ) );
#9622 = ORIENTED_EDGE('',*,*,#9623,.F.);
#9623 = EDGE_CURVE('',#9308,#9595,#9624,.T.);
#9624 = SEAM_CURVE('',#9625,(#9629,#9636),.PCURVE_S1.);
#9625 = LINE('',#9626,#9627);
#9626 = CARTESIAN_POINT('',(60.935,74.3,15.));
#9627 = VECTOR('',#9628,1.);
#9628 = DIRECTION('',(0.,0.,-1.));
#9629 = PCURVE('',#9328,#9630);
#9630 = DEFINITIONAL_REPRESENTATION('',(#9631),#9635);
#9631 = LINE('',#9632,#9633);
#9632 = CARTESIAN_POINT('',(6.28318530718,-0.));
#9633 = VECTOR('',#9634,1.);
#9634 = DIRECTION('',(0.,1.));
#9635 = ( GEOMETRIC_REPRESENTATION_CONTEXT(2) 
PARAMETRIC_REPRESENTATION_CONTEXT() REPRESENTATION_CONTEXT('2D SPACE',''
  ) );
#9636 = PCURVE('',#9328,#9637);
#9637 = DEFINITIONAL_REPRESENTATION('',(#9638),#9642);
#9638 = LINE('',#9639,#9640);
#9639 = CARTESIAN_POINT('',(0.,-0.));
#9640 = VECTOR('',#9641,1.);
#9641 = DIRECTION('',(0.,1.));
#9642 = ( GEOMETRIC_REPRESENTATION_CONTEXT(2) 
PARAMETRIC_REPRESENTATION_CONTEXT() REPRESENTATION_CONTEXT('2D SPACE',''
  ) );
#9643 = ORIENTED_EDGE('',*,*,#9307,.T.);
#9644 = ORIENTED_EDGE('',*,*,#9623,.T.);
#9645 = ADVANCED_FACE('',(#9646),#9367,.F.);
#9646 = FACE_BOUND('',#9647,.F.);
#9647 = EDGE_LOOP('',(#9648,#9677,#9698,#9699));
#9648 = ORIENTED_EDGE('',*,*,#9649,.F.);
#9649 = EDGE_CURVE('',#9650,#9650,#9652,.T.);
#9650 = VERTEX_POINT('',#9651);
#9651 = CARTESIAN_POINT('',(76.535,74.3,10.52));
#9652 = SURFACE_CURVE('',#9653,(#9658,#9665),.PCURVE_S1.);
#9653 = CIRCLE('',#9654,1.585);
#9654 = AXIS2_PLACEMENT_3D('',#9655,#9656,#9657);
#9655 = CARTESIAN_POINT('',(78.12,74.3,10.52));
#9656 = DIRECTION('',(0.,0.,-1.));
#9657 = DIRECTION('',(-1.,0.,0.));
#9658 = PCURVE('',#9367,#9659);
#9659 = DEFINITIONAL_REPRESENTATION('',(#9660),#9664);
#9660 = LINE('',#9661,#9662);
#9661 = CARTESIAN_POINT('',(0.,4.48));
#9662 = VECTOR('',#9663,1.);
#9663 = DIRECTION('',(1.,0.));
#9664 = ( GEOMETRIC_REPRESENTATION_CONTEXT(2) 
PARAMETRIC_REPRESENTATION_CONTEXT() REPRESENTATION_CONTEXT('2D SPACE',''
  ) );
#9665 = PCURVE('',#9666,#9671);
#9666 = PLANE('',#9667);
#9667 = AXIS2_PLACEMENT_3D('',#9668,#9669,#9670);
#9668 = CARTESIAN_POINT('',(78.12,74.3,10.52));
#9669 = DIRECTION('',(0.,0.,-1.));
#9670 = DIRECTION('',(-1.,0.,0.));
#9671 = DEFINITIONAL_REPRESENTATION('',(#9672),#9676);
#9672 = CIRCLE('',#9673,1.585);
#9673 = AXIS2_PLACEMENT_2D('',#9674,#9675);
#9674 = CARTESIAN_POINT('',(0.,0.));
#9675 = DIRECTION('',(1.,0.));
#9676 = ( GEOMETRIC_REPRESENTATION_CONTEXT(2) 
PARAMETRIC_REPRESENTATION_CONTEXT() REPRESENTATION_CONTEXT('2D SPACE',''
  ) );
#9677 = ORIENTED_EDGE('',*,*,#9678,.F.);
#9678 = EDGE_CURVE('',#9347,#9650,#9679,.T.);
#9679 = SEAM_CURVE('',#9680,(#9684,#9691),.PCURVE_S1.);
#9680 = LINE('',#9681,#9682);
#9681 = CARTESIAN_POINT('',(76.535,74.3,15.));
#9682 = VECTOR('',#9683,1.);
#9683 = DIRECTION('',(0.,0.,-1.));
#9684 = PCURVE('',#9367,#9685);
#9685 = DEFINITIONAL_REPRESENTATION('',(#9686),#9690);
#9686 = LINE('',#9687,#9688);
#9687 = CARTESIAN_POINT('',(6.28318530718,-0.));
#9688 = VECTOR('',#9689,1.);
#9689 = DIRECTION('',(0.,1.));
#9690 = ( GEOMETRIC_REPRESENTATION_CONTEXT(2) 
PARAMETRIC_REPRESENTATION_CONTEXT() REPRESENTATION_CONTEXT('2D SPACE',''
  ) );
#9691 = PCURVE('',#9367,#9692);
#9692 = DEFINITIONAL_REPRESENTATION('',(#9693),#9697);
#9693 = LINE('',#9694,#9695);
#9694 = CARTESIAN_POINT('',(0.,-0.));
#9695 = VECTOR('',#9696,1.);
#9696 = DIRECTION('',(0.,1.));
#9697 = ( GEOMETRIC_REPRESENTATION_CONTEXT(2) 
PARAMETRIC_REPRESENTATION_CONTEXT() REPRESENTATION_CONTEXT('2D SPACE',''
  ) );
#9698 = ORIENTED_EDGE('',*,*,#9346,.T.);
#9699 = ORIENTED_EDGE('',*,*,#9678,.T.);
#9700 = ADVANCED_FACE('',(#9701),#9406,.F.);
#9701 = FACE_BOUND('',#9702,.F.);
#9702 = EDGE_LOOP('',(#9703,#9732,#9753,#9754));
#9703 = ORIENTED_EDGE('',*,*,#9704,.F.);
#9704 = EDGE_CURVE('',#9705,#9705,#9707,.T.);
#9705 = VERTEX_POINT('',#9706);
#9706 = CARTESIAN_POINT('',(42.515,101.59,4.52));
#9707 = SURFACE_CURVE('',#9708,(#9713,#9720),.PCURVE_S1.);
#9708 = CIRCLE('',#9709,1.585);
#9709 = AXIS2_PLACEMENT_3D('',#9710,#9711,#9712);
#9710 = CARTESIAN_POINT('',(44.1,101.59,4.52));
#9711 = DIRECTION('',(0.,0.,-1.));
#9712 = DIRECTION('',(-1.,0.,0.));
#9713 = PCURVE('',#9406,#9714);
#9714 = DEFINITIONAL_REPRESENTATION('',(#9715),#9719);
#9715 = LINE('',#9716,#9717);
#9716 = CARTESIAN_POINT('',(0.,4.48));
#9717 = VECTOR('',#9718,1.);
#9718 = DIRECTION('',(1.,0.));
#9719 = ( GEOMETRIC_REPRESENTATION_CONTEXT(2) 
PARAMETRIC_REPRESENTATION_CONTEXT() REPRESENTATION_CONTEXT('2D SPACE',''
  ) );
#9720 = PCURVE('',#9721,#9726);
#9721 = PLANE('',#9722);
#9722 = AXIS2_PLACEMENT_3D('',#9723,#9724,#9725);
#9723 = CARTESIAN_POINT('',(44.1,101.59,4.52));
#9724 = DIRECTION('',(0.,0.,-1.));
#9725 = DIRECTION('',(-1.,0.,0.));
#9726 = DEFINITIONAL_REPRESENTATION('',(#9727),#9731);
#9727 = CIRCLE('',#9728,1.585);
#9728 = AXIS2_PLACEMENT_2D('',#9729,#9730);
#9729 = CARTESIAN_POINT('',(0.,0.));
#9730 = DIRECTION('',(1.,0.));
#9731 = ( GEOMETRIC_REPRESENTATION_CONTEXT(2) 
PARAMETRIC_REPRESENTATION_CONTEXT() REPRESENTATION_CONTEXT('2D SPACE',''
  ) );
#9732 = ORIENTED_EDGE('',*,*,#9733,.F.);
#9733 = EDGE_CURVE('',#9386,#9705,#9734,.T.);
#9734 = SEAM_CURVE('',#9735,(#9739,#9746),.PCURVE_S1.);
#9735 = LINE('',#9736,#9737);
#9736 = CARTESIAN_POINT('',(42.515,101.59,9.));
#9737 = VECTOR('',#9738,1.);
#9738 = DIRECTION('',(0.,0.,-1.));
#9739 = PCURVE('',#9406,#9740);
#9740 = DEFINITIONAL_REPRESENTATION('',(#9741),#9745);
#9741 = LINE('',#9742,#9743);
#9742 = CARTESIAN_POINT('',(6.28318530718,-0.));
#9743 = VECTOR('',#9744,1.);
#9744 = DIRECTION('',(0.,1.));
#9745 = ( GEOMETRIC_REPRESENTATION_CONTEXT(2) 
PARAMETRIC_REPRESENTATION_CONTEXT() REPRESENTATION_CONTEXT('2D SPACE',''
  ) );
#9746 = PCURVE('',#9406,#9747);
#9747 = DEFINITIONAL_REPRESENTATION('',(#9748),#9752);
#9748 = LINE('',#9749,#9750);
#9749 = CARTESIAN_POINT('',(0.,-0.));
#9750 = VECTOR('',#9751,1.);
#9751 = DIRECTION('',(0.,1.));
#9752 = ( GEOMETRIC_REPRESENTATION_CONTEXT(2) 
PARAMETRIC_REPRESENTATION_CONTEXT() REPRESENTATION_CONTEXT('2D SPACE',''
  ) );
#9753 = ORIENTED_EDGE('',*,*,#9385,.T.);
#9754 = ORIENTED_EDGE('',*,*,#9733,.T.);
#9755 = ADVANCED_FACE('',(#9756,#9759),#9446,.F.);
#9756 = FACE_BOUND('',#9757,.F.);
#9757 = EDGE_LOOP('',(#9758));
#9758 = ORIENTED_EDGE('',*,*,#9429,.T.);
#9759 = FACE_BOUND('',#9760,.F.);
#9760 = EDGE_LOOP('',(#9761));
#9761 = ORIENTED_EDGE('',*,*,#9762,.F.);
#9762 = EDGE_CURVE('',#9763,#9763,#9765,.T.);
#9763 = VERTEX_POINT('',#9764);
#9764 = CARTESIAN_POINT('',(7.09,69.84,4.52));
#9765 = SURFACE_CURVE('',#9766,(#9771,#9778),.PCURVE_S1.);
#9766 = CIRCLE('',#9767,1.45);
#9767 = AXIS2_PLACEMENT_3D('',#9768,#9769,#9770);
#9768 = CARTESIAN_POINT('',(8.54,69.84,4.52));
#9769 = DIRECTION('',(0.,0.,-1.));
#9770 = DIRECTION('',(-1.,0.,0.));
#9771 = PCURVE('',#9446,#9772);
#9772 = DEFINITIONAL_REPRESENTATION('',(#9773),#9777);
#9773 = CIRCLE('',#9774,1.45);
#9774 = AXIS2_PLACEMENT_2D('',#9775,#9776);
#9775 = CARTESIAN_POINT('',(0.,0.));
#9776 = DIRECTION('',(1.,0.));
#9777 = ( GEOMETRIC_REPRESENTATION_CONTEXT(2) 
PARAMETRIC_REPRESENTATION_CONTEXT() REPRESENTATION_CONTEXT('2D SPACE',''
  ) );
#9778 = PCURVE('',#9779,#9784);
#9779 = CYLINDRICAL_SURFACE('',#9780,1.45);
#9780 = AXIS2_PLACEMENT_3D('',#9781,#9782,#9783);
#9781 = CARTESIAN_POINT('',(8.54,69.84,9.));
#9782 = DIRECTION('',(0.,0.,-1.));
#9783 = DIRECTION('',(-1.,0.,0.));
#9784 = DEFINITIONAL_REPRESENTATION('',(#9785),#9789);
#9785 = LINE('',#9786,#9787);
#9786 = CARTESIAN_POINT('',(0.,4.48));
#9787 = VECTOR('',#9788,1.);
#9788 = DIRECTION('',(1.,0.));
#9789 = ( GEOMETRIC_REPRESENTATION_CONTEXT(2) 
PARAMETRIC_REPRESENTATION_CONTEXT() REPRESENTATION_CONTEXT('2D SPACE',''
  ) );
#9790 = ADVANCED_FACE('',(#9791,#9794),#9501,.F.);
#9791 = FACE_BOUND('',#9792,.F.);
#9792 = EDGE_LOOP('',(#9793));
#9793 = ORIENTED_EDGE('',*,*,#9484,.T.);
#9794 = FACE_BOUND('',#9795,.F.);
#9795 = EDGE_LOOP('',(#9796));
#9796 = ORIENTED_EDGE('',*,*,#9797,.F.);
#9797 = EDGE_CURVE('',#9798,#9798,#9800,.T.);
#9798 = VERTEX_POINT('',#9799);
#9799 = CARTESIAN_POINT('',(7.09,101.59,4.52));
#9800 = SURFACE_CURVE('',#9801,(#9806,#9813),.PCURVE_S1.);
#9801 = CIRCLE('',#9802,1.45);
#9802 = AXIS2_PLACEMENT_3D('',#9803,#9804,#9805);
#9803 = CARTESIAN_POINT('',(8.54,101.59,4.52));
#9804 = DIRECTION('',(0.,0.,-1.));
#9805 = DIRECTION('',(-1.,0.,0.));
#9806 = PCURVE('',#9501,#9807);
#9807 = DEFINITIONAL_REPRESENTATION('',(#9808),#9812);
#9808 = CIRCLE('',#9809,1.45);
#9809 = AXIS2_PLACEMENT_2D('',#9810,#9811);
#9810 = CARTESIAN_POINT('',(0.,0.));
#9811 = DIRECTION('',(1.,0.));
#9812 = ( GEOMETRIC_REPRESENTATION_CONTEXT(2) 
PARAMETRIC_REPRESENTATION_CONTEXT() REPRESENTATION_CONTEXT('2D SPACE',''
  ) );
#9813 = PCURVE('',#9814,#9819);
#9814 = CYLINDRICAL_SURFACE('',#9815,1.45);
#9815 = AXIS2_PLACEMENT_3D('',#9816,#9817,#9818);
#9816 = CARTESIAN_POINT('',(8.54,101.59,9.));
#9817 = DIRECTION('',(0.,0.,-1.));
#9818 = DIRECTION('',(-1.,0.,0.));
#9819 = DEFINITIONAL_REPRESENTATION('',(#9820),#9824);
#9820 = LINE('',#9821,#9822);
#9821 = CARTESIAN_POINT('',(0.,4.48));
#9822 = VECTOR('',#9823,1.);
#9823 = DIRECTION('',(1.,0.));
#9824 = ( GEOMETRIC_REPRESENTATION_CONTEXT(2) 
PARAMETRIC_REPRESENTATION_CONTEXT() REPRESENTATION_CONTEXT('2D SPACE',''
  ) );
#9825 = ADVANCED_FACE('',(#9826,#9829),#9556,.F.);
#9826 = FACE_BOUND('',#9827,.F.);
#9827 = EDGE_LOOP('',(#9828));
#9828 = ORIENTED_EDGE('',*,*,#9539,.T.);
#9829 = FACE_BOUND('',#9830,.F.);
#9830 = EDGE_LOOP('',(#9831));
#9831 = ORIENTED_EDGE('',*,*,#9832,.F.);
#9832 = EDGE_CURVE('',#9833,#9833,#9835,.T.);
#9833 = VERTEX_POINT('',#9834);
#9834 = CARTESIAN_POINT('',(42.65,69.84,4.52));
#9835 = SURFACE_CURVE('',#9836,(#9841,#9848),.PCURVE_S1.);
#9836 = CIRCLE('',#9837,1.45);
#9837 = AXIS2_PLACEMENT_3D('',#9838,#9839,#9840);
#9838 = CARTESIAN_POINT('',(44.1,69.84,4.52));
#9839 = DIRECTION('',(0.,0.,-1.));
#9840 = DIRECTION('',(-1.,0.,0.));
#9841 = PCURVE('',#9556,#9842);
#9842 = DEFINITIONAL_REPRESENTATION('',(#9843),#9847);
#9843 = CIRCLE('',#9844,1.45);
#9844 = AXIS2_PLACEMENT_2D('',#9845,#9846);
#9845 = CARTESIAN_POINT('',(0.,0.));
#9846 = DIRECTION('',(1.,0.));
#9847 = ( GEOMETRIC_REPRESENTATION_CONTEXT(2) 
PARAMETRIC_REPRESENTATION_CONTEXT() REPRESENTATION_CONTEXT('2D SPACE',''
  ) );
#9848 = PCURVE('',#9849,#9854);
#9849 = CYLINDRICAL_SURFACE('',#9850,1.45);
#9850 = AXIS2_PLACEMENT_3D('',#9851,#9852,#9853);
#9851 = CARTESIAN_POINT('',(44.1,69.84,9.));
#9852 = DIRECTION('',(0.,0.,-1.));
#9853 = DIRECTION('',(-1.,0.,0.));
#9854 = DEFINITIONAL_REPRESENTATION('',(#9855),#9859);
#9855 = LINE('',#9856,#9857);
#9856 = CARTESIAN_POINT('',(0.,4.48));
#9857 = VECTOR('',#9858,1.);
#9858 = DIRECTION('',(1.,0.));
#9859 = ( GEOMETRIC_REPRESENTATION_CONTEXT(2) 
PARAMETRIC_REPRESENTATION_CONTEXT() REPRESENTATION_CONTEXT('2D SPACE',''
  ) );
#9860 = ADVANCED_FACE('',(#9861,#9864),#9611,.F.);
#9861 = FACE_BOUND('',#9862,.F.);
#9862 = EDGE_LOOP('',(#9863));
#9863 = ORIENTED_EDGE('',*,*,#9594,.T.);
#9864 = FACE_BOUND('',#9865,.F.);
#9865 = EDGE_LOOP('',(#9866));
#9866 = ORIENTED_EDGE('',*,*,#9867,.F.);
#9867 = EDGE_CURVE('',#9868,#9868,#9870,.T.);
#9868 = VERTEX_POINT('',#9869);
#9869 = CARTESIAN_POINT('',(61.07,74.3,10.52));
#9870 = SURFACE_CURVE('',#9871,(#9876,#9883),.PCURVE_S1.);
#9871 = CIRCLE('',#9872,1.45);
#9872 = AXIS2_PLACEMENT_3D('',#9873,#9874,#9875);
#9873 = CARTESIAN_POINT('',(62.52,74.3,10.52));
#9874 = DIRECTION('',(0.,0.,-1.));
#9875 = DIRECTION('',(-1.,0.,0.));
#9876 = PCURVE('',#9611,#9877);
#9877 = DEFINITIONAL_REPRESENTATION('',(#9878),#9882);
#9878 = CIRCLE('',#9879,1.45);
#9879 = AXIS2_PLACEMENT_2D('',#9880,#9881);
#9880 = CARTESIAN_POINT('',(0.,0.));
#9881 = DIRECTION('',(1.,0.));
#9882 = ( GEOMETRIC_REPRESENTATION_CONTEXT(2) 
PARAMETRIC_REPRESENTATION_CONTEXT() REPRESENTATION_CONTEXT('2D SPACE',''
  ) );
#9883 = PCURVE('',#9884,#9889);
#9884 = CYLINDRICAL_SURFACE('',#9885,1.45);
#9885 = AXIS2_PLACEMENT_3D('',#9886,#9887,#9888);
#9886 = CARTESIAN_POINT('',(62.52,74.3,15.));
#9887 = DIRECTION('',(0.,0.,-1.));
#9888 = DIRECTION('',(-1.,0.,0.));
#9889 = DEFINITIONAL_REPRESENTATION('',(#9890),#9894);
#9890 = LINE('',#9891,#9892);
#9891 = CARTESIAN_POINT('',(0.,4.48));
#9892 = VECTOR('',#9893,1.);
#9893 = DIRECTION('',(1.,0.));
#9894 = ( GEOMETRIC_REPRESENTATION_CONTEXT(2) 
PARAMETRIC_REPRESENTATION_CONTEXT() REPRESENTATION_CONTEXT('2D SPACE',''
  ) );
#9895 = ADVANCED_FACE('',(#9896,#9899),#9666,.F.);
#9896 = FACE_BOUND('',#9897,.F.);
#9897 = EDGE_LOOP('',(#9898));
#9898 = ORIENTED_EDGE('',*,*,#9649,.T.);
#9899 = FACE_BOUND('',#9900,.F.);
#9900 = EDGE_LOOP('',(#9901));
#9901 = ORIENTED_EDGE('',*,*,#9902,.F.);
#9902 = EDGE_CURVE('',#9903,#9903,#9905,.T.);
#9903 = VERTEX_POINT('',#9904);
#9904 = CARTESIAN_POINT('',(76.67,74.3,10.52));
#9905 = SURFACE_CURVE('',#9906,(#9911,#9918),.PCURVE_S1.);
#9906 = CIRCLE('',#9907,1.45);
#9907 = AXIS2_PLACEMENT_3D('',#9908,#9909,#9910);
#9908 = CARTESIAN_POINT('',(78.12,74.3,10.52));
#9909 = DIRECTION('',(0.,0.,-1.));
#9910 = DIRECTION('',(-1.,0.,0.));
#9911 = PCURVE('',#9666,#9912);
#9912 = DEFINITIONAL_REPRESENTATION('',(#9913),#9917);
#9913 = CIRCLE('',#9914,1.45);
#9914 = AXIS2_PLACEMENT_2D('',#9915,#9916);
#9915 = CARTESIAN_POINT('',(0.,0.));
#9916 = DIRECTION('',(1.,0.));
#9917 = ( GEOMETRIC_REPRESENTATION_CONTEXT(2) 
PARAMETRIC_REPRESENTATION_CONTEXT() REPRESENTATION_CONTEXT('2D SPACE',''
  ) );
#9918 = PCURVE('',#9919,#9924);
#9919 = CYLINDRICAL_SURFACE('',#9920,1.45);
#9920 = AXIS2_PLACEMENT_3D('',#9921,#9922,#9923);
#9921 = CARTESIAN_POINT('',(78.12,74.3,15.));
#9922 = DIRECTION('',(0.,0.,-1.));
#9923 = DIRECTION('',(-1.,0.,0.));
#9924 = DEFINITIONAL_REPRESENTATION('',(#9925),#9929);
#9925 = LINE('',#9926,#9927);
#9926 = CARTESIAN_POINT('',(0.,4.48));
#9927 = VECTOR('',#9928,1.);
#9928 = DIRECTION('',(1.,0.));
#9929 = ( GEOMETRIC_REPRESENTATION_CONTEXT(2) 
PARAMETRIC_REPRESENTATION_CONTEXT() REPRESENTATION_CONTEXT('2D SPACE',''
  ) );
#9930 = ADVANCED_FACE('',(#9931,#9934),#9721,.F.);
#9931 = FACE_BOUND('',#9932,.F.);
#9932 = EDGE_LOOP('',(#9933));
#9933 = ORIENTED_EDGE('',*,*,#9704,.T.);
#9934 = FACE_BOUND('',#9935,.F.);
#9935 = EDGE_LOOP('',(#9936));
#9936 = ORIENTED_EDGE('',*,*,#9937,.F.);
#9937 = EDGE_CURVE('',#9938,#9938,#9940,.T.);
#9938 = VERTEX_POINT('',#9939);
#9939 = CARTESIAN_POINT('',(42.65,101.59,4.52));
#9940 = SURFACE_CURVE('',#9941,(#9946,#9953),.PCURVE_S1.);
#9941 = CIRCLE('',#9942,1.45);
#9942 = AXIS2_PLACEMENT_3D('',#9943,#9944,#9945);
#9943 = CARTESIAN_POINT('',(44.1,101.59,4.52));
#9944 = DIRECTION('',(0.,0.,-1.));
#9945 = DIRECTION('',(-1.,0.,0.));
#9946 = PCURVE('',#9721,#9947);
#9947 = DEFINITIONAL_REPRESENTATION('',(#9948),#9952);
#9948 = CIRCLE('',#9949,1.45);
#9949 = AXIS2_PLACEMENT_2D('',#9950,#9951);
#9950 = CARTESIAN_POINT('',(0.,0.));
#9951 = DIRECTION('',(1.,0.));
#9952 = ( GEOMETRIC_REPRESENTATION_CONTEXT(2) 
PARAMETRIC_REPRESENTATION_CONTEXT() REPRESENTATION_CONTEXT('2D SPACE',''
  ) );
#9953 = PCURVE('',#9954,#9959);
#9954 = CYLINDRICAL_SURFACE('',#9955,1.45);
#9955 = AXIS2_PLACEMENT_3D('',#9956,#9957,#9958);
#9956 = CARTESIAN_POINT('',(44.1,101.59,9.));
#9957 = DIRECTION('',(0.,0.,-1.));
#9958 = DIRECTION('',(-1.,0.,0.));
#9959 = DEFINITIONAL_REPRESENTATION('',(#9960),#9964);
#9960 = LINE('',#9961,#9962);
#9961 = CARTESIAN_POINT('',(0.,4.48));
#9962 = VECTOR('',#9963,1.);
#9963 = DIRECTION('',(1.,0.));
#9964 = ( GEOMETRIC_REPRESENTATION_CONTEXT(2) 
PARAMETRIC_REPRESENTATION_CONTEXT() REPRESENTATION_CONTEXT('2D SPACE',''
  ) );
#9965 = ADVANCED_FACE('',(#9966),#9779,.F.);
#9966 = FACE_BOUND('',#9967,.F.);
#9967 = EDGE_LOOP('',(#9968,#9969,#9992,#10023));
#9968 = ORIENTED_EDGE('',*,*,#9762,.T.);
#9969 = ORIENTED_EDGE('',*,*,#9970,.T.);
#9970 = EDGE_CURVE('',#9763,#9971,#9973,.T.);
#9971 = VERTEX_POINT('',#9972);
#9972 = CARTESIAN_POINT('',(7.09,69.84,3.));
#9973 = SEAM_CURVE('',#9974,(#9978,#9985),.PCURVE_S1.);
#9974 = LINE('',#9975,#9976);
#9975 = CARTESIAN_POINT('',(7.09,69.84,9.));
#9976 = VECTOR('',#9977,1.);
#9977 = DIRECTION('',(0.,0.,-1.));
#9978 = PCURVE('',#9779,#9979);
#9979 = DEFINITIONAL_REPRESENTATION('',(#9980),#9984);
#9980 = LINE('',#9981,#9982);
#9981 = CARTESIAN_POINT('',(0.,-0.));
#9982 = VECTOR('',#9983,1.);
#9983 = DIRECTION('',(0.,1.));
#9984 = ( GEOMETRIC_REPRESENTATION_CONTEXT(2) 
PARAMETRIC_REPRESENTATION_CONTEXT() REPRESENTATION_CONTEXT('2D SPACE',''
  ) );
#9985 = PCURVE('',#9779,#9986);
#9986 = DEFINITIONAL_REPRESENTATION('',(#9987),#9991);
#9987 = LINE('',#9988,#9989);
#9988 = CARTESIAN_POINT('',(6.28318530718,-0.));
#9989 = VECTOR('',#9990,1.);
#9990 = DIRECTION('',(0.,1.));
#9991 = ( GEOMETRIC_REPRESENTATION_CONTEXT(2) 
PARAMETRIC_REPRESENTATION_CONTEXT() REPRESENTATION_CONTEXT('2D SPACE',''
  ) );
#9992 = ORIENTED_EDGE('',*,*,#9993,.F.);
#9993 = EDGE_CURVE('',#9971,#9971,#9994,.T.);
#9994 = SURFACE_CURVE('',#9995,(#10000,#10007),.PCURVE_S1.);
#9995 = CIRCLE('',#9996,1.45);
#9996 = AXIS2_PLACEMENT_3D('',#9997,#9998,#9999);
#9997 = CARTESIAN_POINT('',(8.54,69.84,3.));
#9998 = DIRECTION('',(0.,0.,-1.));
#9999 = DIRECTION('',(-1.,0.,0.));
#10000 = PCURVE('',#9779,#10001);
#10001 = DEFINITIONAL_REPRESENTATION('',(#10002),#10006);
#10002 = LINE('',#10003,#10004);
#10003 = CARTESIAN_POINT('',(0.,6.));
#10004 = VECTOR('',#10005,1.);
#10005 = DIRECTION('',(1.,0.));
#10006 = ( GEOMETRIC_REPRESENTATION_CONTEXT(2) 
PARAMETRIC_REPRESENTATION_CONTEXT() REPRESENTATION_CONTEXT('2D SPACE',''
  ) );
#10007 = PCURVE('',#10008,#10013);
#10008 = PLANE('',#10009);
#10009 = AXIS2_PLACEMENT_3D('',#10010,#10011,#10012);
#10010 = CARTESIAN_POINT('',(0.,0.,3.));
#10011 = DIRECTION('',(0.,0.,1.));
#10012 = DIRECTION('',(1.,0.,0.));
#10013 = DEFINITIONAL_REPRESENTATION('',(#10014),#10022);
#10014 = ( BOUNDED_CURVE() B_SPLINE_CURVE(2,(#10015,#10016,#10017,#10018
    ,#10019,#10020,#10021),.UNSPECIFIED.,.T.,.F.) 
B_SPLINE_CURVE_WITH_KNOTS((1,2,2,2,2,1),(-2.094395102393,0.,
    2.094395102393,4.188790204786,6.28318530718,8.377580409573),
.UNSPECIFIED.) CURVE() GEOMETRIC_REPRESENTATION_ITEM() 
RATIONAL_B_SPLINE_CURVE((1.,0.5,1.,0.5,1.,0.5,1.)) REPRESENTATION_ITEM(
  '') );
#10015 = CARTESIAN_POINT('',(7.09,69.84));
#10016 = CARTESIAN_POINT('',(7.09,72.351473670975));
#10017 = CARTESIAN_POINT('',(9.265,71.095736835487));
#10018 = CARTESIAN_POINT('',(11.44,69.84));
#10019 = CARTESIAN_POINT('',(9.265,68.584263164513));
#10020 = CARTESIAN_POINT('',(7.09,67.328526329025));
#10021 = CARTESIAN_POINT('',(7.09,69.84));
#10022 = ( GEOMETRIC_REPRESENTATION_CONTEXT(2) 
PARAMETRIC_REPRESENTATION_CONTEXT() REPRESENTATION_CONTEXT('2D SPACE',''
  ) );
#10023 = ORIENTED_EDGE('',*,*,#9970,.F.);
#10024 = ADVANCED_FACE('',(#10025),#9814,.F.);
#10025 = FACE_BOUND('',#10026,.F.);
#10026 = EDGE_LOOP('',(#10027,#10028,#10051,#10082));
#10027 = ORIENTED_EDGE('',*,*,#9797,.T.);
#10028 = ORIENTED_EDGE('',*,*,#10029,.T.);
#10029 = EDGE_CURVE('',#9798,#10030,#10032,.T.);
#10030 = VERTEX_POINT('',#10031);
#10031 = CARTESIAN_POINT('',(7.09,101.59,3.));
#10032 = SEAM_CURVE('',#10033,(#10037,#10044),.PCURVE_S1.);
#10033 = LINE('',#10034,#10035);
#10034 = CARTESIAN_POINT('',(7.09,101.59,9.));
#10035 = VECTOR('',#10036,1.);
#10036 = DIRECTION('',(0.,0.,-1.));
#10037 = PCURVE('',#9814,#10038);
#10038 = DEFINITIONAL_REPRESENTATION('',(#10039),#10043);
#10039 = LINE('',#10040,#10041);
#10040 = CARTESIAN_POINT('',(0.,-0.));
#10041 = VECTOR('',#10042,1.);
#10042 = DIRECTION('',(0.,1.));
#10043 = ( GEOMETRIC_REPRESENTATION_CONTEXT(2) 
PARAMETRIC_REPRESENTATION_CONTEXT() REPRESENTATION_CONTEXT('2D SPACE',''
  ) );
#10044 = PCURVE('',#9814,#10045);
#10045 = DEFINITIONAL_REPRESENTATION('',(#10046),#10050);
#10046 = LINE('',#10047,#10048);
#10047 = CARTESIAN_POINT('',(6.28318530718,-0.));
#10048 = VECTOR('',#10049,1.);
#10049 = DIRECTION('',(0.,1.));
#10050 = ( GEOMETRIC_REPRESENTATION_CONTEXT(2) 
PARAMETRIC_REPRESENTATION_CONTEXT() REPRESENTATION_CONTEXT('2D SPACE',''
  ) );
#10051 = ORIENTED_EDGE('',*,*,#10052,.F.);
#10052 = EDGE_CURVE('',#10030,#10030,#10053,.T.);
#10053 = SURFACE_CURVE('',#10054,(#10059,#10066),.PCURVE_S1.);
#10054 = CIRCLE('',#10055,1.45);
#10055 = AXIS2_PLACEMENT_3D('',#10056,#10057,#10058);
#10056 = CARTESIAN_POINT('',(8.54,101.59,3.));
#10057 = DIRECTION('',(0.,0.,-1.));
#10058 = DIRECTION('',(-1.,0.,0.));
#10059 = PCURVE('',#9814,#10060);
#10060 = DEFINITIONAL_REPRESENTATION('',(#10061),#10065);
#10061 = LINE('',#10062,#10063);
#10062 = CARTESIAN_POINT('',(0.,6.));
#10063 = VECTOR('',#10064,1.);
#10064 = DIRECTION('',(1.,0.));
#10065 = ( GEOMETRIC_REPRESENTATION_CONTEXT(2) 
PARAMETRIC_REPRESENTATION_CONTEXT() REPRESENTATION_CONTEXT('2D SPACE',''
  ) );
#10066 = PCURVE('',#10067,#10072);
#10067 = PLANE('',#10068);
#10068 = AXIS2_PLACEMENT_3D('',#10069,#10070,#10071);
#10069 = CARTESIAN_POINT('',(0.,0.,3.));
#10070 = DIRECTION('',(0.,0.,1.));
#10071 = DIRECTION('',(1.,0.,0.));
#10072 = DEFINITIONAL_REPRESENTATION('',(#10073),#10081);
#10073 = ( BOUNDED_CURVE() B_SPLINE_CURVE(2,(#10074,#10075,#10076,#10077
    ,#10078,#10079,#10080),.UNSPECIFIED.,.T.,.F.) 
B_SPLINE_CURVE_WITH_KNOTS((1,2,2,2,2,1),(-2.094395102393,0.,
    2.094395102393,4.188790204786,6.28318530718,8.377580409573),
.UNSPECIFIED.) CURVE() GEOMETRIC_REPRESENTATION_ITEM() 
RATIONAL_B_SPLINE_CURVE((1.,0.5,1.,0.5,1.,0.5,1.)) REPRESENTATION_ITEM(
  '') );
#10074 = CARTESIAN_POINT('',(7.09,101.59));
#10075 = CARTESIAN_POINT('',(7.09,104.10147367097));
#10076 = CARTESIAN_POINT('',(9.265,102.84573683548));
#10077 = CARTESIAN_POINT('',(11.44,101.59));
#10078 = CARTESIAN_POINT('',(9.265,100.33426316451));
#10079 = CARTESIAN_POINT('',(7.09,99.078526329025));
#10080 = CARTESIAN_POINT('',(7.09,101.59));
#10081 = ( GEOMETRIC_REPRESENTATION_CONTEXT(2) 
PARAMETRIC_REPRESENTATION_CONTEXT() REPRESENTATION_CONTEXT('2D SPACE',''
  ) );
#10082 = ORIENTED_EDGE('',*,*,#10029,.F.);
#10083 = ADVANCED_FACE('',(#10084),#9849,.F.);
#10084 = FACE_BOUND('',#10085,.F.);
#10085 = EDGE_LOOP('',(#10086,#10087,#10110,#10141));
#10086 = ORIENTED_EDGE('',*,*,#9832,.T.);
#10087 = ORIENTED_EDGE('',*,*,#10088,.T.);
#10088 = EDGE_CURVE('',#9833,#10089,#10091,.T.);
#10089 = VERTEX_POINT('',#10090);
#10090 = CARTESIAN_POINT('',(42.65,69.84,3.));
#10091 = SEAM_CURVE('',#10092,(#10096,#10103),.PCURVE_S1.);
#10092 = LINE('',#10093,#10094);
#10093 = CARTESIAN_POINT('',(42.65,69.84,9.));
#10094 = VECTOR('',#10095,1.);
#10095 = DIRECTION('',(0.,0.,-1.));
#10096 = PCURVE('',#9849,#10097);
#10097 = DEFINITIONAL_REPRESENTATION('',(#10098),#10102);
#10098 = LINE('',#10099,#10100);
#10099 = CARTESIAN_POINT('',(0.,-0.));
#10100 = VECTOR('',#10101,1.);
#10101 = DIRECTION('',(0.,1.));
#10102 = ( GEOMETRIC_REPRESENTATION_CONTEXT(2) 
PARAMETRIC_REPRESENTATION_CONTEXT() REPRESENTATION_CONTEXT('2D SPACE',''
  ) );
#10103 = PCURVE('',#9849,#10104);
#10104 = DEFINITIONAL_REPRESENTATION('',(#10105),#10109);
#10105 = LINE('',#10106,#10107);
#10106 = CARTESIAN_POINT('',(6.28318530718,-0.));
#10107 = VECTOR('',#10108,1.);
#10108 = DIRECTION('',(0.,1.));
#10109 = ( GEOMETRIC_REPRESENTATION_CONTEXT(2) 
PARAMETRIC_REPRESENTATION_CONTEXT() REPRESENTATION_CONTEXT('2D SPACE',''
  ) );
#10110 = ORIENTED_EDGE('',*,*,#10111,.F.);
#10111 = EDGE_CURVE('',#10089,#10089,#10112,.T.);
#10112 = SURFACE_CURVE('',#10113,(#10118,#10125),.PCURVE_S1.);
#10113 = CIRCLE('',#10114,1.45);
#10114 = AXIS2_PLACEMENT_3D('',#10115,#10116,#10117);
#10115 = CARTESIAN_POINT('',(44.1,69.84,3.));
#10116 = DIRECTION('',(0.,0.,-1.));
#10117 = DIRECTION('',(-1.,0.,0.));
#10118 = PCURVE('',#9849,#10119);
#10119 = DEFINITIONAL_REPRESENTATION('',(#10120),#10124);
#10120 = LINE('',#10121,#10122);
#10121 = CARTESIAN_POINT('',(0.,6.));
#10122 = VECTOR('',#10123,1.);
#10123 = DIRECTION('',(1.,0.));
#10124 = ( GEOMETRIC_REPRESENTATION_CONTEXT(2) 
PARAMETRIC_REPRESENTATION_CONTEXT() REPRESENTATION_CONTEXT('2D SPACE',''
  ) );
#10125 = PCURVE('',#10126,#10131);
#10126 = PLANE('',#10127);
#10127 = AXIS2_PLACEMENT_3D('',#10128,#10129,#10130);
#10128 = CARTESIAN_POINT('',(0.,0.,3.));
#10129 = DIRECTION('',(0.,0.,1.));
#10130 = DIRECTION('',(1.,0.,0.));
#10131 = DEFINITIONAL_REPRESENTATION('',(#10132),#10140);
#10132 = ( BOUNDED_CURVE() B_SPLINE_CURVE(2,(#10133,#10134,#10135,#10136
    ,#10137,#10138,#10139),.UNSPECIFIED.,.T.,.F.) 
B_SPLINE_CURVE_WITH_KNOTS((1,2,2,2,2,1),(-2.094395102393,0.,
    2.094395102393,4.188790204786,6.28318530718,8.377580409573),
.UNSPECIFIED.) CURVE() GEOMETRIC_REPRESENTATION_ITEM() 
RATIONAL_B_SPLINE_CURVE((1.,0.5,1.,0.5,1.,0.5,1.)) REPRESENTATION_ITEM(
  '') );
#10133 = CARTESIAN_POINT('',(42.65,69.84));
#10134 = CARTESIAN_POINT('',(42.65,72.351473670975));
#10135 = CARTESIAN_POINT('',(44.825,71.095736835487));
#10136 = CARTESIAN_POINT('',(47.,69.84));
#10137 = CARTESIAN_POINT('',(44.825,68.584263164513));
#10138 = CARTESIAN_POINT('',(42.65,67.328526329025));
#10139 = CARTESIAN_POINT('',(42.65,69.84));
#10140 = ( GEOMETRIC_REPRESENTATION_CONTEXT(2) 
PARAMETRIC_REPRESENTATION_CONTEXT() REPRESENTATION_CONTEXT('2D SPACE',''
  ) );
#10141 = ORIENTED_EDGE('',*,*,#10088,.F.);
#10142 = ADVANCED_FACE('',(#10143),#9884,.F.);
#10143 = FACE_BOUND('',#10144,.F.);
#10144 = EDGE_LOOP('',(#10145,#10168,#10195,#10196));
#10145 = ORIENTED_EDGE('',*,*,#10146,.T.);
#10146 = EDGE_CURVE('',#9868,#10147,#10149,.T.);
#10147 = VERTEX_POINT('',#10148);
#10148 = CARTESIAN_POINT('',(61.07,74.3,6.52));
#10149 = SEAM_CURVE('',#10150,(#10154,#10161),.PCURVE_S1.);
#10150 = LINE('',#10151,#10152);
#10151 = CARTESIAN_POINT('',(61.07,74.3,15.));
#10152 = VECTOR('',#10153,1.);
#10153 = DIRECTION('',(0.,0.,-1.));
#10154 = PCURVE('',#9884,#10155);
#10155 = DEFINITIONAL_REPRESENTATION('',(#10156),#10160);
#10156 = LINE('',#10157,#10158);
#10157 = CARTESIAN_POINT('',(6.28318530718,-0.));
#10158 = VECTOR('',#10159,1.);
#10159 = DIRECTION('',(0.,1.));
#10160 = ( GEOMETRIC_REPRESENTATION_CONTEXT(2) 
PARAMETRIC_REPRESENTATION_CONTEXT() REPRESENTATION_CONTEXT('2D SPACE',''
  ) );
#10161 = PCURVE('',#9884,#10162);
#10162 = DEFINITIONAL_REPRESENTATION('',(#10163),#10167);
#10163 = LINE('',#10164,#10165);
#10164 = CARTESIAN_POINT('',(0.,-0.));
#10165 = VECTOR('',#10166,1.);
#10166 = DIRECTION('',(0.,1.));
#10167 = ( GEOMETRIC_REPRESENTATION_CONTEXT(2) 
PARAMETRIC_REPRESENTATION_CONTEXT() REPRESENTATION_CONTEXT('2D SPACE',''
  ) );
#10168 = ORIENTED_EDGE('',*,*,#10169,.F.);
#10169 = EDGE_CURVE('',#10147,#10147,#10170,.T.);
#10170 = SURFACE_CURVE('',#10171,(#10176,#10183),.PCURVE_S1.);
#10171 = CIRCLE('',#10172,1.45);
#10172 = AXIS2_PLACEMENT_3D('',#10173,#10174,#10175);
#10173 = CARTESIAN_POINT('',(62.52,74.3,6.52));
#10174 = DIRECTION('',(0.,0.,-1.));
#10175 = DIRECTION('',(-1.,0.,0.));
#10176 = PCURVE('',#9884,#10177);
#10177 = DEFINITIONAL_REPRESENTATION('',(#10178),#10182);
#10178 = LINE('',#10179,#10180);
#10179 = CARTESIAN_POINT('',(0.,8.48));
#10180 = VECTOR('',#10181,1.);
#10181 = DIRECTION('',(1.,0.));
#10182 = ( GEOMETRIC_REPRESENTATION_CONTEXT(2) 
PARAMETRIC_REPRESENTATION_CONTEXT() REPRESENTATION_CONTEXT('2D SPACE',''
  ) );
#10183 = PCURVE('',#10184,#10189);
#10184 = PLANE('',#10185);
#10185 = AXIS2_PLACEMENT_3D('',#10186,#10187,#10188);
#10186 = CARTESIAN_POINT('',(62.52,74.3,6.52));
#10187 = DIRECTION('',(0.,0.,-1.));
#10188 = DIRECTION('',(-1.,0.,0.));
#10189 = DEFINITIONAL_REPRESENTATION('',(#10190),#10194);
#10190 = CIRCLE('',#10191,1.45);
#10191 = AXIS2_PLACEMENT_2D('',#10192,#10193);
#10192 = CARTESIAN_POINT('',(0.,0.));
#10193 = DIRECTION('',(1.,0.));
#10194 = ( GEOMETRIC_REPRESENTATION_CONTEXT(2) 
PARAMETRIC_REPRESENTATION_CONTEXT() REPRESENTATION_CONTEXT('2D SPACE',''
  ) );
#10195 = ORIENTED_EDGE('',*,*,#10146,.F.);
#10196 = ORIENTED_EDGE('',*,*,#9867,.T.);
#10197 = ADVANCED_FACE('',(#10198),#9919,.F.);
#10198 = FACE_BOUND('',#10199,.F.);
#10199 = EDGE_LOOP('',(#10200,#10223,#10250,#10251));
#10200 = ORIENTED_EDGE('',*,*,#10201,.T.);
#10201 = EDGE_CURVE('',#9903,#10202,#10204,.T.);
#10202 = VERTEX_POINT('',#10203);
#10203 = CARTESIAN_POINT('',(76.67,74.3,6.52));
#10204 = SEAM_CURVE('',#10205,(#10209,#10216),.PCURVE_S1.);
#10205 = LINE('',#10206,#10207);
#10206 = CARTESIAN_POINT('',(76.67,74.3,15.));
#10207 = VECTOR('',#10208,1.);
#10208 = DIRECTION('',(0.,0.,-1.));
#10209 = PCURVE('',#9919,#10210);
#10210 = DEFINITIONAL_REPRESENTATION('',(#10211),#10215);
#10211 = LINE('',#10212,#10213);
#10212 = CARTESIAN_POINT('',(6.28318530718,-0.));
#10213 = VECTOR('',#10214,1.);
#10214 = DIRECTION('',(0.,1.));
#10215 = ( GEOMETRIC_REPRESENTATION_CONTEXT(2) 
PARAMETRIC_REPRESENTATION_CONTEXT() REPRESENTATION_CONTEXT('2D SPACE',''
  ) );
#10216 = PCURVE('',#9919,#10217);
#10217 = DEFINITIONAL_REPRESENTATION('',(#10218),#10222);
#10218 = LINE('',#10219,#10220);
#10219 = CARTESIAN_POINT('',(0.,-0.));
#10220 = VECTOR('',#10221,1.);
#10221 = DIRECTION('',(0.,1.));
#10222 = ( GEOMETRIC_REPRESENTATION_CONTEXT(2) 
PARAMETRIC_REPRESENTATION_CONTEXT() REPRESENTATION_CONTEXT('2D SPACE',''
  ) );
#10223 = ORIENTED_EDGE('',*,*,#10224,.F.);
#10224 = EDGE_CURVE('',#10202,#10202,#10225,.T.);
#10225 = SURFACE_CURVE('',#10226,(#10231,#10238),.PCURVE_S1.);
#10226 = CIRCLE('',#10227,1.45);
#10227 = AXIS2_PLACEMENT_3D('',#10228,#10229,#10230);
#10228 = CARTESIAN_POINT('',(78.12,74.3,6.52));
#10229 = DIRECTION('',(0.,0.,-1.));
#10230 = DIRECTION('',(-1.,0.,0.));
#10231 = PCURVE('',#9919,#10232);
#10232 = DEFINITIONAL_REPRESENTATION('',(#10233),#10237);
#10233 = LINE('',#10234,#10235);
#10234 = CARTESIAN_POINT('',(0.,8.48));
#10235 = VECTOR('',#10236,1.);
#10236 = DIRECTION('',(1.,0.));
#10237 = ( GEOMETRIC_REPRESENTATION_CONTEXT(2) 
PARAMETRIC_REPRESENTATION_CONTEXT() REPRESENTATION_CONTEXT('2D SPACE',''
  ) );
#10238 = PCURVE('',#10239,#10244);
#10239 = PLANE('',#10240);
#10240 = AXIS2_PLACEMENT_3D('',#10241,#10242,#10243);
#10241 = CARTESIAN_POINT('',(78.12,74.3,6.52));
#10242 = DIRECTION('',(0.,0.,-1.));
#10243 = DIRECTION('',(-1.,0.,0.));
#10244 = DEFINITIONAL_REPRESENTATION('',(#10245),#10249);
#10245 = CIRCLE('',#10246,1.45);
#10246 = AXIS2_PLACEMENT_2D('',#10247,#10248);
#10247 = CARTESIAN_POINT('',(0.,0.));
#10248 = DIRECTION('',(1.,0.));
#10249 = ( GEOMETRIC_REPRESENTATION_CONTEXT(2) 
PARAMETRIC_REPRESENTATION_CONTEXT() REPRESENTATION_CONTEXT('2D SPACE',''
  ) );
#10250 = ORIENTED_EDGE('',*,*,#10201,.F.);
#10251 = ORIENTED_EDGE('',*,*,#9902,.T.);
#10252 = ADVANCED_FACE('',(#10253),#9954,.F.);
#10253 = FACE_BOUND('',#10254,.F.);
#10254 = EDGE_LOOP('',(#10255,#10256,#10279,#10310));
#10255 = ORIENTED_EDGE('',*,*,#9937,.T.);
#10256 = ORIENTED_EDGE('',*,*,#10257,.T.);
#10257 = EDGE_CURVE('',#9938,#10258,#10260,.T.);
#10258 = VERTEX_POINT('',#10259);
#10259 = CARTESIAN_POINT('',(42.65,101.59,3.));
#10260 = SEAM_CURVE('',#10261,(#10265,#10272),.PCURVE_S1.);
#10261 = LINE('',#10262,#10263);
#10262 = CARTESIAN_POINT('',(42.65,101.59,9.));
#10263 = VECTOR('',#10264,1.);
#10264 = DIRECTION('',(0.,0.,-1.));
#10265 = PCURVE('',#9954,#10266);
#10266 = DEFINITIONAL_REPRESENTATION('',(#10267),#10271);
#10267 = LINE('',#10268,#10269);
#10268 = CARTESIAN_POINT('',(0.,-0.));
#10269 = VECTOR('',#10270,1.);
#10270 = DIRECTION('',(0.,1.));
#10271 = ( GEOMETRIC_REPRESENTATION_CONTEXT(2) 
PARAMETRIC_REPRESENTATION_CONTEXT() REPRESENTATION_CONTEXT('2D SPACE',''
  ) );
#10272 = PCURVE('',#9954,#10273);
#10273 = DEFINITIONAL_REPRESENTATION('',(#10274),#10278);
#10274 = LINE('',#10275,#10276);
#10275 = CARTESIAN_POINT('',(6.28318530718,-0.));
#10276 = VECTOR('',#10277,1.);
#10277 = DIRECTION('',(0.,1.));
#10278 = ( GEOMETRIC_REPRESENTATION_CONTEXT(2) 
PARAMETRIC_REPRESENTATION_CONTEXT() REPRESENTATION_CONTEXT('2D SPACE',''
  ) );
#10279 = ORIENTED_EDGE('',*,*,#10280,.F.);
#10280 = EDGE_CURVE('',#10258,#10258,#10281,.T.);
#10281 = SURFACE_CURVE('',#10282,(#10287,#10294),.PCURVE_S1.);
#10282 = CIRCLE('',#10283,1.45);
#10283 = AXIS2_PLACEMENT_3D('',#10284,#10285,#10286);
#10284 = CARTESIAN_POINT('',(44.1,101.59,3.));
#10285 = DIRECTION('',(0.,0.,-1.));
#10286 = DIRECTION('',(-1.,0.,0.));
#10287 = PCURVE('',#9954,#10288);
#10288 = DEFINITIONAL_REPRESENTATION('',(#10289),#10293);
#10289 = LINE('',#10290,#10291);
#10290 = CARTESIAN_POINT('',(0.,6.));
#10291 = VECTOR('',#10292,1.);
#10292 = DIRECTION('',(1.,0.));
#10293 = ( GEOMETRIC_REPRESENTATION_CONTEXT(2) 
PARAMETRIC_REPRESENTATION_CONTEXT() REPRESENTATION_CONTEXT('2D SPACE',''
  ) );
#10294 = PCURVE('',#10295,#10300);
#10295 = PLANE('',#10296);
#10296 = AXIS2_PLACEMENT_3D('',#10297,#10298,#10299);
#10297 = CARTESIAN_POINT('',(0.,0.,3.));
#10298 = DIRECTION('',(0.,0.,1.));
#10299 = DIRECTION('',(1.,0.,0.));
#10300 = DEFINITIONAL_REPRESENTATION('',(#10301),#10309);
#10301 = ( BOUNDED_CURVE() B_SPLINE_CURVE(2,(#10302,#10303,#10304,#10305
    ,#10306,#10307,#10308),.UNSPECIFIED.,.T.,.F.) 
B_SPLINE_CURVE_WITH_KNOTS((1,2,2,2,2,1),(-2.094395102393,0.,
    2.094395102393,4.188790204786,6.28318530718,8.377580409573),
.UNSPECIFIED.) CURVE() GEOMETRIC_REPRESENTATION_ITEM() 
RATIONAL_B_SPLINE_CURVE((1.,0.5,1.,0.5,1.,0.5,1.)) REPRESENTATION_ITEM(
  '') );
#10302 = CARTESIAN_POINT('',(42.65,101.59));
#10303 = CARTESIAN_POINT('',(42.65,104.10147367097));
#10304 = CARTESIAN_POINT('',(44.825,102.84573683548));
#10305 = CARTESIAN_POINT('',(47.,101.59));
#10306 = CARTESIAN_POINT('',(44.825,100.33426316451));
#10307 = CARTESIAN_POINT('',(42.65,99.078526329025));
#10308 = CARTESIAN_POINT('',(42.65,101.59));
#10309 = ( GEOMETRIC_REPRESENTATION_CONTEXT(2) 
PARAMETRIC_REPRESENTATION_CONTEXT() REPRESENTATION_CONTEXT('2D SPACE',''
  ) );
#10310 = ORIENTED_EDGE('',*,*,#10257,.F.);
#10311 = ADVANCED_FACE('',(#10312),#10008,.T.);
#10312 = FACE_BOUND('',#10313,.T.);
#10313 = EDGE_LOOP('',(#10314));
#10314 = ORIENTED_EDGE('',*,*,#9993,.F.);
#10315 = ADVANCED_FACE('',(#10316),#10067,.T.);
#10316 = FACE_BOUND('',#10317,.T.);
#10317 = EDGE_LOOP('',(#10318));
#10318 = ORIENTED_EDGE('',*,*,#10052,.F.);
#10319 = ADVANCED_FACE('',(#10320),#10126,.T.);
#10320 = FACE_BOUND('',#10321,.T.);
#10321 = EDGE_LOOP('',(#10322));
#10322 = ORIENTED_EDGE('',*,*,#10111,.F.);
#10323 = ADVANCED_FACE('',(#10324),#10184,.F.);
#10324 = FACE_BOUND('',#10325,.F.);
#10325 = EDGE_LOOP('',(#10326));
#10326 = ORIENTED_EDGE('',*,*,#10169,.T.);
#10327 = ADVANCED_FACE('',(#10328),#10239,.F.);
#10328 = FACE_BOUND('',#10329,.F.);
#10329 = EDGE_LOOP('',(#10330));
#10330 = ORIENTED_EDGE('',*,*,#10224,.T.);
#10331 = ADVANCED_FACE('',(#10332),#10295,.T.);
#10332 = FACE_BOUND('',#10333,.T.);
#10333 = EDGE_LOOP('',(#10334));
#10334 = ORIENTED_EDGE('',*,*,#10280,.F.);
#10335 = ( GEOMETRIC_REPRESENTATION_CONTEXT(3) 
GLOBAL_UNCERTAINTY_ASSIGNED_CONTEXT((#10339)) 
GLOBAL_UNIT_ASSIGNED_CONTEXT((#10336,#10337,#10338)) 
REPRESENTATION_CONTEXT('Context #1',
  '3D Context with UNIT and UNCERTAINTY') );
#10336 = ( LENGTH_UNIT() NAMED_UNIT(*) SI_UNIT(.MILLI.,.METRE.) );
#10337 = ( NAMED_UNIT(*) PLANE_ANGLE_UNIT() SI_UNIT($,.RADIAN.) );
#10338 = ( NAMED_UNIT(*) SI_UNIT($,.STERADIAN.) SOLID_ANGLE_UNIT() );
#10339 = UNCERTAINTY_MEASURE_WITH_UNIT(LENGTH_MEASURE(2.E-06),#10336,
  'distance_accuracy_value','confusion accuracy');
#10340 = CONTEXT_DEPENDENT_SHAPE_REPRESENTATION(#10341,#10343);
#10341 = ( REPRESENTATION_RELATIONSHIP('','',#36,#10) 
REPRESENTATION_RELATIONSHIP_WITH_TRANSFORMATION(#10342) 
SHAPE_REPRESENTATION_RELATIONSHIP() );
#10342 = ITEM_DEFINED_TRANSFORMATION('','',#11,#15);
#10343 = PRODUCT_DEFINITION_SHAPE('Placement','Placement of an item',
  #10344);
#10344 = NEXT_ASSEMBLY_USAGE_OCCURRENCE('1','base','',#5,#31,$);
#10345 = PRODUCT_RELATED_PRODUCT_CATEGORY('part',$,(#33));
#10346 = SHAPE_DEFINITION_REPRESENTATION(#10347,#10353);
#10347 = PRODUCT_DEFINITION_SHAPE('','',#10348);
#10348 = PRODUCT_DEFINITION('design','',#10349,#10352);
#10349 = PRODUCT_DEFINITION_FORMATION('','',#10350);
#10350 = PRODUCT('lid','lid','',(#10351));
#10351 = PRODUCT_CONTEXT('',#2,'mechanical');
#10352 = PRODUCT_DEFINITION_CONTEXT('part definition',#2,'design');
#10353 = ADVANCED_BREP_SHAPE_REPRESENTATION('',(#11,#10354),#16516);
#10354 = MANIFOLD_SOLID_BREP('',#10355);
#10355 = CLOSED_SHELL('',(#10356,#10476,#10552,#12146,#12195,#13998,
    #14005,#14060,#14087,#14114,#14141,#14168,#14195,#14222,#14249,
    #14276,#14303,#14330,#14357,#14384,#14411,#14438,#14465,#14492,
    #14547,#14574,#14601,#14628,#14655,#14682,#14709,#14736,#14763,
    #14790,#14845,#14892,#14919,#14946,#14953,#15000,#15027,#15054,
    #15061,#15108,#15135,#15162,#15169,#15216,#15243,#15270,#15277,
    #15324,#15351,#15378,#15385,#15440,#15494,#15570,#15619,#15668,
    #15695,#15771,#15820,#15869,#15896,#15950,#16026,#16075,#16124,
    #16151,#16205,#16281,#16330,#16379,#16406,#16460,#16467,#16474,
    #16481,#16488,#16495,#16502,#16509));
#10356 = ADVANCED_FACE('',(#10357),#10371,.F.);
#10357 = FACE_BOUND('',#10358,.F.);
#10358 = EDGE_LOOP('',(#10359,#10394,#10422,#10450));
#10359 = ORIENTED_EDGE('',*,*,#10360,.F.);
#10360 = EDGE_CURVE('',#10361,#10363,#10365,.T.);
#10361 = VERTEX_POINT('',#10362);
#10362 = CARTESIAN_POINT('',(0.,0.,72.2));
#10363 = VERTEX_POINT('',#10364);
#10364 = CARTESIAN_POINT('',(0.,0.,76.2));
#10365 = SURFACE_CURVE('',#10366,(#10370,#10382),.PCURVE_S1.);
#10366 = LINE('',#10367,#10368);
#10367 = CARTESIAN_POINT('',(0.,0.,72.2));
#10368 = VECTOR('',#10369,1.);
#10369 = DIRECTION('',(0.,0.,1.));
#10370 = PCURVE('',#10371,#10376);
#10371 = PLANE('',#10372);
#10372 = AXIS2_PLACEMENT_3D('',#10373,#10374,#10375);
#10373 = CARTESIAN_POINT('',(0.,0.,72.2));
#10374 = DIRECTION('',(1.,0.,0.));
#10375 = DIRECTION('',(0.,0.,1.));
#10376 = DEFINITIONAL_REPRESENTATION('',(#10377),#10381);
#10377 = LINE('',#10378,#10379);
#10378 = CARTESIAN_POINT('',(0.,0.));
#10379 = VECTOR('',#10380,1.);
#10380 = DIRECTION('',(1.,0.));
#10381 = ( GEOMETRIC_REPRESENTATION_CONTEXT(2) 
PARAMETRIC_REPRESENTATION_CONTEXT() REPRESENTATION_CONTEXT('2D SPACE',''
  ) );
#10382 = PCURVE('',#10383,#10388);
#10383 = PLANE('',#10384);
#10384 = AXIS2_PLACEMENT_3D('',#10385,#10386,#10387);
#10385 = CARTESIAN_POINT('',(0.,0.,72.2));
#10386 = DIRECTION('',(0.,1.,0.));
#10387 = DIRECTION('',(0.,0.,1.));
#10388 = DEFINITIONAL_REPRESENTATION('',(#10389),#10393);
#10389 = LINE('',#10390,#10391);
#10390 = CARTESIAN_POINT('',(0.,0.));
#10391 = VECTOR('',#10392,1.);
#10392 = DIRECTION('',(1.,0.));
#10393 = ( GEOMETRIC_REPRESENTATION_CONTEXT(2) 
PARAMETRIC_REPRESENTATION_CONTEXT() REPRESENTATION_CONTEXT('2D SPACE',''
  ) );
#10394 = ORIENTED_EDGE('',*,*,#10395,.T.);
#10395 = EDGE_CURVE('',#10361,#10396,#10398,.T.);
#10396 = VERTEX_POINT('',#10397);
#10397 = CARTESIAN_POINT('',(0.,113.13,72.2));
#10398 = SURFACE_CURVE('',#10399,(#10403,#10410),.PCURVE_S1.);
#10399 = LINE('',#10400,#10401);
#10400 = CARTESIAN_POINT('',(0.,0.,72.2));
#10401 = VECTOR('',#10402,1.);
#10402 = DIRECTION('',(0.,1.,0.));
#10403 = PCURVE('',#10371,#10404);
#10404 = DEFINITIONAL_REPRESENTATION('',(#10405),#10409);
#10405 = LINE('',#10406,#10407);
#10406 = CARTESIAN_POINT('',(0.,0.));
#10407 = VECTOR('',#10408,1.);
#10408 = DIRECTION('',(0.,-1.));
#10409 = ( GEOMETRIC_REPRESENTATION_CONTEXT(2) 
PARAMETRIC_REPRESENTATION_CONTEXT() REPRESENTATION_CONTEXT('2D SPACE',''
  ) );
#10410 = PCURVE('',#10411,#10416);
#10411 = PLANE('',#10412);
#10412 = AXIS2_PLACEMENT_3D('',#10413,#10414,#10415);
#10413 = CARTESIAN_POINT('',(0.,0.,72.2));
#10414 = DIRECTION('',(0.,0.,1.));
#10415 = DIRECTION('',(1.,0.,0.));
#10416 = DEFINITIONAL_REPRESENTATION('',(#10417),#10421);
#10417 = LINE('',#10418,#10419);
#10418 = CARTESIAN_POINT('',(0.,0.));
#10419 = VECTOR('',#10420,1.);
#10420 = DIRECTION('',(0.,1.));
#10421 = ( GEOMETRIC_REPRESENTATION_CONTEXT(2) 
PARAMETRIC_REPRESENTATION_CONTEXT() REPRESENTATION_CONTEXT('2D SPACE',''
  ) );
#10422 = ORIENTED_EDGE('',*,*,#10423,.T.);
#10423 = EDGE_CURVE('',#10396,#10424,#10426,.T.);
#10424 = VERTEX_POINT('',#10425);
#10425 = CARTESIAN_POINT('',(0.,113.13,76.2));
#10426 = SURFACE_CURVE('',#10427,(#10431,#10438),.PCURVE_S1.);
#10427 = LINE('',#10428,#10429);
#10428 = CARTESIAN_POINT('',(0.,113.13,72.2));
#10429 = VECTOR('',#10430,1.);
#10430 = DIRECTION('',(0.,0.,1.));
#10431 = PCURVE('',#10371,#10432);
#10432 = DEFINITIONAL_REPRESENTATION('',(#10433),#10437);
#10433 = LINE('',#10434,#10435);
#10434 = CARTESIAN_POINT('',(0.,-113.13));
#10435 = VECTOR('',#10436,1.);
#10436 = DIRECTION('',(1.,0.));
#10437 = ( GEOMETRIC_REPRESENTATION_CONTEXT(2) 
PARAMETRIC_REPRESENTATION_CONTEXT() REPRESENTATION_CONTEXT('2D SPACE',''
  ) );
#10438 = PCURVE('',#10439,#10444);
#10439 = PLANE('',#10440);
#10440 = AXIS2_PLACEMENT_3D('',#10441,#10442,#10443);
#10441 = CARTESIAN_POINT('',(0.,113.13,72.2));
#10442 = DIRECTION('',(0.,1.,0.));
#10443 = DIRECTION('',(0.,0.,1.));
#10444 = DEFINITIONAL_REPRESENTATION('',(#10445),#10449);
#10445 = LINE('',#10446,#10447);
#10446 = CARTESIAN_POINT('',(0.,0.));
#10447 = VECTOR('',#10448,1.);
#10448 = DIRECTION('',(1.,0.));
#10449 = ( GEOMETRIC_REPRESENTATION_CONTEXT(2) 
PARAMETRIC_REPRESENTATION_CONTEXT() REPRESENTATION_CONTEXT('2D SPACE',''
  ) );
#10450 = ORIENTED_EDGE('',*,*,#10451,.F.);
#10451 = EDGE_CURVE('',#10363,#10424,#10452,.T.);
#10452 = SURFACE_CURVE('',#10453,(#10457,#10464),.PCURVE_S1.);
#10453 = LINE('',#10454,#10455);
#10454 = CARTESIAN_POINT('',(0.,0.,76.2));
#10455 = VECTOR('',#10456,1.);
#10456 = DIRECTION('',(0.,1.,0.));
#10457 = PCURVE('',#10371,#10458);
#10458 = DEFINITIONAL_REPRESENTATION('',(#10459),#10463);
#10459 = LINE('',#10460,#10461);
#10460 = CARTESIAN_POINT('',(4.,0.));
#10461 = VECTOR('',#10462,1.);
#10462 = DIRECTION('',(0.,-1.));
#10463 = ( GEOMETRIC_REPRESENTATION_CONTEXT(2) 
PARAMETRIC_REPRESENTATION_CONTEXT() REPRESENTATION_CONTEXT('2D SPACE',''
  ) );
#10464 = PCURVE('',#10465,#10470);
#10465 = PLANE('',#10466);
#10466 = AXIS2_PLACEMENT_3D('',#10467,#10468,#10469);
#10467 = CARTESIAN_POINT('',(0.,0.,76.2));
#10468 = DIRECTION('',(0.,0.,1.));
#10469 = DIRECTION('',(1.,0.,0.));
#10470 = DEFINITIONAL_REPRESENTATION('',(#10471),#10475);
#10471 = LINE('',#10472,#10473);
#10472 = CARTESIAN_POINT('',(0.,0.));
#10473 = VECTOR('',#10474,1.);
#10474 = DIRECTION('',(0.,1.));
#10475 = ( GEOMETRIC_REPRESENTATION_CONTEXT(2) 
PARAMETRIC_REPRESENTATION_CONTEXT() REPRESENTATION_CONTEXT('2D SPACE',''
  ) );
#10476 = ADVANCED_FACE('',(#10477),#10383,.F.);
#10477 = FACE_BOUND('',#10478,.F.);
#10478 = EDGE_LOOP('',(#10479,#10502,#10503,#10526));
#10479 = ORIENTED_EDGE('',*,*,#10480,.F.);
#10480 = EDGE_CURVE('',#10361,#10481,#10483,.T.);
#10481 = VERTEX_POINT('',#10482);
#10482 = CARTESIAN_POINT('',(97.,0.,72.2));
#10483 = SURFACE_CURVE('',#10484,(#10488,#10495),.PCURVE_S1.);
#10484 = LINE('',#10485,#10486);
#10485 = CARTESIAN_POINT('',(0.,0.,72.2));
#10486 = VECTOR('',#10487,1.);
#10487 = DIRECTION('',(1.,0.,0.));
#10488 = PCURVE('',#10383,#10489);
#10489 = DEFINITIONAL_REPRESENTATION('',(#10490),#10494);
#10490 = LINE('',#10491,#10492);
#10491 = CARTESIAN_POINT('',(0.,0.));
#10492 = VECTOR('',#10493,1.);
#10493 = DIRECTION('',(0.,1.));
#10494 = ( GEOMETRIC_REPRESENTATION_CONTEXT(2) 
PARAMETRIC_REPRESENTATION_CONTEXT() REPRESENTATION_CONTEXT('2D SPACE',''
  ) );
#10495 = PCURVE('',#10411,#10496);
#10496 = DEFINITIONAL_REPRESENTATION('',(#10497),#10501);
#10497 = LINE('',#10498,#10499);
#10498 = CARTESIAN_POINT('',(0.,0.));
#10499 = VECTOR('',#10500,1.);
#10500 = DIRECTION('',(1.,0.));
#10501 = ( GEOMETRIC_REPRESENTATION_CONTEXT(2) 
PARAMETRIC_REPRESENTATION_CONTEXT() REPRESENTATION_CONTEXT('2D SPACE',''
  ) );
#10502 = ORIENTED_EDGE('',*,*,#10360,.T.);
#10503 = ORIENTED_EDGE('',*,*,#10504,.T.);
#10504 = EDGE_CURVE('',#10363,#10505,#10507,.T.);
#10505 = VERTEX_POINT('',#10506);
#10506 = CARTESIAN_POINT('',(97.,0.,76.2));
#10507 = SURFACE_CURVE('',#10508,(#10512,#10519),.PCURVE_S1.);
#10508 = LINE('',#10509,#10510);
#10509 = CARTESIAN_POINT('',(0.,0.,76.2));
#10510 = VECTOR('',#10511,1.);
#10511 = DIRECTION('',(1.,0.,0.));
#10512 = PCURVE('',#10383,#10513);
#10513 = DEFINITIONAL_REPRESENTATION('',(#10514),#10518);
#10514 = LINE('',#10515,#10516);
#10515 = CARTESIAN_POINT('',(4.,0.));
#10516 = VECTOR('',#10517,1.);
#10517 = DIRECTION('',(0.,1.));
#10518 = ( GEOMETRIC_REPRESENTATION_CONTEXT(2) 
PARAMETRIC_REPRESENTATION_CONTEXT() REPRESENTATION_CONTEXT('2D SPACE',''
  ) );
#10519 = PCURVE('',#10465,#10520);
#10520 = DEFINITIONAL_REPRESENTATION('',(#10521),#10525);
#10521 = LINE('',#10522,#10523);
#10522 = CARTESIAN_POINT('',(0.,0.));
#10523 = VECTOR('',#10524,1.);
#10524 = DIRECTION('',(1.,0.));
#10525 = ( GEOMETRIC_REPRESENTATION_CONTEXT(2) 
PARAMETRIC_REPRESENTATION_CONTEXT() REPRESENTATION_CONTEXT('2D SPACE',''
  ) );
#10526 = ORIENTED_EDGE('',*,*,#10527,.F.);
#10527 = EDGE_CURVE('',#10481,#10505,#10528,.T.);
#10528 = SURFACE_CURVE('',#10529,(#10533,#10540),.PCURVE_S1.);
#10529 = LINE('',#10530,#10531);
#10530 = CARTESIAN_POINT('',(97.,0.,72.2));
#10531 = VECTOR('',#10532,1.);
#10532 = DIRECTION('',(0.,0.,1.));
#10533 = PCURVE('',#10383,#10534);
#10534 = DEFINITIONAL_REPRESENTATION('',(#10535),#10539);
#10535 = LINE('',#10536,#10537);
#10536 = CARTESIAN_POINT('',(0.,97.));
#10537 = VECTOR('',#10538,1.);
#10538 = DIRECTION('',(1.,0.));
#10539 = ( GEOMETRIC_REPRESENTATION_CONTEXT(2) 
PARAMETRIC_REPRESENTATION_CONTEXT() REPRESENTATION_CONTEXT('2D SPACE',''
  ) );
#10540 = PCURVE('',#10541,#10546);
#10541 = PLANE('',#10542);
#10542 = AXIS2_PLACEMENT_3D('',#10543,#10544,#10545);
#10543 = CARTESIAN_POINT('',(97.,0.,72.2));
#10544 = DIRECTION('',(1.,0.,0.));
#10545 = DIRECTION('',(0.,0.,1.));
#10546 = DEFINITIONAL_REPRESENTATION('',(#10547),#10551);
#10547 = LINE('',#10548,#10549);
#10548 = CARTESIAN_POINT('',(0.,0.));
#10549 = VECTOR('',#10550,1.);
#10550 = DIRECTION('',(1.,0.));
#10551 = ( GEOMETRIC_REPRESENTATION_CONTEXT(2) 
PARAMETRIC_REPRESENTATION_CONTEXT() REPRESENTATION_CONTEXT('2D SPACE',''
  ) );
#10552 = ADVANCED_FACE('',(#10553,#10601,#10636,#10671,#10706,#10741,
    #10776,#10811,#10846,#10881,#10916,#10951,#10986,#11021,#11056,
    #11091,#11126,#11161,#11196,#11231,#11266,#11301,#11336,#11371,
    #11406,#11441,#11476,#11511,#11546,#11581,#11687,#11793,#11899,
    #12005,#12111),#10465,.T.);
#10553 = FACE_BOUND('',#10554,.T.);
#10554 = EDGE_LOOP('',(#10555,#10556,#10557,#10580));
#10555 = ORIENTED_EDGE('',*,*,#10451,.F.);
#10556 = ORIENTED_EDGE('',*,*,#10504,.T.);
#10557 = ORIENTED_EDGE('',*,*,#10558,.T.);
#10558 = EDGE_CURVE('',#10505,#10559,#10561,.T.);
#10559 = VERTEX_POINT('',#10560);
#10560 = CARTESIAN_POINT('',(97.,113.13,76.2));
#10561 = SURFACE_CURVE('',#10562,(#10566,#10573),.PCURVE_S1.);
#10562 = LINE('',#10563,#10564);
#10563 = CARTESIAN_POINT('',(97.,0.,76.2));
#10564 = VECTOR('',#10565,1.);
#10565 = DIRECTION('',(0.,1.,0.));
#10566 = PCURVE('',#10465,#10567);
#10567 = DEFINITIONAL_REPRESENTATION('',(#10568),#10572);
#10568 = LINE('',#10569,#10570);
#10569 = CARTESIAN_POINT('',(97.,0.));
#10570 = VECTOR('',#10571,1.);
#10571 = DIRECTION('',(0.,1.));
#10572 = ( GEOMETRIC_REPRESENTATION_CONTEXT(2) 
PARAMETRIC_REPRESENTATION_CONTEXT() REPRESENTATION_CONTEXT('2D SPACE',''
  ) );
#10573 = PCURVE('',#10541,#10574);
#10574 = DEFINITIONAL_REPRESENTATION('',(#10575),#10579);
#10575 = LINE('',#10576,#10577);
#10576 = CARTESIAN_POINT('',(4.,0.));
#10577 = VECTOR('',#10578,1.);
#10578 = DIRECTION('',(0.,-1.));
#10579 = ( GEOMETRIC_REPRESENTATION_CONTEXT(2) 
PARAMETRIC_REPRESENTATION_CONTEXT() REPRESENTATION_CONTEXT('2D SPACE',''
  ) );
#10580 = ORIENTED_EDGE('',*,*,#10581,.F.);
#10581 = EDGE_CURVE('',#10424,#10559,#10582,.T.);
#10582 = SURFACE_CURVE('',#10583,(#10587,#10594),.PCURVE_S1.);
#10583 = LINE('',#10584,#10585);
#10584 = CARTESIAN_POINT('',(0.,113.13,76.2));
#10585 = VECTOR('',#10586,1.);
#10586 = DIRECTION('',(1.,0.,0.));
#10587 = PCURVE('',#10465,#10588);
#10588 = DEFINITIONAL_REPRESENTATION('',(#10589),#10593);
#10589 = LINE('',#10590,#10591);
#10590 = CARTESIAN_POINT('',(0.,113.13));
#10591 = VECTOR('',#10592,1.);
#10592 = DIRECTION('',(1.,0.));
#10593 = ( GEOMETRIC_REPRESENTATION_CONTEXT(2) 
PARAMETRIC_REPRESENTATION_CONTEXT() REPRESENTATION_CONTEXT('2D SPACE',''
  ) );
#10594 = PCURVE('',#10439,#10595);
#10595 = DEFINITIONAL_REPRESENTATION('',(#10596),#10600);
#10596 = LINE('',#10597,#10598);
#10597 = CARTESIAN_POINT('',(4.,0.));
#10598 = VECTOR('',#10599,1.);
#10599 = DIRECTION('',(0.,1.));
#10600 = ( GEOMETRIC_REPRESENTATION_CONTEXT(2) 
PARAMETRIC_REPRESENTATION_CONTEXT() REPRESENTATION_CONTEXT('2D SPACE',''
  ) );
#10601 = FACE_BOUND('',#10602,.T.);
#10602 = EDGE_LOOP('',(#10603));
#10603 = ORIENTED_EDGE('',*,*,#10604,.T.);
#10604 = EDGE_CURVE('',#10605,#10605,#10607,.T.);
#10605 = VERTEX_POINT('',#10606);
#10606 = CARTESIAN_POINT('',(6.5,4.,76.2));
#10607 = SURFACE_CURVE('',#10608,(#10613,#10624),.PCURVE_S1.);
#10608 = CIRCLE('',#10609,2.5);
#10609 = AXIS2_PLACEMENT_3D('',#10610,#10611,#10612);
#10610 = CARTESIAN_POINT('',(4.,4.,76.2));
#10611 = DIRECTION('',(0.,0.,-1.));
#10612 = DIRECTION('',(1.,0.,0.));
#10613 = PCURVE('',#10465,#10614);
#10614 = DEFINITIONAL_REPRESENTATION('',(#10615),#10623);
#10615 = ( BOUNDED_CURVE() B_SPLINE_CURVE(2,(#10616,#10617,#10618,#10619
    ,#10620,#10621,#10622),.UNSPECIFIED.,.T.,.F.) 
B_SPLINE_CURVE_WITH_KNOTS((1,2,2,2,2,1),(-2.094395102393,0.,
    2.094395102393,4.188790204786,6.28318530718,8.377580409573),
.UNSPECIFIED.) CURVE() GEOMETRIC_REPRESENTATION_ITEM() 
RATIONAL_B_SPLINE_CURVE((1.,0.5,1.,0.5,1.,0.5,1.)) REPRESENTATION_ITEM(
  '') );
#10616 = CARTESIAN_POINT('',(6.5,4.));
#10617 = CARTESIAN_POINT('',(6.5,-0.330127018922));
#10618 = CARTESIAN_POINT('',(2.75,1.834936490539));
#10619 = CARTESIAN_POINT('',(-1.,4.));
#10620 = CARTESIAN_POINT('',(2.75,6.165063509461));
#10621 = CARTESIAN_POINT('',(6.5,8.330127018922));
#10622 = CARTESIAN_POINT('',(6.5,4.));
#10623 = ( GEOMETRIC_REPRESENTATION_CONTEXT(2) 
PARAMETRIC_REPRESENTATION_CONTEXT() REPRESENTATION_CONTEXT('2D SPACE',''
  ) );
#10624 = PCURVE('',#10625,#10630);
#10625 = CYLINDRICAL_SURFACE('',#10626,2.5);
#10626 = AXIS2_PLACEMENT_3D('',#10627,#10628,#10629);
#10627 = CARTESIAN_POINT('',(4.,4.,73.6));
#10628 = DIRECTION('',(-0.,-0.,-1.));
#10629 = DIRECTION('',(1.,0.,0.));
#10630 = DEFINITIONAL_REPRESENTATION('',(#10631),#10635);
#10631 = LINE('',#10632,#10633);
#10632 = CARTESIAN_POINT('',(-6.28318530718,-2.6));
#10633 = VECTOR('',#10634,1.);
#10634 = DIRECTION('',(1.,-0.));
#10635 = ( GEOMETRIC_REPRESENTATION_CONTEXT(2) 
PARAMETRIC_REPRESENTATION_CONTEXT() REPRESENTATION_CONTEXT('2D SPACE',''
  ) );
#10636 = FACE_BOUND('',#10637,.T.);
#10637 = EDGE_LOOP('',(#10638));
#10638 = ORIENTED_EDGE('',*,*,#10639,.T.);
#10639 = EDGE_CURVE('',#10640,#10640,#10642,.T.);
#10640 = VERTEX_POINT('',#10641);
#10641 = CARTESIAN_POINT('',(40.5,22.3,76.2));
#10642 = SURFACE_CURVE('',#10643,(#10648,#10659),.PCURVE_S1.);
#10643 = CIRCLE('',#10644,2.);
#10644 = AXIS2_PLACEMENT_3D('',#10645,#10646,#10647);
#10645 = CARTESIAN_POINT('',(38.5,22.3,76.2));
#10646 = DIRECTION('',(0.,0.,-1.));
#10647 = DIRECTION('',(1.,0.,0.));
#10648 = PCURVE('',#10465,#10649);
#10649 = DEFINITIONAL_REPRESENTATION('',(#10650),#10658);
#10650 = ( BOUNDED_CURVE() B_SPLINE_CURVE(2,(#10651,#10652,#10653,#10654
    ,#10655,#10656,#10657),.UNSPECIFIED.,.T.,.F.) 
B_SPLINE_CURVE_WITH_KNOTS((1,2,2,2,2,1),(-2.094395102393,0.,
    2.094395102393,4.188790204786,6.28318530718,8.377580409573),
.UNSPECIFIED.) CURVE() GEOMETRIC_REPRESENTATION_ITEM() 
RATIONAL_B_SPLINE_CURVE((1.,0.5,1.,0.5,1.,0.5,1.)) REPRESENTATION_ITEM(
  '') );
#10651 = CARTESIAN_POINT('',(40.5,22.3));
#10652 = CARTESIAN_POINT('',(40.5,18.835898384862));
#10653 = CARTESIAN_POINT('',(37.5,20.567949192431));
#10654 = CARTESIAN_POINT('',(34.5,22.3));
#10655 = CARTESIAN_POINT('',(37.5,24.032050807569));
#10656 = CARTESIAN_POINT('',(40.5,25.764101615138));
#10657 = CARTESIAN_POINT('',(40.5,22.3));
#10658 = ( GEOMETRIC_REPRESENTATION_CONTEXT(2) 
PARAMETRIC_REPRESENTATION_CONTEXT() REPRESENTATION_CONTEXT('2D SPACE',''
  ) );
#10659 = PCURVE('',#10660,#10665);
#10660 = CYLINDRICAL_SURFACE('',#10661,2.);
#10661 = AXIS2_PLACEMENT_3D('',#10662,#10663,#10664);
#10662 = CARTESIAN_POINT('',(38.5,22.3,71.7));
#10663 = DIRECTION('',(-0.,-0.,-1.));
#10664 = DIRECTION('',(1.,0.,0.));
#10665 = DEFINITIONAL_REPRESENTATION('',(#10666),#10670);
#10666 = LINE('',#10667,#10668);
#10667 = CARTESIAN_POINT('',(-6.28318530718,-4.5));
#10668 = VECTOR('',#10669,1.);
#10669 = DIRECTION('',(1.,-0.));
#10670 = ( GEOMETRIC_REPRESENTATION_CONTEXT(2) 
PARAMETRIC_REPRESENTATION_CONTEXT() REPRESENTATION_CONTEXT('2D SPACE',''
  ) );
#10671 = FACE_BOUND('',#10672,.T.);
#10672 = EDGE_LOOP('',(#10673));
#10673 = ORIENTED_EDGE('',*,*,#10674,.T.);
#10674 = EDGE_CURVE('',#10675,#10675,#10677,.T.);
#10675 = VERTEX_POINT('',#10676);
#10676 = CARTESIAN_POINT('',(40.5,28.8,76.2));
#10677 = SURFACE_CURVE('',#10678,(#10683,#10694),.PCURVE_S1.);
#10678 = CIRCLE('',#10679,2.);
#10679 = AXIS2_PLACEMENT_3D('',#10680,#10681,#10682);
#10680 = CARTESIAN_POINT('',(38.5,28.8,76.2));
#10681 = DIRECTION('',(0.,0.,-1.));
#10682 = DIRECTION('',(1.,0.,0.));
#10683 = PCURVE('',#10465,#10684);
#10684 = DEFINITIONAL_REPRESENTATION('',(#10685),#10693);
#10685 = ( BOUNDED_CURVE() B_SPLINE_CURVE(2,(#10686,#10687,#10688,#10689
    ,#10690,#10691,#10692),.UNSPECIFIED.,.T.,.F.) 
B_SPLINE_CURVE_WITH_KNOTS((1,2,2,2,2,1),(-2.094395102393,0.,
    2.094395102393,4.188790204786,6.28318530718,8.377580409573),
.UNSPECIFIED.) CURVE() GEOMETRIC_REPRESENTATION_ITEM() 
RATIONAL_B_SPLINE_CURVE((1.,0.5,1.,0.5,1.,0.5,1.)) REPRESENTATION_ITEM(
  '') );
#10686 = CARTESIAN_POINT('',(40.5,28.8));
#10687 = CARTESIAN_POINT('',(40.5,25.335898384862));
#10688 = CARTESIAN_POINT('',(37.5,27.067949192431));
#10689 = CARTESIAN_POINT('',(34.5,28.8));
#10690 = CARTESIAN_POINT('',(37.5,30.532050807569));
#10691 = CARTESIAN_POINT('',(40.5,32.264101615138));
#10692 = CARTESIAN_POINT('',(40.5,28.8));
#10693 = ( GEOMETRIC_REPRESENTATION_CONTEXT(2) 
PARAMETRIC_REPRESENTATION_CONTEXT() REPRESENTATION_CONTEXT('2D SPACE',''
  ) );
#10694 = PCURVE('',#10695,#10700);
#10695 = CYLINDRICAL_SURFACE('',#10696,2.);
#10696 = AXIS2_PLACEMENT_3D('',#10697,#10698,#10699);
#10697 = CARTESIAN_POINT('',(38.5,28.8,71.7));
#10698 = DIRECTION('',(-0.,-0.,-1.));
#10699 = DIRECTION('',(1.,0.,0.));
#10700 = DEFINITIONAL_REPRESENTATION('',(#10701),#10705);
#10701 = LINE('',#10702,#10703);
#10702 = CARTESIAN_POINT('',(-6.28318530718,-4.5));
#10703 = VECTOR('',#10704,1.);
#10704 = DIRECTION('',(1.,-0.));
#10705 = ( GEOMETRIC_REPRESENTATION_CONTEXT(2) 
PARAMETRIC_REPRESENTATION_CONTEXT() REPRESENTATION_CONTEXT('2D SPACE',''
  ) );
#10706 = FACE_BOUND('',#10707,.T.);
#10707 = EDGE_LOOP('',(#10708));
#10708 = ORIENTED_EDGE('',*,*,#10709,.T.);
#10709 = EDGE_CURVE('',#10710,#10710,#10712,.T.);
#10710 = VERTEX_POINT('',#10711);
#10711 = CARTESIAN_POINT('',(47.,22.3,76.2));
#10712 = SURFACE_CURVE('',#10713,(#10718,#10729),.PCURVE_S1.);
#10713 = CIRCLE('',#10714,2.);
#10714 = AXIS2_PLACEMENT_3D('',#10715,#10716,#10717);
#10715 = CARTESIAN_POINT('',(45.,22.3,76.2));
#10716 = DIRECTION('',(0.,0.,-1.));
#10717 = DIRECTION('',(1.,0.,0.));
#10718 = PCURVE('',#10465,#10719);
#10719 = DEFINITIONAL_REPRESENTATION('',(#10720),#10728);
#10720 = ( BOUNDED_CURVE() B_SPLINE_CURVE(2,(#10721,#10722,#10723,#10724
    ,#10725,#10726,#10727),.UNSPECIFIED.,.T.,.F.) 
B_SPLINE_CURVE_WITH_KNOTS((1,2,2,2,2,1),(-2.094395102393,0.,
    2.094395102393,4.188790204786,6.28318530718,8.377580409573),
.UNSPECIFIED.) CURVE() GEOMETRIC_REPRESENTATION_ITEM() 
RATIONAL_B_SPLINE_CURVE((1.,0.5,1.,0.5,1.,0.5,1.)) REPRESENTATION_ITEM(
  '') );
#10721 = CARTESIAN_POINT('',(47.,22.3));
#10722 = CARTESIAN_POINT('',(47.,18.835898384862));
#10723 = CARTESIAN_POINT('',(44.,20.567949192431));
#10724 = CARTESIAN_POINT('',(41.,22.3));
#10725 = CARTESIAN_POINT('',(44.,24.032050807569));
#10726 = CARTESIAN_POINT('',(47.,25.764101615138));
#10727 = CARTESIAN_POINT('',(47.,22.3));
#10728 = ( GEOMETRIC_REPRESENTATION_CONTEXT(2) 
PARAMETRIC_REPRESENTATION_CONTEXT() REPRESENTATION_CONTEXT('2D SPACE',''
  ) );
#10729 = PCURVE('',#10730,#10735);
#10730 = CYLINDRICAL_SURFACE('',#10731,2.);
#10731 = AXIS2_PLACEMENT_3D('',#10732,#10733,#10734);
#10732 = CARTESIAN_POINT('',(45.,22.3,71.7));
#10733 = DIRECTION('',(-0.,-0.,-1.));
#10734 = DIRECTION('',(1.,0.,0.));
#10735 = DEFINITIONAL_REPRESENTATION('',(#10736),#10740);
#10736 = LINE('',#10737,#10738);
#10737 = CARTESIAN_POINT('',(-6.28318530718,-4.5));
#10738 = VECTOR('',#10739,1.);
#10739 = DIRECTION('',(1.,-0.));
#10740 = ( GEOMETRIC_REPRESENTATION_CONTEXT(2) 
PARAMETRIC_REPRESENTATION_CONTEXT() REPRESENTATION_CONTEXT('2D SPACE',''
  ) );
#10741 = FACE_BOUND('',#10742,.T.);
#10742 = EDGE_LOOP('',(#10743));
#10743 = ORIENTED_EDGE('',*,*,#10744,.T.);
#10744 = EDGE_CURVE('',#10745,#10745,#10747,.T.);
#10745 = VERTEX_POINT('',#10746);
#10746 = CARTESIAN_POINT('',(47.,28.8,76.2));
#10747 = SURFACE_CURVE('',#10748,(#10753,#10764),.PCURVE_S1.);
#10748 = CIRCLE('',#10749,2.);
#10749 = AXIS2_PLACEMENT_3D('',#10750,#10751,#10752);
#10750 = CARTESIAN_POINT('',(45.,28.8,76.2));
#10751 = DIRECTION('',(0.,0.,-1.));
#10752 = DIRECTION('',(1.,0.,0.));
#10753 = PCURVE('',#10465,#10754);
#10754 = DEFINITIONAL_REPRESENTATION('',(#10755),#10763);
#10755 = ( BOUNDED_CURVE() B_SPLINE_CURVE(2,(#10756,#10757,#10758,#10759
    ,#10760,#10761,#10762),.UNSPECIFIED.,.T.,.F.) 
B_SPLINE_CURVE_WITH_KNOTS((1,2,2,2,2,1),(-2.094395102393,0.,
    2.094395102393,4.188790204786,6.28318530718,8.377580409573),
.UNSPECIFIED.) CURVE() GEOMETRIC_REPRESENTATION_ITEM() 
RATIONAL_B_SPLINE_CURVE((1.,0.5,1.,0.5,1.,0.5,1.)) REPRESENTATION_ITEM(
  '') );
#10756 = CARTESIAN_POINT('',(47.,28.8));
#10757 = CARTESIAN_POINT('',(47.,25.335898384862));
#10758 = CARTESIAN_POINT('',(44.,27.067949192431));
#10759 = CARTESIAN_POINT('',(41.,28.8));
#10760 = CARTESIAN_POINT('',(44.,30.532050807569));
#10761 = CARTESIAN_POINT('',(47.,32.264101615138));
#10762 = CARTESIAN_POINT('',(47.,28.8));
#10763 = ( GEOMETRIC_REPRESENTATION_CONTEXT(2) 
PARAMETRIC_REPRESENTATION_CONTEXT() REPRESENTATION_CONTEXT('2D SPACE',''
  ) );
#10764 = PCURVE('',#10765,#10770);
#10765 = CYLINDRICAL_SURFACE('',#10766,2.);
#10766 = AXIS2_PLACEMENT_3D('',#10767,#10768,#10769);
#10767 = CARTESIAN_POINT('',(45.,28.8,71.7));
#10768 = DIRECTION('',(-0.,-0.,-1.));
#10769 = DIRECTION('',(1.,0.,0.));
#10770 = DEFINITIONAL_REPRESENTATION('',(#10771),#10775);
#10771 = LINE('',#10772,#10773);
#10772 = CARTESIAN_POINT('',(-6.28318530718,-4.5));
#10773 = VECTOR('',#10774,1.);
#10774 = DIRECTION('',(1.,-0.));
#10775 = ( GEOMETRIC_REPRESENTATION_CONTEXT(2) 
PARAMETRIC_REPRESENTATION_CONTEXT() REPRESENTATION_CONTEXT('2D SPACE',''
  ) );
#10776 = FACE_BOUND('',#10777,.T.);
#10777 = EDGE_LOOP('',(#10778));
#10778 = ORIENTED_EDGE('',*,*,#10779,.T.);
#10779 = EDGE_CURVE('',#10780,#10780,#10782,.T.);
#10780 = VERTEX_POINT('',#10781);
#10781 = CARTESIAN_POINT('',(40.5,35.3,76.2));
#10782 = SURFACE_CURVE('',#10783,(#10788,#10799),.PCURVE_S1.);
#10783 = CIRCLE('',#10784,2.);
#10784 = AXIS2_PLACEMENT_3D('',#10785,#10786,#10787);
#10785 = CARTESIAN_POINT('',(38.5,35.3,76.2));
#10786 = DIRECTION('',(0.,0.,-1.));
#10787 = DIRECTION('',(1.,0.,0.));
#10788 = PCURVE('',#10465,#10789);
#10789 = DEFINITIONAL_REPRESENTATION('',(#10790),#10798);
#10790 = ( BOUNDED_CURVE() B_SPLINE_CURVE(2,(#10791,#10792,#10793,#10794
    ,#10795,#10796,#10797),.UNSPECIFIED.,.T.,.F.) 
B_SPLINE_CURVE_WITH_KNOTS((1,2,2,2,2,1),(-2.094395102393,0.,
    2.094395102393,4.188790204786,6.28318530718,8.377580409573),
.UNSPECIFIED.) CURVE() GEOMETRIC_REPRESENTATION_ITEM() 
RATIONAL_B_SPLINE_CURVE((1.,0.5,1.,0.5,1.,0.5,1.)) REPRESENTATION_ITEM(
  '') );
#10791 = CARTESIAN_POINT('',(40.5,35.3));
#10792 = CARTESIAN_POINT('',(40.5,31.835898384862));
#10793 = CARTESIAN_POINT('',(37.5,33.567949192431));
#10794 = CARTESIAN_POINT('',(34.5,35.3));
#10795 = CARTESIAN_POINT('',(37.5,37.032050807569));
#10796 = CARTESIAN_POINT('',(40.5,38.764101615138));
#10797 = CARTESIAN_POINT('',(40.5,35.3));
#10798 = ( GEOMETRIC_REPRESENTATION_CONTEXT(2) 
PARAMETRIC_REPRESENTATION_CONTEXT() REPRESENTATION_CONTEXT('2D SPACE',''
  ) );
#10799 = PCURVE('',#10800,#10805);
#10800 = CYLINDRICAL_SURFACE('',#10801,2.);
#10801 = AXIS2_PLACEMENT_3D('',#10802,#10803,#10804);
#10802 = CARTESIAN_POINT('',(38.5,35.3,71.7));
#10803 = DIRECTION('',(-0.,-0.,-1.));
#10804 = DIRECTION('',(1.,0.,0.));
#10805 = DEFINITIONAL_REPRESENTATION('',(#10806),#10810);
#10806 = LINE('',#10807,#10808);
#10807 = CARTESIAN_POINT('',(-6.28318530718,-4.5));
#10808 = VECTOR('',#10809,1.);
#10809 = DIRECTION('',(1.,-0.));
#10810 = ( GEOMETRIC_REPRESENTATION_CONTEXT(2) 
PARAMETRIC_REPRESENTATION_CONTEXT() REPRESENTATION_CONTEXT('2D SPACE',''
  ) );
#10811 = FACE_BOUND('',#10812,.T.);
#10812 = EDGE_LOOP('',(#10813));
#10813 = ORIENTED_EDGE('',*,*,#10814,.T.);
#10814 = EDGE_CURVE('',#10815,#10815,#10817,.T.);
#10815 = VERTEX_POINT('',#10816);
#10816 = CARTESIAN_POINT('',(47.,35.3,76.2));
#10817 = SURFACE_CURVE('',#10818,(#10823,#10834),.PCURVE_S1.);
#10818 = CIRCLE('',#10819,2.);
#10819 = AXIS2_PLACEMENT_3D('',#10820,#10821,#10822);
#10820 = CARTESIAN_POINT('',(45.,35.3,76.2));
#10821 = DIRECTION('',(0.,0.,-1.));
#10822 = DIRECTION('',(1.,0.,0.));
#10823 = PCURVE('',#10465,#10824);
#10824 = DEFINITIONAL_REPRESENTATION('',(#10825),#10833);
#10825 = ( BOUNDED_CURVE() B_SPLINE_CURVE(2,(#10826,#10827,#10828,#10829
    ,#10830,#10831,#10832),.UNSPECIFIED.,.T.,.F.) 
B_SPLINE_CURVE_WITH_KNOTS((1,2,2,2,2,1),(-2.094395102393,0.,
    2.094395102393,4.188790204786,6.28318530718,8.377580409573),
.UNSPECIFIED.) CURVE() GEOMETRIC_REPRESENTATION_ITEM() 
RATIONAL_B_SPLINE_CURVE((1.,0.5,1.,0.5,1.,0.5,1.)) REPRESENTATION_ITEM(
  '') );
#10826 = CARTESIAN_POINT('',(47.,35.3));
#10827 = CARTESIAN_POINT('',(47.,31.835898384862));
#10828 = CARTESIAN_POINT('',(44.,33.567949192431));
#10829 = CARTESIAN_POINT('',(41.,35.3));
#10830 = CARTESIAN_POINT('',(44.,37.032050807569));
#10831 = CARTESIAN_POINT('',(47.,38.764101615138));
#10832 = CARTESIAN_POINT('',(47.,35.3));
#10833 = ( GEOMETRIC_REPRESENTATION_CONTEXT(2) 
PARAMETRIC_REPRESENTATION_CONTEXT() REPRESENTATION_CONTEXT('2D SPACE',''
  ) );
#10834 = PCURVE('',#10835,#10840);
#10835 = CYLINDRICAL_SURFACE('',#10836,2.);
#10836 = AXIS2_PLACEMENT_3D('',#10837,#10838,#10839);
#10837 = CARTESIAN_POINT('',(45.,35.3,71.7));
#10838 = DIRECTION('',(-0.,-0.,-1.));
#10839 = DIRECTION('',(1.,0.,0.));
#10840 = DEFINITIONAL_REPRESENTATION('',(#10841),#10845);
#10841 = LINE('',#10842,#10843);
#10842 = CARTESIAN_POINT('',(-6.28318530718,-4.5));
#10843 = VECTOR('',#10844,1.);
#10844 = DIRECTION('',(1.,-0.));
#10845 = ( GEOMETRIC_REPRESENTATION_CONTEXT(2) 
PARAMETRIC_REPRESENTATION_CONTEXT() REPRESENTATION_CONTEXT('2D SPACE',''
  ) );
#10846 = FACE_BOUND('',#10847,.T.);
#10847 = EDGE_LOOP('',(#10848));
#10848 = ORIENTED_EDGE('',*,*,#10849,.T.);
#10849 = EDGE_CURVE('',#10850,#10850,#10852,.T.);
#10850 = VERTEX_POINT('',#10851);
#10851 = CARTESIAN_POINT('',(40.5,41.8,76.2));
#10852 = SURFACE_CURVE('',#10853,(#10858,#10869),.PCURVE_S1.);
#10853 = CIRCLE('',#10854,2.);
#10854 = AXIS2_PLACEMENT_3D('',#10855,#10856,#10857);
#10855 = CARTESIAN_POINT('',(38.5,41.8,76.2));
#10856 = DIRECTION('',(0.,0.,-1.));
#10857 = DIRECTION('',(1.,0.,0.));
#10858 = PCURVE('',#10465,#10859);
#10859 = DEFINITIONAL_REPRESENTATION('',(#10860),#10868);
#10860 = ( BOUNDED_CURVE() B_SPLINE_CURVE(2,(#10861,#10862,#10863,#10864
    ,#10865,#10866,#10867),.UNSPECIFIED.,.T.,.F.) 
B_SPLINE_CURVE_WITH_KNOTS((1,2,2,2,2,1),(-2.094395102393,0.,
    2.094395102393,4.188790204786,6.28318530718,8.377580409573),
.UNSPECIFIED.) CURVE() GEOMETRIC_REPRESENTATION_ITEM() 
RATIONAL_B_SPLINE_CURVE((1.,0.5,1.,0.5,1.,0.5,1.)) REPRESENTATION_ITEM(
  '') );
#10861 = CARTESIAN_POINT('',(40.5,41.8));
#10862 = CARTESIAN_POINT('',(40.5,38.335898384862));
#10863 = CARTESIAN_POINT('',(37.5,40.067949192431));
#10864 = CARTESIAN_POINT('',(34.5,41.8));
#10865 = CARTESIAN_POINT('',(37.5,43.532050807569));
#10866 = CARTESIAN_POINT('',(40.5,45.264101615138));
#10867 = CARTESIAN_POINT('',(40.5,41.8));
#10868 = ( GEOMETRIC_REPRESENTATION_CONTEXT(2) 
PARAMETRIC_REPRESENTATION_CONTEXT() REPRESENTATION_CONTEXT('2D SPACE',''
  ) );
#10869 = PCURVE('',#10870,#10875);
#10870 = CYLINDRICAL_SURFACE('',#10871,2.);
#10871 = AXIS2_PLACEMENT_3D('',#10872,#10873,#10874);
#10872 = CARTESIAN_POINT('',(38.5,41.8,71.7));
#10873 = DIRECTION('',(-0.,-0.,-1.));
#10874 = DIRECTION('',(1.,0.,0.));
#10875 = DEFINITIONAL_REPRESENTATION('',(#10876),#10880);
#10876 = LINE('',#10877,#10878);
#10877 = CARTESIAN_POINT('',(-6.28318530718,-4.5));
#10878 = VECTOR('',#10879,1.);
#10879 = DIRECTION('',(1.,-0.));
#10880 = ( GEOMETRIC_REPRESENTATION_CONTEXT(2) 
PARAMETRIC_REPRESENTATION_CONTEXT() REPRESENTATION_CONTEXT('2D SPACE',''
  ) );
#10881 = FACE_BOUND('',#10882,.T.);
#10882 = EDGE_LOOP('',(#10883));
#10883 = ORIENTED_EDGE('',*,*,#10884,.T.);
#10884 = EDGE_CURVE('',#10885,#10885,#10887,.T.);
#10885 = VERTEX_POINT('',#10886);
#10886 = CARTESIAN_POINT('',(47.,41.8,76.2));
#10887 = SURFACE_CURVE('',#10888,(#10893,#10904),.PCURVE_S1.);
#10888 = CIRCLE('',#10889,2.);
#10889 = AXIS2_PLACEMENT_3D('',#10890,#10891,#10892);
#10890 = CARTESIAN_POINT('',(45.,41.8,76.2));
#10891 = DIRECTION('',(0.,0.,-1.));
#10892 = DIRECTION('',(1.,0.,0.));
#10893 = PCURVE('',#10465,#10894);
#10894 = DEFINITIONAL_REPRESENTATION('',(#10895),#10903);
#10895 = ( BOUNDED_CURVE() B_SPLINE_CURVE(2,(#10896,#10897,#10898,#10899
    ,#10900,#10901,#10902),.UNSPECIFIED.,.T.,.F.) 
B_SPLINE_CURVE_WITH_KNOTS((1,2,2,2,2,1),(-2.094395102393,0.,
    2.094395102393,4.188790204786,6.28318530718,8.377580409573),
.UNSPECIFIED.) CURVE() GEOMETRIC_REPRESENTATION_ITEM() 
RATIONAL_B_SPLINE_CURVE((1.,0.5,1.,0.5,1.,0.5,1.)) REPRESENTATION_ITEM(
  '') );
#10896 = CARTESIAN_POINT('',(47.,41.8));
#10897 = CARTESIAN_POINT('',(47.,38.335898384862));
#10898 = CARTESIAN_POINT('',(44.,40.067949192431));
#10899 = CARTESIAN_POINT('',(41.,41.8));
#10900 = CARTESIAN_POINT('',(44.,43.532050807569));
#10901 = CARTESIAN_POINT('',(47.,45.264101615138));
#10902 = CARTESIAN_POINT('',(47.,41.8));
#10903 = ( GEOMETRIC_REPRESENTATION_CONTEXT(2) 
PARAMETRIC_REPRESENTATION_CONTEXT() REPRESENTATION_CONTEXT('2D SPACE',''
  ) );
#10904 = PCURVE('',#10905,#10910);
#10905 = CYLINDRICAL_SURFACE('',#10906,2.);
#10906 = AXIS2_PLACEMENT_3D('',#10907,#10908,#10909);
#10907 = CARTESIAN_POINT('',(45.,41.8,71.7));
#10908 = DIRECTION('',(-0.,-0.,-1.));
#10909 = DIRECTION('',(1.,0.,0.));
#10910 = DEFINITIONAL_REPRESENTATION('',(#10911),#10915);
#10911 = LINE('',#10912,#10913);
#10912 = CARTESIAN_POINT('',(-6.28318530718,-4.5));
#10913 = VECTOR('',#10914,1.);
#10914 = DIRECTION('',(1.,-0.));
#10915 = ( GEOMETRIC_REPRESENTATION_CONTEXT(2) 
PARAMETRIC_REPRESENTATION_CONTEXT() REPRESENTATION_CONTEXT('2D SPACE',''
  ) );
#10916 = FACE_BOUND('',#10917,.T.);
#10917 = EDGE_LOOP('',(#10918));
#10918 = ORIENTED_EDGE('',*,*,#10919,.T.);
#10919 = EDGE_CURVE('',#10920,#10920,#10922,.T.);
#10920 = VERTEX_POINT('',#10921);
#10921 = CARTESIAN_POINT('',(40.5,48.3,76.2));
#10922 = SURFACE_CURVE('',#10923,(#10928,#10939),.PCURVE_S1.);
#10923 = CIRCLE('',#10924,2.);
#10924 = AXIS2_PLACEMENT_3D('',#10925,#10926,#10927);
#10925 = CARTESIAN_POINT('',(38.5,48.3,76.2));
#10926 = DIRECTION('',(0.,0.,-1.));
#10927 = DIRECTION('',(1.,0.,0.));
#10928 = PCURVE('',#10465,#10929);
#10929 = DEFINITIONAL_REPRESENTATION('',(#10930),#10938);
#10930 = ( BOUNDED_CURVE() B_SPLINE_CURVE(2,(#10931,#10932,#10933,#10934
    ,#10935,#10936,#10937),.UNSPECIFIED.,.T.,.F.) 
B_SPLINE_CURVE_WITH_KNOTS((1,2,2,2,2,1),(-2.094395102393,0.,
    2.094395102393,4.188790204786,6.28318530718,8.377580409573),
.UNSPECIFIED.) CURVE() GEOMETRIC_REPRESENTATION_ITEM() 
RATIONAL_B_SPLINE_CURVE((1.,0.5,1.,0.5,1.,0.5,1.)) REPRESENTATION_ITEM(
  '') );
#10931 = CARTESIAN_POINT('',(40.5,48.3));
#10932 = CARTESIAN_POINT('',(40.5,44.835898384862));
#10933 = CARTESIAN_POINT('',(37.5,46.567949192431));
#10934 = CARTESIAN_POINT('',(34.5,48.3));
#10935 = CARTESIAN_POINT('',(37.5,50.032050807569));
#10936 = CARTESIAN_POINT('',(40.5,51.764101615138));
#10937 = CARTESIAN_POINT('',(40.5,48.3));
#10938 = ( GEOMETRIC_REPRESENTATION_CONTEXT(2) 
PARAMETRIC_REPRESENTATION_CONTEXT() REPRESENTATION_CONTEXT('2D SPACE',''
  ) );
#10939 = PCURVE('',#10940,#10945);
#10940 = CYLINDRICAL_SURFACE('',#10941,2.);
#10941 = AXIS2_PLACEMENT_3D('',#10942,#10943,#10944);
#10942 = CARTESIAN_POINT('',(38.5,48.3,71.7));
#10943 = DIRECTION('',(-0.,-0.,-1.));
#10944 = DIRECTION('',(1.,0.,0.));
#10945 = DEFINITIONAL_REPRESENTATION('',(#10946),#10950);
#10946 = LINE('',#10947,#10948);
#10947 = CARTESIAN_POINT('',(-6.28318530718,-4.5));
#10948 = VECTOR('',#10949,1.);
#10949 = DIRECTION('',(1.,-0.));
#10950 = ( GEOMETRIC_REPRESENTATION_CONTEXT(2) 
PARAMETRIC_REPRESENTATION_CONTEXT() REPRESENTATION_CONTEXT('2D SPACE',''
  ) );
#10951 = FACE_BOUND('',#10952,.T.);
#10952 = EDGE_LOOP('',(#10953));
#10953 = ORIENTED_EDGE('',*,*,#10954,.T.);
#10954 = EDGE_CURVE('',#10955,#10955,#10957,.T.);
#10955 = VERTEX_POINT('',#10956);
#10956 = CARTESIAN_POINT('',(47.,48.3,76.2));
#10957 = SURFACE_CURVE('',#10958,(#10963,#10974),.PCURVE_S1.);
#10958 = CIRCLE('',#10959,2.);
#10959 = AXIS2_PLACEMENT_3D('',#10960,#10961,#10962);
#10960 = CARTESIAN_POINT('',(45.,48.3,76.2));
#10961 = DIRECTION('',(0.,0.,-1.));
#10962 = DIRECTION('',(1.,0.,0.));
#10963 = PCURVE('',#10465,#10964);
#10964 = DEFINITIONAL_REPRESENTATION('',(#10965),#10973);
#10965 = ( BOUNDED_CURVE() B_SPLINE_CURVE(2,(#10966,#10967,#10968,#10969
    ,#10970,#10971,#10972),.UNSPECIFIED.,.T.,.F.) 
B_SPLINE_CURVE_WITH_KNOTS((1,2,2,2,2,1),(-2.094395102393,0.,
    2.094395102393,4.188790204786,6.28318530718,8.377580409573),
.UNSPECIFIED.) CURVE() GEOMETRIC_REPRESENTATION_ITEM() 
RATIONAL_B_SPLINE_CURVE((1.,0.5,1.,0.5,1.,0.5,1.)) REPRESENTATION_ITEM(
  '') );
#10966 = CARTESIAN_POINT('',(47.,48.3));
#10967 = CARTESIAN_POINT('',(47.,44.835898384862));
#10968 = CARTESIAN_POINT('',(44.,46.567949192431));
#10969 = CARTESIAN_POINT('',(41.,48.3));
#10970 = CARTESIAN_POINT('',(44.,50.032050807569));
#10971 = CARTESIAN_POINT('',(47.,51.764101615138));
#10972 = CARTESIAN_POINT('',(47.,48.3));
#10973 = ( GEOMETRIC_REPRESENTATION_CONTEXT(2) 
PARAMETRIC_REPRESENTATION_CONTEXT() REPRESENTATION_CONTEXT('2D SPACE',''
  ) );
#10974 = PCURVE('',#10975,#10980);
#10975 = CYLINDRICAL_SURFACE('',#10976,2.);
#10976 = AXIS2_PLACEMENT_3D('',#10977,#10978,#10979);
#10977 = CARTESIAN_POINT('',(45.,48.3,71.7));
#10978 = DIRECTION('',(-0.,-0.,-1.));
#10979 = DIRECTION('',(1.,0.,0.));
#10980 = DEFINITIONAL_REPRESENTATION('',(#10981),#10985);
#10981 = LINE('',#10982,#10983);
#10982 = CARTESIAN_POINT('',(-6.28318530718,-4.5));
#10983 = VECTOR('',#10984,1.);
#10984 = DIRECTION('',(1.,-0.));
#10985 = ( GEOMETRIC_REPRESENTATION_CONTEXT(2) 
PARAMETRIC_REPRESENTATION_CONTEXT() REPRESENTATION_CONTEXT('2D SPACE',''
  ) );
#10986 = FACE_BOUND('',#10987,.T.);
#10987 = EDGE_LOOP('',(#10988));
#10988 = ORIENTED_EDGE('',*,*,#10989,.T.);
#10989 = EDGE_CURVE('',#10990,#10990,#10992,.T.);
#10990 = VERTEX_POINT('',#10991);
#10991 = CARTESIAN_POINT('',(53.5,22.3,76.2));
#10992 = SURFACE_CURVE('',#10993,(#10998,#11009),.PCURVE_S1.);
#10993 = CIRCLE('',#10994,2.);
#10994 = AXIS2_PLACEMENT_3D('',#10995,#10996,#10997);
#10995 = CARTESIAN_POINT('',(51.5,22.3,76.2));
#10996 = DIRECTION('',(0.,0.,-1.));
#10997 = DIRECTION('',(1.,0.,0.));
#10998 = PCURVE('',#10465,#10999);
#10999 = DEFINITIONAL_REPRESENTATION('',(#11000),#11008);
#11000 = ( BOUNDED_CURVE() B_SPLINE_CURVE(2,(#11001,#11002,#11003,#11004
    ,#11005,#11006,#11007),.UNSPECIFIED.,.T.,.F.) 
B_SPLINE_CURVE_WITH_KNOTS((1,2,2,2,2,1),(-2.094395102393,0.,
    2.094395102393,4.188790204786,6.28318530718,8.377580409573),
.UNSPECIFIED.) CURVE() GEOMETRIC_REPRESENTATION_ITEM() 
RATIONAL_B_SPLINE_CURVE((1.,0.5,1.,0.5,1.,0.5,1.)) REPRESENTATION_ITEM(
  '') );
#11001 = CARTESIAN_POINT('',(53.5,22.3));
#11002 = CARTESIAN_POINT('',(53.5,18.835898384862));
#11003 = CARTESIAN_POINT('',(50.5,20.567949192431));
#11004 = CARTESIAN_POINT('',(47.5,22.3));
#11005 = CARTESIAN_POINT('',(50.5,24.032050807569));
#11006 = CARTESIAN_POINT('',(53.5,25.764101615138));
#11007 = CARTESIAN_POINT('',(53.5,22.3));
#11008 = ( GEOMETRIC_REPRESENTATION_CONTEXT(2) 
PARAMETRIC_REPRESENTATION_CONTEXT() REPRESENTATION_CONTEXT('2D SPACE',''
  ) );
#11009 = PCURVE('',#11010,#11015);
#11010 = CYLINDRICAL_SURFACE('',#11011,2.);
#11011 = AXIS2_PLACEMENT_3D('',#11012,#11013,#11014);
#11012 = CARTESIAN_POINT('',(51.5,22.3,71.7));
#11013 = DIRECTION('',(-0.,-0.,-1.));
#11014 = DIRECTION('',(1.,0.,0.));
#11015 = DEFINITIONAL_REPRESENTATION('',(#11016),#11020);
#11016 = LINE('',#11017,#11018);
#11017 = CARTESIAN_POINT('',(-6.28318530718,-4.5));
#11018 = VECTOR('',#11019,1.);
#11019 = DIRECTION('',(1.,-0.));
#11020 = ( GEOMETRIC_REPRESENTATION_CONTEXT(2) 
PARAMETRIC_REPRESENTATION_CONTEXT() REPRESENTATION_CONTEXT('2D SPACE',''
  ) );
#11021 = FACE_BOUND('',#11022,.T.);
#11022 = EDGE_LOOP('',(#11023));
#11023 = ORIENTED_EDGE('',*,*,#11024,.T.);
#11024 = EDGE_CURVE('',#11025,#11025,#11027,.T.);
#11025 = VERTEX_POINT('',#11026);
#11026 = CARTESIAN_POINT('',(53.5,28.8,76.2));
#11027 = SURFACE_CURVE('',#11028,(#11033,#11044),.PCURVE_S1.);
#11028 = CIRCLE('',#11029,2.);
#11029 = AXIS2_PLACEMENT_3D('',#11030,#11031,#11032);
#11030 = CARTESIAN_POINT('',(51.5,28.8,76.2));
#11031 = DIRECTION('',(0.,0.,-1.));
#11032 = DIRECTION('',(1.,0.,0.));
#11033 = PCURVE('',#10465,#11034);
#11034 = DEFINITIONAL_REPRESENTATION('',(#11035),#11043);
#11035 = ( BOUNDED_CURVE() B_SPLINE_CURVE(2,(#11036,#11037,#11038,#11039
    ,#11040,#11041,#11042),.UNSPECIFIED.,.T.,.F.) 
B_SPLINE_CURVE_WITH_KNOTS((1,2,2,2,2,1),(-2.094395102393,0.,
    2.094395102393,4.188790204786,6.28318530718,8.377580409573),
.UNSPECIFIED.) CURVE() GEOMETRIC_REPRESENTATION_ITEM() 
RATIONAL_B_SPLINE_CURVE((1.,0.5,1.,0.5,1.,0.5,1.)) REPRESENTATION_ITEM(
  '') );
#11036 = CARTESIAN_POINT('',(53.5,28.8));
#11037 = CARTESIAN_POINT('',(53.5,25.335898384862));
#11038 = CARTESIAN_POINT('',(50.5,27.067949192431));
#11039 = CARTESIAN_POINT('',(47.5,28.8));
#11040 = CARTESIAN_POINT('',(50.5,30.532050807569));
#11041 = CARTESIAN_POINT('',(53.5,32.264101615138));
#11042 = CARTESIAN_POINT('',(53.5,28.8));
#11043 = ( GEOMETRIC_REPRESENTATION_CONTEXT(2) 
PARAMETRIC_REPRESENTATION_CONTEXT() REPRESENTATION_CONTEXT('2D SPACE',''
  ) );
#11044 = PCURVE('',#11045,#11050);
#11045 = CYLINDRICAL_SURFACE('',#11046,2.);
#11046 = AXIS2_PLACEMENT_3D('',#11047,#11048,#11049);
#11047 = CARTESIAN_POINT('',(51.5,28.8,71.7));
#11048 = DIRECTION('',(-0.,-0.,-1.));
#11049 = DIRECTION('',(1.,0.,0.));
#11050 = DEFINITIONAL_REPRESENTATION('',(#11051),#11055);
#11051 = LINE('',#11052,#11053);
#11052 = CARTESIAN_POINT('',(-6.28318530718,-4.5));
#11053 = VECTOR('',#11054,1.);
#11054 = DIRECTION('',(1.,-0.));
#11055 = ( GEOMETRIC_REPRESENTATION_CONTEXT(2) 
PARAMETRIC_REPRESENTATION_CONTEXT() REPRESENTATION_CONTEXT('2D SPACE',''
  ) );
#11056 = FACE_BOUND('',#11057,.T.);
#11057 = EDGE_LOOP('',(#11058));
#11058 = ORIENTED_EDGE('',*,*,#11059,.T.);
#11059 = EDGE_CURVE('',#11060,#11060,#11062,.T.);
#11060 = VERTEX_POINT('',#11061);
#11061 = CARTESIAN_POINT('',(60.,22.3,76.2));
#11062 = SURFACE_CURVE('',#11063,(#11068,#11079),.PCURVE_S1.);
#11063 = CIRCLE('',#11064,2.);
#11064 = AXIS2_PLACEMENT_3D('',#11065,#11066,#11067);
#11065 = CARTESIAN_POINT('',(58.,22.3,76.2));
#11066 = DIRECTION('',(0.,0.,-1.));
#11067 = DIRECTION('',(1.,0.,0.));
#11068 = PCURVE('',#10465,#11069);
#11069 = DEFINITIONAL_REPRESENTATION('',(#11070),#11078);
#11070 = ( BOUNDED_CURVE() B_SPLINE_CURVE(2,(#11071,#11072,#11073,#11074
    ,#11075,#11076,#11077),.UNSPECIFIED.,.T.,.F.) 
B_SPLINE_CURVE_WITH_KNOTS((1,2,2,2,2,1),(-2.094395102393,0.,
    2.094395102393,4.188790204786,6.28318530718,8.377580409573),
.UNSPECIFIED.) CURVE() GEOMETRIC_REPRESENTATION_ITEM() 
RATIONAL_B_SPLINE_CURVE((1.,0.5,1.,0.5,1.,0.5,1.)) REPRESENTATION_ITEM(
  '') );
#11071 = CARTESIAN_POINT('',(60.,22.3));
#11072 = CARTESIAN_POINT('',(60.,18.835898384862));
#11073 = CARTESIAN_POINT('',(57.,20.567949192431));
#11074 = CARTESIAN_POINT('',(54.,22.3));
#11075 = CARTESIAN_POINT('',(57.,24.032050807569));
#11076 = CARTESIAN_POINT('',(60.,25.764101615138));
#11077 = CARTESIAN_POINT('',(60.,22.3));
#11078 = ( GEOMETRIC_REPRESENTATION_CONTEXT(2) 
PARAMETRIC_REPRESENTATION_CONTEXT() REPRESENTATION_CONTEXT('2D SPACE',''
  ) );
#11079 = PCURVE('',#11080,#11085);
#11080 = CYLINDRICAL_SURFACE('',#11081,2.);
#11081 = AXIS2_PLACEMENT_3D('',#11082,#11083,#11084);
#11082 = CARTESIAN_POINT('',(58.,22.3,71.7));
#11083 = DIRECTION('',(-0.,-0.,-1.));
#11084 = DIRECTION('',(1.,0.,0.));
#11085 = DEFINITIONAL_REPRESENTATION('',(#11086),#11090);
#11086 = LINE('',#11087,#11088);
#11087 = CARTESIAN_POINT('',(-6.28318530718,-4.5));
#11088 = VECTOR('',#11089,1.);
#11089 = DIRECTION('',(1.,-0.));
#11090 = ( GEOMETRIC_REPRESENTATION_CONTEXT(2) 
PARAMETRIC_REPRESENTATION_CONTEXT() REPRESENTATION_CONTEXT('2D SPACE',''
  ) );
#11091 = FACE_BOUND('',#11092,.T.);
#11092 = EDGE_LOOP('',(#11093));
#11093 = ORIENTED_EDGE('',*,*,#11094,.T.);
#11094 = EDGE_CURVE('',#11095,#11095,#11097,.T.);
#11095 = VERTEX_POINT('',#11096);
#11096 = CARTESIAN_POINT('',(60.,28.8,76.2));
#11097 = SURFACE_CURVE('',#11098,(#11103,#11114),.PCURVE_S1.);
#11098 = CIRCLE('',#11099,2.);
#11099 = AXIS2_PLACEMENT_3D('',#11100,#11101,#11102);
#11100 = CARTESIAN_POINT('',(58.,28.8,76.2));
#11101 = DIRECTION('',(0.,0.,-1.));
#11102 = DIRECTION('',(1.,0.,0.));
#11103 = PCURVE('',#10465,#11104);
#11104 = DEFINITIONAL_REPRESENTATION('',(#11105),#11113);
#11105 = ( BOUNDED_CURVE() B_SPLINE_CURVE(2,(#11106,#11107,#11108,#11109
    ,#11110,#11111,#11112),.UNSPECIFIED.,.T.,.F.) 
B_SPLINE_CURVE_WITH_KNOTS((1,2,2,2,2,1),(-2.094395102393,0.,
    2.094395102393,4.188790204786,6.28318530718,8.377580409573),
.UNSPECIFIED.) CURVE() GEOMETRIC_REPRESENTATION_ITEM() 
RATIONAL_B_SPLINE_CURVE((1.,0.5,1.,0.5,1.,0.5,1.)) REPRESENTATION_ITEM(
  '') );
#11106 = CARTESIAN_POINT('',(60.,28.8));
#11107 = CARTESIAN_POINT('',(60.,25.335898384862));
#11108 = CARTESIAN_POINT('',(57.,27.067949192431));
#11109 = CARTESIAN_POINT('',(54.,28.8));
#11110 = CARTESIAN_POINT('',(57.,30.532050807569));
#11111 = CARTESIAN_POINT('',(60.,32.264101615138));
#11112 = CARTESIAN_POINT('',(60.,28.8));
#11113 = ( GEOMETRIC_REPRESENTATION_CONTEXT(2) 
PARAMETRIC_REPRESENTATION_CONTEXT() REPRESENTATION_CONTEXT('2D SPACE',''
  ) );
#11114 = PCURVE('',#11115,#11120);
#11115 = CYLINDRICAL_SURFACE('',#11116,2.);
#11116 = AXIS2_PLACEMENT_3D('',#11117,#11118,#11119);
#11117 = CARTESIAN_POINT('',(58.,28.8,71.7));
#11118 = DIRECTION('',(-0.,-0.,-1.));
#11119 = DIRECTION('',(1.,0.,0.));
#11120 = DEFINITIONAL_REPRESENTATION('',(#11121),#11125);
#11121 = LINE('',#11122,#11123);
#11122 = CARTESIAN_POINT('',(-6.28318530718,-4.5));
#11123 = VECTOR('',#11124,1.);
#11124 = DIRECTION('',(1.,-0.));
#11125 = ( GEOMETRIC_REPRESENTATION_CONTEXT(2) 
PARAMETRIC_REPRESENTATION_CONTEXT() REPRESENTATION_CONTEXT('2D SPACE',''
  ) );
#11126 = FACE_BOUND('',#11127,.T.);
#11127 = EDGE_LOOP('',(#11128));
#11128 = ORIENTED_EDGE('',*,*,#11129,.T.);
#11129 = EDGE_CURVE('',#11130,#11130,#11132,.T.);
#11130 = VERTEX_POINT('',#11131);
#11131 = CARTESIAN_POINT('',(66.5,22.3,76.2));
#11132 = SURFACE_CURVE('',#11133,(#11138,#11149),.PCURVE_S1.);
#11133 = CIRCLE('',#11134,2.);
#11134 = AXIS2_PLACEMENT_3D('',#11135,#11136,#11137);
#11135 = CARTESIAN_POINT('',(64.5,22.3,76.2));
#11136 = DIRECTION('',(0.,0.,-1.));
#11137 = DIRECTION('',(1.,0.,0.));
#11138 = PCURVE('',#10465,#11139);
#11139 = DEFINITIONAL_REPRESENTATION('',(#11140),#11148);
#11140 = ( BOUNDED_CURVE() B_SPLINE_CURVE(2,(#11141,#11142,#11143,#11144
    ,#11145,#11146,#11147),.UNSPECIFIED.,.T.,.F.) 
B_SPLINE_CURVE_WITH_KNOTS((1,2,2,2,2,1),(-2.094395102393,0.,
    2.094395102393,4.188790204786,6.28318530718,8.377580409573),
.UNSPECIFIED.) CURVE() GEOMETRIC_REPRESENTATION_ITEM() 
RATIONAL_B_SPLINE_CURVE((1.,0.5,1.,0.5,1.,0.5,1.)) REPRESENTATION_ITEM(
  '') );
#11141 = CARTESIAN_POINT('',(66.5,22.3));
#11142 = CARTESIAN_POINT('',(66.5,18.835898384862));
#11143 = CARTESIAN_POINT('',(63.5,20.567949192431));
#11144 = CARTESIAN_POINT('',(60.5,22.3));
#11145 = CARTESIAN_POINT('',(63.5,24.032050807569));
#11146 = CARTESIAN_POINT('',(66.5,25.764101615138));
#11147 = CARTESIAN_POINT('',(66.5,22.3));
#11148 = ( GEOMETRIC_REPRESENTATION_CONTEXT(2) 
PARAMETRIC_REPRESENTATION_CONTEXT() REPRESENTATION_CONTEXT('2D SPACE',''
  ) );
#11149 = PCURVE('',#11150,#11155);
#11150 = CYLINDRICAL_SURFACE('',#11151,2.);
#11151 = AXIS2_PLACEMENT_3D('',#11152,#11153,#11154);
#11152 = CARTESIAN_POINT('',(64.5,22.3,71.7));
#11153 = DIRECTION('',(-0.,-0.,-1.));
#11154 = DIRECTION('',(1.,0.,0.));
#11155 = DEFINITIONAL_REPRESENTATION('',(#11156),#11160);
#11156 = LINE('',#11157,#11158);
#11157 = CARTESIAN_POINT('',(-6.28318530718,-4.5));
#11158 = VECTOR('',#11159,1.);
#11159 = DIRECTION('',(1.,-0.));
#11160 = ( GEOMETRIC_REPRESENTATION_CONTEXT(2) 
PARAMETRIC_REPRESENTATION_CONTEXT() REPRESENTATION_CONTEXT('2D SPACE',''
  ) );
#11161 = FACE_BOUND('',#11162,.T.);
#11162 = EDGE_LOOP('',(#11163));
#11163 = ORIENTED_EDGE('',*,*,#11164,.T.);
#11164 = EDGE_CURVE('',#11165,#11165,#11167,.T.);
#11165 = VERTEX_POINT('',#11166);
#11166 = CARTESIAN_POINT('',(66.5,28.8,76.2));
#11167 = SURFACE_CURVE('',#11168,(#11173,#11184),.PCURVE_S1.);
#11168 = CIRCLE('',#11169,2.);
#11169 = AXIS2_PLACEMENT_3D('',#11170,#11171,#11172);
#11170 = CARTESIAN_POINT('',(64.5,28.8,76.2));
#11171 = DIRECTION('',(0.,0.,-1.));
#11172 = DIRECTION('',(1.,0.,0.));
#11173 = PCURVE('',#10465,#11174);
#11174 = DEFINITIONAL_REPRESENTATION('',(#11175),#11183);
#11175 = ( BOUNDED_CURVE() B_SPLINE_CURVE(2,(#11176,#11177,#11178,#11179
    ,#11180,#11181,#11182),.UNSPECIFIED.,.T.,.F.) 
B_SPLINE_CURVE_WITH_KNOTS((1,2,2,2,2,1),(-2.094395102393,0.,
    2.094395102393,4.188790204786,6.28318530718,8.377580409573),
.UNSPECIFIED.) CURVE() GEOMETRIC_REPRESENTATION_ITEM() 
RATIONAL_B_SPLINE_CURVE((1.,0.5,1.,0.5,1.,0.5,1.)) REPRESENTATION_ITEM(
  '') );
#11176 = CARTESIAN_POINT('',(66.5,28.8));
#11177 = CARTESIAN_POINT('',(66.5,25.335898384862));
#11178 = CARTESIAN_POINT('',(63.5,27.067949192431));
#11179 = CARTESIAN_POINT('',(60.5,28.8));
#11180 = CARTESIAN_POINT('',(63.5,30.532050807569));
#11181 = CARTESIAN_POINT('',(66.5,32.264101615138));
#11182 = CARTESIAN_POINT('',(66.5,28.8));
#11183 = ( GEOMETRIC_REPRESENTATION_CONTEXT(2) 
PARAMETRIC_REPRESENTATION_CONTEXT() REPRESENTATION_CONTEXT('2D SPACE',''
  ) );
#11184 = PCURVE('',#11185,#11190);
#11185 = CYLINDRICAL_SURFACE('',#11186,2.);
#11186 = AXIS2_PLACEMENT_3D('',#11187,#11188,#11189);
#11187 = CARTESIAN_POINT('',(64.5,28.8,71.7));
#11188 = DIRECTION('',(-0.,-0.,-1.));
#11189 = DIRECTION('',(1.,0.,0.));
#11190 = DEFINITIONAL_REPRESENTATION('',(#11191),#11195);
#11191 = LINE('',#11192,#11193);
#11192 = CARTESIAN_POINT('',(-6.28318530718,-4.5));
#11193 = VECTOR('',#11194,1.);
#11194 = DIRECTION('',(1.,-0.));
#11195 = ( GEOMETRIC_REPRESENTATION_CONTEXT(2) 
PARAMETRIC_REPRESENTATION_CONTEXT() REPRESENTATION_CONTEXT('2D SPACE',''
  ) );
#11196 = FACE_BOUND('',#11197,.T.);
#11197 = EDGE_LOOP('',(#11198));
#11198 = ORIENTED_EDGE('',*,*,#11199,.T.);
#11199 = EDGE_CURVE('',#11200,#11200,#11202,.T.);
#11200 = VERTEX_POINT('',#11201);
#11201 = CARTESIAN_POINT('',(95.5,4.,76.2));
#11202 = SURFACE_CURVE('',#11203,(#11208,#11219),.PCURVE_S1.);
#11203 = CIRCLE('',#11204,2.5);
#11204 = AXIS2_PLACEMENT_3D('',#11205,#11206,#11207);
#11205 = CARTESIAN_POINT('',(93.,4.,76.2));
#11206 = DIRECTION('',(0.,0.,-1.));
#11207 = DIRECTION('',(1.,0.,0.));
#11208 = PCURVE('',#10465,#11209);
#11209 = DEFINITIONAL_REPRESENTATION('',(#11210),#11218);
#11210 = ( BOUNDED_CURVE() B_SPLINE_CURVE(2,(#11211,#11212,#11213,#11214
    ,#11215,#11216,#11217),.UNSPECIFIED.,.T.,.F.) 
B_SPLINE_CURVE_WITH_KNOTS((1,2,2,2,2,1),(-2.094395102393,0.,
    2.094395102393,4.188790204786,6.28318530718,8.377580409573),
.UNSPECIFIED.) CURVE() GEOMETRIC_REPRESENTATION_ITEM() 
RATIONAL_B_SPLINE_CURVE((1.,0.5,1.,0.5,1.,0.5,1.)) REPRESENTATION_ITEM(
  '') );
#11211 = CARTESIAN_POINT('',(95.5,4.));
#11212 = CARTESIAN_POINT('',(95.5,-0.330127018922));
#11213 = CARTESIAN_POINT('',(91.75,1.834936490539));
#11214 = CARTESIAN_POINT('',(88.,4.));
#11215 = CARTESIAN_POINT('',(91.75,6.165063509461));
#11216 = CARTESIAN_POINT('',(95.5,8.330127018922));
#11217 = CARTESIAN_POINT('',(95.5,4.));
#11218 = ( GEOMETRIC_REPRESENTATION_CONTEXT(2) 
PARAMETRIC_REPRESENTATION_CONTEXT() REPRESENTATION_CONTEXT('2D SPACE',''
  ) );
#11219 = PCURVE('',#11220,#11225);
#11220 = CYLINDRICAL_SURFACE('',#11221,2.5);
#11221 = AXIS2_PLACEMENT_3D('',#11222,#11223,#11224);
#11222 = CARTESIAN_POINT('',(93.,4.,73.6));
#11223 = DIRECTION('',(-0.,-0.,-1.));
#11224 = DIRECTION('',(1.,0.,0.));
#11225 = DEFINITIONAL_REPRESENTATION('',(#11226),#11230);
#11226 = LINE('',#11227,#11228);
#11227 = CARTESIAN_POINT('',(-6.28318530718,-2.6));
#11228 = VECTOR('',#11229,1.);
#11229 = DIRECTION('',(1.,-0.));
#11230 = ( GEOMETRIC_REPRESENTATION_CONTEXT(2) 
PARAMETRIC_REPRESENTATION_CONTEXT() REPRESENTATION_CONTEXT('2D SPACE',''
  ) );
#11231 = FACE_BOUND('',#11232,.T.);
#11232 = EDGE_LOOP('',(#11233));
#11233 = ORIENTED_EDGE('',*,*,#11234,.T.);
#11234 = EDGE_CURVE('',#11235,#11235,#11237,.T.);
#11235 = VERTEX_POINT('',#11236);
#11236 = CARTESIAN_POINT('',(53.5,35.3,76.2));
#11237 = SURFACE_CURVE('',#11238,(#11243,#11254),.PCURVE_S1.);
#11238 = CIRCLE('',#11239,2.);
#11239 = AXIS2_PLACEMENT_3D('',#11240,#11241,#11242);
#11240 = CARTESIAN_POINT('',(51.5,35.3,76.2));
#11241 = DIRECTION('',(0.,0.,-1.));
#11242 = DIRECTION('',(1.,0.,0.));
#11243 = PCURVE('',#10465,#11244);
#11244 = DEFINITIONAL_REPRESENTATION('',(#11245),#11253);
#11245 = ( BOUNDED_CURVE() B_SPLINE_CURVE(2,(#11246,#11247,#11248,#11249
    ,#11250,#11251,#11252),.UNSPECIFIED.,.T.,.F.) 
B_SPLINE_CURVE_WITH_KNOTS((1,2,2,2,2,1),(-2.094395102393,0.,
    2.094395102393,4.188790204786,6.28318530718,8.377580409573),
.UNSPECIFIED.) CURVE() GEOMETRIC_REPRESENTATION_ITEM() 
RATIONAL_B_SPLINE_CURVE((1.,0.5,1.,0.5,1.,0.5,1.)) REPRESENTATION_ITEM(
  '') );
#11246 = CARTESIAN_POINT('',(53.5,35.3));
#11247 = CARTESIAN_POINT('',(53.5,31.835898384862));
#11248 = CARTESIAN_POINT('',(50.5,33.567949192431));
#11249 = CARTESIAN_POINT('',(47.5,35.3));
#11250 = CARTESIAN_POINT('',(50.5,37.032050807569));
#11251 = CARTESIAN_POINT('',(53.5,38.764101615138));
#11252 = CARTESIAN_POINT('',(53.5,35.3));
#11253 = ( GEOMETRIC_REPRESENTATION_CONTEXT(2) 
PARAMETRIC_REPRESENTATION_CONTEXT() REPRESENTATION_CONTEXT('2D SPACE',''
  ) );
#11254 = PCURVE('',#11255,#11260);
#11255 = CYLINDRICAL_SURFACE('',#11256,2.);
#11256 = AXIS2_PLACEMENT_3D('',#11257,#11258,#11259);
#11257 = CARTESIAN_POINT('',(51.5,35.3,71.7));
#11258 = DIRECTION('',(-0.,-0.,-1.));
#11259 = DIRECTION('',(1.,0.,0.));
#11260 = DEFINITIONAL_REPRESENTATION('',(#11261),#11265);
#11261 = LINE('',#11262,#11263);
#11262 = CARTESIAN_POINT('',(-6.28318530718,-4.5));
#11263 = VECTOR('',#11264,1.);
#11264 = DIRECTION('',(1.,-0.));
#11265 = ( GEOMETRIC_REPRESENTATION_CONTEXT(2) 
PARAMETRIC_REPRESENTATION_CONTEXT() REPRESENTATION_CONTEXT('2D SPACE',''
  ) );
#11266 = FACE_BOUND('',#11267,.T.);
#11267 = EDGE_LOOP('',(#11268));
#11268 = ORIENTED_EDGE('',*,*,#11269,.T.);
#11269 = EDGE_CURVE('',#11270,#11270,#11272,.T.);
#11270 = VERTEX_POINT('',#11271);
#11271 = CARTESIAN_POINT('',(60.,35.3,76.2));
#11272 = SURFACE_CURVE('',#11273,(#11278,#11289),.PCURVE_S1.);
#11273 = CIRCLE('',#11274,2.);
#11274 = AXIS2_PLACEMENT_3D('',#11275,#11276,#11277);
#11275 = CARTESIAN_POINT('',(58.,35.3,76.2));
#11276 = DIRECTION('',(0.,0.,-1.));
#11277 = DIRECTION('',(1.,0.,0.));
#11278 = PCURVE('',#10465,#11279);
#11279 = DEFINITIONAL_REPRESENTATION('',(#11280),#11288);
#11280 = ( BOUNDED_CURVE() B_SPLINE_CURVE(2,(#11281,#11282,#11283,#11284
    ,#11285,#11286,#11287),.UNSPECIFIED.,.T.,.F.) 
B_SPLINE_CURVE_WITH_KNOTS((1,2,2,2,2,1),(-2.094395102393,0.,
    2.094395102393,4.188790204786,6.28318530718,8.377580409573),
.UNSPECIFIED.) CURVE() GEOMETRIC_REPRESENTATION_ITEM() 
RATIONAL_B_SPLINE_CURVE((1.,0.5,1.,0.5,1.,0.5,1.)) REPRESENTATION_ITEM(
  '') );
#11281 = CARTESIAN_POINT('',(60.,35.3));
#11282 = CARTESIAN_POINT('',(60.,31.835898384862));
#11283 = CARTESIAN_POINT('',(57.,33.567949192431));
#11284 = CARTESIAN_POINT('',(54.,35.3));
#11285 = CARTESIAN_POINT('',(57.,37.032050807569));
#11286 = CARTESIAN_POINT('',(60.,38.764101615138));
#11287 = CARTESIAN_POINT('',(60.,35.3));
#11288 = ( GEOMETRIC_REPRESENTATION_CONTEXT(2) 
PARAMETRIC_REPRESENTATION_CONTEXT() REPRESENTATION_CONTEXT('2D SPACE',''
  ) );
#11289 = PCURVE('',#11290,#11295);
#11290 = CYLINDRICAL_SURFACE('',#11291,2.);
#11291 = AXIS2_PLACEMENT_3D('',#11292,#11293,#11294);
#11292 = CARTESIAN_POINT('',(58.,35.3,71.7));
#11293 = DIRECTION('',(-0.,-0.,-1.));
#11294 = DIRECTION('',(1.,0.,0.));
#11295 = DEFINITIONAL_REPRESENTATION('',(#11296),#11300);
#11296 = LINE('',#11297,#11298);
#11297 = CARTESIAN_POINT('',(-6.28318530718,-4.5));
#11298 = VECTOR('',#11299,1.);
#11299 = DIRECTION('',(1.,-0.));
#11300 = ( GEOMETRIC_REPRESENTATION_CONTEXT(2) 
PARAMETRIC_REPRESENTATION_CONTEXT() REPRESENTATION_CONTEXT('2D SPACE',''
  ) );
#11301 = FACE_BOUND('',#11302,.T.);
#11302 = EDGE_LOOP('',(#11303));
#11303 = ORIENTED_EDGE('',*,*,#11304,.T.);
#11304 = EDGE_CURVE('',#11305,#11305,#11307,.T.);
#11305 = VERTEX_POINT('',#11306);
#11306 = CARTESIAN_POINT('',(53.5,41.8,76.2));
#11307 = SURFACE_CURVE('',#11308,(#11313,#11324),.PCURVE_S1.);
#11308 = CIRCLE('',#11309,2.);
#11309 = AXIS2_PLACEMENT_3D('',#11310,#11311,#11312);
#11310 = CARTESIAN_POINT('',(51.5,41.8,76.2));
#11311 = DIRECTION('',(0.,0.,-1.));
#11312 = DIRECTION('',(1.,0.,0.));
#11313 = PCURVE('',#10465,#11314);
#11314 = DEFINITIONAL_REPRESENTATION('',(#11315),#11323);
#11315 = ( BOUNDED_CURVE() B_SPLINE_CURVE(2,(#11316,#11317,#11318,#11319
    ,#11320,#11321,#11322),.UNSPECIFIED.,.T.,.F.) 
B_SPLINE_CURVE_WITH_KNOTS((1,2,2,2,2,1),(-2.094395102393,0.,
    2.094395102393,4.188790204786,6.28318530718,8.377580409573),
.UNSPECIFIED.) CURVE() GEOMETRIC_REPRESENTATION_ITEM() 
RATIONAL_B_SPLINE_CURVE((1.,0.5,1.,0.5,1.,0.5,1.)) REPRESENTATION_ITEM(
  '') );
#11316 = CARTESIAN_POINT('',(53.5,41.8));
#11317 = CARTESIAN_POINT('',(53.5,38.335898384862));
#11318 = CARTESIAN_POINT('',(50.5,40.067949192431));
#11319 = CARTESIAN_POINT('',(47.5,41.8));
#11320 = CARTESIAN_POINT('',(50.5,43.532050807569));
#11321 = CARTESIAN_POINT('',(53.5,45.264101615138));
#11322 = CARTESIAN_POINT('',(53.5,41.8));
#11323 = ( GEOMETRIC_REPRESENTATION_CONTEXT(2) 
PARAMETRIC_REPRESENTATION_CONTEXT() REPRESENTATION_CONTEXT('2D SPACE',''
  ) );
#11324 = PCURVE('',#11325,#11330);
#11325 = CYLINDRICAL_SURFACE('',#11326,2.);
#11326 = AXIS2_PLACEMENT_3D('',#11327,#11328,#11329);
#11327 = CARTESIAN_POINT('',(51.5,41.8,71.7));
#11328 = DIRECTION('',(-0.,-0.,-1.));
#11329 = DIRECTION('',(1.,0.,0.));
#11330 = DEFINITIONAL_REPRESENTATION('',(#11331),#11335);
#11331 = LINE('',#11332,#11333);
#11332 = CARTESIAN_POINT('',(-6.28318530718,-4.5));
#11333 = VECTOR('',#11334,1.);
#11334 = DIRECTION('',(1.,-0.));
#11335 = ( GEOMETRIC_REPRESENTATION_CONTEXT(2) 
PARAMETRIC_REPRESENTATION_CONTEXT() REPRESENTATION_CONTEXT('2D SPACE',''
  ) );
#11336 = FACE_BOUND('',#11337,.T.);
#11337 = EDGE_LOOP('',(#11338));
#11338 = ORIENTED_EDGE('',*,*,#11339,.T.);
#11339 = EDGE_CURVE('',#11340,#11340,#11342,.T.);
#11340 = VERTEX_POINT('',#11341);
#11341 = CARTESIAN_POINT('',(60.,41.8,76.2));
#11342 = SURFACE_CURVE('',#11343,(#11348,#11359),.PCURVE_S1.);
#11343 = CIRCLE('',#11344,2.);
#11344 = AXIS2_PLACEMENT_3D('',#11345,#11346,#11347);
#11345 = CARTESIAN_POINT('',(58.,41.8,76.2));
#11346 = DIRECTION('',(0.,0.,-1.));
#11347 = DIRECTION('',(1.,0.,0.));
#11348 = PCURVE('',#10465,#11349);
#11349 = DEFINITIONAL_REPRESENTATION('',(#11350),#11358);
#11350 = ( BOUNDED_CURVE() B_SPLINE_CURVE(2,(#11351,#11352,#11353,#11354
    ,#11355,#11356,#11357),.UNSPECIFIED.,.T.,.F.) 
B_SPLINE_CURVE_WITH_KNOTS((1,2,2,2,2,1),(-2.094395102393,0.,
    2.094395102393,4.188790204786,6.28318530718,8.377580409573),
.UNSPECIFIED.) CURVE() GEOMETRIC_REPRESENTATION_ITEM() 
RATIONAL_B_SPLINE_CURVE((1.,0.5,1.,0.5,1.,0.5,1.)) REPRESENTATION_ITEM(
  '') );
#11351 = CARTESIAN_POINT('',(60.,41.8));
#11352 = CARTESIAN_POINT('',(60.,38.335898384862));
#11353 = CARTESIAN_POINT('',(57.,40.067949192431));
#11354 = CARTESIAN_POINT('',(54.,41.8));
#11355 = CARTESIAN_POINT('',(57.,43.532050807569));
#11356 = CARTESIAN_POINT('',(60.,45.264101615138));
#11357 = CARTESIAN_POINT('',(60.,41.8));
#11358 = ( GEOMETRIC_REPRESENTATION_CONTEXT(2) 
PARAMETRIC_REPRESENTATION_CONTEXT() REPRESENTATION_CONTEXT('2D SPACE',''
  ) );
#11359 = PCURVE('',#11360,#11365);
#11360 = CYLINDRICAL_SURFACE('',#11361,2.);
#11361 = AXIS2_PLACEMENT_3D('',#11362,#11363,#11364);
#11362 = CARTESIAN_POINT('',(58.,41.8,71.7));
#11363 = DIRECTION('',(-0.,-0.,-1.));
#11364 = DIRECTION('',(1.,0.,0.));
#11365 = DEFINITIONAL_REPRESENTATION('',(#11366),#11370);
#11366 = LINE('',#11367,#11368);
#11367 = CARTESIAN_POINT('',(-6.28318530718,-4.5));
#11368 = VECTOR('',#11369,1.);
#11369 = DIRECTION('',(1.,-0.));
#11370 = ( GEOMETRIC_REPRESENTATION_CONTEXT(2) 
PARAMETRIC_REPRESENTATION_CONTEXT() REPRESENTATION_CONTEXT('2D SPACE',''
  ) );
#11371 = FACE_BOUND('',#11372,.T.);
#11372 = EDGE_LOOP('',(#11373));
#11373 = ORIENTED_EDGE('',*,*,#11374,.T.);
#11374 = EDGE_CURVE('',#11375,#11375,#11377,.T.);
#11375 = VERTEX_POINT('',#11376);
#11376 = CARTESIAN_POINT('',(66.5,35.3,76.2));
#11377 = SURFACE_CURVE('',#11378,(#11383,#11394),.PCURVE_S1.);
#11378 = CIRCLE('',#11379,2.);
#11379 = AXIS2_PLACEMENT_3D('',#11380,#11381,#11382);
#11380 = CARTESIAN_POINT('',(64.5,35.3,76.2));
#11381 = DIRECTION('',(0.,0.,-1.));
#11382 = DIRECTION('',(1.,0.,0.));
#11383 = PCURVE('',#10465,#11384);
#11384 = DEFINITIONAL_REPRESENTATION('',(#11385),#11393);
#11385 = ( BOUNDED_CURVE() B_SPLINE_CURVE(2,(#11386,#11387,#11388,#11389
    ,#11390,#11391,#11392),.UNSPECIFIED.,.T.,.F.) 
B_SPLINE_CURVE_WITH_KNOTS((1,2,2,2,2,1),(-2.094395102393,0.,
    2.094395102393,4.188790204786,6.28318530718,8.377580409573),
.UNSPECIFIED.) CURVE() GEOMETRIC_REPRESENTATION_ITEM() 
RATIONAL_B_SPLINE_CURVE((1.,0.5,1.,0.5,1.,0.5,1.)) REPRESENTATION_ITEM(
  '') );
#11386 = CARTESIAN_POINT('',(66.5,35.3));
#11387 = CARTESIAN_POINT('',(66.5,31.835898384862));
#11388 = CARTESIAN_POINT('',(63.5,33.567949192431));
#11389 = CARTESIAN_POINT('',(60.5,35.3));
#11390 = CARTESIAN_POINT('',(63.5,37.032050807569));
#11391 = CARTESIAN_POINT('',(66.5,38.764101615138));
#11392 = CARTESIAN_POINT('',(66.5,35.3));
#11393 = ( GEOMETRIC_REPRESENTATION_CONTEXT(2) 
PARAMETRIC_REPRESENTATION_CONTEXT() REPRESENTATION_CONTEXT('2D SPACE',''
  ) );
#11394 = PCURVE('',#11395,#11400);
#11395 = CYLINDRICAL_SURFACE('',#11396,2.);
#11396 = AXIS2_PLACEMENT_3D('',#11397,#11398,#11399);
#11397 = CARTESIAN_POINT('',(64.5,35.3,71.7));
#11398 = DIRECTION('',(-0.,-0.,-1.));
#11399 = DIRECTION('',(1.,0.,0.));
#11400 = DEFINITIONAL_REPRESENTATION('',(#11401),#11405);
#11401 = LINE('',#11402,#11403);
#11402 = CARTESIAN_POINT('',(-6.28318530718,-4.5));
#11403 = VECTOR('',#11404,1.);
#11404 = DIRECTION('',(1.,-0.));
#11405 = ( GEOMETRIC_REPRESENTATION_CONTEXT(2) 
PARAMETRIC_REPRESENTATION_CONTEXT() REPRESENTATION_CONTEXT('2D SPACE',''
  ) );
#11406 = FACE_BOUND('',#11407,.T.);
#11407 = EDGE_LOOP('',(#11408));
#11408 = ORIENTED_EDGE('',*,*,#11409,.T.);
#11409 = EDGE_CURVE('',#11410,#11410,#11412,.T.);
#11410 = VERTEX_POINT('',#11411);
#11411 = CARTESIAN_POINT('',(66.5,41.8,76.2));
#11412 = SURFACE_CURVE('',#11413,(#11418,#11429),.PCURVE_S1.);
#11413 = CIRCLE('',#11414,2.);
#11414 = AXIS2_PLACEMENT_3D('',#11415,#11416,#11417);
#11415 = CARTESIAN_POINT('',(64.5,41.8,76.2));
#11416 = DIRECTION('',(0.,0.,-1.));
#11417 = DIRECTION('',(1.,0.,0.));
#11418 = PCURVE('',#10465,#11419);
#11419 = DEFINITIONAL_REPRESENTATION('',(#11420),#11428);
#11420 = ( BOUNDED_CURVE() B_SPLINE_CURVE(2,(#11421,#11422,#11423,#11424
    ,#11425,#11426,#11427),.UNSPECIFIED.,.T.,.F.) 
B_SPLINE_CURVE_WITH_KNOTS((1,2,2,2,2,1),(-2.094395102393,0.,
    2.094395102393,4.188790204786,6.28318530718,8.377580409573),
.UNSPECIFIED.) CURVE() GEOMETRIC_REPRESENTATION_ITEM() 
RATIONAL_B_SPLINE_CURVE((1.,0.5,1.,0.5,1.,0.5,1.)) REPRESENTATION_ITEM(
  '') );
#11421 = CARTESIAN_POINT('',(66.5,41.8));
#11422 = CARTESIAN_POINT('',(66.5,38.335898384862));
#11423 = CARTESIAN_POINT('',(63.5,40.067949192431));
#11424 = CARTESIAN_POINT('',(60.5,41.8));
#11425 = CARTESIAN_POINT('',(63.5,43.532050807569));
#11426 = CARTESIAN_POINT('',(66.5,45.264101615138));
#11427 = CARTESIAN_POINT('',(66.5,41.8));
#11428 = ( GEOMETRIC_REPRESENTATION_CONTEXT(2) 
PARAMETRIC_REPRESENTATION_CONTEXT() REPRESENTATION_CONTEXT('2D SPACE',''
  ) );
#11429 = PCURVE('',#11430,#11435);
#11430 = CYLINDRICAL_SURFACE('',#11431,2.);
#11431 = AXIS2_PLACEMENT_3D('',#11432,#11433,#11434);
#11432 = CARTESIAN_POINT('',(64.5,41.8,71.7));
#11433 = DIRECTION('',(-0.,-0.,-1.));
#11434 = DIRECTION('',(1.,0.,0.));
#11435 = DEFINITIONAL_REPRESENTATION('',(#11436),#11440);
#11436 = LINE('',#11437,#11438);
#11437 = CARTESIAN_POINT('',(-6.28318530718,-4.5));
#11438 = VECTOR('',#11439,1.);
#11439 = DIRECTION('',(1.,-0.));
#11440 = ( GEOMETRIC_REPRESENTATION_CONTEXT(2) 
PARAMETRIC_REPRESENTATION_CONTEXT() REPRESENTATION_CONTEXT('2D SPACE',''
  ) );
#11441 = FACE_BOUND('',#11442,.T.);
#11442 = EDGE_LOOP('',(#11443));
#11443 = ORIENTED_EDGE('',*,*,#11444,.T.);
#11444 = EDGE_CURVE('',#11445,#11445,#11447,.T.);
#11445 = VERTEX_POINT('',#11446);
#11446 = CARTESIAN_POINT('',(53.5,48.3,76.2));
#11447 = SURFACE_CURVE('',#11448,(#11453,#11464),.PCURVE_S1.);
#11448 = CIRCLE('',#11449,2.);
#11449 = AXIS2_PLACEMENT_3D('',#11450,#11451,#11452);
#11450 = CARTESIAN_POINT('',(51.5,48.3,76.2));
#11451 = DIRECTION('',(0.,0.,-1.));
#11452 = DIRECTION('',(1.,0.,0.));
#11453 = PCURVE('',#10465,#11454);
#11454 = DEFINITIONAL_REPRESENTATION('',(#11455),#11463);
#11455 = ( BOUNDED_CURVE() B_SPLINE_CURVE(2,(#11456,#11457,#11458,#11459
    ,#11460,#11461,#11462),.UNSPECIFIED.,.T.,.F.) 
B_SPLINE_CURVE_WITH_KNOTS((1,2,2,2,2,1),(-2.094395102393,0.,
    2.094395102393,4.188790204786,6.28318530718,8.377580409573),
.UNSPECIFIED.) CURVE() GEOMETRIC_REPRESENTATION_ITEM() 
RATIONAL_B_SPLINE_CURVE((1.,0.5,1.,0.5,1.,0.5,1.)) REPRESENTATION_ITEM(
  '') );
#11456 = CARTESIAN_POINT('',(53.5,48.3));
#11457 = CARTESIAN_POINT('',(53.5,44.835898384862));
#11458 = CARTESIAN_POINT('',(50.5,46.567949192431));
#11459 = CARTESIAN_POINT('',(47.5,48.3));
#11460 = CARTESIAN_POINT('',(50.5,50.032050807569));
#11461 = CARTESIAN_POINT('',(53.5,51.764101615138));
#11462 = CARTESIAN_POINT('',(53.5,48.3));
#11463 = ( GEOMETRIC_REPRESENTATION_CONTEXT(2) 
PARAMETRIC_REPRESENTATION_CONTEXT() REPRESENTATION_CONTEXT('2D SPACE',''
  ) );
#11464 = PCURVE('',#11465,#11470);
#11465 = CYLINDRICAL_SURFACE('',#11466,2.);
#11466 = AXIS2_PLACEMENT_3D('',#11467,#11468,#11469);
#11467 = CARTESIAN_POINT('',(51.5,48.3,71.7));
#11468 = DIRECTION('',(-0.,-0.,-1.));
#11469 = DIRECTION('',(1.,0.,0.));
#11470 = DEFINITIONAL_REPRESENTATION('',(#11471),#11475);
#11471 = LINE('',#11472,#11473);
#11472 = CARTESIAN_POINT('',(-6.28318530718,-4.5));
#11473 = VECTOR('',#11474,1.);
#11474 = DIRECTION('',(1.,-0.));
#11475 = ( GEOMETRIC_REPRESENTATION_CONTEXT(2) 
PARAMETRIC_REPRESENTATION_CONTEXT() REPRESENTATION_CONTEXT('2D SPACE',''
  ) );
#11476 = FACE_BOUND('',#11477,.T.);
#11477 = EDGE_LOOP('',(#11478));
#11478 = ORIENTED_EDGE('',*,*,#11479,.T.);
#11479 = EDGE_CURVE('',#11480,#11480,#11482,.T.);
#11480 = VERTEX_POINT('',#11481);
#11481 = CARTESIAN_POINT('',(60.,48.3,76.2));
#11482 = SURFACE_CURVE('',#11483,(#11488,#11499),.PCURVE_S1.);
#11483 = CIRCLE('',#11484,2.);
#11484 = AXIS2_PLACEMENT_3D('',#11485,#11486,#11487);
#11485 = CARTESIAN_POINT('',(58.,48.3,76.2));
#11486 = DIRECTION('',(0.,0.,-1.));
#11487 = DIRECTION('',(1.,0.,0.));
#11488 = PCURVE('',#10465,#11489);
#11489 = DEFINITIONAL_REPRESENTATION('',(#11490),#11498);
#11490 = ( BOUNDED_CURVE() B_SPLINE_CURVE(2,(#11491,#11492,#11493,#11494
    ,#11495,#11496,#11497),.UNSPECIFIED.,.T.,.F.) 
B_SPLINE_CURVE_WITH_KNOTS((1,2,2,2,2,1),(-2.094395102393,0.,
    2.094395102393,4.188790204786,6.28318530718,8.377580409573),
.UNSPECIFIED.) CURVE() GEOMETRIC_REPRESENTATION_ITEM() 
RATIONAL_B_SPLINE_CURVE((1.,0.5,1.,0.5,1.,0.5,1.)) REPRESENTATION_ITEM(
  '') );
#11491 = CARTESIAN_POINT('',(60.,48.3));
#11492 = CARTESIAN_POINT('',(60.,44.835898384862));
#11493 = CARTESIAN_POINT('',(57.,46.567949192431));
#11494 = CARTESIAN_POINT('',(54.,48.3));
#11495 = CARTESIAN_POINT('',(57.,50.032050807569));
#11496 = CARTESIAN_POINT('',(60.,51.764101615138));
#11497 = CARTESIAN_POINT('',(60.,48.3));
#11498 = ( GEOMETRIC_REPRESENTATION_CONTEXT(2) 
PARAMETRIC_REPRESENTATION_CONTEXT() REPRESENTATION_CONTEXT('2D SPACE',''
  ) );
#11499 = PCURVE('',#11500,#11505);
#11500 = CYLINDRICAL_SURFACE('',#11501,2.);
#11501 = AXIS2_PLACEMENT_3D('',#11502,#11503,#11504);
#11502 = CARTESIAN_POINT('',(58.,48.3,71.7));
#11503 = DIRECTION('',(-0.,-0.,-1.));
#11504 = DIRECTION('',(1.,0.,0.));
#11505 = DEFINITIONAL_REPRESENTATION('',(#11506),#11510);
#11506 = LINE('',#11507,#11508);
#11507 = CARTESIAN_POINT('',(-6.28318530718,-4.5));
#11508 = VECTOR('',#11509,1.);
#11509 = DIRECTION('',(1.,-0.));
#11510 = ( GEOMETRIC_REPRESENTATION_CONTEXT(2) 
PARAMETRIC_REPRESENTATION_CONTEXT() REPRESENTATION_CONTEXT('2D SPACE',''
  ) );
#11511 = FACE_BOUND('',#11512,.T.);
#11512 = EDGE_LOOP('',(#11513));
#11513 = ORIENTED_EDGE('',*,*,#11514,.T.);
#11514 = EDGE_CURVE('',#11515,#11515,#11517,.T.);
#11515 = VERTEX_POINT('',#11516);
#11516 = CARTESIAN_POINT('',(66.5,48.3,76.2));
#11517 = SURFACE_CURVE('',#11518,(#11523,#11534),.PCURVE_S1.);
#11518 = CIRCLE('',#11519,2.);
#11519 = AXIS2_PLACEMENT_3D('',#11520,#11521,#11522);
#11520 = CARTESIAN_POINT('',(64.5,48.3,76.2));
#11521 = DIRECTION('',(0.,0.,-1.));
#11522 = DIRECTION('',(1.,0.,0.));
#11523 = PCURVE('',#10465,#11524);
#11524 = DEFINITIONAL_REPRESENTATION('',(#11525),#11533);
#11525 = ( BOUNDED_CURVE() B_SPLINE_CURVE(2,(#11526,#11527,#11528,#11529
    ,#11530,#11531,#11532),.UNSPECIFIED.,.T.,.F.) 
B_SPLINE_CURVE_WITH_KNOTS((1,2,2,2,2,1),(-2.094395102393,0.,
    2.094395102393,4.188790204786,6.28318530718,8.377580409573),
.UNSPECIFIED.) CURVE() GEOMETRIC_REPRESENTATION_ITEM() 
RATIONAL_B_SPLINE_CURVE((1.,0.5,1.,0.5,1.,0.5,1.)) REPRESENTATION_ITEM(
  '') );
#11526 = CARTESIAN_POINT('',(66.5,48.3));
#11527 = CARTESIAN_POINT('',(66.5,44.835898384862));
#11528 = CARTESIAN_POINT('',(63.5,46.567949192431));
#11529 = CARTESIAN_POINT('',(60.5,48.3));
#11530 = CARTESIAN_POINT('',(63.5,50.032050807569));
#11531 = CARTESIAN_POINT('',(66.5,51.764101615138));
#11532 = CARTESIAN_POINT('',(66.5,48.3));
#11533 = ( GEOMETRIC_REPRESENTATION_CONTEXT(2) 
PARAMETRIC_REPRESENTATION_CONTEXT() REPRESENTATION_CONTEXT('2D SPACE',''
  ) );
#11534 = PCURVE('',#11535,#11540);
#11535 = CYLINDRICAL_SURFACE('',#11536,2.);
#11536 = AXIS2_PLACEMENT_3D('',#11537,#11538,#11539);
#11537 = CARTESIAN_POINT('',(64.5,48.3,71.7));
#11538 = DIRECTION('',(-0.,-0.,-1.));
#11539 = DIRECTION('',(1.,0.,0.));
#11540 = DEFINITIONAL_REPRESENTATION('',(#11541),#11545);
#11541 = LINE('',#11542,#11543);
#11542 = CARTESIAN_POINT('',(-6.28318530718,-4.5));
#11543 = VECTOR('',#11544,1.);
#11544 = DIRECTION('',(1.,-0.));
#11545 = ( GEOMETRIC_REPRESENTATION_CONTEXT(2) 
PARAMETRIC_REPRESENTATION_CONTEXT() REPRESENTATION_CONTEXT('2D SPACE',''
  ) );
#11546 = FACE_BOUND('',#11547,.T.);
#11547 = EDGE_LOOP('',(#11548));
#11548 = ORIENTED_EDGE('',*,*,#11549,.T.);
#11549 = EDGE_CURVE('',#11550,#11550,#11552,.T.);
#11550 = VERTEX_POINT('',#11551);
#11551 = CARTESIAN_POINT('',(6.5,109.13,76.2));
#11552 = SURFACE_CURVE('',#11553,(#11558,#11569),.PCURVE_S1.);
#11553 = CIRCLE('',#11554,2.5);
#11554 = AXIS2_PLACEMENT_3D('',#11555,#11556,#11557);
#11555 = CARTESIAN_POINT('',(4.,109.13,76.2));
#11556 = DIRECTION('',(0.,0.,-1.));
#11557 = DIRECTION('',(1.,0.,0.));
#11558 = PCURVE('',#10465,#11559);
#11559 = DEFINITIONAL_REPRESENTATION('',(#11560),#11568);
#11560 = ( BOUNDED_CURVE() B_SPLINE_CURVE(2,(#11561,#11562,#11563,#11564
    ,#11565,#11566,#11567),.UNSPECIFIED.,.T.,.F.) 
B_SPLINE_CURVE_WITH_KNOTS((1,2,2,2,2,1),(-2.094395102393,0.,
    2.094395102393,4.188790204786,6.28318530718,8.377580409573),
.UNSPECIFIED.) CURVE() GEOMETRIC_REPRESENTATION_ITEM() 
RATIONAL_B_SPLINE_CURVE((1.,0.5,1.,0.5,1.,0.5,1.)) REPRESENTATION_ITEM(
  '') );
#11561 = CARTESIAN_POINT('',(6.5,109.13));
#11562 = CARTESIAN_POINT('',(6.5,104.79987298107));
#11563 = CARTESIAN_POINT('',(2.75,106.96493649053));
#11564 = CARTESIAN_POINT('',(-1.,109.13));
#11565 = CARTESIAN_POINT('',(2.75,111.29506350946));
#11566 = CARTESIAN_POINT('',(6.5,113.46012701892));
#11567 = CARTESIAN_POINT('',(6.5,109.13));
#11568 = ( GEOMETRIC_REPRESENTATION_CONTEXT(2) 
PARAMETRIC_REPRESENTATION_CONTEXT() REPRESENTATION_CONTEXT('2D SPACE',''
  ) );
#11569 = PCURVE('',#11570,#11575);
#11570 = CYLINDRICAL_SURFACE('',#11571,2.5);
#11571 = AXIS2_PLACEMENT_3D('',#11572,#11573,#11574);
#11572 = CARTESIAN_POINT('',(4.,109.13,73.6));
#11573 = DIRECTION('',(-0.,-0.,-1.));
#11574 = DIRECTION('',(1.,0.,0.));
#11575 = DEFINITIONAL_REPRESENTATION('',(#11576),#11580);
#11576 = LINE('',#11577,#11578);
#11577 = CARTESIAN_POINT('',(-6.28318530718,-2.6));
#11578 = VECTOR('',#11579,1.);
#11579 = DIRECTION('',(1.,-0.));
#11580 = ( GEOMETRIC_REPRESENTATION_CONTEXT(2) 
PARAMETRIC_REPRESENTATION_CONTEXT() REPRESENTATION_CONTEXT('2D SPACE',''
  ) );
#11581 = FACE_BOUND('',#11582,.T.);
#11582 = EDGE_LOOP('',(#11583,#11611,#11637,#11663));
#11583 = ORIENTED_EDGE('',*,*,#11584,.T.);
#11584 = EDGE_CURVE('',#11585,#11587,#11589,.T.);
#11585 = VERTEX_POINT('',#11586);
#11586 = CARTESIAN_POINT('',(32.,74.715,76.2));
#11587 = VERTEX_POINT('',#11588);
#11588 = CARTESIAN_POINT('',(29.,74.715,76.2));
#11589 = SURFACE_CURVE('',#11590,(#11594,#11600),.PCURVE_S1.);
#11590 = LINE('',#11591,#11592);
#11591 = CARTESIAN_POINT('',(14.5,74.715,76.2));
#11592 = VECTOR('',#11593,1.);
#11593 = DIRECTION('',(-1.,0.,0.));
#11594 = PCURVE('',#10465,#11595);
#11595 = DEFINITIONAL_REPRESENTATION('',(#11596),#11599);
#11596 = B_SPLINE_CURVE_WITH_KNOTS('',1,(#11597,#11598),.UNSPECIFIED.,
  .F.,.F.,(2,2),(-17.5,-14.5),.PIECEWISE_BEZIER_KNOTS.);
#11597 = CARTESIAN_POINT('',(32.,74.715));
#11598 = CARTESIAN_POINT('',(29.,74.715));
#11599 = ( GEOMETRIC_REPRESENTATION_CONTEXT(2) 
PARAMETRIC_REPRESENTATION_CONTEXT() REPRESENTATION_CONTEXT('2D SPACE',''
  ) );
#11600 = PCURVE('',#11601,#11606);
#11601 = PLANE('',#11602);
#11602 = AXIS2_PLACEMENT_3D('',#11603,#11604,#11605);
#11603 = CARTESIAN_POINT('',(29.,74.715,71.7));
#11604 = DIRECTION('',(0.,1.,0.));
#11605 = DIRECTION('',(0.,0.,1.));
#11606 = DEFINITIONAL_REPRESENTATION('',(#11607),#11610);
#11607 = B_SPLINE_CURVE_WITH_KNOTS('',1,(#11608,#11609),.UNSPECIFIED.,
  .F.,.F.,(2,2),(-17.5,-14.5),.PIECEWISE_BEZIER_KNOTS.);
#11608 = CARTESIAN_POINT('',(4.5,3.));
#11609 = CARTESIAN_POINT('',(4.5,0.));
#11610 = ( GEOMETRIC_REPRESENTATION_CONTEXT(2) 
PARAMETRIC_REPRESENTATION_CONTEXT() REPRESENTATION_CONTEXT('2D SPACE',''
  ) );
#11611 = ORIENTED_EDGE('',*,*,#11612,.T.);
#11612 = EDGE_CURVE('',#11587,#11613,#11615,.T.);
#11613 = VERTEX_POINT('',#11614);
#11614 = CARTESIAN_POINT('',(29.,96.715,76.2));
#11615 = SURFACE_CURVE('',#11616,(#11620,#11626),.PCURVE_S1.);
#11616 = LINE('',#11617,#11618);
#11617 = CARTESIAN_POINT('',(29.,37.3575,76.2));
#11618 = VECTOR('',#11619,1.);
#11619 = DIRECTION('',(0.,1.,0.));
#11620 = PCURVE('',#10465,#11621);
#11621 = DEFINITIONAL_REPRESENTATION('',(#11622),#11625);
#11622 = B_SPLINE_CURVE_WITH_KNOTS('',1,(#11623,#11624),.UNSPECIFIED.,
  .F.,.F.,(2,2),(37.3575,59.3575),.PIECEWISE_BEZIER_KNOTS.);
#11623 = CARTESIAN_POINT('',(29.,74.715));
#11624 = CARTESIAN_POINT('',(29.,96.715));
#11625 = ( GEOMETRIC_REPRESENTATION_CONTEXT(2) 
PARAMETRIC_REPRESENTATION_CONTEXT() REPRESENTATION_CONTEXT('2D SPACE',''
  ) );
#11626 = PCURVE('',#11627,#11632);
#11627 = PLANE('',#11628);
#11628 = AXIS2_PLACEMENT_3D('',#11629,#11630,#11631);
#11629 = CARTESIAN_POINT('',(29.,74.715,71.7));
#11630 = DIRECTION('',(1.,0.,0.));
#11631 = DIRECTION('',(0.,0.,1.));
#11632 = DEFINITIONAL_REPRESENTATION('',(#11633),#11636);
#11633 = B_SPLINE_CURVE_WITH_KNOTS('',1,(#11634,#11635),.UNSPECIFIED.,
  .F.,.F.,(2,2),(37.3575,59.3575),.PIECEWISE_BEZIER_KNOTS.);
#11634 = CARTESIAN_POINT('',(4.5,0.));
#11635 = CARTESIAN_POINT('',(4.5,-22.));
#11636 = ( GEOMETRIC_REPRESENTATION_CONTEXT(2) 
PARAMETRIC_REPRESENTATION_CONTEXT() REPRESENTATION_CONTEXT('2D SPACE',''
  ) );
#11637 = ORIENTED_EDGE('',*,*,#11638,.F.);
#11638 = EDGE_CURVE('',#11639,#11613,#11641,.T.);
#11639 = VERTEX_POINT('',#11640);
#11640 = CARTESIAN_POINT('',(32.,96.715,76.2));
#11641 = SURFACE_CURVE('',#11642,(#11646,#11652),.PCURVE_S1.);
#11642 = LINE('',#11643,#11644);
#11643 = CARTESIAN_POINT('',(14.5,96.715,76.2));
#11644 = VECTOR('',#11645,1.);
#11645 = DIRECTION('',(-1.,0.,0.));
#11646 = PCURVE('',#10465,#11647);
#11647 = DEFINITIONAL_REPRESENTATION('',(#11648),#11651);
#11648 = B_SPLINE_CURVE_WITH_KNOTS('',1,(#11649,#11650),.UNSPECIFIED.,
  .F.,.F.,(2,2),(-17.5,-14.5),.PIECEWISE_BEZIER_KNOTS.);
#11649 = CARTESIAN_POINT('',(32.,96.715));
#11650 = CARTESIAN_POINT('',(29.,96.715));
#11651 = ( GEOMETRIC_REPRESENTATION_CONTEXT(2) 
PARAMETRIC_REPRESENTATION_CONTEXT() REPRESENTATION_CONTEXT('2D SPACE',''
  ) );
#11652 = PCURVE('',#11653,#11658);
#11653 = PLANE('',#11654);
#11654 = AXIS2_PLACEMENT_3D('',#11655,#11656,#11657);
#11655 = CARTESIAN_POINT('',(29.,96.715,71.7));
#11656 = DIRECTION('',(0.,1.,0.));
#11657 = DIRECTION('',(0.,0.,1.));
#11658 = DEFINITIONAL_REPRESENTATION('',(#11659),#11662);
#11659 = B_SPLINE_CURVE_WITH_KNOTS('',1,(#11660,#11661),.UNSPECIFIED.,
  .F.,.F.,(2,2),(-17.5,-14.5),.PIECEWISE_BEZIER_KNOTS.);
#11660 = CARTESIAN_POINT('',(4.5,3.));
#11661 = CARTESIAN_POINT('',(4.5,0.));
#11662 = ( GEOMETRIC_REPRESENTATION_CONTEXT(2) 
PARAMETRIC_REPRESENTATION_CONTEXT() REPRESENTATION_CONTEXT('2D SPACE',''
  ) );
#11663 = ORIENTED_EDGE('',*,*,#11664,.F.);
#11664 = EDGE_CURVE('',#11585,#11639,#11665,.T.);
#11665 = SURFACE_CURVE('',#11666,(#11670,#11676),.PCURVE_S1.);
#11666 = LINE('',#11667,#11668);
#11667 = CARTESIAN_POINT('',(32.,37.3575,76.2));
#11668 = VECTOR('',#11669,1.);
#11669 = DIRECTION('',(0.,1.,0.));
#11670 = PCURVE('',#10465,#11671);
#11671 = DEFINITIONAL_REPRESENTATION('',(#11672),#11675);
#11672 = B_SPLINE_CURVE_WITH_KNOTS('',1,(#11673,#11674),.UNSPECIFIED.,
  .F.,.F.,(2,2),(37.3575,59.3575),.PIECEWISE_BEZIER_KNOTS.);
#11673 = CARTESIAN_POINT('',(32.,74.715));
#11674 = CARTESIAN_POINT('',(32.,96.715));
#11675 = ( GEOMETRIC_REPRESENTATION_CONTEXT(2) 
PARAMETRIC_REPRESENTATION_CONTEXT() REPRESENTATION_CONTEXT('2D SPACE',''
  ) );
#11676 = PCURVE('',#11677,#11682);
#11677 = PLANE('',#11678);
#11678 = AXIS2_PLACEMENT_3D('',#11679,#11680,#11681);
#11679 = CARTESIAN_POINT('',(32.,74.715,71.7));
#11680 = DIRECTION('',(1.,0.,0.));
#11681 = DIRECTION('',(0.,0.,1.));
#11682 = DEFINITIONAL_REPRESENTATION('',(#11683),#11686);
#11683 = B_SPLINE_CURVE_WITH_KNOTS('',1,(#11684,#11685),.UNSPECIFIED.,
  .F.,.F.,(2,2),(37.3575,59.3575),.PIECEWISE_BEZIER_KNOTS.);
#11684 = CARTESIAN_POINT('',(4.5,0.));
#11685 = CARTESIAN_POINT('',(4.5,-22.));
#11686 = ( GEOMETRIC_REPRESENTATION_CONTEXT(2) 
PARAMETRIC_REPRESENTATION_CONTEXT() REPRESENTATION_CONTEXT('2D SPACE',''
  ) );
#11687 = FACE_BOUND('',#11688,.T.);
#11688 = EDGE_LOOP('',(#11689,#11717,#11743,#11769));
#11689 = ORIENTED_EDGE('',*,*,#11690,.T.);
#11690 = EDGE_CURVE('',#11691,#11693,#11695,.T.);
#11691 = VERTEX_POINT('',#11692);
#11692 = CARTESIAN_POINT('',(41.,74.715,76.2));
#11693 = VERTEX_POINT('',#11694);
#11694 = CARTESIAN_POINT('',(38.,74.715,76.2));
#11695 = SURFACE_CURVE('',#11696,(#11700,#11706),.PCURVE_S1.);
#11696 = LINE('',#11697,#11698);
#11697 = CARTESIAN_POINT('',(19.,74.715,76.2));
#11698 = VECTOR('',#11699,1.);
#11699 = DIRECTION('',(-1.,0.,0.));
#11700 = PCURVE('',#10465,#11701);
#11701 = DEFINITIONAL_REPRESENTATION('',(#11702),#11705);
#11702 = B_SPLINE_CURVE_WITH_KNOTS('',1,(#11703,#11704),.UNSPECIFIED.,
  .F.,.F.,(2,2),(-22.,-19.),.PIECEWISE_BEZIER_KNOTS.);
#11703 = CARTESIAN_POINT('',(41.,74.715));
#11704 = CARTESIAN_POINT('',(38.,74.715));
#11705 = ( GEOMETRIC_REPRESENTATION_CONTEXT(2) 
PARAMETRIC_REPRESENTATION_CONTEXT() REPRESENTATION_CONTEXT('2D SPACE',''
  ) );
#11706 = PCURVE('',#11707,#11712);
#11707 = PLANE('',#11708);
#11708 = AXIS2_PLACEMENT_3D('',#11709,#11710,#11711);
#11709 = CARTESIAN_POINT('',(38.,74.715,71.7));
#11710 = DIRECTION('',(0.,1.,0.));
#11711 = DIRECTION('',(0.,0.,1.));
#11712 = DEFINITIONAL_REPRESENTATION('',(#11713),#11716);
#11713 = B_SPLINE_CURVE_WITH_KNOTS('',1,(#11714,#11715),.UNSPECIFIED.,
  .F.,.F.,(2,2),(-22.,-19.),.PIECEWISE_BEZIER_KNOTS.);
#11714 = CARTESIAN_POINT('',(4.5,3.));
#11715 = CARTESIAN_POINT('',(4.5,0.));
#11716 = ( GEOMETRIC_REPRESENTATION_CONTEXT(2) 
PARAMETRIC_REPRESENTATION_CONTEXT() REPRESENTATION_CONTEXT('2D SPACE',''
  ) );
#11717 = ORIENTED_EDGE('',*,*,#11718,.T.);
#11718 = EDGE_CURVE('',#11693,#11719,#11721,.T.);
#11719 = VERTEX_POINT('',#11720);
#11720 = CARTESIAN_POINT('',(38.,96.715,76.2));
#11721 = SURFACE_CURVE('',#11722,(#11726,#11732),.PCURVE_S1.);
#11722 = LINE('',#11723,#11724);
#11723 = CARTESIAN_POINT('',(38.,37.3575,76.2));
#11724 = VECTOR('',#11725,1.);
#11725 = DIRECTION('',(0.,1.,0.));
#11726 = PCURVE('',#10465,#11727);
#11727 = DEFINITIONAL_REPRESENTATION('',(#11728),#11731);
#11728 = B_SPLINE_CURVE_WITH_KNOTS('',1,(#11729,#11730),.UNSPECIFIED.,
  .F.,.F.,(2,2),(37.3575,59.3575),.PIECEWISE_BEZIER_KNOTS.);
#11729 = CARTESIAN_POINT('',(38.,74.715));
#11730 = CARTESIAN_POINT('',(38.,96.715));
#11731 = ( GEOMETRIC_REPRESENTATION_CONTEXT(2) 
PARAMETRIC_REPRESENTATION_CONTEXT() REPRESENTATION_CONTEXT('2D SPACE',''
  ) );
#11732 = PCURVE('',#11733,#11738);
#11733 = PLANE('',#11734);
#11734 = AXIS2_PLACEMENT_3D('',#11735,#11736,#11737);
#11735 = CARTESIAN_POINT('',(38.,74.715,71.7));
#11736 = DIRECTION('',(1.,0.,0.));
#11737 = DIRECTION('',(0.,0.,1.));
#11738 = DEFINITIONAL_REPRESENTATION('',(#11739),#11742);
#11739 = B_SPLINE_CURVE_WITH_KNOTS('',1,(#11740,#11741),.UNSPECIFIED.,
  .F.,.F.,(2,2),(37.3575,59.3575),.PIECEWISE_BEZIER_KNOTS.);
#11740 = CARTESIAN_POINT('',(4.5,0.));
#11741 = CARTESIAN_POINT('',(4.5,-22.));
#11742 = ( GEOMETRIC_REPRESENTATION_CONTEXT(2) 
PARAMETRIC_REPRESENTATION_CONTEXT() REPRESENTATION_CONTEXT('2D SPACE',''
  ) );
#11743 = ORIENTED_EDGE('',*,*,#11744,.F.);
#11744 = EDGE_CURVE('',#11745,#11719,#11747,.T.);
#11745 = VERTEX_POINT('',#11746);
#11746 = CARTESIAN_POINT('',(41.,96.715,76.2));
#11747 = SURFACE_CURVE('',#11748,(#11752,#11758),.PCURVE_S1.);
#11748 = LINE('',#11749,#11750);
#11749 = CARTESIAN_POINT('',(19.,96.715,76.2));
#11750 = VECTOR('',#11751,1.);
#11751 = DIRECTION('',(-1.,0.,0.));
#11752 = PCURVE('',#10465,#11753);
#11753 = DEFINITIONAL_REPRESENTATION('',(#11754),#11757);
#11754 = B_SPLINE_CURVE_WITH_KNOTS('',1,(#11755,#11756),.UNSPECIFIED.,
  .F.,.F.,(2,2),(-22.,-19.),.PIECEWISE_BEZIER_KNOTS.);
#11755 = CARTESIAN_POINT('',(41.,96.715));
#11756 = CARTESIAN_POINT('',(38.,96.715));
#11757 = ( GEOMETRIC_REPRESENTATION_CONTEXT(2) 
PARAMETRIC_REPRESENTATION_CONTEXT() REPRESENTATION_CONTEXT('2D SPACE',''
  ) );
#11758 = PCURVE('',#11759,#11764);
#11759 = PLANE('',#11760);
#11760 = AXIS2_PLACEMENT_3D('',#11761,#11762,#11763);
#11761 = CARTESIAN_POINT('',(38.,96.715,71.7));
#11762 = DIRECTION('',(0.,1.,0.));
#11763 = DIRECTION('',(0.,0.,1.));
#11764 = DEFINITIONAL_REPRESENTATION('',(#11765),#11768);
#11765 = B_SPLINE_CURVE_WITH_KNOTS('',1,(#11766,#11767),.UNSPECIFIED.,
  .F.,.F.,(2,2),(-22.,-19.),.PIECEWISE_BEZIER_KNOTS.);
#11766 = CARTESIAN_POINT('',(4.5,3.));
#11767 = CARTESIAN_POINT('',(4.5,0.));
#11768 = ( GEOMETRIC_REPRESENTATION_CONTEXT(2) 
PARAMETRIC_REPRESENTATION_CONTEXT() REPRESENTATION_CONTEXT('2D SPACE',''
  ) );
#11769 = ORIENTED_EDGE('',*,*,#11770,.F.);
#11770 = EDGE_CURVE('',#11691,#11745,#11771,.T.);
#11771 = SURFACE_CURVE('',#11772,(#11776,#11782),.PCURVE_S1.);
#11772 = LINE('',#11773,#11774);
#11773 = CARTESIAN_POINT('',(41.,37.3575,76.2));
#11774 = VECTOR('',#11775,1.);
#11775 = DIRECTION('',(0.,1.,0.));
#11776 = PCURVE('',#10465,#11777);
#11777 = DEFINITIONAL_REPRESENTATION('',(#11778),#11781);
#11778 = B_SPLINE_CURVE_WITH_KNOTS('',1,(#11779,#11780),.UNSPECIFIED.,
  .F.,.F.,(2,2),(37.3575,59.3575),.PIECEWISE_BEZIER_KNOTS.);
#11779 = CARTESIAN_POINT('',(41.,74.715));
#11780 = CARTESIAN_POINT('',(41.,96.715));
#11781 = ( GEOMETRIC_REPRESENTATION_CONTEXT(2) 
PARAMETRIC_REPRESENTATION_CONTEXT() REPRESENTATION_CONTEXT('2D SPACE',''
  ) );
#11782 = PCURVE('',#11783,#11788);
#11783 = PLANE('',#11784);
#11784 = AXIS2_PLACEMENT_3D('',#11785,#11786,#11787);
#11785 = CARTESIAN_POINT('',(41.,74.715,71.7));
#11786 = DIRECTION('',(1.,0.,0.));
#11787 = DIRECTION('',(0.,0.,1.));
#11788 = DEFINITIONAL_REPRESENTATION('',(#11789),#11792);
#11789 = B_SPLINE_CURVE_WITH_KNOTS('',1,(#11790,#11791),.UNSPECIFIED.,
  .F.,.F.,(2,2),(37.3575,59.3575),.PIECEWISE_BEZIER_KNOTS.);
#11790 = CARTESIAN_POINT('',(4.5,0.));
#11791 = CARTESIAN_POINT('',(4.5,-22.));
#11792 = ( GEOMETRIC_REPRESENTATION_CONTEXT(2) 
PARAMETRIC_REPRESENTATION_CONTEXT() REPRESENTATION_CONTEXT('2D SPACE',''
  ) );
#11793 = FACE_BOUND('',#11794,.T.);
#11794 = EDGE_LOOP('',(#11795,#11823,#11849,#11875));
#11795 = ORIENTED_EDGE('',*,*,#11796,.T.);
#11796 = EDGE_CURVE('',#11797,#11799,#11801,.T.);
#11797 = VERTEX_POINT('',#11798);
#11798 = CARTESIAN_POINT('',(50.,74.715,76.2));
#11799 = VERTEX_POINT('',#11800);
#11800 = CARTESIAN_POINT('',(47.,74.715,76.2));
#11801 = SURFACE_CURVE('',#11802,(#11806,#11812),.PCURVE_S1.);
#11802 = LINE('',#11803,#11804);
#11803 = CARTESIAN_POINT('',(23.5,74.715,76.2));
#11804 = VECTOR('',#11805,1.);
#11805 = DIRECTION('',(-1.,0.,0.));
#11806 = PCURVE('',#10465,#11807);
#11807 = DEFINITIONAL_REPRESENTATION('',(#11808),#11811);
#11808 = B_SPLINE_CURVE_WITH_KNOTS('',1,(#11809,#11810),.UNSPECIFIED.,
  .F.,.F.,(2,2),(-26.5,-23.5),.PIECEWISE_BEZIER_KNOTS.);
#11809 = CARTESIAN_POINT('',(50.,74.715));
#11810 = CARTESIAN_POINT('',(47.,74.715));
#11811 = ( GEOMETRIC_REPRESENTATION_CONTEXT(2) 
PARAMETRIC_REPRESENTATION_CONTEXT() REPRESENTATION_CONTEXT('2D SPACE',''
  ) );
#11812 = PCURVE('',#11813,#11818);
#11813 = PLANE('',#11814);
#11814 = AXIS2_PLACEMENT_3D('',#11815,#11816,#11817);
#11815 = CARTESIAN_POINT('',(47.,74.715,71.7));
#11816 = DIRECTION('',(0.,1.,0.));
#11817 = DIRECTION('',(0.,0.,1.));
#11818 = DEFINITIONAL_REPRESENTATION('',(#11819),#11822);
#11819 = B_SPLINE_CURVE_WITH_KNOTS('',1,(#11820,#11821),.UNSPECIFIED.,
  .F.,.F.,(2,2),(-26.5,-23.5),.PIECEWISE_BEZIER_KNOTS.);
#11820 = CARTESIAN_POINT('',(4.5,3.));
#11821 = CARTESIAN_POINT('',(4.5,0.));
#11822 = ( GEOMETRIC_REPRESENTATION_CONTEXT(2) 
PARAMETRIC_REPRESENTATION_CONTEXT() REPRESENTATION_CONTEXT('2D SPACE',''
  ) );
#11823 = ORIENTED_EDGE('',*,*,#11824,.T.);
#11824 = EDGE_CURVE('',#11799,#11825,#11827,.T.);
#11825 = VERTEX_POINT('',#11826);
#11826 = CARTESIAN_POINT('',(47.,96.715,76.2));
#11827 = SURFACE_CURVE('',#11828,(#11832,#11838),.PCURVE_S1.);
#11828 = LINE('',#11829,#11830);
#11829 = CARTESIAN_POINT('',(47.,37.3575,76.2));
#11830 = VECTOR('',#11831,1.);
#11831 = DIRECTION('',(0.,1.,0.));
#11832 = PCURVE('',#10465,#11833);
#11833 = DEFINITIONAL_REPRESENTATION('',(#11834),#11837);
#11834 = B_SPLINE_CURVE_WITH_KNOTS('',1,(#11835,#11836),.UNSPECIFIED.,
  .F.,.F.,(2,2),(37.3575,59.3575),.PIECEWISE_BEZIER_KNOTS.);
#11835 = CARTESIAN_POINT('',(47.,74.715));
#11836 = CARTESIAN_POINT('',(47.,96.715));
#11837 = ( GEOMETRIC_REPRESENTATION_CONTEXT(2) 
PARAMETRIC_REPRESENTATION_CONTEXT() REPRESENTATION_CONTEXT('2D SPACE',''
  ) );
#11838 = PCURVE('',#11839,#11844);
#11839 = PLANE('',#11840);
#11840 = AXIS2_PLACEMENT_3D('',#11841,#11842,#11843);
#11841 = CARTESIAN_POINT('',(47.,74.715,71.7));
#11842 = DIRECTION('',(1.,0.,0.));
#11843 = DIRECTION('',(0.,0.,1.));
#11844 = DEFINITIONAL_REPRESENTATION('',(#11845),#11848);
#11845 = B_SPLINE_CURVE_WITH_KNOTS('',1,(#11846,#11847),.UNSPECIFIED.,
  .F.,.F.,(2,2),(37.3575,59.3575),.PIECEWISE_BEZIER_KNOTS.);
#11846 = CARTESIAN_POINT('',(4.5,0.));
#11847 = CARTESIAN_POINT('',(4.5,-22.));
#11848 = ( GEOMETRIC_REPRESENTATION_CONTEXT(2) 
PARAMETRIC_REPRESENTATION_CONTEXT() REPRESENTATION_CONTEXT('2D SPACE',''
  ) );
#11849 = ORIENTED_EDGE('',*,*,#11850,.F.);
#11850 = EDGE_CURVE('',#11851,#11825,#11853,.T.);
#11851 = VERTEX_POINT('',#11852);
#11852 = CARTESIAN_POINT('',(50.,96.715,76.2));
#11853 = SURFACE_CURVE('',#11854,(#11858,#11864),.PCURVE_S1.);
#11854 = LINE('',#11855,#11856);
#11855 = CARTESIAN_POINT('',(23.5,96.715,76.2));
#11856 = VECTOR('',#11857,1.);
#11857 = DIRECTION('',(-1.,0.,0.));
#11858 = PCURVE('',#10465,#11859);
#11859 = DEFINITIONAL_REPRESENTATION('',(#11860),#11863);
#11860 = B_SPLINE_CURVE_WITH_KNOTS('',1,(#11861,#11862),.UNSPECIFIED.,
  .F.,.F.,(2,2),(-26.5,-23.5),.PIECEWISE_BEZIER_KNOTS.);
#11861 = CARTESIAN_POINT('',(50.,96.715));
#11862 = CARTESIAN_POINT('',(47.,96.715));
#11863 = ( GEOMETRIC_REPRESENTATION_CONTEXT(2) 
PARAMETRIC_REPRESENTATION_CONTEXT() REPRESENTATION_CONTEXT('2D SPACE',''
  ) );
#11864 = PCURVE('',#11865,#11870);
#11865 = PLANE('',#11866);
#11866 = AXIS2_PLACEMENT_3D('',#11867,#11868,#11869);
#11867 = CARTESIAN_POINT('',(47.,96.715,71.7));
#11868 = DIRECTION('',(0.,1.,0.));
#11869 = DIRECTION('',(0.,0.,1.));
#11870 = DEFINITIONAL_REPRESENTATION('',(#11871),#11874);
#11871 = B_SPLINE_CURVE_WITH_KNOTS('',1,(#11872,#11873),.UNSPECIFIED.,
  .F.,.F.,(2,2),(-26.5,-23.5),.PIECEWISE_BEZIER_KNOTS.);
#11872 = CARTESIAN_POINT('',(4.5,3.));
#11873 = CARTESIAN_POINT('',(4.5,0.));
#11874 = ( GEOMETRIC_REPRESENTATION_CONTEXT(2) 
PARAMETRIC_REPRESENTATION_CONTEXT() REPRESENTATION_CONTEXT('2D SPACE',''
  ) );
#11875 = ORIENTED_EDGE('',*,*,#11876,.F.);
#11876 = EDGE_CURVE('',#11797,#11851,#11877,.T.);
#11877 = SURFACE_CURVE('',#11878,(#11882,#11888),.PCURVE_S1.);
#11878 = LINE('',#11879,#11880);
#11879 = CARTESIAN_POINT('',(50.,37.3575,76.2));
#11880 = VECTOR('',#11881,1.);
#11881 = DIRECTION('',(0.,1.,0.));
#11882 = PCURVE('',#10465,#11883);
#11883 = DEFINITIONAL_REPRESENTATION('',(#11884),#11887);
#11884 = B_SPLINE_CURVE_WITH_KNOTS('',1,(#11885,#11886),.UNSPECIFIED.,
  .F.,.F.,(2,2),(37.3575,59.3575),.PIECEWISE_BEZIER_KNOTS.);
#11885 = CARTESIAN_POINT('',(50.,74.715));
#11886 = CARTESIAN_POINT('',(50.,96.715));
#11887 = ( GEOMETRIC_REPRESENTATION_CONTEXT(2) 
PARAMETRIC_REPRESENTATION_CONTEXT() REPRESENTATION_CONTEXT('2D SPACE',''
  ) );
#11888 = PCURVE('',#11889,#11894);
#11889 = PLANE('',#11890);
#11890 = AXIS2_PLACEMENT_3D('',#11891,#11892,#11893);
#11891 = CARTESIAN_POINT('',(50.,74.715,71.7));
#11892 = DIRECTION('',(1.,0.,0.));
#11893 = DIRECTION('',(0.,0.,1.));
#11894 = DEFINITIONAL_REPRESENTATION('',(#11895),#11898);
#11895 = B_SPLINE_CURVE_WITH_KNOTS('',1,(#11896,#11897),.UNSPECIFIED.,
  .F.,.F.,(2,2),(37.3575,59.3575),.PIECEWISE_BEZIER_KNOTS.);
#11896 = CARTESIAN_POINT('',(4.5,0.));
#11897 = CARTESIAN_POINT('',(4.5,-22.));
#11898 = ( GEOMETRIC_REPRESENTATION_CONTEXT(2) 
PARAMETRIC_REPRESENTATION_CONTEXT() REPRESENTATION_CONTEXT('2D SPACE',''
  ) );
#11899 = FACE_BOUND('',#11900,.T.);
#11900 = EDGE_LOOP('',(#11901,#11929,#11955,#11981));
#11901 = ORIENTED_EDGE('',*,*,#11902,.T.);
#11902 = EDGE_CURVE('',#11903,#11905,#11907,.T.);
#11903 = VERTEX_POINT('',#11904);
#11904 = CARTESIAN_POINT('',(59.,74.715,76.2));
#11905 = VERTEX_POINT('',#11906);
#11906 = CARTESIAN_POINT('',(56.,74.715,76.2));
#11907 = SURFACE_CURVE('',#11908,(#11912,#11918),.PCURVE_S1.);
#11908 = LINE('',#11909,#11910);
#11909 = CARTESIAN_POINT('',(28.,74.715,76.2));
#11910 = VECTOR('',#11911,1.);
#11911 = DIRECTION('',(-1.,0.,0.));
#11912 = PCURVE('',#10465,#11913);
#11913 = DEFINITIONAL_REPRESENTATION('',(#11914),#11917);
#11914 = B_SPLINE_CURVE_WITH_KNOTS('',1,(#11915,#11916),.UNSPECIFIED.,
  .F.,.F.,(2,2),(-31.,-28.),.PIECEWISE_BEZIER_KNOTS.);
#11915 = CARTESIAN_POINT('',(59.,74.715));
#11916 = CARTESIAN_POINT('',(56.,74.715));
#11917 = ( GEOMETRIC_REPRESENTATION_CONTEXT(2) 
PARAMETRIC_REPRESENTATION_CONTEXT() REPRESENTATION_CONTEXT('2D SPACE',''
  ) );
#11918 = PCURVE('',#11919,#11924);
#11919 = PLANE('',#11920);
#11920 = AXIS2_PLACEMENT_3D('',#11921,#11922,#11923);
#11921 = CARTESIAN_POINT('',(56.,74.715,71.7));
#11922 = DIRECTION('',(0.,1.,0.));
#11923 = DIRECTION('',(0.,0.,1.));
#11924 = DEFINITIONAL_REPRESENTATION('',(#11925),#11928);
#11925 = B_SPLINE_CURVE_WITH_KNOTS('',1,(#11926,#11927),.UNSPECIFIED.,
  .F.,.F.,(2,2),(-31.,-28.),.PIECEWISE_BEZIER_KNOTS.);
#11926 = CARTESIAN_POINT('',(4.5,3.));
#11927 = CARTESIAN_POINT('',(4.5,0.));
#11928 = ( GEOMETRIC_REPRESENTATION_CONTEXT(2) 
PARAMETRIC_REPRESENTATION_CONTEXT() REPRESENTATION_CONTEXT('2D SPACE',''
  ) );
#11929 = ORIENTED_EDGE('',*,*,#11930,.T.);
#11930 = EDGE_CURVE('',#11905,#11931,#11933,.T.);
#11931 = VERTEX_POINT('',#11932);
#11932 = CARTESIAN_POINT('',(56.,96.715,76.2));
#11933 = SURFACE_CURVE('',#11934,(#11938,#11944),.PCURVE_S1.);
#11934 = LINE('',#11935,#11936);
#11935 = CARTESIAN_POINT('',(56.,37.3575,76.2));
#11936 = VECTOR('',#11937,1.);
#11937 = DIRECTION('',(0.,1.,0.));
#11938 = PCURVE('',#10465,#11939);
#11939 = DEFINITIONAL_REPRESENTATION('',(#11940),#11943);
#11940 = B_SPLINE_CURVE_WITH_KNOTS('',1,(#11941,#11942),.UNSPECIFIED.,
  .F.,.F.,(2,2),(37.3575,59.3575),.PIECEWISE_BEZIER_KNOTS.);
#11941 = CARTESIAN_POINT('',(56.,74.715));
#11942 = CARTESIAN_POINT('',(56.,96.715));
#11943 = ( GEOMETRIC_REPRESENTATION_CONTEXT(2) 
PARAMETRIC_REPRESENTATION_CONTEXT() REPRESENTATION_CONTEXT('2D SPACE',''
  ) );
#11944 = PCURVE('',#11945,#11950);
#11945 = PLANE('',#11946);
#11946 = AXIS2_PLACEMENT_3D('',#11947,#11948,#11949);
#11947 = CARTESIAN_POINT('',(56.,74.715,71.7));
#11948 = DIRECTION('',(1.,0.,0.));
#11949 = DIRECTION('',(0.,0.,1.));
#11950 = DEFINITIONAL_REPRESENTATION('',(#11951),#11954);
#11951 = B_SPLINE_CURVE_WITH_KNOTS('',1,(#11952,#11953),.UNSPECIFIED.,
  .F.,.F.,(2,2),(37.3575,59.3575),.PIECEWISE_BEZIER_KNOTS.);
#11952 = CARTESIAN_POINT('',(4.5,0.));
#11953 = CARTESIAN_POINT('',(4.5,-22.));
#11954 = ( GEOMETRIC_REPRESENTATION_CONTEXT(2) 
PARAMETRIC_REPRESENTATION_CONTEXT() REPRESENTATION_CONTEXT('2D SPACE',''
  ) );
#11955 = ORIENTED_EDGE('',*,*,#11956,.F.);
#11956 = EDGE_CURVE('',#11957,#11931,#11959,.T.);
#11957 = VERTEX_POINT('',#11958);
#11958 = CARTESIAN_POINT('',(59.,96.715,76.2));
#11959 = SURFACE_CURVE('',#11960,(#11964,#11970),.PCURVE_S1.);
#11960 = LINE('',#11961,#11962);
#11961 = CARTESIAN_POINT('',(28.,96.715,76.2));
#11962 = VECTOR('',#11963,1.);
#11963 = DIRECTION('',(-1.,0.,0.));
#11964 = PCURVE('',#10465,#11965);
#11965 = DEFINITIONAL_REPRESENTATION('',(#11966),#11969);
#11966 = B_SPLINE_CURVE_WITH_KNOTS('',1,(#11967,#11968),.UNSPECIFIED.,
  .F.,.F.,(2,2),(-31.,-28.),.PIECEWISE_BEZIER_KNOTS.);
#11967 = CARTESIAN_POINT('',(59.,96.715));
#11968 = CARTESIAN_POINT('',(56.,96.715));
#11969 = ( GEOMETRIC_REPRESENTATION_CONTEXT(2) 
PARAMETRIC_REPRESENTATION_CONTEXT() REPRESENTATION_CONTEXT('2D SPACE',''
  ) );
#11970 = PCURVE('',#11971,#11976);
#11971 = PLANE('',#11972);
#11972 = AXIS2_PLACEMENT_3D('',#11973,#11974,#11975);
#11973 = CARTESIAN_POINT('',(56.,96.715,71.7));
#11974 = DIRECTION('',(0.,1.,0.));
#11975 = DIRECTION('',(0.,0.,1.));
#11976 = DEFINITIONAL_REPRESENTATION('',(#11977),#11980);
#11977 = B_SPLINE_CURVE_WITH_KNOTS('',1,(#11978,#11979),.UNSPECIFIED.,
  .F.,.F.,(2,2),(-31.,-28.),.PIECEWISE_BEZIER_KNOTS.);
#11978 = CARTESIAN_POINT('',(4.5,3.));
#11979 = CARTESIAN_POINT('',(4.5,0.));
#11980 = ( GEOMETRIC_REPRESENTATION_CONTEXT(2) 
PARAMETRIC_REPRESENTATION_CONTEXT() REPRESENTATION_CONTEXT('2D SPACE',''
  ) );
#11981 = ORIENTED_EDGE('',*,*,#11982,.F.);
#11982 = EDGE_CURVE('',#11903,#11957,#11983,.T.);
#11983 = SURFACE_CURVE('',#11984,(#11988,#11994),.PCURVE_S1.);
#11984 = LINE('',#11985,#11986);
#11985 = CARTESIAN_POINT('',(59.,37.3575,76.2));
#11986 = VECTOR('',#11987,1.);
#11987 = DIRECTION('',(0.,1.,0.));
#11988 = PCURVE('',#10465,#11989);
#11989 = DEFINITIONAL_REPRESENTATION('',(#11990),#11993);
#11990 = B_SPLINE_CURVE_WITH_KNOTS('',1,(#11991,#11992),.UNSPECIFIED.,
  .F.,.F.,(2,2),(37.3575,59.3575),.PIECEWISE_BEZIER_KNOTS.);
#11991 = CARTESIAN_POINT('',(59.,74.715));
#11992 = CARTESIAN_POINT('',(59.,96.715));
#11993 = ( GEOMETRIC_REPRESENTATION_CONTEXT(2) 
PARAMETRIC_REPRESENTATION_CONTEXT() REPRESENTATION_CONTEXT('2D SPACE',''
  ) );
#11994 = PCURVE('',#11995,#12000);
#11995 = PLANE('',#11996);
#11996 = AXIS2_PLACEMENT_3D('',#11997,#11998,#11999);
#11997 = CARTESIAN_POINT('',(59.,74.715,71.7));
#11998 = DIRECTION('',(1.,0.,0.));
#11999 = DIRECTION('',(0.,0.,1.));
#12000 = DEFINITIONAL_REPRESENTATION('',(#12001),#12004);
#12001 = B_SPLINE_CURVE_WITH_KNOTS('',1,(#12002,#12003),.UNSPECIFIED.,
  .F.,.F.,(2,2),(37.3575,59.3575),.PIECEWISE_BEZIER_KNOTS.);
#12002 = CARTESIAN_POINT('',(4.5,0.));
#12003 = CARTESIAN_POINT('',(4.5,-22.));
#12004 = ( GEOMETRIC_REPRESENTATION_CONTEXT(2) 
PARAMETRIC_REPRESENTATION_CONTEXT() REPRESENTATION_CONTEXT('2D SPACE',''
  ) );
#12005 = FACE_BOUND('',#12006,.T.);
#12006 = EDGE_LOOP('',(#12007,#12035,#12061,#12087));
#12007 = ORIENTED_EDGE('',*,*,#12008,.T.);
#12008 = EDGE_CURVE('',#12009,#12011,#12013,.T.);
#12009 = VERTEX_POINT('',#12010);
#12010 = CARTESIAN_POINT('',(68.,74.715,76.2));
#12011 = VERTEX_POINT('',#12012);
#12012 = CARTESIAN_POINT('',(65.,74.715,76.2));
#12013 = SURFACE_CURVE('',#12014,(#12018,#12024),.PCURVE_S1.);
#12014 = LINE('',#12015,#12016);
#12015 = CARTESIAN_POINT('',(32.5,74.715,76.2));
#12016 = VECTOR('',#12017,1.);
#12017 = DIRECTION('',(-1.,0.,0.));
#12018 = PCURVE('',#10465,#12019);
#12019 = DEFINITIONAL_REPRESENTATION('',(#12020),#12023);
#12020 = B_SPLINE_CURVE_WITH_KNOTS('',1,(#12021,#12022),.UNSPECIFIED.,
  .F.,.F.,(2,2),(-35.5,-32.5),.PIECEWISE_BEZIER_KNOTS.);
#12021 = CARTESIAN_POINT('',(68.,74.715));
#12022 = CARTESIAN_POINT('',(65.,74.715));
#12023 = ( GEOMETRIC_REPRESENTATION_CONTEXT(2) 
PARAMETRIC_REPRESENTATION_CONTEXT() REPRESENTATION_CONTEXT('2D SPACE',''
  ) );
#12024 = PCURVE('',#12025,#12030);
#12025 = PLANE('',#12026);
#12026 = AXIS2_PLACEMENT_3D('',#12027,#12028,#12029);
#12027 = CARTESIAN_POINT('',(65.,74.715,71.7));
#12028 = DIRECTION('',(0.,1.,0.));
#12029 = DIRECTION('',(0.,0.,1.));
#12030 = DEFINITIONAL_REPRESENTATION('',(#12031),#12034);
#12031 = B_SPLINE_CURVE_WITH_KNOTS('',1,(#12032,#12033),.UNSPECIFIED.,
  .F.,.F.,(2,2),(-35.5,-32.5),.PIECEWISE_BEZIER_KNOTS.);
#12032 = CARTESIAN_POINT('',(4.5,3.));
#12033 = CARTESIAN_POINT('',(4.5,0.));
#12034 = ( GEOMETRIC_REPRESENTATION_CONTEXT(2) 
PARAMETRIC_REPRESENTATION_CONTEXT() REPRESENTATION_CONTEXT('2D SPACE',''
  ) );
#12035 = ORIENTED_EDGE('',*,*,#12036,.T.);
#12036 = EDGE_CURVE('',#12011,#12037,#12039,.T.);
#12037 = VERTEX_POINT('',#12038);
#12038 = CARTESIAN_POINT('',(65.,96.715,76.2));
#12039 = SURFACE_CURVE('',#12040,(#12044,#12050),.PCURVE_S1.);
#12040 = LINE('',#12041,#12042);
#12041 = CARTESIAN_POINT('',(65.,37.3575,76.2));
#12042 = VECTOR('',#12043,1.);
#12043 = DIRECTION('',(0.,1.,0.));
#12044 = PCURVE('',#10465,#12045);
#12045 = DEFINITIONAL_REPRESENTATION('',(#12046),#12049);
#12046 = B_SPLINE_CURVE_WITH_KNOTS('',1,(#12047,#12048),.UNSPECIFIED.,
  .F.,.F.,(2,2),(37.3575,59.3575),.PIECEWISE_BEZIER_KNOTS.);
#12047 = CARTESIAN_POINT('',(65.,74.715));
#12048 = CARTESIAN_POINT('',(65.,96.715));
#12049 = ( GEOMETRIC_REPRESENTATION_CONTEXT(2) 
PARAMETRIC_REPRESENTATION_CONTEXT() REPRESENTATION_CONTEXT('2D SPACE',''
  ) );
#12050 = PCURVE('',#12051,#12056);
#12051 = PLANE('',#12052);
#12052 = AXIS2_PLACEMENT_3D('',#12053,#12054,#12055);
#12053 = CARTESIAN_POINT('',(65.,74.715,71.7));
#12054 = DIRECTION('',(1.,0.,0.));
#12055 = DIRECTION('',(0.,0.,1.));
#12056 = DEFINITIONAL_REPRESENTATION('',(#12057),#12060);
#12057 = B_SPLINE_CURVE_WITH_KNOTS('',1,(#12058,#12059),.UNSPECIFIED.,
  .F.,.F.,(2,2),(37.3575,59.3575),.PIECEWISE_BEZIER_KNOTS.);
#12058 = CARTESIAN_POINT('',(4.5,0.));
#12059 = CARTESIAN_POINT('',(4.5,-22.));
#12060 = ( GEOMETRIC_REPRESENTATION_CONTEXT(2) 
PARAMETRIC_REPRESENTATION_CONTEXT() REPRESENTATION_CONTEXT('2D SPACE',''
  ) );
#12061 = ORIENTED_EDGE('',*,*,#12062,.F.);
#12062 = EDGE_CURVE('',#12063,#12037,#12065,.T.);
#12063 = VERTEX_POINT('',#12064);
#12064 = CARTESIAN_POINT('',(68.,96.715,76.2));
#12065 = SURFACE_CURVE('',#12066,(#12070,#12076),.PCURVE_S1.);
#12066 = LINE('',#12067,#12068);
#12067 = CARTESIAN_POINT('',(32.5,96.715,76.2));
#12068 = VECTOR('',#12069,1.);
#12069 = DIRECTION('',(-1.,0.,0.));
#12070 = PCURVE('',#10465,#12071);
#12071 = DEFINITIONAL_REPRESENTATION('',(#12072),#12075);
#12072 = B_SPLINE_CURVE_WITH_KNOTS('',1,(#12073,#12074),.UNSPECIFIED.,
  .F.,.F.,(2,2),(-35.5,-32.5),.PIECEWISE_BEZIER_KNOTS.);
#12073 = CARTESIAN_POINT('',(68.,96.715));
#12074 = CARTESIAN_POINT('',(65.,96.715));
#12075 = ( GEOMETRIC_REPRESENTATION_CONTEXT(2) 
PARAMETRIC_REPRESENTATION_CONTEXT() REPRESENTATION_CONTEXT('2D SPACE',''
  ) );
#12076 = PCURVE('',#12077,#12082);
#12077 = PLANE('',#12078);
#12078 = AXIS2_PLACEMENT_3D('',#12079,#12080,#12081);
#12079 = CARTESIAN_POINT('',(65.,96.715,71.7));
#12080 = DIRECTION('',(0.,1.,0.));
#12081 = DIRECTION('',(0.,0.,1.));
#12082 = DEFINITIONAL_REPRESENTATION('',(#12083),#12086);
#12083 = B_SPLINE_CURVE_WITH_KNOTS('',1,(#12084,#12085),.UNSPECIFIED.,
  .F.,.F.,(2,2),(-35.5,-32.5),.PIECEWISE_BEZIER_KNOTS.);
#12084 = CARTESIAN_POINT('',(4.5,3.));
#12085 = CARTESIAN_POINT('',(4.5,0.));
#12086 = ( GEOMETRIC_REPRESENTATION_CONTEXT(2) 
PARAMETRIC_REPRESENTATION_CONTEXT() REPRESENTATION_CONTEXT('2D SPACE',''
  ) );
#12087 = ORIENTED_EDGE('',*,*,#12088,.F.);
#12088 = EDGE_CURVE('',#12009,#12063,#12089,.T.);
#12089 = SURFACE_CURVE('',#12090,(#12094,#12100),.PCURVE_S1.);
#12090 = LINE('',#12091,#12092);
#12091 = CARTESIAN_POINT('',(68.,37.3575,76.2));
#12092 = VECTOR('',#12093,1.);
#12093 = DIRECTION('',(0.,1.,0.));
#12094 = PCURVE('',#10465,#12095);
#12095 = DEFINITIONAL_REPRESENTATION('',(#12096),#12099);
#12096 = B_SPLINE_CURVE_WITH_KNOTS('',1,(#12097,#12098),.UNSPECIFIED.,
  .F.,.F.,(2,2),(37.3575,59.3575),.PIECEWISE_BEZIER_KNOTS.);
#12097 = CARTESIAN_POINT('',(68.,74.715));
#12098 = CARTESIAN_POINT('',(68.,96.715));
#12099 = ( GEOMETRIC_REPRESENTATION_CONTEXT(2) 
PARAMETRIC_REPRESENTATION_CONTEXT() REPRESENTATION_CONTEXT('2D SPACE',''
  ) );
#12100 = PCURVE('',#12101,#12106);
#12101 = PLANE('',#12102);
#12102 = AXIS2_PLACEMENT_3D('',#12103,#12104,#12105);
#12103 = CARTESIAN_POINT('',(68.,74.715,71.7));
#12104 = DIRECTION('',(1.,0.,0.));
#12105 = DIRECTION('',(0.,0.,1.));
#12106 = DEFINITIONAL_REPRESENTATION('',(#12107),#12110);
#12107 = B_SPLINE_CURVE_WITH_KNOTS('',1,(#12108,#12109),.UNSPECIFIED.,
  .F.,.F.,(2,2),(37.3575,59.3575),.PIECEWISE_BEZIER_KNOTS.);
#12108 = CARTESIAN_POINT('',(4.5,0.));
#12109 = CARTESIAN_POINT('',(4.5,-22.));
#12110 = ( GEOMETRIC_REPRESENTATION_CONTEXT(2) 
PARAMETRIC_REPRESENTATION_CONTEXT() REPRESENTATION_CONTEXT('2D SPACE',''
  ) );
#12111 = FACE_BOUND('',#12112,.T.);
#12112 = EDGE_LOOP('',(#12113));
#12113 = ORIENTED_EDGE('',*,*,#12114,.T.);
#12114 = EDGE_CURVE('',#12115,#12115,#12117,.T.);
#12115 = VERTEX_POINT('',#12116);
#12116 = CARTESIAN_POINT('',(95.5,109.13,76.2));
#12117 = SURFACE_CURVE('',#12118,(#12123,#12134),.PCURVE_S1.);
#12118 = CIRCLE('',#12119,2.5);
#12119 = AXIS2_PLACEMENT_3D('',#12120,#12121,#12122);
#12120 = CARTESIAN_POINT('',(93.,109.13,76.2));
#12121 = DIRECTION('',(0.,0.,-1.));
#12122 = DIRECTION('',(1.,0.,0.));
#12123 = PCURVE('',#10465,#12124);
#12124 = DEFINITIONAL_REPRESENTATION('',(#12125),#12133);
#12125 = ( BOUNDED_CURVE() B_SPLINE_CURVE(2,(#12126,#12127,#12128,#12129
    ,#12130,#12131,#12132),.UNSPECIFIED.,.T.,.F.) 
B_SPLINE_CURVE_WITH_KNOTS((1,2,2,2,2,1),(-2.094395102393,0.,
    2.094395102393,4.188790204786,6.28318530718,8.377580409573),
.UNSPECIFIED.) CURVE() GEOMETRIC_REPRESENTATION_ITEM() 
RATIONAL_B_SPLINE_CURVE((1.,0.5,1.,0.5,1.,0.5,1.)) REPRESENTATION_ITEM(
  '') );
#12126 = CARTESIAN_POINT('',(95.5,109.13));
#12127 = CARTESIAN_POINT('',(95.5,104.79987298107));
#12128 = CARTESIAN_POINT('',(91.75,106.96493649053));
#12129 = CARTESIAN_POINT('',(88.,109.13));
#12130 = CARTESIAN_POINT('',(91.75,111.29506350946));
#12131 = CARTESIAN_POINT('',(95.5,113.46012701892));
#12132 = CARTESIAN_POINT('',(95.5,109.13));
#12133 = ( GEOMETRIC_REPRESENTATION_CONTEXT(2) 
PARAMETRIC_REPRESENTATION_CONTEXT() REPRESENTATION_CONTEXT('2D SPACE',''
  ) );
#12134 = PCURVE('',#12135,#12140);
#12135 = CYLINDRICAL_SURFACE('',#12136,2.5);
#12136 = AXIS2_PLACEMENT_3D('',#12137,#12138,#12139);
#12137 = CARTESIAN_POINT('',(93.,109.13,73.6));
#12138 = DIRECTION('',(-0.,-0.,-1.));
#12139 = DIRECTION('',(1.,0.,0.));
#12140 = DEFINITIONAL_REPRESENTATION('',(#12141),#12145);
#12141 = LINE('',#12142,#12143);
#12142 = CARTESIAN_POINT('',(-6.28318530718,-2.6));
#12143 = VECTOR('',#12144,1.);
#12144 = DIRECTION('',(1.,-0.));
#12145 = ( GEOMETRIC_REPRESENTATION_CONTEXT(2) 
PARAMETRIC_REPRESENTATION_CONTEXT() REPRESENTATION_CONTEXT('2D SPACE',''
  ) );
#12146 = ADVANCED_FACE('',(#12147),#10439,.T.);
#12147 = FACE_BOUND('',#12148,.T.);
#12148 = EDGE_LOOP('',(#12149,#12172,#12173,#12174));
#12149 = ORIENTED_EDGE('',*,*,#12150,.F.);
#12150 = EDGE_CURVE('',#10396,#12151,#12153,.T.);
#12151 = VERTEX_POINT('',#12152);
#12152 = CARTESIAN_POINT('',(97.,113.13,72.2));
#12153 = SURFACE_CURVE('',#12154,(#12158,#12165),.PCURVE_S1.);
#12154 = LINE('',#12155,#12156);
#12155 = CARTESIAN_POINT('',(0.,113.13,72.2));
#12156 = VECTOR('',#12157,1.);
#12157 = DIRECTION('',(1.,0.,0.));
#12158 = PCURVE('',#10439,#12159);
#12159 = DEFINITIONAL_REPRESENTATION('',(#12160),#12164);
#12160 = LINE('',#12161,#12162);
#12161 = CARTESIAN_POINT('',(0.,0.));
#12162 = VECTOR('',#12163,1.);
#12163 = DIRECTION('',(0.,1.));
#12164 = ( GEOMETRIC_REPRESENTATION_CONTEXT(2) 
PARAMETRIC_REPRESENTATION_CONTEXT() REPRESENTATION_CONTEXT('2D SPACE',''
  ) );
#12165 = PCURVE('',#10411,#12166);
#12166 = DEFINITIONAL_REPRESENTATION('',(#12167),#12171);
#12167 = LINE('',#12168,#12169);
#12168 = CARTESIAN_POINT('',(0.,113.13));
#12169 = VECTOR('',#12170,1.);
#12170 = DIRECTION('',(1.,0.));
#12171 = ( GEOMETRIC_REPRESENTATION_CONTEXT(2) 
PARAMETRIC_REPRESENTATION_CONTEXT() REPRESENTATION_CONTEXT('2D SPACE',''
  ) );
#12172 = ORIENTED_EDGE('',*,*,#10423,.T.);
#12173 = ORIENTED_EDGE('',*,*,#10581,.T.);
#12174 = ORIENTED_EDGE('',*,*,#12175,.F.);
#12175 = EDGE_CURVE('',#12151,#10559,#12176,.T.);
#12176 = SURFACE_CURVE('',#12177,(#12181,#12188),.PCURVE_S1.);
#12177 = LINE('',#12178,#12179);
#12178 = CARTESIAN_POINT('',(97.,113.13,72.2));
#12179 = VECTOR('',#12180,1.);
#12180 = DIRECTION('',(0.,0.,1.));
#12181 = PCURVE('',#10439,#12182);
#12182 = DEFINITIONAL_REPRESENTATION('',(#12183),#12187);
#12183 = LINE('',#12184,#12185);
#12184 = CARTESIAN_POINT('',(0.,97.));
#12185 = VECTOR('',#12186,1.);
#12186 = DIRECTION('',(1.,0.));
#12187 = ( GEOMETRIC_REPRESENTATION_CONTEXT(2) 
PARAMETRIC_REPRESENTATION_CONTEXT() REPRESENTATION_CONTEXT('2D SPACE',''
  ) );
#12188 = PCURVE('',#10541,#12189);
#12189 = DEFINITIONAL_REPRESENTATION('',(#12190),#12194);
#12190 = LINE('',#12191,#12192);
#12191 = CARTESIAN_POINT('',(0.,-113.13));
#12192 = VECTOR('',#12193,1.);
#12193 = DIRECTION('',(1.,0.));
#12194 = ( GEOMETRIC_REPRESENTATION_CONTEXT(2) 
PARAMETRIC_REPRESENTATION_CONTEXT() REPRESENTATION_CONTEXT('2D SPACE',''
  ) );
#12195 = ADVANCED_FACE('',(#12196,#12222,#12257,#12371,#12401,#12431,
    #12461,#12491,#12605,#12635,#12665,#12695,#12725,#12755,#12785,
    #12815,#12845,#12875,#12905,#12935,#12965,#13000,#13030,#13060,
    #13090,#13120,#13150,#13180,#13210,#13240,#13270,#13384,#13419,
    #13505,#13591,#13677,#13791,#13877,#13963),#10411,.F.);
#12196 = FACE_BOUND('',#12197,.F.);
#12197 = EDGE_LOOP('',(#12198,#12199,#12200,#12221));
#12198 = ORIENTED_EDGE('',*,*,#10395,.F.);
#12199 = ORIENTED_EDGE('',*,*,#10480,.T.);
#12200 = ORIENTED_EDGE('',*,*,#12201,.T.);
#12201 = EDGE_CURVE('',#10481,#12151,#12202,.T.);
#12202 = SURFACE_CURVE('',#12203,(#12207,#12214),.PCURVE_S1.);
#12203 = LINE('',#12204,#12205);
#12204 = CARTESIAN_POINT('',(97.,0.,72.2));
#12205 = VECTOR('',#12206,1.);
#12206 = DIRECTION('',(0.,1.,0.));
#12207 = PCURVE('',#10411,#12208);
#12208 = DEFINITIONAL_REPRESENTATION('',(#12209),#12213);
#12209 = LINE('',#12210,#12211);
#12210 = CARTESIAN_POINT('',(97.,0.));
#12211 = VECTOR('',#12212,1.);
#12212 = DIRECTION('',(0.,1.));
#12213 = ( GEOMETRIC_REPRESENTATION_CONTEXT(2) 
PARAMETRIC_REPRESENTATION_CONTEXT() REPRESENTATION_CONTEXT('2D SPACE',''
  ) );
#12214 = PCURVE('',#10541,#12215);
#12215 = DEFINITIONAL_REPRESENTATION('',(#12216),#12220);
#12216 = LINE('',#12217,#12218);
#12217 = CARTESIAN_POINT('',(0.,0.));
#12218 = VECTOR('',#12219,1.);
#12219 = DIRECTION('',(0.,-1.));
#12220 = ( GEOMETRIC_REPRESENTATION_CONTEXT(2) 
PARAMETRIC_REPRESENTATION_CONTEXT() REPRESENTATION_CONTEXT('2D SPACE',''
  ) );
#12221 = ORIENTED_EDGE('',*,*,#12150,.F.);
#12222 = FACE_BOUND('',#12223,.F.);
#12223 = EDGE_LOOP('',(#12224));
#12224 = ORIENTED_EDGE('',*,*,#12225,.T.);
#12225 = EDGE_CURVE('',#12226,#12226,#12228,.T.);
#12226 = VERTEX_POINT('',#12227);
#12227 = CARTESIAN_POINT('',(5.4,4.,72.2));
#12228 = SURFACE_CURVE('',#12229,(#12234,#12245),.PCURVE_S1.);
#12229 = CIRCLE('',#12230,1.4);
#12230 = AXIS2_PLACEMENT_3D('',#12231,#12232,#12233);
#12231 = CARTESIAN_POINT('',(4.,4.,72.2));
#12232 = DIRECTION('',(0.,0.,-1.));
#12233 = DIRECTION('',(1.,0.,0.));
#12234 = PCURVE('',#10411,#12235);
#12235 = DEFINITIONAL_REPRESENTATION('',(#12236),#12244);
#12236 = ( BOUNDED_CURVE() B_SPLINE_CURVE(2,(#12237,#12238,#12239,#12240
    ,#12241,#12242,#12243),.UNSPECIFIED.,.T.,.F.) 
B_SPLINE_CURVE_WITH_KNOTS((1,2,2,2,2,1),(-2.094395102393,0.,
    2.094395102393,4.188790204786,6.28318530718,8.377580409573),
.UNSPECIFIED.) CURVE() GEOMETRIC_REPRESENTATION_ITEM() 
RATIONAL_B_SPLINE_CURVE((1.,0.5,1.,0.5,1.,0.5,1.)) REPRESENTATION_ITEM(
  '') );
#12237 = CARTESIAN_POINT('',(5.4,4.));
#12238 = CARTESIAN_POINT('',(5.4,1.575128869404));
#12239 = CARTESIAN_POINT('',(3.3,2.787564434702));
#12240 = CARTESIAN_POINT('',(1.2,4.));
#12241 = CARTESIAN_POINT('',(3.3,5.212435565298));
#12242 = CARTESIAN_POINT('',(5.4,6.424871130596));
#12243 = CARTESIAN_POINT('',(5.4,4.));
#12244 = ( GEOMETRIC_REPRESENTATION_CONTEXT(2) 
PARAMETRIC_REPRESENTATION_CONTEXT() REPRESENTATION_CONTEXT('2D SPACE',''
  ) );
#12245 = PCURVE('',#12246,#12251);
#12246 = CYLINDRICAL_SURFACE('',#12247,1.4);
#12247 = AXIS2_PLACEMENT_3D('',#12248,#12249,#12250);
#12248 = CARTESIAN_POINT('',(4.,4.,71.7));
#12249 = DIRECTION('',(-0.,-0.,-1.));
#12250 = DIRECTION('',(1.,0.,0.));
#12251 = DEFINITIONAL_REPRESENTATION('',(#12252),#12256);
#12252 = LINE('',#12253,#12254);
#12253 = CARTESIAN_POINT('',(-6.28318530718,-0.5));
#12254 = VECTOR('',#12255,1.);
#12255 = DIRECTION('',(1.,-0.));
#12256 = ( GEOMETRIC_REPRESENTATION_CONTEXT(2) 
PARAMETRIC_REPRESENTATION_CONTEXT() REPRESENTATION_CONTEXT('2D SPACE',''
  ) );
#12257 = FACE_BOUND('',#12258,.F.);
#12258 = EDGE_LOOP('',(#12259,#12289,#12317,#12345));
#12259 = ORIENTED_EDGE('',*,*,#12260,.T.);
#12260 = EDGE_CURVE('',#12261,#12263,#12265,.T.);
#12261 = VERTEX_POINT('',#12262);
#12262 = CARTESIAN_POINT('',(10.,3.4,72.2));
#12263 = VERTEX_POINT('',#12264);
#12264 = CARTESIAN_POINT('',(10.,5.,72.2));
#12265 = SURFACE_CURVE('',#12266,(#12270,#12277),.PCURVE_S1.);
#12266 = LINE('',#12267,#12268);
#12267 = CARTESIAN_POINT('',(10.,3.4,72.2));
#12268 = VECTOR('',#12269,1.);
#12269 = DIRECTION('',(0.,1.,0.));
#12270 = PCURVE('',#10411,#12271);
#12271 = DEFINITIONAL_REPRESENTATION('',(#12272),#12276);
#12272 = LINE('',#12273,#12274);
#12273 = CARTESIAN_POINT('',(10.,3.4));
#12274 = VECTOR('',#12275,1.);
#12275 = DIRECTION('',(0.,1.));
#12276 = ( GEOMETRIC_REPRESENTATION_CONTEXT(2) 
PARAMETRIC_REPRESENTATION_CONTEXT() REPRESENTATION_CONTEXT('2D SPACE',''
  ) );
#12277 = PCURVE('',#12278,#12283);
#12278 = PLANE('',#12279);
#12279 = AXIS2_PLACEMENT_3D('',#12280,#12281,#12282);
#12280 = CARTESIAN_POINT('',(10.,3.4,69.2));
#12281 = DIRECTION('',(1.,0.,0.));
#12282 = DIRECTION('',(0.,0.,1.));
#12283 = DEFINITIONAL_REPRESENTATION('',(#12284),#12288);
#12284 = LINE('',#12285,#12286);
#12285 = CARTESIAN_POINT('',(3.,0.));
#12286 = VECTOR('',#12287,1.);
#12287 = DIRECTION('',(0.,-1.));
#12288 = ( GEOMETRIC_REPRESENTATION_CONTEXT(2) 
PARAMETRIC_REPRESENTATION_CONTEXT() REPRESENTATION_CONTEXT('2D SPACE',''
  ) );
#12289 = ORIENTED_EDGE('',*,*,#12290,.T.);
#12290 = EDGE_CURVE('',#12263,#12291,#12293,.T.);
#12291 = VERTEX_POINT('',#12292);
#12292 = CARTESIAN_POINT('',(87.,5.,72.2));
#12293 = SURFACE_CURVE('',#12294,(#12298,#12305),.PCURVE_S1.);
#12294 = LINE('',#12295,#12296);
#12295 = CARTESIAN_POINT('',(10.,5.,72.2));
#12296 = VECTOR('',#12297,1.);
#12297 = DIRECTION('',(1.,0.,0.));
#12298 = PCURVE('',#10411,#12299);
#12299 = DEFINITIONAL_REPRESENTATION('',(#12300),#12304);
#12300 = LINE('',#12301,#12302);
#12301 = CARTESIAN_POINT('',(10.,5.));
#12302 = VECTOR('',#12303,1.);
#12303 = DIRECTION('',(1.,0.));
#12304 = ( GEOMETRIC_REPRESENTATION_CONTEXT(2) 
PARAMETRIC_REPRESENTATION_CONTEXT() REPRESENTATION_CONTEXT('2D SPACE',''
  ) );
#12305 = PCURVE('',#12306,#12311);
#12306 = PLANE('',#12307);
#12307 = AXIS2_PLACEMENT_3D('',#12308,#12309,#12310);
#12308 = CARTESIAN_POINT('',(10.,5.,69.2));
#12309 = DIRECTION('',(0.,1.,0.));
#12310 = DIRECTION('',(0.,0.,1.));
#12311 = DEFINITIONAL_REPRESENTATION('',(#12312),#12316);
#12312 = LINE('',#12313,#12314);
#12313 = CARTESIAN_POINT('',(3.,0.));
#12314 = VECTOR('',#12315,1.);
#12315 = DIRECTION('',(0.,1.));
#12316 = ( GEOMETRIC_REPRESENTATION_CONTEXT(2) 
PARAMETRIC_REPRESENTATION_CONTEXT() REPRESENTATION_CONTEXT('2D SPACE',''
  ) );
#12317 = ORIENTED_EDGE('',*,*,#12318,.F.);
#12318 = EDGE_CURVE('',#12319,#12291,#12321,.T.);
#12319 = VERTEX_POINT('',#12320);
#12320 = CARTESIAN_POINT('',(87.,3.4,72.2));
#12321 = SURFACE_CURVE('',#12322,(#12326,#12333),.PCURVE_S1.);
#12322 = LINE('',#12323,#12324);
#12323 = CARTESIAN_POINT('',(87.,3.4,72.2));
#12324 = VECTOR('',#12325,1.);
#12325 = DIRECTION('',(0.,1.,0.));
#12326 = PCURVE('',#10411,#12327);
#12327 = DEFINITIONAL_REPRESENTATION('',(#12328),#12332);
#12328 = LINE('',#12329,#12330);
#12329 = CARTESIAN_POINT('',(87.,3.4));
#12330 = VECTOR('',#12331,1.);
#12331 = DIRECTION('',(0.,1.));
#12332 = ( GEOMETRIC_REPRESENTATION_CONTEXT(2) 
PARAMETRIC_REPRESENTATION_CONTEXT() REPRESENTATION_CONTEXT('2D SPACE',''
  ) );
#12333 = PCURVE('',#12334,#12339);
#12334 = PLANE('',#12335);
#12335 = AXIS2_PLACEMENT_3D('',#12336,#12337,#12338);
#12336 = CARTESIAN_POINT('',(87.,3.4,69.2));
#12337 = DIRECTION('',(1.,0.,0.));
#12338 = DIRECTION('',(0.,0.,1.));
#12339 = DEFINITIONAL_REPRESENTATION('',(#12340),#12344);
#12340 = LINE('',#12341,#12342);
#12341 = CARTESIAN_POINT('',(3.,0.));
#12342 = VECTOR('',#12343,1.);
#12343 = DIRECTION('',(0.,-1.));
#12344 = ( GEOMETRIC_REPRESENTATION_CONTEXT(2) 
PARAMETRIC_REPRESENTATION_CONTEXT() REPRESENTATION_CONTEXT('2D SPACE',''
  ) );
#12345 = ORIENTED_EDGE('',*,*,#12346,.F.);
#12346 = EDGE_CURVE('',#12261,#12319,#12347,.T.);
#12347 = SURFACE_CURVE('',#12348,(#12352,#12359),.PCURVE_S1.);
#12348 = LINE('',#12349,#12350);
#12349 = CARTESIAN_POINT('',(10.,3.4,72.2));
#12350 = VECTOR('',#12351,1.);
#12351 = DIRECTION('',(1.,0.,0.));
#12352 = PCURVE('',#10411,#12353);
#12353 = DEFINITIONAL_REPRESENTATION('',(#12354),#12358);
#12354 = LINE('',#12355,#12356);
#12355 = CARTESIAN_POINT('',(10.,3.4));
#12356 = VECTOR('',#12357,1.);
#12357 = DIRECTION('',(1.,0.));
#12358 = ( GEOMETRIC_REPRESENTATION_CONTEXT(2) 
PARAMETRIC_REPRESENTATION_CONTEXT() REPRESENTATION_CONTEXT('2D SPACE',''
  ) );
#12359 = PCURVE('',#12360,#12365);
#12360 = PLANE('',#12361);
#12361 = AXIS2_PLACEMENT_3D('',#12362,#12363,#12364);
#12362 = CARTESIAN_POINT('',(10.,3.4,69.2));
#12363 = DIRECTION('',(0.,1.,0.));
#12364 = DIRECTION('',(0.,0.,1.));
#12365 = DEFINITIONAL_REPRESENTATION('',(#12366),#12370);
#12366 = LINE('',#12367,#12368);
#12367 = CARTESIAN_POINT('',(3.,0.));
#12368 = VECTOR('',#12369,1.);
#12369 = DIRECTION('',(0.,1.));
#12370 = ( GEOMETRIC_REPRESENTATION_CONTEXT(2) 
PARAMETRIC_REPRESENTATION_CONTEXT() REPRESENTATION_CONTEXT('2D SPACE',''
  ) );
#12371 = FACE_BOUND('',#12372,.F.);
#12372 = EDGE_LOOP('',(#12373));
#12373 = ORIENTED_EDGE('',*,*,#12374,.T.);
#12374 = EDGE_CURVE('',#12375,#12375,#12377,.T.);
#12375 = VERTEX_POINT('',#12376);
#12376 = CARTESIAN_POINT('',(40.5,22.3,72.2));
#12377 = SURFACE_CURVE('',#12378,(#12383,#12394),.PCURVE_S1.);
#12378 = CIRCLE('',#12379,2.);
#12379 = AXIS2_PLACEMENT_3D('',#12380,#12381,#12382);
#12380 = CARTESIAN_POINT('',(38.5,22.3,72.2));
#12381 = DIRECTION('',(0.,0.,-1.));
#12382 = DIRECTION('',(1.,0.,0.));
#12383 = PCURVE('',#10411,#12384);
#12384 = DEFINITIONAL_REPRESENTATION('',(#12385),#12393);
#12385 = ( BOUNDED_CURVE() B_SPLINE_CURVE(2,(#12386,#12387,#12388,#12389
    ,#12390,#12391,#12392),.UNSPECIFIED.,.T.,.F.) 
B_SPLINE_CURVE_WITH_KNOTS((1,2,2,2,2,1),(-2.094395102393,0.,
    2.094395102393,4.188790204786,6.28318530718,8.377580409573),
.UNSPECIFIED.) CURVE() GEOMETRIC_REPRESENTATION_ITEM() 
RATIONAL_B_SPLINE_CURVE((1.,0.5,1.,0.5,1.,0.5,1.)) REPRESENTATION_ITEM(
  '') );
#12386 = CARTESIAN_POINT('',(40.5,22.3));
#12387 = CARTESIAN_POINT('',(40.5,18.835898384862));
#12388 = CARTESIAN_POINT('',(37.5,20.567949192431));
#12389 = CARTESIAN_POINT('',(34.5,22.3));
#12390 = CARTESIAN_POINT('',(37.5,24.032050807569));
#12391 = CARTESIAN_POINT('',(40.5,25.764101615138));
#12392 = CARTESIAN_POINT('',(40.5,22.3));
#12393 = ( GEOMETRIC_REPRESENTATION_CONTEXT(2) 
PARAMETRIC_REPRESENTATION_CONTEXT() REPRESENTATION_CONTEXT('2D SPACE',''
  ) );
#12394 = PCURVE('',#10660,#12395);
#12395 = DEFINITIONAL_REPRESENTATION('',(#12396),#12400);
#12396 = LINE('',#12397,#12398);
#12397 = CARTESIAN_POINT('',(-6.28318530718,-0.5));
#12398 = VECTOR('',#12399,1.);
#12399 = DIRECTION('',(1.,-0.));
#12400 = ( GEOMETRIC_REPRESENTATION_CONTEXT(2) 
PARAMETRIC_REPRESENTATION_CONTEXT() REPRESENTATION_CONTEXT('2D SPACE',''
  ) );
#12401 = FACE_BOUND('',#12402,.F.);
#12402 = EDGE_LOOP('',(#12403));
#12403 = ORIENTED_EDGE('',*,*,#12404,.T.);
#12404 = EDGE_CURVE('',#12405,#12405,#12407,.T.);
#12405 = VERTEX_POINT('',#12406);
#12406 = CARTESIAN_POINT('',(47.,22.3,72.2));
#12407 = SURFACE_CURVE('',#12408,(#12413,#12424),.PCURVE_S1.);
#12408 = CIRCLE('',#12409,2.);
#12409 = AXIS2_PLACEMENT_3D('',#12410,#12411,#12412);
#12410 = CARTESIAN_POINT('',(45.,22.3,72.2));
#12411 = DIRECTION('',(0.,0.,-1.));
#12412 = DIRECTION('',(1.,0.,0.));
#12413 = PCURVE('',#10411,#12414);
#12414 = DEFINITIONAL_REPRESENTATION('',(#12415),#12423);
#12415 = ( BOUNDED_CURVE() B_SPLINE_CURVE(2,(#12416,#12417,#12418,#12419
    ,#12420,#12421,#12422),.UNSPECIFIED.,.T.,.F.) 
B_SPLINE_CURVE_WITH_KNOTS((1,2,2,2,2,1),(-2.094395102393,0.,
    2.094395102393,4.188790204786,6.28318530718,8.377580409573),
.UNSPECIFIED.) CURVE() GEOMETRIC_REPRESENTATION_ITEM() 
RATIONAL_B_SPLINE_CURVE((1.,0.5,1.,0.5,1.,0.5,1.)) REPRESENTATION_ITEM(
  '') );
#12416 = CARTESIAN_POINT('',(47.,22.3));
#12417 = CARTESIAN_POINT('',(47.,18.835898384862));
#12418 = CARTESIAN_POINT('',(44.,20.567949192431));
#12419 = CARTESIAN_POINT('',(41.,22.3));
#12420 = CARTESIAN_POINT('',(44.,24.032050807569));
#12421 = CARTESIAN_POINT('',(47.,25.764101615138));
#12422 = CARTESIAN_POINT('',(47.,22.3));
#12423 = ( GEOMETRIC_REPRESENTATION_CONTEXT(2) 
PARAMETRIC_REPRESENTATION_CONTEXT() REPRESENTATION_CONTEXT('2D SPACE',''
  ) );
#12424 = PCURVE('',#10730,#12425);
#12425 = DEFINITIONAL_REPRESENTATION('',(#12426),#12430);
#12426 = LINE('',#12427,#12428);
#12427 = CARTESIAN_POINT('',(-6.28318530718,-0.5));
#12428 = VECTOR('',#12429,1.);
#12429 = DIRECTION('',(1.,-0.));
#12430 = ( GEOMETRIC_REPRESENTATION_CONTEXT(2) 
PARAMETRIC_REPRESENTATION_CONTEXT() REPRESENTATION_CONTEXT('2D SPACE',''
  ) );
#12431 = FACE_BOUND('',#12432,.F.);
#12432 = EDGE_LOOP('',(#12433));
#12433 = ORIENTED_EDGE('',*,*,#12434,.T.);
#12434 = EDGE_CURVE('',#12435,#12435,#12437,.T.);
#12435 = VERTEX_POINT('',#12436);
#12436 = CARTESIAN_POINT('',(40.5,28.8,72.2));
#12437 = SURFACE_CURVE('',#12438,(#12443,#12454),.PCURVE_S1.);
#12438 = CIRCLE('',#12439,2.);
#12439 = AXIS2_PLACEMENT_3D('',#12440,#12441,#12442);
#12440 = CARTESIAN_POINT('',(38.5,28.8,72.2));
#12441 = DIRECTION('',(0.,0.,-1.));
#12442 = DIRECTION('',(1.,0.,0.));
#12443 = PCURVE('',#10411,#12444);
#12444 = DEFINITIONAL_REPRESENTATION('',(#12445),#12453);
#12445 = ( BOUNDED_CURVE() B_SPLINE_CURVE(2,(#12446,#12447,#12448,#12449
    ,#12450,#12451,#12452),.UNSPECIFIED.,.T.,.F.) 
B_SPLINE_CURVE_WITH_KNOTS((1,2,2,2,2,1),(-2.094395102393,0.,
    2.094395102393,4.188790204786,6.28318530718,8.377580409573),
.UNSPECIFIED.) CURVE() GEOMETRIC_REPRESENTATION_ITEM() 
RATIONAL_B_SPLINE_CURVE((1.,0.5,1.,0.5,1.,0.5,1.)) REPRESENTATION_ITEM(
  '') );
#12446 = CARTESIAN_POINT('',(40.5,28.8));
#12447 = CARTESIAN_POINT('',(40.5,25.335898384862));
#12448 = CARTESIAN_POINT('',(37.5,27.067949192431));
#12449 = CARTESIAN_POINT('',(34.5,28.8));
#12450 = CARTESIAN_POINT('',(37.5,30.532050807569));
#12451 = CARTESIAN_POINT('',(40.5,32.264101615138));
#12452 = CARTESIAN_POINT('',(40.5,28.8));
#12453 = ( GEOMETRIC_REPRESENTATION_CONTEXT(2) 
PARAMETRIC_REPRESENTATION_CONTEXT() REPRESENTATION_CONTEXT('2D SPACE',''
  ) );
#12454 = PCURVE('',#10695,#12455);
#12455 = DEFINITIONAL_REPRESENTATION('',(#12456),#12460);
#12456 = LINE('',#12457,#12458);
#12457 = CARTESIAN_POINT('',(-6.28318530718,-0.5));
#12458 = VECTOR('',#12459,1.);
#12459 = DIRECTION('',(1.,-0.));
#12460 = ( GEOMETRIC_REPRESENTATION_CONTEXT(2) 
PARAMETRIC_REPRESENTATION_CONTEXT() REPRESENTATION_CONTEXT('2D SPACE',''
  ) );
#12461 = FACE_BOUND('',#12462,.F.);
#12462 = EDGE_LOOP('',(#12463));
#12463 = ORIENTED_EDGE('',*,*,#12464,.T.);
#12464 = EDGE_CURVE('',#12465,#12465,#12467,.T.);
#12465 = VERTEX_POINT('',#12466);
#12466 = CARTESIAN_POINT('',(47.,28.8,72.2));
#12467 = SURFACE_CURVE('',#12468,(#12473,#12484),.PCURVE_S1.);
#12468 = CIRCLE('',#12469,2.);
#12469 = AXIS2_PLACEMENT_3D('',#12470,#12471,#12472);
#12470 = CARTESIAN_POINT('',(45.,28.8,72.2));
#12471 = DIRECTION('',(0.,0.,-1.));
#12472 = DIRECTION('',(1.,0.,0.));
#12473 = PCURVE('',#10411,#12474);
#12474 = DEFINITIONAL_REPRESENTATION('',(#12475),#12483);
#12475 = ( BOUNDED_CURVE() B_SPLINE_CURVE(2,(#12476,#12477,#12478,#12479
    ,#12480,#12481,#12482),.UNSPECIFIED.,.T.,.F.) 
B_SPLINE_CURVE_WITH_KNOTS((1,2,2,2,2,1),(-2.094395102393,0.,
    2.094395102393,4.188790204786,6.28318530718,8.377580409573),
.UNSPECIFIED.) CURVE() GEOMETRIC_REPRESENTATION_ITEM() 
RATIONAL_B_SPLINE_CURVE((1.,0.5,1.,0.5,1.,0.5,1.)) REPRESENTATION_ITEM(
  '') );
#12476 = CARTESIAN_POINT('',(47.,28.8));
#12477 = CARTESIAN_POINT('',(47.,25.335898384862));
#12478 = CARTESIAN_POINT('',(44.,27.067949192431));
#12479 = CARTESIAN_POINT('',(41.,28.8));
#12480 = CARTESIAN_POINT('',(44.,30.532050807569));
#12481 = CARTESIAN_POINT('',(47.,32.264101615138));
#12482 = CARTESIAN_POINT('',(47.,28.8));
#12483 = ( GEOMETRIC_REPRESENTATION_CONTEXT(2) 
PARAMETRIC_REPRESENTATION_CONTEXT() REPRESENTATION_CONTEXT('2D SPACE',''
  ) );
#12484 = PCURVE('',#10765,#12485);
#12485 = DEFINITIONAL_REPRESENTATION('',(#12486),#12490);
#12486 = LINE('',#12487,#12488);
#12487 = CARTESIAN_POINT('',(-6.28318530718,-0.5));
#12488 = VECTOR('',#12489,1.);
#12489 = DIRECTION('',(1.,-0.));
#12490 = ( GEOMETRIC_REPRESENTATION_CONTEXT(2) 
PARAMETRIC_REPRESENTATION_CONTEXT() REPRESENTATION_CONTEXT('2D SPACE',''
  ) );
#12491 = FACE_BOUND('',#12492,.F.);
#12492 = EDGE_LOOP('',(#12493,#12523,#12551,#12579));
#12493 = ORIENTED_EDGE('',*,*,#12494,.T.);
#12494 = EDGE_CURVE('',#12495,#12497,#12499,.T.);
#12495 = VERTEX_POINT('',#12496);
#12496 = CARTESIAN_POINT('',(3.4,10.,72.2));
#12497 = VERTEX_POINT('',#12498);
#12498 = CARTESIAN_POINT('',(3.4,103.13,72.2));
#12499 = SURFACE_CURVE('',#12500,(#12504,#12511),.PCURVE_S1.);
#12500 = LINE('',#12501,#12502);
#12501 = CARTESIAN_POINT('',(3.4,10.,72.2));
#12502 = VECTOR('',#12503,1.);
#12503 = DIRECTION('',(0.,1.,0.));
#12504 = PCURVE('',#10411,#12505);
#12505 = DEFINITIONAL_REPRESENTATION('',(#12506),#12510);
#12506 = LINE('',#12507,#12508);
#12507 = CARTESIAN_POINT('',(3.4,10.));
#12508 = VECTOR('',#12509,1.);
#12509 = DIRECTION('',(0.,1.));
#12510 = ( GEOMETRIC_REPRESENTATION_CONTEXT(2) 
PARAMETRIC_REPRESENTATION_CONTEXT() REPRESENTATION_CONTEXT('2D SPACE',''
  ) );
#12511 = PCURVE('',#12512,#12517);
#12512 = PLANE('',#12513);
#12513 = AXIS2_PLACEMENT_3D('',#12514,#12515,#12516);
#12514 = CARTESIAN_POINT('',(3.4,10.,69.2));
#12515 = DIRECTION('',(1.,0.,0.));
#12516 = DIRECTION('',(0.,0.,1.));
#12517 = DEFINITIONAL_REPRESENTATION('',(#12518),#12522);
#12518 = LINE('',#12519,#12520);
#12519 = CARTESIAN_POINT('',(3.,0.));
#12520 = VECTOR('',#12521,1.);
#12521 = DIRECTION('',(0.,-1.));
#12522 = ( GEOMETRIC_REPRESENTATION_CONTEXT(2) 
PARAMETRIC_REPRESENTATION_CONTEXT() REPRESENTATION_CONTEXT('2D SPACE',''
  ) );
#12523 = ORIENTED_EDGE('',*,*,#12524,.T.);
#12524 = EDGE_CURVE('',#12497,#12525,#12527,.T.);
#12525 = VERTEX_POINT('',#12526);
#12526 = CARTESIAN_POINT('',(5.,103.13,72.2));
#12527 = SURFACE_CURVE('',#12528,(#12532,#12539),.PCURVE_S1.);
#12528 = LINE('',#12529,#12530);
#12529 = CARTESIAN_POINT('',(3.4,103.13,72.2));
#12530 = VECTOR('',#12531,1.);
#12531 = DIRECTION('',(1.,0.,0.));
#12532 = PCURVE('',#10411,#12533);
#12533 = DEFINITIONAL_REPRESENTATION('',(#12534),#12538);
#12534 = LINE('',#12535,#12536);
#12535 = CARTESIAN_POINT('',(3.4,103.13));
#12536 = VECTOR('',#12537,1.);
#12537 = DIRECTION('',(1.,0.));
#12538 = ( GEOMETRIC_REPRESENTATION_CONTEXT(2) 
PARAMETRIC_REPRESENTATION_CONTEXT() REPRESENTATION_CONTEXT('2D SPACE',''
  ) );
#12539 = PCURVE('',#12540,#12545);
#12540 = PLANE('',#12541);
#12541 = AXIS2_PLACEMENT_3D('',#12542,#12543,#12544);
#12542 = CARTESIAN_POINT('',(3.4,103.13,69.2));
#12543 = DIRECTION('',(0.,1.,0.));
#12544 = DIRECTION('',(0.,0.,1.));
#12545 = DEFINITIONAL_REPRESENTATION('',(#12546),#12550);
#12546 = LINE('',#12547,#12548);
#12547 = CARTESIAN_POINT('',(3.,0.));
#12548 = VECTOR('',#12549,1.);
#12549 = DIRECTION('',(0.,1.));
#12550 = ( GEOMETRIC_REPRESENTATION_CONTEXT(2) 
PARAMETRIC_REPRESENTATION_CONTEXT() REPRESENTATION_CONTEXT('2D SPACE',''
  ) );
#12551 = ORIENTED_EDGE('',*,*,#12552,.F.);
#12552 = EDGE_CURVE('',#12553,#12525,#12555,.T.);
#12553 = VERTEX_POINT('',#12554);
#12554 = CARTESIAN_POINT('',(5.,10.,72.2));
#12555 = SURFACE_CURVE('',#12556,(#12560,#12567),.PCURVE_S1.);
#12556 = LINE('',#12557,#12558);
#12557 = CARTESIAN_POINT('',(5.,10.,72.2));
#12558 = VECTOR('',#12559,1.);
#12559 = DIRECTION('',(0.,1.,0.));
#12560 = PCURVE('',#10411,#12561);
#12561 = DEFINITIONAL_REPRESENTATION('',(#12562),#12566);
#12562 = LINE('',#12563,#12564);
#12563 = CARTESIAN_POINT('',(5.,10.));
#12564 = VECTOR('',#12565,1.);
#12565 = DIRECTION('',(0.,1.));
#12566 = ( GEOMETRIC_REPRESENTATION_CONTEXT(2) 
PARAMETRIC_REPRESENTATION_CONTEXT() REPRESENTATION_CONTEXT('2D SPACE',''
  ) );
#12567 = PCURVE('',#12568,#12573);
#12568 = PLANE('',#12569);
#12569 = AXIS2_PLACEMENT_3D('',#12570,#12571,#12572);
#12570 = CARTESIAN_POINT('',(5.,10.,69.2));
#12571 = DIRECTION('',(1.,0.,0.));
#12572 = DIRECTION('',(0.,0.,1.));
#12573 = DEFINITIONAL_REPRESENTATION('',(#12574),#12578);
#12574 = LINE('',#12575,#12576);
#12575 = CARTESIAN_POINT('',(3.,0.));
#12576 = VECTOR('',#12577,1.);
#12577 = DIRECTION('',(0.,-1.));
#12578 = ( GEOMETRIC_REPRESENTATION_CONTEXT(2) 
PARAMETRIC_REPRESENTATION_CONTEXT() REPRESENTATION_CONTEXT('2D SPACE',''
  ) );
#12579 = ORIENTED_EDGE('',*,*,#12580,.F.);
#12580 = EDGE_CURVE('',#12495,#12553,#12581,.T.);
#12581 = SURFACE_CURVE('',#12582,(#12586,#12593),.PCURVE_S1.);
#12582 = LINE('',#12583,#12584);
#12583 = CARTESIAN_POINT('',(3.4,10.,72.2));
#12584 = VECTOR('',#12585,1.);
#12585 = DIRECTION('',(1.,0.,0.));
#12586 = PCURVE('',#10411,#12587);
#12587 = DEFINITIONAL_REPRESENTATION('',(#12588),#12592);
#12588 = LINE('',#12589,#12590);
#12589 = CARTESIAN_POINT('',(3.4,10.));
#12590 = VECTOR('',#12591,1.);
#12591 = DIRECTION('',(1.,0.));
#12592 = ( GEOMETRIC_REPRESENTATION_CONTEXT(2) 
PARAMETRIC_REPRESENTATION_CONTEXT() REPRESENTATION_CONTEXT('2D SPACE',''
  ) );
#12593 = PCURVE('',#12594,#12599);
#12594 = PLANE('',#12595);
#12595 = AXIS2_PLACEMENT_3D('',#12596,#12597,#12598);
#12596 = CARTESIAN_POINT('',(3.4,10.,69.2));
#12597 = DIRECTION('',(0.,1.,0.));
#12598 = DIRECTION('',(0.,0.,1.));
#12599 = DEFINITIONAL_REPRESENTATION('',(#12600),#12604);
#12600 = LINE('',#12601,#12602);
#12601 = CARTESIAN_POINT('',(3.,0.));
#12602 = VECTOR('',#12603,1.);
#12603 = DIRECTION('',(0.,1.));
#12604 = ( GEOMETRIC_REPRESENTATION_CONTEXT(2) 
PARAMETRIC_REPRESENTATION_CONTEXT() REPRESENTATION_CONTEXT('2D SPACE',''
  ) );
#12605 = FACE_BOUND('',#12606,.F.);
#12606 = EDGE_LOOP('',(#12607));
#12607 = ORIENTED_EDGE('',*,*,#12608,.T.);
#12608 = EDGE_CURVE('',#12609,#12609,#12611,.T.);
#12609 = VERTEX_POINT('',#12610);
#12610 = CARTESIAN_POINT('',(40.5,35.3,72.2));
#12611 = SURFACE_CURVE('',#12612,(#12617,#12628),.PCURVE_S1.);
#12612 = CIRCLE('',#12613,2.);
#12613 = AXIS2_PLACEMENT_3D('',#12614,#12615,#12616);
#12614 = CARTESIAN_POINT('',(38.5,35.3,72.2));
#12615 = DIRECTION('',(0.,0.,-1.));
#12616 = DIRECTION('',(1.,0.,0.));
#12617 = PCURVE('',#10411,#12618);
#12618 = DEFINITIONAL_REPRESENTATION('',(#12619),#12627);
#12619 = ( BOUNDED_CURVE() B_SPLINE_CURVE(2,(#12620,#12621,#12622,#12623
    ,#12624,#12625,#12626),.UNSPECIFIED.,.T.,.F.) 
B_SPLINE_CURVE_WITH_KNOTS((1,2,2,2,2,1),(-2.094395102393,0.,
    2.094395102393,4.188790204786,6.28318530718,8.377580409573),
.UNSPECIFIED.) CURVE() GEOMETRIC_REPRESENTATION_ITEM() 
RATIONAL_B_SPLINE_CURVE((1.,0.5,1.,0.5,1.,0.5,1.)) REPRESENTATION_ITEM(
  '') );
#12620 = CARTESIAN_POINT('',(40.5,35.3));
#12621 = CARTESIAN_POINT('',(40.5,31.835898384862));
#12622 = CARTESIAN_POINT('',(37.5,33.567949192431));
#12623 = CARTESIAN_POINT('',(34.5,35.3));
#12624 = CARTESIAN_POINT('',(37.5,37.032050807569));
#12625 = CARTESIAN_POINT('',(40.5,38.764101615138));
#12626 = CARTESIAN_POINT('',(40.5,35.3));
#12627 = ( GEOMETRIC_REPRESENTATION_CONTEXT(2) 
PARAMETRIC_REPRESENTATION_CONTEXT() REPRESENTATION_CONTEXT('2D SPACE',''
  ) );
#12628 = PCURVE('',#10800,#12629);
#12629 = DEFINITIONAL_REPRESENTATION('',(#12630),#12634);
#12630 = LINE('',#12631,#12632);
#12631 = CARTESIAN_POINT('',(-6.28318530718,-0.5));
#12632 = VECTOR('',#12633,1.);
#12633 = DIRECTION('',(1.,-0.));
#12634 = ( GEOMETRIC_REPRESENTATION_CONTEXT(2) 
PARAMETRIC_REPRESENTATION_CONTEXT() REPRESENTATION_CONTEXT('2D SPACE',''
  ) );
#12635 = FACE_BOUND('',#12636,.F.);
#12636 = EDGE_LOOP('',(#12637));
#12637 = ORIENTED_EDGE('',*,*,#12638,.T.);
#12638 = EDGE_CURVE('',#12639,#12639,#12641,.T.);
#12639 = VERTEX_POINT('',#12640);
#12640 = CARTESIAN_POINT('',(47.,35.3,72.2));
#12641 = SURFACE_CURVE('',#12642,(#12647,#12658),.PCURVE_S1.);
#12642 = CIRCLE('',#12643,2.);
#12643 = AXIS2_PLACEMENT_3D('',#12644,#12645,#12646);
#12644 = CARTESIAN_POINT('',(45.,35.3,72.2));
#12645 = DIRECTION('',(0.,0.,-1.));
#12646 = DIRECTION('',(1.,0.,0.));
#12647 = PCURVE('',#10411,#12648);
#12648 = DEFINITIONAL_REPRESENTATION('',(#12649),#12657);
#12649 = ( BOUNDED_CURVE() B_SPLINE_CURVE(2,(#12650,#12651,#12652,#12653
    ,#12654,#12655,#12656),.UNSPECIFIED.,.T.,.F.) 
B_SPLINE_CURVE_WITH_KNOTS((1,2,2,2,2,1),(-2.094395102393,0.,
    2.094395102393,4.188790204786,6.28318530718,8.377580409573),
.UNSPECIFIED.) CURVE() GEOMETRIC_REPRESENTATION_ITEM() 
RATIONAL_B_SPLINE_CURVE((1.,0.5,1.,0.5,1.,0.5,1.)) REPRESENTATION_ITEM(
  '') );
#12650 = CARTESIAN_POINT('',(47.,35.3));
#12651 = CARTESIAN_POINT('',(47.,31.835898384862));
#12652 = CARTESIAN_POINT('',(44.,33.567949192431));
#12653 = CARTESIAN_POINT('',(41.,35.3));
#12654 = CARTESIAN_POINT('',(44.,37.032050807569));
#12655 = CARTESIAN_POINT('',(47.,38.764101615138));
#12656 = CARTESIAN_POINT('',(47.,35.3));
#12657 = ( GEOMETRIC_REPRESENTATION_CONTEXT(2) 
PARAMETRIC_REPRESENTATION_CONTEXT() REPRESENTATION_CONTEXT('2D SPACE',''
  ) );
#12658 = PCURVE('',#10835,#12659);
#12659 = DEFINITIONAL_REPRESENTATION('',(#12660),#12664);
#12660 = LINE('',#12661,#12662);
#12661 = CARTESIAN_POINT('',(-6.28318530718,-0.5));
#12662 = VECTOR('',#12663,1.);
#12663 = DIRECTION('',(1.,-0.));
#12664 = ( GEOMETRIC_REPRESENTATION_CONTEXT(2) 
PARAMETRIC_REPRESENTATION_CONTEXT() REPRESENTATION_CONTEXT('2D SPACE',''
  ) );
#12665 = FACE_BOUND('',#12666,.F.);
#12666 = EDGE_LOOP('',(#12667));
#12667 = ORIENTED_EDGE('',*,*,#12668,.T.);
#12668 = EDGE_CURVE('',#12669,#12669,#12671,.T.);
#12669 = VERTEX_POINT('',#12670);
#12670 = CARTESIAN_POINT('',(40.5,41.8,72.2));
#12671 = SURFACE_CURVE('',#12672,(#12677,#12688),.PCURVE_S1.);
#12672 = CIRCLE('',#12673,2.);
#12673 = AXIS2_PLACEMENT_3D('',#12674,#12675,#12676);
#12674 = CARTESIAN_POINT('',(38.5,41.8,72.2));
#12675 = DIRECTION('',(0.,0.,-1.));
#12676 = DIRECTION('',(1.,0.,0.));
#12677 = PCURVE('',#10411,#12678);
#12678 = DEFINITIONAL_REPRESENTATION('',(#12679),#12687);
#12679 = ( BOUNDED_CURVE() B_SPLINE_CURVE(2,(#12680,#12681,#12682,#12683
    ,#12684,#12685,#12686),.UNSPECIFIED.,.T.,.F.) 
B_SPLINE_CURVE_WITH_KNOTS((1,2,2,2,2,1),(-2.094395102393,0.,
    2.094395102393,4.188790204786,6.28318530718,8.377580409573),
.UNSPECIFIED.) CURVE() GEOMETRIC_REPRESENTATION_ITEM() 
RATIONAL_B_SPLINE_CURVE((1.,0.5,1.,0.5,1.,0.5,1.)) REPRESENTATION_ITEM(
  '') );
#12680 = CARTESIAN_POINT('',(40.5,41.8));
#12681 = CARTESIAN_POINT('',(40.5,38.335898384862));
#12682 = CARTESIAN_POINT('',(37.5,40.067949192431));
#12683 = CARTESIAN_POINT('',(34.5,41.8));
#12684 = CARTESIAN_POINT('',(37.5,43.532050807569));
#12685 = CARTESIAN_POINT('',(40.5,45.264101615138));
#12686 = CARTESIAN_POINT('',(40.5,41.8));
#12687 = ( GEOMETRIC_REPRESENTATION_CONTEXT(2) 
PARAMETRIC_REPRESENTATION_CONTEXT() REPRESENTATION_CONTEXT('2D SPACE',''
  ) );
#12688 = PCURVE('',#10870,#12689);
#12689 = DEFINITIONAL_REPRESENTATION('',(#12690),#12694);
#12690 = LINE('',#12691,#12692);
#12691 = CARTESIAN_POINT('',(-6.28318530718,-0.5));
#12692 = VECTOR('',#12693,1.);
#12693 = DIRECTION('',(1.,-0.));
#12694 = ( GEOMETRIC_REPRESENTATION_CONTEXT(2) 
PARAMETRIC_REPRESENTATION_CONTEXT() REPRESENTATION_CONTEXT('2D SPACE',''
  ) );
#12695 = FACE_BOUND('',#12696,.F.);
#12696 = EDGE_LOOP('',(#12697));
#12697 = ORIENTED_EDGE('',*,*,#12698,.T.);
#12698 = EDGE_CURVE('',#12699,#12699,#12701,.T.);
#12699 = VERTEX_POINT('',#12700);
#12700 = CARTESIAN_POINT('',(47.,41.8,72.2));
#12701 = SURFACE_CURVE('',#12702,(#12707,#12718),.PCURVE_S1.);
#12702 = CIRCLE('',#12703,2.);
#12703 = AXIS2_PLACEMENT_3D('',#12704,#12705,#12706);
#12704 = CARTESIAN_POINT('',(45.,41.8,72.2));
#12705 = DIRECTION('',(0.,0.,-1.));
#12706 = DIRECTION('',(1.,0.,0.));
#12707 = PCURVE('',#10411,#12708);
#12708 = DEFINITIONAL_REPRESENTATION('',(#12709),#12717);
#12709 = ( BOUNDED_CURVE() B_SPLINE_CURVE(2,(#12710,#12711,#12712,#12713
    ,#12714,#12715,#12716),.UNSPECIFIED.,.T.,.F.) 
B_SPLINE_CURVE_WITH_KNOTS((1,2,2,2,2,1),(-2.094395102393,0.,
    2.094395102393,4.188790204786,6.28318530718,8.377580409573),
.UNSPECIFIED.) CURVE() GEOMETRIC_REPRESENTATION_ITEM() 
RATIONAL_B_SPLINE_CURVE((1.,0.5,1.,0.5,1.,0.5,1.)) REPRESENTATION_ITEM(
  '') );
#12710 = CARTESIAN_POINT('',(47.,41.8));
#12711 = CARTESIAN_POINT('',(47.,38.335898384862));
#12712 = CARTESIAN_POINT('',(44.,40.067949192431));
#12713 = CARTESIAN_POINT('',(41.,41.8));
#12714 = CARTESIAN_POINT('',(44.,43.532050807569));
#12715 = CARTESIAN_POINT('',(47.,45.264101615138));
#12716 = CARTESIAN_POINT('',(47.,41.8));
#12717 = ( GEOMETRIC_REPRESENTATION_CONTEXT(2) 
PARAMETRIC_REPRESENTATION_CONTEXT() REPRESENTATION_CONTEXT('2D SPACE',''
  ) );
#12718 = PCURVE('',#10905,#12719);
#12719 = DEFINITIONAL_REPRESENTATION('',(#12720),#12724);
#12720 = LINE('',#12721,#12722);
#12721 = CARTESIAN_POINT('',(-6.28318530718,-0.5));
#12722 = VECTOR('',#12723,1.);
#12723 = DIRECTION('',(1.,-0.));
#12724 = ( GEOMETRIC_REPRESENTATION_CONTEXT(2) 
PARAMETRIC_REPRESENTATION_CONTEXT() REPRESENTATION_CONTEXT('2D SPACE',''
  ) );
#12725 = FACE_BOUND('',#12726,.F.);
#12726 = EDGE_LOOP('',(#12727));
#12727 = ORIENTED_EDGE('',*,*,#12728,.T.);
#12728 = EDGE_CURVE('',#12729,#12729,#12731,.T.);
#12729 = VERTEX_POINT('',#12730);
#12730 = CARTESIAN_POINT('',(40.5,48.3,72.2));
#12731 = SURFACE_CURVE('',#12732,(#12737,#12748),.PCURVE_S1.);
#12732 = CIRCLE('',#12733,2.);
#12733 = AXIS2_PLACEMENT_3D('',#12734,#12735,#12736);
#12734 = CARTESIAN_POINT('',(38.5,48.3,72.2));
#12735 = DIRECTION('',(0.,0.,-1.));
#12736 = DIRECTION('',(1.,0.,0.));
#12737 = PCURVE('',#10411,#12738);
#12738 = DEFINITIONAL_REPRESENTATION('',(#12739),#12747);
#12739 = ( BOUNDED_CURVE() B_SPLINE_CURVE(2,(#12740,#12741,#12742,#12743
    ,#12744,#12745,#12746),.UNSPECIFIED.,.T.,.F.) 
B_SPLINE_CURVE_WITH_KNOTS((1,2,2,2,2,1),(-2.094395102393,0.,
    2.094395102393,4.188790204786,6.28318530718,8.377580409573),
.UNSPECIFIED.) CURVE() GEOMETRIC_REPRESENTATION_ITEM() 
RATIONAL_B_SPLINE_CURVE((1.,0.5,1.,0.5,1.,0.5,1.)) REPRESENTATION_ITEM(
  '') );
#12740 = CARTESIAN_POINT('',(40.5,48.3));
#12741 = CARTESIAN_POINT('',(40.5,44.835898384862));
#12742 = CARTESIAN_POINT('',(37.5,46.567949192431));
#12743 = CARTESIAN_POINT('',(34.5,48.3));
#12744 = CARTESIAN_POINT('',(37.5,50.032050807569));
#12745 = CARTESIAN_POINT('',(40.5,51.764101615138));
#12746 = CARTESIAN_POINT('',(40.5,48.3));
#12747 = ( GEOMETRIC_REPRESENTATION_CONTEXT(2) 
PARAMETRIC_REPRESENTATION_CONTEXT() REPRESENTATION_CONTEXT('2D SPACE',''
  ) );
#12748 = PCURVE('',#10940,#12749);
#12749 = DEFINITIONAL_REPRESENTATION('',(#12750),#12754);
#12750 = LINE('',#12751,#12752);
#12751 = CARTESIAN_POINT('',(-6.28318530718,-0.5));
#12752 = VECTOR('',#12753,1.);
#12753 = DIRECTION('',(1.,-0.));
#12754 = ( GEOMETRIC_REPRESENTATION_CONTEXT(2) 
PARAMETRIC_REPRESENTATION_CONTEXT() REPRESENTATION_CONTEXT('2D SPACE',''
  ) );
#12755 = FACE_BOUND('',#12756,.F.);
#12756 = EDGE_LOOP('',(#12757));
#12757 = ORIENTED_EDGE('',*,*,#12758,.T.);
#12758 = EDGE_CURVE('',#12759,#12759,#12761,.T.);
#12759 = VERTEX_POINT('',#12760);
#12760 = CARTESIAN_POINT('',(47.,48.3,72.2));
#12761 = SURFACE_CURVE('',#12762,(#12767,#12778),.PCURVE_S1.);
#12762 = CIRCLE('',#12763,2.);
#12763 = AXIS2_PLACEMENT_3D('',#12764,#12765,#12766);
#12764 = CARTESIAN_POINT('',(45.,48.3,72.2));
#12765 = DIRECTION('',(0.,0.,-1.));
#12766 = DIRECTION('',(1.,0.,0.));
#12767 = PCURVE('',#10411,#12768);
#12768 = DEFINITIONAL_REPRESENTATION('',(#12769),#12777);
#12769 = ( BOUNDED_CURVE() B_SPLINE_CURVE(2,(#12770,#12771,#12772,#12773
    ,#12774,#12775,#12776),.UNSPECIFIED.,.T.,.F.) 
B_SPLINE_CURVE_WITH_KNOTS((1,2,2,2,2,1),(-2.094395102393,0.,
    2.094395102393,4.188790204786,6.28318530718,8.377580409573),
.UNSPECIFIED.) CURVE() GEOMETRIC_REPRESENTATION_ITEM() 
RATIONAL_B_SPLINE_CURVE((1.,0.5,1.,0.5,1.,0.5,1.)) REPRESENTATION_ITEM(
  '') );
#12770 = CARTESIAN_POINT('',(47.,48.3));
#12771 = CARTESIAN_POINT('',(47.,44.835898384862));
#12772 = CARTESIAN_POINT('',(44.,46.567949192431));
#12773 = CARTESIAN_POINT('',(41.,48.3));
#12774 = CARTESIAN_POINT('',(44.,50.032050807569));
#12775 = CARTESIAN_POINT('',(47.,51.764101615138));
#12776 = CARTESIAN_POINT('',(47.,48.3));
#12777 = ( GEOMETRIC_REPRESENTATION_CONTEXT(2) 
PARAMETRIC_REPRESENTATION_CONTEXT() REPRESENTATION_CONTEXT('2D SPACE',''
  ) );
#12778 = PCURVE('',#10975,#12779);
#12779 = DEFINITIONAL_REPRESENTATION('',(#12780),#12784);
#12780 = LINE('',#12781,#12782);
#12781 = CARTESIAN_POINT('',(-6.28318530718,-0.5));
#12782 = VECTOR('',#12783,1.);
#12783 = DIRECTION('',(1.,-0.));
#12784 = ( GEOMETRIC_REPRESENTATION_CONTEXT(2) 
PARAMETRIC_REPRESENTATION_CONTEXT() REPRESENTATION_CONTEXT('2D SPACE',''
  ) );
#12785 = FACE_BOUND('',#12786,.F.);
#12786 = EDGE_LOOP('',(#12787));
#12787 = ORIENTED_EDGE('',*,*,#12788,.T.);
#12788 = EDGE_CURVE('',#12789,#12789,#12791,.T.);
#12789 = VERTEX_POINT('',#12790);
#12790 = CARTESIAN_POINT('',(53.5,22.3,72.2));
#12791 = SURFACE_CURVE('',#12792,(#12797,#12808),.PCURVE_S1.);
#12792 = CIRCLE('',#12793,2.);
#12793 = AXIS2_PLACEMENT_3D('',#12794,#12795,#12796);
#12794 = CARTESIAN_POINT('',(51.5,22.3,72.2));
#12795 = DIRECTION('',(0.,0.,-1.));
#12796 = DIRECTION('',(1.,0.,0.));
#12797 = PCURVE('',#10411,#12798);
#12798 = DEFINITIONAL_REPRESENTATION('',(#12799),#12807);
#12799 = ( BOUNDED_CURVE() B_SPLINE_CURVE(2,(#12800,#12801,#12802,#12803
    ,#12804,#12805,#12806),.UNSPECIFIED.,.T.,.F.) 
B_SPLINE_CURVE_WITH_KNOTS((1,2,2,2,2,1),(-2.094395102393,0.,
    2.094395102393,4.188790204786,6.28318530718,8.377580409573),
.UNSPECIFIED.) CURVE() GEOMETRIC_REPRESENTATION_ITEM() 
RATIONAL_B_SPLINE_CURVE((1.,0.5,1.,0.5,1.,0.5,1.)) REPRESENTATION_ITEM(
  '') );
#12800 = CARTESIAN_POINT('',(53.5,22.3));
#12801 = CARTESIAN_POINT('',(53.5,18.835898384862));
#12802 = CARTESIAN_POINT('',(50.5,20.567949192431));
#12803 = CARTESIAN_POINT('',(47.5,22.3));
#12804 = CARTESIAN_POINT('',(50.5,24.032050807569));
#12805 = CARTESIAN_POINT('',(53.5,25.764101615138));
#12806 = CARTESIAN_POINT('',(53.5,22.3));
#12807 = ( GEOMETRIC_REPRESENTATION_CONTEXT(2) 
PARAMETRIC_REPRESENTATION_CONTEXT() REPRESENTATION_CONTEXT('2D SPACE',''
  ) );
#12808 = PCURVE('',#11010,#12809);
#12809 = DEFINITIONAL_REPRESENTATION('',(#12810),#12814);
#12810 = LINE('',#12811,#12812);
#12811 = CARTESIAN_POINT('',(-6.28318530718,-0.5));
#12812 = VECTOR('',#12813,1.);
#12813 = DIRECTION('',(1.,-0.));
#12814 = ( GEOMETRIC_REPRESENTATION_CONTEXT(2) 
PARAMETRIC_REPRESENTATION_CONTEXT() REPRESENTATION_CONTEXT('2D SPACE',''
  ) );
#12815 = FACE_BOUND('',#12816,.F.);
#12816 = EDGE_LOOP('',(#12817));
#12817 = ORIENTED_EDGE('',*,*,#12818,.T.);
#12818 = EDGE_CURVE('',#12819,#12819,#12821,.T.);
#12819 = VERTEX_POINT('',#12820);
#12820 = CARTESIAN_POINT('',(60.,22.3,72.2));
#12821 = SURFACE_CURVE('',#12822,(#12827,#12838),.PCURVE_S1.);
#12822 = CIRCLE('',#12823,2.);
#12823 = AXIS2_PLACEMENT_3D('',#12824,#12825,#12826);
#12824 = CARTESIAN_POINT('',(58.,22.3,72.2));
#12825 = DIRECTION('',(0.,0.,-1.));
#12826 = DIRECTION('',(1.,0.,0.));
#12827 = PCURVE('',#10411,#12828);
#12828 = DEFINITIONAL_REPRESENTATION('',(#12829),#12837);
#12829 = ( BOUNDED_CURVE() B_SPLINE_CURVE(2,(#12830,#12831,#12832,#12833
    ,#12834,#12835,#12836),.UNSPECIFIED.,.T.,.F.) 
B_SPLINE_CURVE_WITH_KNOTS((1,2,2,2,2,1),(-2.094395102393,0.,
    2.094395102393,4.188790204786,6.28318530718,8.377580409573),
.UNSPECIFIED.) CURVE() GEOMETRIC_REPRESENTATION_ITEM() 
RATIONAL_B_SPLINE_CURVE((1.,0.5,1.,0.5,1.,0.5,1.)) REPRESENTATION_ITEM(
  '') );
#12830 = CARTESIAN_POINT('',(60.,22.3));
#12831 = CARTESIAN_POINT('',(60.,18.835898384862));
#12832 = CARTESIAN_POINT('',(57.,20.567949192431));
#12833 = CARTESIAN_POINT('',(54.,22.3));
#12834 = CARTESIAN_POINT('',(57.,24.032050807569));
#12835 = CARTESIAN_POINT('',(60.,25.764101615138));
#12836 = CARTESIAN_POINT('',(60.,22.3));
#12837 = ( GEOMETRIC_REPRESENTATION_CONTEXT(2) 
PARAMETRIC_REPRESENTATION_CONTEXT() REPRESENTATION_CONTEXT('2D SPACE',''
  ) );
#12838 = PCURVE('',#11080,#12839);
#12839 = DEFINITIONAL_REPRESENTATION('',(#12840),#12844);
#12840 = LINE('',#12841,#12842);
#12841 = CARTESIAN_POINT('',(-6.28318530718,-0.5));
#12842 = VECTOR('',#12843,1.);
#12843 = DIRECTION('',(1.,-0.));
#12844 = ( GEOMETRIC_REPRESENTATION_CONTEXT(2) 
PARAMETRIC_REPRESENTATION_CONTEXT() REPRESENTATION_CONTEXT('2D SPACE',''
  ) );
#12845 = FACE_BOUND('',#12846,.F.);
#12846 = EDGE_LOOP('',(#12847));
#12847 = ORIENTED_EDGE('',*,*,#12848,.T.);
#12848 = EDGE_CURVE('',#12849,#12849,#12851,.T.);
#12849 = VERTEX_POINT('',#12850);
#12850 = CARTESIAN_POINT('',(53.5,28.8,72.2));
#12851 = SURFACE_CURVE('',#12852,(#12857,#12868),.PCURVE_S1.);
#12852 = CIRCLE('',#12853,2.);
#12853 = AXIS2_PLACEMENT_3D('',#12854,#12855,#12856);
#12854 = CARTESIAN_POINT('',(51.5,28.8,72.2));
#12855 = DIRECTION('',(0.,0.,-1.));
#12856 = DIRECTION('',(1.,0.,0.));
#12857 = PCURVE('',#10411,#12858);
#12858 = DEFINITIONAL_REPRESENTATION('',(#12859),#12867);
#12859 = ( BOUNDED_CURVE() B_SPLINE_CURVE(2,(#12860,#12861,#12862,#12863
    ,#12864,#12865,#12866),.UNSPECIFIED.,.T.,.F.) 
B_SPLINE_CURVE_WITH_KNOTS((1,2,2,2,2,1),(-2.094395102393,0.,
    2.094395102393,4.188790204786,6.28318530718,8.377580409573),
.UNSPECIFIED.) CURVE() GEOMETRIC_REPRESENTATION_ITEM() 
RATIONAL_B_SPLINE_CURVE((1.,0.5,1.,0.5,1.,0.5,1.)) REPRESENTATION_ITEM(
  '') );
#12860 = CARTESIAN_POINT('',(53.5,28.8));
#12861 = CARTESIAN_POINT('',(53.5,25.335898384862));
#12862 = CARTESIAN_POINT('',(50.5,27.067949192431));
#12863 = CARTESIAN_POINT('',(47.5,28.8));
#12864 = CARTESIAN_POINT('',(50.5,30.532050807569));
#12865 = CARTESIAN_POINT('',(53.5,32.264101615138));
#12866 = CARTESIAN_POINT('',(53.5,28.8));
#12867 = ( GEOMETRIC_REPRESENTATION_CONTEXT(2) 
PARAMETRIC_REPRESENTATION_CONTEXT() REPRESENTATION_CONTEXT('2D SPACE',''
  ) );
#12868 = PCURVE('',#11045,#12869);
#12869 = DEFINITIONAL_REPRESENTATION('',(#12870),#12874);
#12870 = LINE('',#12871,#12872);
#12871 = CARTESIAN_POINT('',(-6.28318530718,-0.5));
#12872 = VECTOR('',#12873,1.);
#12873 = DIRECTION('',(1.,-0.));
#12874 = ( GEOMETRIC_REPRESENTATION_CONTEXT(2) 
PARAMETRIC_REPRESENTATION_CONTEXT() REPRESENTATION_CONTEXT('2D SPACE',''
  ) );
#12875 = FACE_BOUND('',#12876,.F.);
#12876 = EDGE_LOOP('',(#12877));
#12877 = ORIENTED_EDGE('',*,*,#12878,.T.);
#12878 = EDGE_CURVE('',#12879,#12879,#12881,.T.);
#12879 = VERTEX_POINT('',#12880);
#12880 = CARTESIAN_POINT('',(60.,28.8,72.2));
#12881 = SURFACE_CURVE('',#12882,(#12887,#12898),.PCURVE_S1.);
#12882 = CIRCLE('',#12883,2.);
#12883 = AXIS2_PLACEMENT_3D('',#12884,#12885,#12886);
#12884 = CARTESIAN_POINT('',(58.,28.8,72.2));
#12885 = DIRECTION('',(0.,0.,-1.));
#12886 = DIRECTION('',(1.,0.,0.));
#12887 = PCURVE('',#10411,#12888);
#12888 = DEFINITIONAL_REPRESENTATION('',(#12889),#12897);
#12889 = ( BOUNDED_CURVE() B_SPLINE_CURVE(2,(#12890,#12891,#12892,#12893
    ,#12894,#12895,#12896),.UNSPECIFIED.,.T.,.F.) 
B_SPLINE_CURVE_WITH_KNOTS((1,2,2,2,2,1),(-2.094395102393,0.,
    2.094395102393,4.188790204786,6.28318530718,8.377580409573),
.UNSPECIFIED.) CURVE() GEOMETRIC_REPRESENTATION_ITEM() 
RATIONAL_B_SPLINE_CURVE((1.,0.5,1.,0.5,1.,0.5,1.)) REPRESENTATION_ITEM(
  '') );
#12890 = CARTESIAN_POINT('',(60.,28.8));
#12891 = CARTESIAN_POINT('',(60.,25.335898384862));
#12892 = CARTESIAN_POINT('',(57.,27.067949192431));
#12893 = CARTESIAN_POINT('',(54.,28.8));
#12894 = CARTESIAN_POINT('',(57.,30.532050807569));
#12895 = CARTESIAN_POINT('',(60.,32.264101615138));
#12896 = CARTESIAN_POINT('',(60.,28.8));
#12897 = ( GEOMETRIC_REPRESENTATION_CONTEXT(2) 
PARAMETRIC_REPRESENTATION_CONTEXT() REPRESENTATION_CONTEXT('2D SPACE',''
  ) );
#12898 = PCURVE('',#11115,#12899);
#12899 = DEFINITIONAL_REPRESENTATION('',(#12900),#12904);
#12900 = LINE('',#12901,#12902);
#12901 = CARTESIAN_POINT('',(-6.28318530718,-0.5));
#12902 = VECTOR('',#12903,1.);
#12903 = DIRECTION('',(1.,-0.));
#12904 = ( GEOMETRIC_REPRESENTATION_CONTEXT(2) 
PARAMETRIC_REPRESENTATION_CONTEXT() REPRESENTATION_CONTEXT('2D SPACE',''
  ) );
#12905 = FACE_BOUND('',#12906,.F.);
#12906 = EDGE_LOOP('',(#12907));
#12907 = ORIENTED_EDGE('',*,*,#12908,.T.);
#12908 = EDGE_CURVE('',#12909,#12909,#12911,.T.);
#12909 = VERTEX_POINT('',#12910);
#12910 = CARTESIAN_POINT('',(66.5,22.3,72.2));
#12911 = SURFACE_CURVE('',#12912,(#12917,#12928),.PCURVE_S1.);
#12912 = CIRCLE('',#12913,2.);
#12913 = AXIS2_PLACEMENT_3D('',#12914,#12915,#12916);
#12914 = CARTESIAN_POINT('',(64.5,22.3,72.2));
#12915 = DIRECTION('',(0.,0.,-1.));
#12916 = DIRECTION('',(1.,0.,0.));
#12917 = PCURVE('',#10411,#12918);
#12918 = DEFINITIONAL_REPRESENTATION('',(#12919),#12927);
#12919 = ( BOUNDED_CURVE() B_SPLINE_CURVE(2,(#12920,#12921,#12922,#12923
    ,#12924,#12925,#12926),.UNSPECIFIED.,.T.,.F.) 
B_SPLINE_CURVE_WITH_KNOTS((1,2,2,2,2,1),(-2.094395102393,0.,
    2.094395102393,4.188790204786,6.28318530718,8.377580409573),
.UNSPECIFIED.) CURVE() GEOMETRIC_REPRESENTATION_ITEM() 
RATIONAL_B_SPLINE_CURVE((1.,0.5,1.,0.5,1.,0.5,1.)) REPRESENTATION_ITEM(
  '') );
#12920 = CARTESIAN_POINT('',(66.5,22.3));
#12921 = CARTESIAN_POINT('',(66.5,18.835898384862));
#12922 = CARTESIAN_POINT('',(63.5,20.567949192431));
#12923 = CARTESIAN_POINT('',(60.5,22.3));
#12924 = CARTESIAN_POINT('',(63.5,24.032050807569));
#12925 = CARTESIAN_POINT('',(66.5,25.764101615138));
#12926 = CARTESIAN_POINT('',(66.5,22.3));
#12927 = ( GEOMETRIC_REPRESENTATION_CONTEXT(2) 
PARAMETRIC_REPRESENTATION_CONTEXT() REPRESENTATION_CONTEXT('2D SPACE',''
  ) );
#12928 = PCURVE('',#11150,#12929);
#12929 = DEFINITIONAL_REPRESENTATION('',(#12930),#12934);
#12930 = LINE('',#12931,#12932);
#12931 = CARTESIAN_POINT('',(-6.28318530718,-0.5));
#12932 = VECTOR('',#12933,1.);
#12933 = DIRECTION('',(1.,-0.));
#12934 = ( GEOMETRIC_REPRESENTATION_CONTEXT(2) 
PARAMETRIC_REPRESENTATION_CONTEXT() REPRESENTATION_CONTEXT('2D SPACE',''
  ) );
#12935 = FACE_BOUND('',#12936,.F.);
#12936 = EDGE_LOOP('',(#12937));
#12937 = ORIENTED_EDGE('',*,*,#12938,.T.);
#12938 = EDGE_CURVE('',#12939,#12939,#12941,.T.);
#12939 = VERTEX_POINT('',#12940);
#12940 = CARTESIAN_POINT('',(66.5,28.8,72.2));
#12941 = SURFACE_CURVE('',#12942,(#12947,#12958),.PCURVE_S1.);
#12942 = CIRCLE('',#12943,2.);
#12943 = AXIS2_PLACEMENT_3D('',#12944,#12945,#12946);
#12944 = CARTESIAN_POINT('',(64.5,28.8,72.2));
#12945 = DIRECTION('',(0.,0.,-1.));
#12946 = DIRECTION('',(1.,0.,0.));
#12947 = PCURVE('',#10411,#12948);
#12948 = DEFINITIONAL_REPRESENTATION('',(#12949),#12957);
#12949 = ( BOUNDED_CURVE() B_SPLINE_CURVE(2,(#12950,#12951,#12952,#12953
    ,#12954,#12955,#12956),.UNSPECIFIED.,.T.,.F.) 
B_SPLINE_CURVE_WITH_KNOTS((1,2,2,2,2,1),(-2.094395102393,0.,
    2.094395102393,4.188790204786,6.28318530718,8.377580409573),
.UNSPECIFIED.) CURVE() GEOMETRIC_REPRESENTATION_ITEM() 
RATIONAL_B_SPLINE_CURVE((1.,0.5,1.,0.5,1.,0.5,1.)) REPRESENTATION_ITEM(
  '') );
#12950 = CARTESIAN_POINT('',(66.5,28.8));
#12951 = CARTESIAN_POINT('',(66.5,25.335898384862));
#12952 = CARTESIAN_POINT('',(63.5,27.067949192431));
#12953 = CARTESIAN_POINT('',(60.5,28.8));
#12954 = CARTESIAN_POINT('',(63.5,30.532050807569));
#12955 = CARTESIAN_POINT('',(66.5,32.264101615138));
#12956 = CARTESIAN_POINT('',(66.5,28.8));
#12957 = ( GEOMETRIC_REPRESENTATION_CONTEXT(2) 
PARAMETRIC_REPRESENTATION_CONTEXT() REPRESENTATION_CONTEXT('2D SPACE',''
  ) );
#12958 = PCURVE('',#11185,#12959);
#12959 = DEFINITIONAL_REPRESENTATION('',(#12960),#12964);
#12960 = LINE('',#12961,#12962);
#12961 = CARTESIAN_POINT('',(-6.28318530718,-0.5));
#12962 = VECTOR('',#12963,1.);
#12963 = DIRECTION('',(1.,-0.));
#12964 = ( GEOMETRIC_REPRESENTATION_CONTEXT(2) 
PARAMETRIC_REPRESENTATION_CONTEXT() REPRESENTATION_CONTEXT('2D SPACE',''
  ) );
#12965 = FACE_BOUND('',#12966,.F.);
#12966 = EDGE_LOOP('',(#12967));
#12967 = ORIENTED_EDGE('',*,*,#12968,.T.);
#12968 = EDGE_CURVE('',#12969,#12969,#12971,.T.);
#12969 = VERTEX_POINT('',#12970);
#12970 = CARTESIAN_POINT('',(94.4,4.,72.2));
#12971 = SURFACE_CURVE('',#12972,(#12977,#12988),.PCURVE_S1.);
#12972 = CIRCLE('',#12973,1.4);
#12973 = AXIS2_PLACEMENT_3D('',#12974,#12975,#12976);
#12974 = CARTESIAN_POINT('',(93.,4.,72.2));
#12975 = DIRECTION('',(0.,0.,-1.));
#12976 = DIRECTION('',(1.,0.,0.));
#12977 = PCURVE('',#10411,#12978);
#12978 = DEFINITIONAL_REPRESENTATION('',(#12979),#12987);
#12979 = ( BOUNDED_CURVE() B_SPLINE_CURVE(2,(#12980,#12981,#12982,#12983
    ,#12984,#12985,#12986),.UNSPECIFIED.,.T.,.F.) 
B_SPLINE_CURVE_WITH_KNOTS((1,2,2,2,2,1),(-2.094395102393,0.,
    2.094395102393,4.188790204786,6.28318530718,8.377580409573),
.UNSPECIFIED.) CURVE() GEOMETRIC_REPRESENTATION_ITEM() 
RATIONAL_B_SPLINE_CURVE((1.,0.5,1.,0.5,1.,0.5,1.)) REPRESENTATION_ITEM(
  '') );
#12980 = CARTESIAN_POINT('',(94.4,4.));
#12981 = CARTESIAN_POINT('',(94.4,1.575128869404));
#12982 = CARTESIAN_POINT('',(92.3,2.787564434702));
#12983 = CARTESIAN_POINT('',(90.2,4.));
#12984 = CARTESIAN_POINT('',(92.3,5.212435565298));
#12985 = CARTESIAN_POINT('',(94.4,6.424871130596));
#12986 = CARTESIAN_POINT('',(94.4,4.));
#12987 = ( GEOMETRIC_REPRESENTATION_CONTEXT(2) 
PARAMETRIC_REPRESENTATION_CONTEXT() REPRESENTATION_CONTEXT('2D SPACE',''
  ) );
#12988 = PCURVE('',#12989,#12994);
#12989 = CYLINDRICAL_SURFACE('',#12990,1.4);
#12990 = AXIS2_PLACEMENT_3D('',#12991,#12992,#12993);
#12991 = CARTESIAN_POINT('',(93.,4.,71.7));
#12992 = DIRECTION('',(-0.,-0.,-1.));
#12993 = DIRECTION('',(1.,0.,0.));
#12994 = DEFINITIONAL_REPRESENTATION('',(#12995),#12999);
#12995 = LINE('',#12996,#12997);
#12996 = CARTESIAN_POINT('',(-6.28318530718,-0.5));
#12997 = VECTOR('',#12998,1.);
#12998 = DIRECTION('',(1.,-0.));
#12999 = ( GEOMETRIC_REPRESENTATION_CONTEXT(2) 
PARAMETRIC_REPRESENTATION_CONTEXT() REPRESENTATION_CONTEXT('2D SPACE',''
  ) );
#13000 = FACE_BOUND('',#13001,.F.);
#13001 = EDGE_LOOP('',(#13002));
#13002 = ORIENTED_EDGE('',*,*,#13003,.T.);
#13003 = EDGE_CURVE('',#13004,#13004,#13006,.T.);
#13004 = VERTEX_POINT('',#13005);
#13005 = CARTESIAN_POINT('',(53.5,35.3,72.2));
#13006 = SURFACE_CURVE('',#13007,(#13012,#13023),.PCURVE_S1.);
#13007 = CIRCLE('',#13008,2.);
#13008 = AXIS2_PLACEMENT_3D('',#13009,#13010,#13011);
#13009 = CARTESIAN_POINT('',(51.5,35.3,72.2));
#13010 = DIRECTION('',(0.,0.,-1.));
#13011 = DIRECTION('',(1.,0.,0.));
#13012 = PCURVE('',#10411,#13013);
#13013 = DEFINITIONAL_REPRESENTATION('',(#13014),#13022);
#13014 = ( BOUNDED_CURVE() B_SPLINE_CURVE(2,(#13015,#13016,#13017,#13018
    ,#13019,#13020,#13021),.UNSPECIFIED.,.T.,.F.) 
B_SPLINE_CURVE_WITH_KNOTS((1,2,2,2,2,1),(-2.094395102393,0.,
    2.094395102393,4.188790204786,6.28318530718,8.377580409573),
.UNSPECIFIED.) CURVE() GEOMETRIC_REPRESENTATION_ITEM() 
RATIONAL_B_SPLINE_CURVE((1.,0.5,1.,0.5,1.,0.5,1.)) REPRESENTATION_ITEM(
  '') );
#13015 = CARTESIAN_POINT('',(53.5,35.3));
#13016 = CARTESIAN_POINT('',(53.5,31.835898384862));
#13017 = CARTESIAN_POINT('',(50.5,33.567949192431));
#13018 = CARTESIAN_POINT('',(47.5,35.3));
#13019 = CARTESIAN_POINT('',(50.5,37.032050807569));
#13020 = CARTESIAN_POINT('',(53.5,38.764101615138));
#13021 = CARTESIAN_POINT('',(53.5,35.3));
#13022 = ( GEOMETRIC_REPRESENTATION_CONTEXT(2) 
PARAMETRIC_REPRESENTATION_CONTEXT() REPRESENTATION_CONTEXT('2D SPACE',''
  ) );
#13023 = PCURVE('',#11255,#13024);
#13024 = DEFINITIONAL_REPRESENTATION('',(#13025),#13029);
#13025 = LINE('',#13026,#13027);
#13026 = CARTESIAN_POINT('',(-6.28318530718,-0.5));
#13027 = VECTOR('',#13028,1.);
#13028 = DIRECTION('',(1.,-0.));
#13029 = ( GEOMETRIC_REPRESENTATION_CONTEXT(2) 
PARAMETRIC_REPRESENTATION_CONTEXT() REPRESENTATION_CONTEXT('2D SPACE',''
  ) );
#13030 = FACE_BOUND('',#13031,.F.);
#13031 = EDGE_LOOP('',(#13032));
#13032 = ORIENTED_EDGE('',*,*,#13033,.T.);
#13033 = EDGE_CURVE('',#13034,#13034,#13036,.T.);
#13034 = VERTEX_POINT('',#13035);
#13035 = CARTESIAN_POINT('',(60.,35.3,72.2));
#13036 = SURFACE_CURVE('',#13037,(#13042,#13053),.PCURVE_S1.);
#13037 = CIRCLE('',#13038,2.);
#13038 = AXIS2_PLACEMENT_3D('',#13039,#13040,#13041);
#13039 = CARTESIAN_POINT('',(58.,35.3,72.2));
#13040 = DIRECTION('',(0.,0.,-1.));
#13041 = DIRECTION('',(1.,0.,0.));
#13042 = PCURVE('',#10411,#13043);
#13043 = DEFINITIONAL_REPRESENTATION('',(#13044),#13052);
#13044 = ( BOUNDED_CURVE() B_SPLINE_CURVE(2,(#13045,#13046,#13047,#13048
    ,#13049,#13050,#13051),.UNSPECIFIED.,.T.,.F.) 
B_SPLINE_CURVE_WITH_KNOTS((1,2,2,2,2,1),(-2.094395102393,0.,
    2.094395102393,4.188790204786,6.28318530718,8.377580409573),
.UNSPECIFIED.) CURVE() GEOMETRIC_REPRESENTATION_ITEM() 
RATIONAL_B_SPLINE_CURVE((1.,0.5,1.,0.5,1.,0.5,1.)) REPRESENTATION_ITEM(
  '') );
#13045 = CARTESIAN_POINT('',(60.,35.3));
#13046 = CARTESIAN_POINT('',(60.,31.835898384862));
#13047 = CARTESIAN_POINT('',(57.,33.567949192431));
#13048 = CARTESIAN_POINT('',(54.,35.3));
#13049 = CARTESIAN_POINT('',(57.,37.032050807569));
#13050 = CARTESIAN_POINT('',(60.,38.764101615138));
#13051 = CARTESIAN_POINT('',(60.,35.3));
#13052 = ( GEOMETRIC_REPRESENTATION_CONTEXT(2) 
PARAMETRIC_REPRESENTATION_CONTEXT() REPRESENTATION_CONTEXT('2D SPACE',''
  ) );
#13053 = PCURVE('',#11290,#13054);
#13054 = DEFINITIONAL_REPRESENTATION('',(#13055),#13059);
#13055 = LINE('',#13056,#13057);
#13056 = CARTESIAN_POINT('',(-6.28318530718,-0.5));
#13057 = VECTOR('',#13058,1.);
#13058 = DIRECTION('',(1.,-0.));
#13059 = ( GEOMETRIC_REPRESENTATION_CONTEXT(2) 
PARAMETRIC_REPRESENTATION_CONTEXT() REPRESENTATION_CONTEXT('2D SPACE',''
  ) );
#13060 = FACE_BOUND('',#13061,.F.);
#13061 = EDGE_LOOP('',(#13062));
#13062 = ORIENTED_EDGE('',*,*,#13063,.T.);
#13063 = EDGE_CURVE('',#13064,#13064,#13066,.T.);
#13064 = VERTEX_POINT('',#13065);
#13065 = CARTESIAN_POINT('',(53.5,41.8,72.2));
#13066 = SURFACE_CURVE('',#13067,(#13072,#13083),.PCURVE_S1.);
#13067 = CIRCLE('',#13068,2.);
#13068 = AXIS2_PLACEMENT_3D('',#13069,#13070,#13071);
#13069 = CARTESIAN_POINT('',(51.5,41.8,72.2));
#13070 = DIRECTION('',(0.,0.,-1.));
#13071 = DIRECTION('',(1.,0.,0.));
#13072 = PCURVE('',#10411,#13073);
#13073 = DEFINITIONAL_REPRESENTATION('',(#13074),#13082);
#13074 = ( BOUNDED_CURVE() B_SPLINE_CURVE(2,(#13075,#13076,#13077,#13078
    ,#13079,#13080,#13081),.UNSPECIFIED.,.T.,.F.) 
B_SPLINE_CURVE_WITH_KNOTS((1,2,2,2,2,1),(-2.094395102393,0.,
    2.094395102393,4.188790204786,6.28318530718,8.377580409573),
.UNSPECIFIED.) CURVE() GEOMETRIC_REPRESENTATION_ITEM() 
RATIONAL_B_SPLINE_CURVE((1.,0.5,1.,0.5,1.,0.5,1.)) REPRESENTATION_ITEM(
  '') );
#13075 = CARTESIAN_POINT('',(53.5,41.8));
#13076 = CARTESIAN_POINT('',(53.5,38.335898384862));
#13077 = CARTESIAN_POINT('',(50.5,40.067949192431));
#13078 = CARTESIAN_POINT('',(47.5,41.8));
#13079 = CARTESIAN_POINT('',(50.5,43.532050807569));
#13080 = CARTESIAN_POINT('',(53.5,45.264101615138));
#13081 = CARTESIAN_POINT('',(53.5,41.8));
#13082 = ( GEOMETRIC_REPRESENTATION_CONTEXT(2) 
PARAMETRIC_REPRESENTATION_CONTEXT() REPRESENTATION_CONTEXT('2D SPACE',''
  ) );
#13083 = PCURVE('',#11325,#13084);
#13084 = DEFINITIONAL_REPRESENTATION('',(#13085),#13089);
#13085 = LINE('',#13086,#13087);
#13086 = CARTESIAN_POINT('',(-6.28318530718,-0.5));
#13087 = VECTOR('',#13088,1.);
#13088 = DIRECTION('',(1.,-0.));
#13089 = ( GEOMETRIC_REPRESENTATION_CONTEXT(2) 
PARAMETRIC_REPRESENTATION_CONTEXT() REPRESENTATION_CONTEXT('2D SPACE',''
  ) );
#13090 = FACE_BOUND('',#13091,.F.);
#13091 = EDGE_LOOP('',(#13092));
#13092 = ORIENTED_EDGE('',*,*,#13093,.T.);
#13093 = EDGE_CURVE('',#13094,#13094,#13096,.T.);
#13094 = VERTEX_POINT('',#13095);
#13095 = CARTESIAN_POINT('',(60.,41.8,72.2));
#13096 = SURFACE_CURVE('',#13097,(#13102,#13113),.PCURVE_S1.);
#13097 = CIRCLE('',#13098,2.);
#13098 = AXIS2_PLACEMENT_3D('',#13099,#13100,#13101);
#13099 = CARTESIAN_POINT('',(58.,41.8,72.2));
#13100 = DIRECTION('',(0.,0.,-1.));
#13101 = DIRECTION('',(1.,0.,0.));
#13102 = PCURVE('',#10411,#13103);
#13103 = DEFINITIONAL_REPRESENTATION('',(#13104),#13112);
#13104 = ( BOUNDED_CURVE() B_SPLINE_CURVE(2,(#13105,#13106,#13107,#13108
    ,#13109,#13110,#13111),.UNSPECIFIED.,.T.,.F.) 
B_SPLINE_CURVE_WITH_KNOTS((1,2,2,2,2,1),(-2.094395102393,0.,
    2.094395102393,4.188790204786,6.28318530718,8.377580409573),
.UNSPECIFIED.) CURVE() GEOMETRIC_REPRESENTATION_ITEM() 
RATIONAL_B_SPLINE_CURVE((1.,0.5,1.,0.5,1.,0.5,1.)) REPRESENTATION_ITEM(
  '') );
#13105 = CARTESIAN_POINT('',(60.,41.8));
#13106 = CARTESIAN_POINT('',(60.,38.335898384862));
#13107 = CARTESIAN_POINT('',(57.,40.067949192431));
#13108 = CARTESIAN_POINT('',(54.,41.8));
#13109 = CARTESIAN_POINT('',(57.,43.532050807569));
#13110 = CARTESIAN_POINT('',(60.,45.264101615138));
#13111 = CARTESIAN_POINT('',(60.,41.8));
#13112 = ( GEOMETRIC_REPRESENTATION_CONTEXT(2) 
PARAMETRIC_REPRESENTATION_CONTEXT() REPRESENTATION_CONTEXT('2D SPACE',''
  ) );
#13113 = PCURVE('',#11360,#13114);
#13114 = DEFINITIONAL_REPRESENTATION('',(#13115),#13119);
#13115 = LINE('',#13116,#13117);
#13116 = CARTESIAN_POINT('',(-6.28318530718,-0.5));
#13117 = VECTOR('',#13118,1.);
#13118 = DIRECTION('',(1.,-0.));
#13119 = ( GEOMETRIC_REPRESENTATION_CONTEXT(2) 
PARAMETRIC_REPRESENTATION_CONTEXT() REPRESENTATION_CONTEXT('2D SPACE',''
  ) );
#13120 = FACE_BOUND('',#13121,.F.);
#13121 = EDGE_LOOP('',(#13122));
#13122 = ORIENTED_EDGE('',*,*,#13123,.T.);
#13123 = EDGE_CURVE('',#13124,#13124,#13126,.T.);
#13124 = VERTEX_POINT('',#13125);
#13125 = CARTESIAN_POINT('',(66.5,35.3,72.2));
#13126 = SURFACE_CURVE('',#13127,(#13132,#13143),.PCURVE_S1.);
#13127 = CIRCLE('',#13128,2.);
#13128 = AXIS2_PLACEMENT_3D('',#13129,#13130,#13131);
#13129 = CARTESIAN_POINT('',(64.5,35.3,72.2));
#13130 = DIRECTION('',(0.,0.,-1.));
#13131 = DIRECTION('',(1.,0.,0.));
#13132 = PCURVE('',#10411,#13133);
#13133 = DEFINITIONAL_REPRESENTATION('',(#13134),#13142);
#13134 = ( BOUNDED_CURVE() B_SPLINE_CURVE(2,(#13135,#13136,#13137,#13138
    ,#13139,#13140,#13141),.UNSPECIFIED.,.T.,.F.) 
B_SPLINE_CURVE_WITH_KNOTS((1,2,2,2,2,1),(-2.094395102393,0.,
    2.094395102393,4.188790204786,6.28318530718,8.377580409573),
.UNSPECIFIED.) CURVE() GEOMETRIC_REPRESENTATION_ITEM() 
RATIONAL_B_SPLINE_CURVE((1.,0.5,1.,0.5,1.,0.5,1.)) REPRESENTATION_ITEM(
  '') );
#13135 = CARTESIAN_POINT('',(66.5,35.3));
#13136 = CARTESIAN_POINT('',(66.5,31.835898384862));
#13137 = CARTESIAN_POINT('',(63.5,33.567949192431));
#13138 = CARTESIAN_POINT('',(60.5,35.3));
#13139 = CARTESIAN_POINT('',(63.5,37.032050807569));
#13140 = CARTESIAN_POINT('',(66.5,38.764101615138));
#13141 = CARTESIAN_POINT('',(66.5,35.3));
#13142 = ( GEOMETRIC_REPRESENTATION_CONTEXT(2) 
PARAMETRIC_REPRESENTATION_CONTEXT() REPRESENTATION_CONTEXT('2D SPACE',''
  ) );
#13143 = PCURVE('',#11395,#13144);
#13144 = DEFINITIONAL_REPRESENTATION('',(#13145),#13149);
#13145 = LINE('',#13146,#13147);
#13146 = CARTESIAN_POINT('',(-6.28318530718,-0.5));
#13147 = VECTOR('',#13148,1.);
#13148 = DIRECTION('',(1.,-0.));
#13149 = ( GEOMETRIC_REPRESENTATION_CONTEXT(2) 
PARAMETRIC_REPRESENTATION_CONTEXT() REPRESENTATION_CONTEXT('2D SPACE',''
  ) );
#13150 = FACE_BOUND('',#13151,.F.);
#13151 = EDGE_LOOP('',(#13152));
#13152 = ORIENTED_EDGE('',*,*,#13153,.T.);
#13153 = EDGE_CURVE('',#13154,#13154,#13156,.T.);
#13154 = VERTEX_POINT('',#13155);
#13155 = CARTESIAN_POINT('',(66.5,41.8,72.2));
#13156 = SURFACE_CURVE('',#13157,(#13162,#13173),.PCURVE_S1.);
#13157 = CIRCLE('',#13158,2.);
#13158 = AXIS2_PLACEMENT_3D('',#13159,#13160,#13161);
#13159 = CARTESIAN_POINT('',(64.5,41.8,72.2));
#13160 = DIRECTION('',(0.,0.,-1.));
#13161 = DIRECTION('',(1.,0.,0.));
#13162 = PCURVE('',#10411,#13163);
#13163 = DEFINITIONAL_REPRESENTATION('',(#13164),#13172);
#13164 = ( BOUNDED_CURVE() B_SPLINE_CURVE(2,(#13165,#13166,#13167,#13168
    ,#13169,#13170,#13171),.UNSPECIFIED.,.T.,.F.) 
B_SPLINE_CURVE_WITH_KNOTS((1,2,2,2,2,1),(-2.094395102393,0.,
    2.094395102393,4.188790204786,6.28318530718,8.377580409573),
.UNSPECIFIED.) CURVE() GEOMETRIC_REPRESENTATION_ITEM() 
RATIONAL_B_SPLINE_CURVE((1.,0.5,1.,0.5,1.,0.5,1.)) REPRESENTATION_ITEM(
  '') );
#13165 = CARTESIAN_POINT('',(66.5,41.8));
#13166 = CARTESIAN_POINT('',(66.5,38.335898384862));
#13167 = CARTESIAN_POINT('',(63.5,40.067949192431));
#13168 = CARTESIAN_POINT('',(60.5,41.8));
#13169 = CARTESIAN_POINT('',(63.5,43.532050807569));
#13170 = CARTESIAN_POINT('',(66.5,45.264101615138));
#13171 = CARTESIAN_POINT('',(66.5,41.8));
#13172 = ( GEOMETRIC_REPRESENTATION_CONTEXT(2) 
PARAMETRIC_REPRESENTATION_CONTEXT() REPRESENTATION_CONTEXT('2D SPACE',''
  ) );
#13173 = PCURVE('',#11430,#13174);
#13174 = DEFINITIONAL_REPRESENTATION('',(#13175),#13179);
#13175 = LINE('',#13176,#13177);
#13176 = CARTESIAN_POINT('',(-6.28318530718,-0.5));
#13177 = VECTOR('',#13178,1.);
#13178 = DIRECTION('',(1.,-0.));
#13179 = ( GEOMETRIC_REPRESENTATION_CONTEXT(2) 
PARAMETRIC_REPRESENTATION_CONTEXT() REPRESENTATION_CONTEXT('2D SPACE',''
  ) );
#13180 = FACE_BOUND('',#13181,.F.);
#13181 = EDGE_LOOP('',(#13182));
#13182 = ORIENTED_EDGE('',*,*,#13183,.T.);
#13183 = EDGE_CURVE('',#13184,#13184,#13186,.T.);
#13184 = VERTEX_POINT('',#13185);
#13185 = CARTESIAN_POINT('',(53.5,48.3,72.2));
#13186 = SURFACE_CURVE('',#13187,(#13192,#13203),.PCURVE_S1.);
#13187 = CIRCLE('',#13188,2.);
#13188 = AXIS2_PLACEMENT_3D('',#13189,#13190,#13191);
#13189 = CARTESIAN_POINT('',(51.5,48.3,72.2));
#13190 = DIRECTION('',(0.,0.,-1.));
#13191 = DIRECTION('',(1.,0.,0.));
#13192 = PCURVE('',#10411,#13193);
#13193 = DEFINITIONAL_REPRESENTATION('',(#13194),#13202);
#13194 = ( BOUNDED_CURVE() B_SPLINE_CURVE(2,(#13195,#13196,#13197,#13198
    ,#13199,#13200,#13201),.UNSPECIFIED.,.T.,.F.) 
B_SPLINE_CURVE_WITH_KNOTS((1,2,2,2,2,1),(-2.094395102393,0.,
    2.094395102393,4.188790204786,6.28318530718,8.377580409573),
.UNSPECIFIED.) CURVE() GEOMETRIC_REPRESENTATION_ITEM() 
RATIONAL_B_SPLINE_CURVE((1.,0.5,1.,0.5,1.,0.5,1.)) REPRESENTATION_ITEM(
  '') );
#13195 = CARTESIAN_POINT('',(53.5,48.3));
#13196 = CARTESIAN_POINT('',(53.5,44.835898384862));
#13197 = CARTESIAN_POINT('',(50.5,46.567949192431));
#13198 = CARTESIAN_POINT('',(47.5,48.3));
#13199 = CARTESIAN_POINT('',(50.5,50.032050807569));
#13200 = CARTESIAN_POINT('',(53.5,51.764101615138));
#13201 = CARTESIAN_POINT('',(53.5,48.3));
#13202 = ( GEOMETRIC_REPRESENTATION_CONTEXT(2) 
PARAMETRIC_REPRESENTATION_CONTEXT() REPRESENTATION_CONTEXT('2D SPACE',''
  ) );
#13203 = PCURVE('',#11465,#13204);
#13204 = DEFINITIONAL_REPRESENTATION('',(#13205),#13209);
#13205 = LINE('',#13206,#13207);
#13206 = CARTESIAN_POINT('',(-6.28318530718,-0.5));
#13207 = VECTOR('',#13208,1.);
#13208 = DIRECTION('',(1.,-0.));
#13209 = ( GEOMETRIC_REPRESENTATION_CONTEXT(2) 
PARAMETRIC_REPRESENTATION_CONTEXT() REPRESENTATION_CONTEXT('2D SPACE',''
  ) );
#13210 = FACE_BOUND('',#13211,.F.);
#13211 = EDGE_LOOP('',(#13212));
#13212 = ORIENTED_EDGE('',*,*,#13213,.T.);
#13213 = EDGE_CURVE('',#13214,#13214,#13216,.T.);
#13214 = VERTEX_POINT('',#13215);
#13215 = CARTESIAN_POINT('',(60.,48.3,72.2));
#13216 = SURFACE_CURVE('',#13217,(#13222,#13233),.PCURVE_S1.);
#13217 = CIRCLE('',#13218,2.);
#13218 = AXIS2_PLACEMENT_3D('',#13219,#13220,#13221);
#13219 = CARTESIAN_POINT('',(58.,48.3,72.2));
#13220 = DIRECTION('',(0.,0.,-1.));
#13221 = DIRECTION('',(1.,0.,0.));
#13222 = PCURVE('',#10411,#13223);
#13223 = DEFINITIONAL_REPRESENTATION('',(#13224),#13232);
#13224 = ( BOUNDED_CURVE() B_SPLINE_CURVE(2,(#13225,#13226,#13227,#13228
    ,#13229,#13230,#13231),.UNSPECIFIED.,.T.,.F.) 
B_SPLINE_CURVE_WITH_KNOTS((1,2,2,2,2,1),(-2.094395102393,0.,
    2.094395102393,4.188790204786,6.28318530718,8.377580409573),
.UNSPECIFIED.) CURVE() GEOMETRIC_REPRESENTATION_ITEM() 
RATIONAL_B_SPLINE_CURVE((1.,0.5,1.,0.5,1.,0.5,1.)) REPRESENTATION_ITEM(
  '') );
#13225 = CARTESIAN_POINT('',(60.,48.3));
#13226 = CARTESIAN_POINT('',(60.,44.835898384862));
#13227 = CARTESIAN_POINT('',(57.,46.567949192431));
#13228 = CARTESIAN_POINT('',(54.,48.3));
#13229 = CARTESIAN_POINT('',(57.,50.032050807569));
#13230 = CARTESIAN_POINT('',(60.,51.764101615138));
#13231 = CARTESIAN_POINT('',(60.,48.3));
#13232 = ( GEOMETRIC_REPRESENTATION_CONTEXT(2) 
PARAMETRIC_REPRESENTATION_CONTEXT() REPRESENTATION_CONTEXT('2D SPACE',''
  ) );
#13233 = PCURVE('',#11500,#13234);
#13234 = DEFINITIONAL_REPRESENTATION('',(#13235),#13239);
#13235 = LINE('',#13236,#13237);
#13236 = CARTESIAN_POINT('',(-6.28318530718,-0.5));
#13237 = VECTOR('',#13238,1.);
#13238 = DIRECTION('',(1.,-0.));
#13239 = ( GEOMETRIC_REPRESENTATION_CONTEXT(2) 
PARAMETRIC_REPRESENTATION_CONTEXT() REPRESENTATION_CONTEXT('2D SPACE',''
  ) );
#13240 = FACE_BOUND('',#13241,.F.);
#13241 = EDGE_LOOP('',(#13242));
#13242 = ORIENTED_EDGE('',*,*,#13243,.T.);
#13243 = EDGE_CURVE('',#13244,#13244,#13246,.T.);
#13244 = VERTEX_POINT('',#13245);
#13245 = CARTESIAN_POINT('',(66.5,48.3,72.2));
#13246 = SURFACE_CURVE('',#13247,(#13252,#13263),.PCURVE_S1.);
#13247 = CIRCLE('',#13248,2.);
#13248 = AXIS2_PLACEMENT_3D('',#13249,#13250,#13251);
#13249 = CARTESIAN_POINT('',(64.5,48.3,72.2));
#13250 = DIRECTION('',(0.,0.,-1.));
#13251 = DIRECTION('',(1.,0.,0.));
#13252 = PCURVE('',#10411,#13253);
#13253 = DEFINITIONAL_REPRESENTATION('',(#13254),#13262);
#13254 = ( BOUNDED_CURVE() B_SPLINE_CURVE(2,(#13255,#13256,#13257,#13258
    ,#13259,#13260,#13261),.UNSPECIFIED.,.T.,.F.) 
B_SPLINE_CURVE_WITH_KNOTS((1,2,2,2,2,1),(-2.094395102393,0.,
    2.094395102393,4.188790204786,6.28318530718,8.377580409573),
.UNSPECIFIED.) CURVE() GEOMETRIC_REPRESENTATION_ITEM() 
RATIONAL_B_SPLINE_CURVE((1.,0.5,1.,0.5,1.,0.5,1.)) REPRESENTATION_ITEM(
  '') );
#13255 = CARTESIAN_POINT('',(66.5,48.3));
#13256 = CARTESIAN_POINT('',(66.5,44.835898384862));
#13257 = CARTESIAN_POINT('',(63.5,46.567949192431));
#13258 = CARTESIAN_POINT('',(60.5,48.3));
#13259 = CARTESIAN_POINT('',(63.5,50.032050807569));
#13260 = CARTESIAN_POINT('',(66.5,51.764101615138));
#13261 = CARTESIAN_POINT('',(66.5,48.3));
#13262 = ( GEOMETRIC_REPRESENTATION_CONTEXT(2) 
PARAMETRIC_REPRESENTATION_CONTEXT() REPRESENTATION_CONTEXT('2D SPACE',''
  ) );
#13263 = PCURVE('',#11535,#13264);
#13264 = DEFINITIONAL_REPRESENTATION('',(#13265),#13269);
#13265 = LINE('',#13266,#13267);
#13266 = CARTESIAN_POINT('',(-6.28318530718,-0.5));
#13267 = VECTOR('',#13268,1.);
#13268 = DIRECTION('',(1.,-0.));
#13269 = ( GEOMETRIC_REPRESENTATION_CONTEXT(2) 
PARAMETRIC_REPRESENTATION_CONTEXT() REPRESENTATION_CONTEXT('2D SPACE',''
  ) );
#13270 = FACE_BOUND('',#13271,.F.);
#13271 = EDGE_LOOP('',(#13272,#13302,#13330,#13358));
#13272 = ORIENTED_EDGE('',*,*,#13273,.T.);
#13273 = EDGE_CURVE('',#13274,#13276,#13278,.T.);
#13274 = VERTEX_POINT('',#13275);
#13275 = CARTESIAN_POINT('',(92.,10.,72.2));
#13276 = VERTEX_POINT('',#13277);
#13277 = CARTESIAN_POINT('',(92.,103.13,72.2));
#13278 = SURFACE_CURVE('',#13279,(#13283,#13290),.PCURVE_S1.);
#13279 = LINE('',#13280,#13281);
#13280 = CARTESIAN_POINT('',(92.,10.,72.2));
#13281 = VECTOR('',#13282,1.);
#13282 = DIRECTION('',(0.,1.,0.));
#13283 = PCURVE('',#10411,#13284);
#13284 = DEFINITIONAL_REPRESENTATION('',(#13285),#13289);
#13285 = LINE('',#13286,#13287);
#13286 = CARTESIAN_POINT('',(92.,10.));
#13287 = VECTOR('',#13288,1.);
#13288 = DIRECTION('',(0.,1.));
#13289 = ( GEOMETRIC_REPRESENTATION_CONTEXT(2) 
PARAMETRIC_REPRESENTATION_CONTEXT() REPRESENTATION_CONTEXT('2D SPACE',''
  ) );
#13290 = PCURVE('',#13291,#13296);
#13291 = PLANE('',#13292);
#13292 = AXIS2_PLACEMENT_3D('',#13293,#13294,#13295);
#13293 = CARTESIAN_POINT('',(92.,10.,69.2));
#13294 = DIRECTION('',(1.,0.,0.));
#13295 = DIRECTION('',(0.,0.,1.));
#13296 = DEFINITIONAL_REPRESENTATION('',(#13297),#13301);
#13297 = LINE('',#13298,#13299);
#13298 = CARTESIAN_POINT('',(3.,0.));
#13299 = VECTOR('',#13300,1.);
#13300 = DIRECTION('',(0.,-1.));
#13301 = ( GEOMETRIC_REPRESENTATION_CONTEXT(2) 
PARAMETRIC_REPRESENTATION_CONTEXT() REPRESENTATION_CONTEXT('2D SPACE',''
  ) );
#13302 = ORIENTED_EDGE('',*,*,#13303,.T.);
#13303 = EDGE_CURVE('',#13276,#13304,#13306,.T.);
#13304 = VERTEX_POINT('',#13305);
#13305 = CARTESIAN_POINT('',(93.6,103.13,72.2));
#13306 = SURFACE_CURVE('',#13307,(#13311,#13318),.PCURVE_S1.);
#13307 = LINE('',#13308,#13309);
#13308 = CARTESIAN_POINT('',(92.,103.13,72.2));
#13309 = VECTOR('',#13310,1.);
#13310 = DIRECTION('',(1.,0.,0.));
#13311 = PCURVE('',#10411,#13312);
#13312 = DEFINITIONAL_REPRESENTATION('',(#13313),#13317);
#13313 = LINE('',#13314,#13315);
#13314 = CARTESIAN_POINT('',(92.,103.13));
#13315 = VECTOR('',#13316,1.);
#13316 = DIRECTION('',(1.,0.));
#13317 = ( GEOMETRIC_REPRESENTATION_CONTEXT(2) 
PARAMETRIC_REPRESENTATION_CONTEXT() REPRESENTATION_CONTEXT('2D SPACE',''
  ) );
#13318 = PCURVE('',#13319,#13324);
#13319 = PLANE('',#13320);
#13320 = AXIS2_PLACEMENT_3D('',#13321,#13322,#13323);
#13321 = CARTESIAN_POINT('',(92.,103.13,69.2));
#13322 = DIRECTION('',(0.,1.,0.));
#13323 = DIRECTION('',(0.,0.,1.));
#13324 = DEFINITIONAL_REPRESENTATION('',(#13325),#13329);
#13325 = LINE('',#13326,#13327);
#13326 = CARTESIAN_POINT('',(3.,0.));
#13327 = VECTOR('',#13328,1.);
#13328 = DIRECTION('',(0.,1.));
#13329 = ( GEOMETRIC_REPRESENTATION_CONTEXT(2) 
PARAMETRIC_REPRESENTATION_CONTEXT() REPRESENTATION_CONTEXT('2D SPACE',''
  ) );
#13330 = ORIENTED_EDGE('',*,*,#13331,.F.);
#13331 = EDGE_CURVE('',#13332,#13304,#13334,.T.);
#13332 = VERTEX_POINT('',#13333);
#13333 = CARTESIAN_POINT('',(93.6,10.,72.2));
#13334 = SURFACE_CURVE('',#13335,(#13339,#13346),.PCURVE_S1.);
#13335 = LINE('',#13336,#13337);
#13336 = CARTESIAN_POINT('',(93.6,10.,72.2));
#13337 = VECTOR('',#13338,1.);
#13338 = DIRECTION('',(0.,1.,0.));
#13339 = PCURVE('',#10411,#13340);
#13340 = DEFINITIONAL_REPRESENTATION('',(#13341),#13345);
#13341 = LINE('',#13342,#13343);
#13342 = CARTESIAN_POINT('',(93.6,10.));
#13343 = VECTOR('',#13344,1.);
#13344 = DIRECTION('',(0.,1.));
#13345 = ( GEOMETRIC_REPRESENTATION_CONTEXT(2) 
PARAMETRIC_REPRESENTATION_CONTEXT() REPRESENTATION_CONTEXT('2D SPACE',''
  ) );
#13346 = PCURVE('',#13347,#13352);
#13347 = PLANE('',#13348);
#13348 = AXIS2_PLACEMENT_3D('',#13349,#13350,#13351);
#13349 = CARTESIAN_POINT('',(93.6,10.,69.2));
#13350 = DIRECTION('',(1.,0.,0.));
#13351 = DIRECTION('',(0.,0.,1.));
#13352 = DEFINITIONAL_REPRESENTATION('',(#13353),#13357);
#13353 = LINE('',#13354,#13355);
#13354 = CARTESIAN_POINT('',(3.,0.));
#13355 = VECTOR('',#13356,1.);
#13356 = DIRECTION('',(0.,-1.));
#13357 = ( GEOMETRIC_REPRESENTATION_CONTEXT(2) 
PARAMETRIC_REPRESENTATION_CONTEXT() REPRESENTATION_CONTEXT('2D SPACE',''
  ) );
#13358 = ORIENTED_EDGE('',*,*,#13359,.F.);
#13359 = EDGE_CURVE('',#13274,#13332,#13360,.T.);
#13360 = SURFACE_CURVE('',#13361,(#13365,#13372),.PCURVE_S1.);
#13361 = LINE('',#13362,#13363);
#13362 = CARTESIAN_POINT('',(92.,10.,72.2));
#13363 = VECTOR('',#13364,1.);
#13364 = DIRECTION('',(1.,0.,0.));
#13365 = PCURVE('',#10411,#13366);
#13366 = DEFINITIONAL_REPRESENTATION('',(#13367),#13371);
#13367 = LINE('',#13368,#13369);
#13368 = CARTESIAN_POINT('',(92.,10.));
#13369 = VECTOR('',#13370,1.);
#13370 = DIRECTION('',(1.,0.));
#13371 = ( GEOMETRIC_REPRESENTATION_CONTEXT(2) 
PARAMETRIC_REPRESENTATION_CONTEXT() REPRESENTATION_CONTEXT('2D SPACE',''
  ) );
#13372 = PCURVE('',#13373,#13378);
#13373 = PLANE('',#13374);
#13374 = AXIS2_PLACEMENT_3D('',#13375,#13376,#13377);
#13375 = CARTESIAN_POINT('',(92.,10.,69.2));
#13376 = DIRECTION('',(0.,1.,0.));
#13377 = DIRECTION('',(0.,0.,1.));
#13378 = DEFINITIONAL_REPRESENTATION('',(#13379),#13383);
#13379 = LINE('',#13380,#13381);
#13380 = CARTESIAN_POINT('',(3.,0.));
#13381 = VECTOR('',#13382,1.);
#13382 = DIRECTION('',(0.,1.));
#13383 = ( GEOMETRIC_REPRESENTATION_CONTEXT(2) 
PARAMETRIC_REPRESENTATION_CONTEXT() REPRESENTATION_CONTEXT('2D SPACE',''
  ) );
#13384 = FACE_BOUND('',#13385,.F.);
#13385 = EDGE_LOOP('',(#13386));
#13386 = ORIENTED_EDGE('',*,*,#13387,.T.);
#13387 = EDGE_CURVE('',#13388,#13388,#13390,.T.);
#13388 = VERTEX_POINT('',#13389);
#13389 = CARTESIAN_POINT('',(5.4,109.13,72.2));
#13390 = SURFACE_CURVE('',#13391,(#13396,#13407),.PCURVE_S1.);
#13391 = CIRCLE('',#13392,1.4);
#13392 = AXIS2_PLACEMENT_3D('',#13393,#13394,#13395);
#13393 = CARTESIAN_POINT('',(4.,109.13,72.2));
#13394 = DIRECTION('',(0.,0.,-1.));
#13395 = DIRECTION('',(1.,0.,0.));
#13396 = PCURVE('',#10411,#13397);
#13397 = DEFINITIONAL_REPRESENTATION('',(#13398),#13406);
#13398 = ( BOUNDED_CURVE() B_SPLINE_CURVE(2,(#13399,#13400,#13401,#13402
    ,#13403,#13404,#13405),.UNSPECIFIED.,.T.,.F.) 
B_SPLINE_CURVE_WITH_KNOTS((1,2,2,2,2,1),(-2.094395102393,0.,
    2.094395102393,4.188790204786,6.28318530718,8.377580409573),
.UNSPECIFIED.) CURVE() GEOMETRIC_REPRESENTATION_ITEM() 
RATIONAL_B_SPLINE_CURVE((1.,0.5,1.,0.5,1.,0.5,1.)) REPRESENTATION_ITEM(
  '') );
#13399 = CARTESIAN_POINT('',(5.4,109.13));
#13400 = CARTESIAN_POINT('',(5.4,106.7051288694));
#13401 = CARTESIAN_POINT('',(3.3,107.9175644347));
#13402 = CARTESIAN_POINT('',(1.2,109.13));
#13403 = CARTESIAN_POINT('',(3.3,110.34243556529));
#13404 = CARTESIAN_POINT('',(5.4,111.55487113059));
#13405 = CARTESIAN_POINT('',(5.4,109.13));
#13406 = ( GEOMETRIC_REPRESENTATION_CONTEXT(2) 
PARAMETRIC_REPRESENTATION_CONTEXT() REPRESENTATION_CONTEXT('2D SPACE',''
  ) );
#13407 = PCURVE('',#13408,#13413);
#13408 = CYLINDRICAL_SURFACE('',#13409,1.4);
#13409 = AXIS2_PLACEMENT_3D('',#13410,#13411,#13412);
#13410 = CARTESIAN_POINT('',(4.,109.13,71.7));
#13411 = DIRECTION('',(-0.,-0.,-1.));
#13412 = DIRECTION('',(1.,0.,0.));
#13413 = DEFINITIONAL_REPRESENTATION('',(#13414),#13418);
#13414 = LINE('',#13415,#13416);
#13415 = CARTESIAN_POINT('',(-6.28318530718,-0.5));
#13416 = VECTOR('',#13417,1.);
#13417 = DIRECTION('',(1.,-0.));
#13418 = ( GEOMETRIC_REPRESENTATION_CONTEXT(2) 
PARAMETRIC_REPRESENTATION_CONTEXT() REPRESENTATION_CONTEXT('2D SPACE',''
  ) );
#13419 = FACE_BOUND('',#13420,.F.);
#13420 = EDGE_LOOP('',(#13421,#13444,#13465,#13486));
#13421 = ORIENTED_EDGE('',*,*,#13422,.T.);
#13422 = EDGE_CURVE('',#13423,#13425,#13427,.T.);
#13423 = VERTEX_POINT('',#13424);
#13424 = CARTESIAN_POINT('',(32.,74.715,72.2));
#13425 = VERTEX_POINT('',#13426);
#13426 = CARTESIAN_POINT('',(29.,74.715,72.2));
#13427 = SURFACE_CURVE('',#13428,(#13432,#13438),.PCURVE_S1.);
#13428 = LINE('',#13429,#13430);
#13429 = CARTESIAN_POINT('',(14.5,74.715,72.2));
#13430 = VECTOR('',#13431,1.);
#13431 = DIRECTION('',(-1.,0.,0.));
#13432 = PCURVE('',#10411,#13433);
#13433 = DEFINITIONAL_REPRESENTATION('',(#13434),#13437);
#13434 = B_SPLINE_CURVE_WITH_KNOTS('',1,(#13435,#13436),.UNSPECIFIED.,
  .F.,.F.,(2,2),(-17.5,-14.5),.PIECEWISE_BEZIER_KNOTS.);
#13435 = CARTESIAN_POINT('',(32.,74.715));
#13436 = CARTESIAN_POINT('',(29.,74.715));
#13437 = ( GEOMETRIC_REPRESENTATION_CONTEXT(2) 
PARAMETRIC_REPRESENTATION_CONTEXT() REPRESENTATION_CONTEXT('2D SPACE',''
  ) );
#13438 = PCURVE('',#11601,#13439);
#13439 = DEFINITIONAL_REPRESENTATION('',(#13440),#13443);
#13440 = B_SPLINE_CURVE_WITH_KNOTS('',1,(#13441,#13442),.UNSPECIFIED.,
  .F.,.F.,(2,2),(-17.5,-14.5),.PIECEWISE_BEZIER_KNOTS.);
#13441 = CARTESIAN_POINT('',(0.5,3.));
#13442 = CARTESIAN_POINT('',(0.5,0.));
#13443 = ( GEOMETRIC_REPRESENTATION_CONTEXT(2) 
PARAMETRIC_REPRESENTATION_CONTEXT() REPRESENTATION_CONTEXT('2D SPACE',''
  ) );
#13444 = ORIENTED_EDGE('',*,*,#13445,.T.);
#13445 = EDGE_CURVE('',#13425,#13446,#13448,.T.);
#13446 = VERTEX_POINT('',#13447);
#13447 = CARTESIAN_POINT('',(29.,96.715,72.2));
#13448 = SURFACE_CURVE('',#13449,(#13453,#13459),.PCURVE_S1.);
#13449 = LINE('',#13450,#13451);
#13450 = CARTESIAN_POINT('',(29.,37.3575,72.2));
#13451 = VECTOR('',#13452,1.);
#13452 = DIRECTION('',(0.,1.,0.));
#13453 = PCURVE('',#10411,#13454);
#13454 = DEFINITIONAL_REPRESENTATION('',(#13455),#13458);
#13455 = B_SPLINE_CURVE_WITH_KNOTS('',1,(#13456,#13457),.UNSPECIFIED.,
  .F.,.F.,(2,2),(37.3575,59.3575),.PIECEWISE_BEZIER_KNOTS.);
#13456 = CARTESIAN_POINT('',(29.,74.715));
#13457 = CARTESIAN_POINT('',(29.,96.715));
#13458 = ( GEOMETRIC_REPRESENTATION_CONTEXT(2) 
PARAMETRIC_REPRESENTATION_CONTEXT() REPRESENTATION_CONTEXT('2D SPACE',''
  ) );
#13459 = PCURVE('',#11627,#13460);
#13460 = DEFINITIONAL_REPRESENTATION('',(#13461),#13464);
#13461 = B_SPLINE_CURVE_WITH_KNOTS('',1,(#13462,#13463),.UNSPECIFIED.,
  .F.,.F.,(2,2),(37.3575,59.3575),.PIECEWISE_BEZIER_KNOTS.);
#13462 = CARTESIAN_POINT('',(0.5,0.));
#13463 = CARTESIAN_POINT('',(0.5,-22.));
#13464 = ( GEOMETRIC_REPRESENTATION_CONTEXT(2) 
PARAMETRIC_REPRESENTATION_CONTEXT() REPRESENTATION_CONTEXT('2D SPACE',''
  ) );
#13465 = ORIENTED_EDGE('',*,*,#13466,.F.);
#13466 = EDGE_CURVE('',#13467,#13446,#13469,.T.);
#13467 = VERTEX_POINT('',#13468);
#13468 = CARTESIAN_POINT('',(32.,96.715,72.2));
#13469 = SURFACE_CURVE('',#13470,(#13474,#13480),.PCURVE_S1.);
#13470 = LINE('',#13471,#13472);
#13471 = CARTESIAN_POINT('',(14.5,96.715,72.2));
#13472 = VECTOR('',#13473,1.);
#13473 = DIRECTION('',(-1.,0.,0.));
#13474 = PCURVE('',#10411,#13475);
#13475 = DEFINITIONAL_REPRESENTATION('',(#13476),#13479);
#13476 = B_SPLINE_CURVE_WITH_KNOTS('',1,(#13477,#13478),.UNSPECIFIED.,
  .F.,.F.,(2,2),(-17.5,-14.5),.PIECEWISE_BEZIER_KNOTS.);
#13477 = CARTESIAN_POINT('',(32.,96.715));
#13478 = CARTESIAN_POINT('',(29.,96.715));
#13479 = ( GEOMETRIC_REPRESENTATION_CONTEXT(2) 
PARAMETRIC_REPRESENTATION_CONTEXT() REPRESENTATION_CONTEXT('2D SPACE',''
  ) );
#13480 = PCURVE('',#11653,#13481);
#13481 = DEFINITIONAL_REPRESENTATION('',(#13482),#13485);
#13482 = B_SPLINE_CURVE_WITH_KNOTS('',1,(#13483,#13484),.UNSPECIFIED.,
  .F.,.F.,(2,2),(-17.5,-14.5),.PIECEWISE_BEZIER_KNOTS.);
#13483 = CARTESIAN_POINT('',(0.5,3.));
#13484 = CARTESIAN_POINT('',(0.5,0.));
#13485 = ( GEOMETRIC_REPRESENTATION_CONTEXT(2) 
PARAMETRIC_REPRESENTATION_CONTEXT() REPRESENTATION_CONTEXT('2D SPACE',''
  ) );
#13486 = ORIENTED_EDGE('',*,*,#13487,.F.);
#13487 = EDGE_CURVE('',#13423,#13467,#13488,.T.);
#13488 = SURFACE_CURVE('',#13489,(#13493,#13499),.PCURVE_S1.);
#13489 = LINE('',#13490,#13491);
#13490 = CARTESIAN_POINT('',(32.,37.3575,72.2));
#13491 = VECTOR('',#13492,1.);
#13492 = DIRECTION('',(0.,1.,0.));
#13493 = PCURVE('',#10411,#13494);
#13494 = DEFINITIONAL_REPRESENTATION('',(#13495),#13498);
#13495 = B_SPLINE_CURVE_WITH_KNOTS('',1,(#13496,#13497),.UNSPECIFIED.,
  .F.,.F.,(2,2),(37.3575,59.3575),.PIECEWISE_BEZIER_KNOTS.);
#13496 = CARTESIAN_POINT('',(32.,74.715));
#13497 = CARTESIAN_POINT('',(32.,96.715));
#13498 = ( GEOMETRIC_REPRESENTATION_CONTEXT(2) 
PARAMETRIC_REPRESENTATION_CONTEXT() REPRESENTATION_CONTEXT('2D SPACE',''
  ) );
#13499 = PCURVE('',#11677,#13500);
#13500 = DEFINITIONAL_REPRESENTATION('',(#13501),#13504);
#13501 = B_SPLINE_CURVE_WITH_KNOTS('',1,(#13502,#13503),.UNSPECIFIED.,
  .F.,.F.,(2,2),(37.3575,59.3575),.PIECEWISE_BEZIER_KNOTS.);
#13502 = CARTESIAN_POINT('',(0.5,0.));
#13503 = CARTESIAN_POINT('',(0.5,-22.));
#13504 = ( GEOMETRIC_REPRESENTATION_CONTEXT(2) 
PARAMETRIC_REPRESENTATION_CONTEXT() REPRESENTATION_CONTEXT('2D SPACE',''
  ) );
#13505 = FACE_BOUND('',#13506,.F.);
#13506 = EDGE_LOOP('',(#13507,#13530,#13551,#13572));
#13507 = ORIENTED_EDGE('',*,*,#13508,.T.);
#13508 = EDGE_CURVE('',#13509,#13511,#13513,.T.);
#13509 = VERTEX_POINT('',#13510);
#13510 = CARTESIAN_POINT('',(41.,74.715,72.2));
#13511 = VERTEX_POINT('',#13512);
#13512 = CARTESIAN_POINT('',(38.,74.715,72.2));
#13513 = SURFACE_CURVE('',#13514,(#13518,#13524),.PCURVE_S1.);
#13514 = LINE('',#13515,#13516);
#13515 = CARTESIAN_POINT('',(19.,74.715,72.2));
#13516 = VECTOR('',#13517,1.);
#13517 = DIRECTION('',(-1.,0.,0.));
#13518 = PCURVE('',#10411,#13519);
#13519 = DEFINITIONAL_REPRESENTATION('',(#13520),#13523);
#13520 = B_SPLINE_CURVE_WITH_KNOTS('',1,(#13521,#13522),.UNSPECIFIED.,
  .F.,.F.,(2,2),(-22.,-19.),.PIECEWISE_BEZIER_KNOTS.);
#13521 = CARTESIAN_POINT('',(41.,74.715));
#13522 = CARTESIAN_POINT('',(38.,74.715));
#13523 = ( GEOMETRIC_REPRESENTATION_CONTEXT(2) 
PARAMETRIC_REPRESENTATION_CONTEXT() REPRESENTATION_CONTEXT('2D SPACE',''
  ) );
#13524 = PCURVE('',#11707,#13525);
#13525 = DEFINITIONAL_REPRESENTATION('',(#13526),#13529);
#13526 = B_SPLINE_CURVE_WITH_KNOTS('',1,(#13527,#13528),.UNSPECIFIED.,
  .F.,.F.,(2,2),(-22.,-19.),.PIECEWISE_BEZIER_KNOTS.);
#13527 = CARTESIAN_POINT('',(0.5,3.));
#13528 = CARTESIAN_POINT('',(0.5,0.));
#13529 = ( GEOMETRIC_REPRESENTATION_CONTEXT(2) 
PARAMETRIC_REPRESENTATION_CONTEXT() REPRESENTATION_CONTEXT('2D SPACE',''
  ) );
#13530 = ORIENTED_EDGE('',*,*,#13531,.T.);
#13531 = EDGE_CURVE('',#13511,#13532,#13534,.T.);
#13532 = VERTEX_POINT('',#13533);
#13533 = CARTESIAN_POINT('',(38.,96.715,72.2));
#13534 = SURFACE_CURVE('',#13535,(#13539,#13545),.PCURVE_S1.);
#13535 = LINE('',#13536,#13537);
#13536 = CARTESIAN_POINT('',(38.,37.3575,72.2));
#13537 = VECTOR('',#13538,1.);
#13538 = DIRECTION('',(0.,1.,0.));
#13539 = PCURVE('',#10411,#13540);
#13540 = DEFINITIONAL_REPRESENTATION('',(#13541),#13544);
#13541 = B_SPLINE_CURVE_WITH_KNOTS('',1,(#13542,#13543),.UNSPECIFIED.,
  .F.,.F.,(2,2),(37.3575,59.3575),.PIECEWISE_BEZIER_KNOTS.);
#13542 = CARTESIAN_POINT('',(38.,74.715));
#13543 = CARTESIAN_POINT('',(38.,96.715));
#13544 = ( GEOMETRIC_REPRESENTATION_CONTEXT(2) 
PARAMETRIC_REPRESENTATION_CONTEXT() REPRESENTATION_CONTEXT('2D SPACE',''
  ) );
#13545 = PCURVE('',#11733,#13546);
#13546 = DEFINITIONAL_REPRESENTATION('',(#13547),#13550);
#13547 = B_SPLINE_CURVE_WITH_KNOTS('',1,(#13548,#13549),.UNSPECIFIED.,
  .F.,.F.,(2,2),(37.3575,59.3575),.PIECEWISE_BEZIER_KNOTS.);
#13548 = CARTESIAN_POINT('',(0.5,0.));
#13549 = CARTESIAN_POINT('',(0.5,-22.));
#13550 = ( GEOMETRIC_REPRESENTATION_CONTEXT(2) 
PARAMETRIC_REPRESENTATION_CONTEXT() REPRESENTATION_CONTEXT('2D SPACE',''
  ) );
#13551 = ORIENTED_EDGE('',*,*,#13552,.F.);
#13552 = EDGE_CURVE('',#13553,#13532,#13555,.T.);
#13553 = VERTEX_POINT('',#13554);
#13554 = CARTESIAN_POINT('',(41.,96.715,72.2));
#13555 = SURFACE_CURVE('',#13556,(#13560,#13566),.PCURVE_S1.);
#13556 = LINE('',#13557,#13558);
#13557 = CARTESIAN_POINT('',(19.,96.715,72.2));
#13558 = VECTOR('',#13559,1.);
#13559 = DIRECTION('',(-1.,0.,0.));
#13560 = PCURVE('',#10411,#13561);
#13561 = DEFINITIONAL_REPRESENTATION('',(#13562),#13565);
#13562 = B_SPLINE_CURVE_WITH_KNOTS('',1,(#13563,#13564),.UNSPECIFIED.,
  .F.,.F.,(2,2),(-22.,-19.),.PIECEWISE_BEZIER_KNOTS.);
#13563 = CARTESIAN_POINT('',(41.,96.715));
#13564 = CARTESIAN_POINT('',(38.,96.715));
#13565 = ( GEOMETRIC_REPRESENTATION_CONTEXT(2) 
PARAMETRIC_REPRESENTATION_CONTEXT() REPRESENTATION_CONTEXT('2D SPACE',''
  ) );
#13566 = PCURVE('',#11759,#13567);
#13567 = DEFINITIONAL_REPRESENTATION('',(#13568),#13571);
#13568 = B_SPLINE_CURVE_WITH_KNOTS('',1,(#13569,#13570),.UNSPECIFIED.,
  .F.,.F.,(2,2),(-22.,-19.),.PIECEWISE_BEZIER_KNOTS.);
#13569 = CARTESIAN_POINT('',(0.5,3.));
#13570 = CARTESIAN_POINT('',(0.5,0.));
#13571 = ( GEOMETRIC_REPRESENTATION_CONTEXT(2) 
PARAMETRIC_REPRESENTATION_CONTEXT() REPRESENTATION_CONTEXT('2D SPACE',''
  ) );
#13572 = ORIENTED_EDGE('',*,*,#13573,.F.);
#13573 = EDGE_CURVE('',#13509,#13553,#13574,.T.);
#13574 = SURFACE_CURVE('',#13575,(#13579,#13585),.PCURVE_S1.);
#13575 = LINE('',#13576,#13577);
#13576 = CARTESIAN_POINT('',(41.,37.3575,72.2));
#13577 = VECTOR('',#13578,1.);
#13578 = DIRECTION('',(0.,1.,0.));
#13579 = PCURVE('',#10411,#13580);
#13580 = DEFINITIONAL_REPRESENTATION('',(#13581),#13584);
#13581 = B_SPLINE_CURVE_WITH_KNOTS('',1,(#13582,#13583),.UNSPECIFIED.,
  .F.,.F.,(2,2),(37.3575,59.3575),.PIECEWISE_BEZIER_KNOTS.);
#13582 = CARTESIAN_POINT('',(41.,74.715));
#13583 = CARTESIAN_POINT('',(41.,96.715));
#13584 = ( GEOMETRIC_REPRESENTATION_CONTEXT(2) 
PARAMETRIC_REPRESENTATION_CONTEXT() REPRESENTATION_CONTEXT('2D SPACE',''
  ) );
#13585 = PCURVE('',#11783,#13586);
#13586 = DEFINITIONAL_REPRESENTATION('',(#13587),#13590);
#13587 = B_SPLINE_CURVE_WITH_KNOTS('',1,(#13588,#13589),.UNSPECIFIED.,
  .F.,.F.,(2,2),(37.3575,59.3575),.PIECEWISE_BEZIER_KNOTS.);
#13588 = CARTESIAN_POINT('',(0.5,0.));
#13589 = CARTESIAN_POINT('',(0.5,-22.));
#13590 = ( GEOMETRIC_REPRESENTATION_CONTEXT(2) 
PARAMETRIC_REPRESENTATION_CONTEXT() REPRESENTATION_CONTEXT('2D SPACE',''
  ) );
#13591 = FACE_BOUND('',#13592,.F.);
#13592 = EDGE_LOOP('',(#13593,#13616,#13637,#13658));
#13593 = ORIENTED_EDGE('',*,*,#13594,.T.);
#13594 = EDGE_CURVE('',#13595,#13597,#13599,.T.);
#13595 = VERTEX_POINT('',#13596);
#13596 = CARTESIAN_POINT('',(50.,74.715,72.2));
#13597 = VERTEX_POINT('',#13598);
#13598 = CARTESIAN_POINT('',(47.,74.715,72.2));
#13599 = SURFACE_CURVE('',#13600,(#13604,#13610),.PCURVE_S1.);
#13600 = LINE('',#13601,#13602);
#13601 = CARTESIAN_POINT('',(23.5,74.715,72.2));
#13602 = VECTOR('',#13603,1.);
#13603 = DIRECTION('',(-1.,0.,0.));
#13604 = PCURVE('',#10411,#13605);
#13605 = DEFINITIONAL_REPRESENTATION('',(#13606),#13609);
#13606 = B_SPLINE_CURVE_WITH_KNOTS('',1,(#13607,#13608),.UNSPECIFIED.,
  .F.,.F.,(2,2),(-26.5,-23.5),.PIECEWISE_BEZIER_KNOTS.);
#13607 = CARTESIAN_POINT('',(50.,74.715));
#13608 = CARTESIAN_POINT('',(47.,74.715));
#13609 = ( GEOMETRIC_REPRESENTATION_CONTEXT(2) 
PARAMETRIC_REPRESENTATION_CONTEXT() REPRESENTATION_CONTEXT('2D SPACE',''
  ) );
#13610 = PCURVE('',#11813,#13611);
#13611 = DEFINITIONAL_REPRESENTATION('',(#13612),#13615);
#13612 = B_SPLINE_CURVE_WITH_KNOTS('',1,(#13613,#13614),.UNSPECIFIED.,
  .F.,.F.,(2,2),(-26.5,-23.5),.PIECEWISE_BEZIER_KNOTS.);
#13613 = CARTESIAN_POINT('',(0.5,3.));
#13614 = CARTESIAN_POINT('',(0.5,0.));
#13615 = ( GEOMETRIC_REPRESENTATION_CONTEXT(2) 
PARAMETRIC_REPRESENTATION_CONTEXT() REPRESENTATION_CONTEXT('2D SPACE',''
  ) );
#13616 = ORIENTED_EDGE('',*,*,#13617,.T.);
#13617 = EDGE_CURVE('',#13597,#13618,#13620,.T.);
#13618 = VERTEX_POINT('',#13619);
#13619 = CARTESIAN_POINT('',(47.,96.715,72.2));
#13620 = SURFACE_CURVE('',#13621,(#13625,#13631),.PCURVE_S1.);
#13621 = LINE('',#13622,#13623);
#13622 = CARTESIAN_POINT('',(47.,37.3575,72.2));
#13623 = VECTOR('',#13624,1.);
#13624 = DIRECTION('',(0.,1.,0.));
#13625 = PCURVE('',#10411,#13626);
#13626 = DEFINITIONAL_REPRESENTATION('',(#13627),#13630);
#13627 = B_SPLINE_CURVE_WITH_KNOTS('',1,(#13628,#13629),.UNSPECIFIED.,
  .F.,.F.,(2,2),(37.3575,59.3575),.PIECEWISE_BEZIER_KNOTS.);
#13628 = CARTESIAN_POINT('',(47.,74.715));
#13629 = CARTESIAN_POINT('',(47.,96.715));
#13630 = ( GEOMETRIC_REPRESENTATION_CONTEXT(2) 
PARAMETRIC_REPRESENTATION_CONTEXT() REPRESENTATION_CONTEXT('2D SPACE',''
  ) );
#13631 = PCURVE('',#11839,#13632);
#13632 = DEFINITIONAL_REPRESENTATION('',(#13633),#13636);
#13633 = B_SPLINE_CURVE_WITH_KNOTS('',1,(#13634,#13635),.UNSPECIFIED.,
  .F.,.F.,(2,2),(37.3575,59.3575),.PIECEWISE_BEZIER_KNOTS.);
#13634 = CARTESIAN_POINT('',(0.5,0.));
#13635 = CARTESIAN_POINT('',(0.5,-22.));
#13636 = ( GEOMETRIC_REPRESENTATION_CONTEXT(2) 
PARAMETRIC_REPRESENTATION_CONTEXT() REPRESENTATION_CONTEXT('2D SPACE',''
  ) );
#13637 = ORIENTED_EDGE('',*,*,#13638,.F.);
#13638 = EDGE_CURVE('',#13639,#13618,#13641,.T.);
#13639 = VERTEX_POINT('',#13640);
#13640 = CARTESIAN_POINT('',(50.,96.715,72.2));
#13641 = SURFACE_CURVE('',#13642,(#13646,#13652),.PCURVE_S1.);
#13642 = LINE('',#13643,#13644);
#13643 = CARTESIAN_POINT('',(23.5,96.715,72.2));
#13644 = VECTOR('',#13645,1.);
#13645 = DIRECTION('',(-1.,0.,0.));
#13646 = PCURVE('',#10411,#13647);
#13647 = DEFINITIONAL_REPRESENTATION('',(#13648),#13651);
#13648 = B_SPLINE_CURVE_WITH_KNOTS('',1,(#13649,#13650),.UNSPECIFIED.,
  .F.,.F.,(2,2),(-26.5,-23.5),.PIECEWISE_BEZIER_KNOTS.);
#13649 = CARTESIAN_POINT('',(50.,96.715));
#13650 = CARTESIAN_POINT('',(47.,96.715));
#13651 = ( GEOMETRIC_REPRESENTATION_CONTEXT(2) 
PARAMETRIC_REPRESENTATION_CONTEXT() REPRESENTATION_CONTEXT('2D SPACE',''
  ) );
#13652 = PCURVE('',#11865,#13653);
#13653 = DEFINITIONAL_REPRESENTATION('',(#13654),#13657);
#13654 = B_SPLINE_CURVE_WITH_KNOTS('',1,(#13655,#13656),.UNSPECIFIED.,
  .F.,.F.,(2,2),(-26.5,-23.5),.PIECEWISE_BEZIER_KNOTS.);
#13655 = CARTESIAN_POINT('',(0.5,3.));
#13656 = CARTESIAN_POINT('',(0.5,0.));
#13657 = ( GEOMETRIC_REPRESENTATION_CONTEXT(2) 
PARAMETRIC_REPRESENTATION_CONTEXT() REPRESENTATION_CONTEXT('2D SPACE',''
  ) );
#13658 = ORIENTED_EDGE('',*,*,#13659,.F.);
#13659 = EDGE_CURVE('',#13595,#13639,#13660,.T.);
#13660 = SURFACE_CURVE('',#13661,(#13665,#13671),.PCURVE_S1.);
#13661 = LINE('',#13662,#13663);
#13662 = CARTESIAN_POINT('',(50.,37.3575,72.2));
#13663 = VECTOR('',#13664,1.);
#13664 = DIRECTION('',(0.,1.,0.));
#13665 = PCURVE('',#10411,#13666);
#13666 = DEFINITIONAL_REPRESENTATION('',(#13667),#13670);
#13667 = B_SPLINE_CURVE_WITH_KNOTS('',1,(#13668,#13669),.UNSPECIFIED.,
  .F.,.F.,(2,2),(37.3575,59.3575),.PIECEWISE_BEZIER_KNOTS.);
#13668 = CARTESIAN_POINT('',(50.,74.715));
#13669 = CARTESIAN_POINT('',(50.,96.715));
#13670 = ( GEOMETRIC_REPRESENTATION_CONTEXT(2) 
PARAMETRIC_REPRESENTATION_CONTEXT() REPRESENTATION_CONTEXT('2D SPACE',''
  ) );
#13671 = PCURVE('',#11889,#13672);
#13672 = DEFINITIONAL_REPRESENTATION('',(#13673),#13676);
#13673 = B_SPLINE_CURVE_WITH_KNOTS('',1,(#13674,#13675),.UNSPECIFIED.,
  .F.,.F.,(2,2),(37.3575,59.3575),.PIECEWISE_BEZIER_KNOTS.);
#13674 = CARTESIAN_POINT('',(0.5,0.));
#13675 = CARTESIAN_POINT('',(0.5,-22.));
#13676 = ( GEOMETRIC_REPRESENTATION_CONTEXT(2) 
PARAMETRIC_REPRESENTATION_CONTEXT() REPRESENTATION_CONTEXT('2D SPACE',''
  ) );
#13677 = FACE_BOUND('',#13678,.F.);
#13678 = EDGE_LOOP('',(#13679,#13709,#13737,#13765));
#13679 = ORIENTED_EDGE('',*,*,#13680,.T.);
#13680 = EDGE_CURVE('',#13681,#13683,#13685,.T.);
#13681 = VERTEX_POINT('',#13682);
#13682 = CARTESIAN_POINT('',(10.,108.13,72.2));
#13683 = VERTEX_POINT('',#13684);
#13684 = CARTESIAN_POINT('',(10.,109.73,72.2));
#13685 = SURFACE_CURVE('',#13686,(#13690,#13697),.PCURVE_S1.);
#13686 = LINE('',#13687,#13688);
#13687 = CARTESIAN_POINT('',(10.,108.13,72.2));
#13688 = VECTOR('',#13689,1.);
#13689 = DIRECTION('',(0.,1.,0.));
#13690 = PCURVE('',#10411,#13691);
#13691 = DEFINITIONAL_REPRESENTATION('',(#13692),#13696);
#13692 = LINE('',#13693,#13694);
#13693 = CARTESIAN_POINT('',(10.,108.13));
#13694 = VECTOR('',#13695,1.);
#13695 = DIRECTION('',(0.,1.));
#13696 = ( GEOMETRIC_REPRESENTATION_CONTEXT(2) 
PARAMETRIC_REPRESENTATION_CONTEXT() REPRESENTATION_CONTEXT('2D SPACE',''
  ) );
#13697 = PCURVE('',#13698,#13703);
#13698 = PLANE('',#13699);
#13699 = AXIS2_PLACEMENT_3D('',#13700,#13701,#13702);
#13700 = CARTESIAN_POINT('',(10.,108.13,69.2));
#13701 = DIRECTION('',(1.,0.,0.));
#13702 = DIRECTION('',(0.,0.,1.));
#13703 = DEFINITIONAL_REPRESENTATION('',(#13704),#13708);
#13704 = LINE('',#13705,#13706);
#13705 = CARTESIAN_POINT('',(3.,0.));
#13706 = VECTOR('',#13707,1.);
#13707 = DIRECTION('',(0.,-1.));
#13708 = ( GEOMETRIC_REPRESENTATION_CONTEXT(2) 
PARAMETRIC_REPRESENTATION_CONTEXT() REPRESENTATION_CONTEXT('2D SPACE',''
  ) );
#13709 = ORIENTED_EDGE('',*,*,#13710,.T.);
#13710 = EDGE_CURVE('',#13683,#13711,#13713,.T.);
#13711 = VERTEX_POINT('',#13712);
#13712 = CARTESIAN_POINT('',(87.,109.73,72.2));
#13713 = SURFACE_CURVE('',#13714,(#13718,#13725),.PCURVE_S1.);
#13714 = LINE('',#13715,#13716);
#13715 = CARTESIAN_POINT('',(10.,109.73,72.2));
#13716 = VECTOR('',#13717,1.);
#13717 = DIRECTION('',(1.,0.,0.));
#13718 = PCURVE('',#10411,#13719);
#13719 = DEFINITIONAL_REPRESENTATION('',(#13720),#13724);
#13720 = LINE('',#13721,#13722);
#13721 = CARTESIAN_POINT('',(10.,109.73));
#13722 = VECTOR('',#13723,1.);
#13723 = DIRECTION('',(1.,0.));
#13724 = ( GEOMETRIC_REPRESENTATION_CONTEXT(2) 
PARAMETRIC_REPRESENTATION_CONTEXT() REPRESENTATION_CONTEXT('2D SPACE',''
  ) );
#13725 = PCURVE('',#13726,#13731);
#13726 = PLANE('',#13727);
#13727 = AXIS2_PLACEMENT_3D('',#13728,#13729,#13730);
#13728 = CARTESIAN_POINT('',(10.,109.73,69.2));
#13729 = DIRECTION('',(0.,1.,0.));
#13730 = DIRECTION('',(0.,0.,1.));
#13731 = DEFINITIONAL_REPRESENTATION('',(#13732),#13736);
#13732 = LINE('',#13733,#13734);
#13733 = CARTESIAN_POINT('',(3.,0.));
#13734 = VECTOR('',#13735,1.);
#13735 = DIRECTION('',(0.,1.));
#13736 = ( GEOMETRIC_REPRESENTATION_CONTEXT(2) 
PARAMETRIC_REPRESENTATION_CONTEXT() REPRESENTATION_CONTEXT('2D SPACE',''
  ) );
#13737 = ORIENTED_EDGE('',*,*,#13738,.F.);
#13738 = EDGE_CURVE('',#13739,#13711,#13741,.T.);
#13739 = VERTEX_POINT('',#13740);
#13740 = CARTESIAN_POINT('',(87.,108.13,72.2));
#13741 = SURFACE_CURVE('',#13742,(#13746,#13753),.PCURVE_S1.);
#13742 = LINE('',#13743,#13744);
#13743 = CARTESIAN_POINT('',(87.,108.13,72.2));
#13744 = VECTOR('',#13745,1.);
#13745 = DIRECTION('',(0.,1.,0.));
#13746 = PCURVE('',#10411,#13747);
#13747 = DEFINITIONAL_REPRESENTATION('',(#13748),#13752);
#13748 = LINE('',#13749,#13750);
#13749 = CARTESIAN_POINT('',(87.,108.13));
#13750 = VECTOR('',#13751,1.);
#13751 = DIRECTION('',(0.,1.));
#13752 = ( GEOMETRIC_REPRESENTATION_CONTEXT(2) 
PARAMETRIC_REPRESENTATION_CONTEXT() REPRESENTATION_CONTEXT('2D SPACE',''
  ) );
#13753 = PCURVE('',#13754,#13759);
#13754 = PLANE('',#13755);
#13755 = AXIS2_PLACEMENT_3D('',#13756,#13757,#13758);
#13756 = CARTESIAN_POINT('',(87.,108.13,69.2));
#13757 = DIRECTION('',(1.,0.,0.));
#13758 = DIRECTION('',(0.,0.,1.));
#13759 = DEFINITIONAL_REPRESENTATION('',(#13760),#13764);
#13760 = LINE('',#13761,#13762);
#13761 = CARTESIAN_POINT('',(3.,0.));
#13762 = VECTOR('',#13763,1.);
#13763 = DIRECTION('',(0.,-1.));
#13764 = ( GEOMETRIC_REPRESENTATION_CONTEXT(2) 
PARAMETRIC_REPRESENTATION_CONTEXT() REPRESENTATION_CONTEXT('2D SPACE',''
  ) );
#13765 = ORIENTED_EDGE('',*,*,#13766,.F.);
#13766 = EDGE_CURVE('',#13681,#13739,#13767,.T.);
#13767 = SURFACE_CURVE('',#13768,(#13772,#13779),.PCURVE_S1.);
#13768 = LINE('',#13769,#13770);
#13769 = CARTESIAN_POINT('',(10.,108.13,72.2));
#13770 = VECTOR('',#13771,1.);
#13771 = DIRECTION('',(1.,0.,0.));
#13772 = PCURVE('',#10411,#13773);
#13773 = DEFINITIONAL_REPRESENTATION('',(#13774),#13778);
#13774 = LINE('',#13775,#13776);
#13775 = CARTESIAN_POINT('',(10.,108.13));
#13776 = VECTOR('',#13777,1.);
#13777 = DIRECTION('',(1.,0.));
#13778 = ( GEOMETRIC_REPRESENTATION_CONTEXT(2) 
PARAMETRIC_REPRESENTATION_CONTEXT() REPRESENTATION_CONTEXT('2D SPACE',''
  ) );
#13779 = PCURVE('',#13780,#13785);
#13780 = PLANE('',#13781);
#13781 = AXIS2_PLACEMENT_3D('',#13782,#13783,#13784);
#13782 = CARTESIAN_POINT('',(10.,108.13,69.2));
#13783 = DIRECTION('',(0.,1.,0.));
#13784 = DIRECTION('',(0.,0.,1.));
#13785 = DEFINITIONAL_REPRESENTATION('',(#13786),#13790);
#13786 = LINE('',#13787,#13788);
#13787 = CARTESIAN_POINT('',(3.,0.));
#13788 = VECTOR('',#13789,1.);
#13789 = DIRECTION('',(0.,1.));
#13790 = ( GEOMETRIC_REPRESENTATION_CONTEXT(2) 
PARAMETRIC_REPRESENTATION_CONTEXT() REPRESENTATION_CONTEXT('2D SPACE',''
  ) );
#13791 = FACE_BOUND('',#13792,.F.);
#13792 = EDGE_LOOP('',(#13793,#13816,#13837,#13858));
#13793 = ORIENTED_EDGE('',*,*,#13794,.T.);
#13794 = EDGE_CURVE('',#13795,#13797,#13799,.T.);
#13795 = VERTEX_POINT('',#13796);
#13796 = CARTESIAN_POINT('',(59.,74.715,72.2));
#13797 = VERTEX_POINT('',#13798);
#13798 = CARTESIAN_POINT('',(56.,74.715,72.2));
#13799 = SURFACE_CURVE('',#13800,(#13804,#13810),.PCURVE_S1.);
#13800 = LINE('',#13801,#13802);
#13801 = CARTESIAN_POINT('',(28.,74.715,72.2));
#13802 = VECTOR('',#13803,1.);
#13803 = DIRECTION('',(-1.,0.,0.));
#13804 = PCURVE('',#10411,#13805);
#13805 = DEFINITIONAL_REPRESENTATION('',(#13806),#13809);
#13806 = B_SPLINE_CURVE_WITH_KNOTS('',1,(#13807,#13808),.UNSPECIFIED.,
  .F.,.F.,(2,2),(-31.,-28.),.PIECEWISE_BEZIER_KNOTS.);
#13807 = CARTESIAN_POINT('',(59.,74.715));
#13808 = CARTESIAN_POINT('',(56.,74.715));
#13809 = ( GEOMETRIC_REPRESENTATION_CONTEXT(2) 
PARAMETRIC_REPRESENTATION_CONTEXT() REPRESENTATION_CONTEXT('2D SPACE',''
  ) );
#13810 = PCURVE('',#11919,#13811);
#13811 = DEFINITIONAL_REPRESENTATION('',(#13812),#13815);
#13812 = B_SPLINE_CURVE_WITH_KNOTS('',1,(#13813,#13814),.UNSPECIFIED.,
  .F.,.F.,(2,2),(-31.,-28.),.PIECEWISE_BEZIER_KNOTS.);
#13813 = CARTESIAN_POINT('',(0.5,3.));
#13814 = CARTESIAN_POINT('',(0.5,0.));
#13815 = ( GEOMETRIC_REPRESENTATION_CONTEXT(2) 
PARAMETRIC_REPRESENTATION_CONTEXT() REPRESENTATION_CONTEXT('2D SPACE',''
  ) );
#13816 = ORIENTED_EDGE('',*,*,#13817,.T.);
#13817 = EDGE_CURVE('',#13797,#13818,#13820,.T.);
#13818 = VERTEX_POINT('',#13819);
#13819 = CARTESIAN_POINT('',(56.,96.715,72.2));
#13820 = SURFACE_CURVE('',#13821,(#13825,#13831),.PCURVE_S1.);
#13821 = LINE('',#13822,#13823);
#13822 = CARTESIAN_POINT('',(56.,37.3575,72.2));
#13823 = VECTOR('',#13824,1.);
#13824 = DIRECTION('',(0.,1.,0.));
#13825 = PCURVE('',#10411,#13826);
#13826 = DEFINITIONAL_REPRESENTATION('',(#13827),#13830);
#13827 = B_SPLINE_CURVE_WITH_KNOTS('',1,(#13828,#13829),.UNSPECIFIED.,
  .F.,.F.,(2,2),(37.3575,59.3575),.PIECEWISE_BEZIER_KNOTS.);
#13828 = CARTESIAN_POINT('',(56.,74.715));
#13829 = CARTESIAN_POINT('',(56.,96.715));
#13830 = ( GEOMETRIC_REPRESENTATION_CONTEXT(2) 
PARAMETRIC_REPRESENTATION_CONTEXT() REPRESENTATION_CONTEXT('2D SPACE',''
  ) );
#13831 = PCURVE('',#11945,#13832);
#13832 = DEFINITIONAL_REPRESENTATION('',(#13833),#13836);
#13833 = B_SPLINE_CURVE_WITH_KNOTS('',1,(#13834,#13835),.UNSPECIFIED.,
  .F.,.F.,(2,2),(37.3575,59.3575),.PIECEWISE_BEZIER_KNOTS.);
#13834 = CARTESIAN_POINT('',(0.5,0.));
#13835 = CARTESIAN_POINT('',(0.5,-22.));
#13836 = ( GEOMETRIC_REPRESENTATION_CONTEXT(2) 
PARAMETRIC_REPRESENTATION_CONTEXT() REPRESENTATION_CONTEXT('2D SPACE',''
  ) );
#13837 = ORIENTED_EDGE('',*,*,#13838,.F.);
#13838 = EDGE_CURVE('',#13839,#13818,#13841,.T.);
#13839 = VERTEX_POINT('',#13840);
#13840 = CARTESIAN_POINT('',(59.,96.715,72.2));
#13841 = SURFACE_CURVE('',#13842,(#13846,#13852),.PCURVE_S1.);
#13842 = LINE('',#13843,#13844);
#13843 = CARTESIAN_POINT('',(28.,96.715,72.2));
#13844 = VECTOR('',#13845,1.);
#13845 = DIRECTION('',(-1.,0.,0.));
#13846 = PCURVE('',#10411,#13847);
#13847 = DEFINITIONAL_REPRESENTATION('',(#13848),#13851);
#13848 = B_SPLINE_CURVE_WITH_KNOTS('',1,(#13849,#13850),.UNSPECIFIED.,
  .F.,.F.,(2,2),(-31.,-28.),.PIECEWISE_BEZIER_KNOTS.);
#13849 = CARTESIAN_POINT('',(59.,96.715));
#13850 = CARTESIAN_POINT('',(56.,96.715));
#13851 = ( GEOMETRIC_REPRESENTATION_CONTEXT(2) 
PARAMETRIC_REPRESENTATION_CONTEXT() REPRESENTATION_CONTEXT('2D SPACE',''
  ) );
#13852 = PCURVE('',#11971,#13853);
#13853 = DEFINITIONAL_REPRESENTATION('',(#13854),#13857);
#13854 = B_SPLINE_CURVE_WITH_KNOTS('',1,(#13855,#13856),.UNSPECIFIED.,
  .F.,.F.,(2,2),(-31.,-28.),.PIECEWISE_BEZIER_KNOTS.);
#13855 = CARTESIAN_POINT('',(0.5,3.));
#13856 = CARTESIAN_POINT('',(0.5,0.));
#13857 = ( GEOMETRIC_REPRESENTATION_CONTEXT(2) 
PARAMETRIC_REPRESENTATION_CONTEXT() REPRESENTATION_CONTEXT('2D SPACE',''
  ) );
#13858 = ORIENTED_EDGE('',*,*,#13859,.F.);
#13859 = EDGE_CURVE('',#13795,#13839,#13860,.T.);
#13860 = SURFACE_CURVE('',#13861,(#13865,#13871),.PCURVE_S1.);
#13861 = LINE('',#13862,#13863);
#13862 = CARTESIAN_POINT('',(59.,37.3575,72.2));
#13863 = VECTOR('',#13864,1.);
#13864 = DIRECTION('',(0.,1.,0.));
#13865 = PCURVE('',#10411,#13866);
#13866 = DEFINITIONAL_REPRESENTATION('',(#13867),#13870);
#13867 = B_SPLINE_CURVE_WITH_KNOTS('',1,(#13868,#13869),.UNSPECIFIED.,
  .F.,.F.,(2,2),(37.3575,59.3575),.PIECEWISE_BEZIER_KNOTS.);
#13868 = CARTESIAN_POINT('',(59.,74.715));
#13869 = CARTESIAN_POINT('',(59.,96.715));
#13870 = ( GEOMETRIC_REPRESENTATION_CONTEXT(2) 
PARAMETRIC_REPRESENTATION_CONTEXT() REPRESENTATION_CONTEXT('2D SPACE',''
  ) );
#13871 = PCURVE('',#11995,#13872);
#13872 = DEFINITIONAL_REPRESENTATION('',(#13873),#13876);
#13873 = B_SPLINE_CURVE_WITH_KNOTS('',1,(#13874,#13875),.UNSPECIFIED.,
  .F.,.F.,(2,2),(37.3575,59.3575),.PIECEWISE_BEZIER_KNOTS.);
#13874 = CARTESIAN_POINT('',(0.5,0.));
#13875 = CARTESIAN_POINT('',(0.5,-22.));
#13876 = ( GEOMETRIC_REPRESENTATION_CONTEXT(2) 
PARAMETRIC_REPRESENTATION_CONTEXT() REPRESENTATION_CONTEXT('2D SPACE',''
  ) );
#13877 = FACE_BOUND('',#13878,.F.);
#13878 = EDGE_LOOP('',(#13879,#13902,#13923,#13944));
#13879 = ORIENTED_EDGE('',*,*,#13880,.T.);
#13880 = EDGE_CURVE('',#13881,#13883,#13885,.T.);
#13881 = VERTEX_POINT('',#13882);
#13882 = CARTESIAN_POINT('',(68.,74.715,72.2));
#13883 = VERTEX_POINT('',#13884);
#13884 = CARTESIAN_POINT('',(65.,74.715,72.2));
#13885 = SURFACE_CURVE('',#13886,(#13890,#13896),.PCURVE_S1.);
#13886 = LINE('',#13887,#13888);
#13887 = CARTESIAN_POINT('',(32.5,74.715,72.2));
#13888 = VECTOR('',#13889,1.);
#13889 = DIRECTION('',(-1.,0.,0.));
#13890 = PCURVE('',#10411,#13891);
#13891 = DEFINITIONAL_REPRESENTATION('',(#13892),#13895);
#13892 = B_SPLINE_CURVE_WITH_KNOTS('',1,(#13893,#13894),.UNSPECIFIED.,
  .F.,.F.,(2,2),(-35.5,-32.5),.PIECEWISE_BEZIER_KNOTS.);
#13893 = CARTESIAN_POINT('',(68.,74.715));
#13894 = CARTESIAN_POINT('',(65.,74.715));
#13895 = ( GEOMETRIC_REPRESENTATION_CONTEXT(2) 
PARAMETRIC_REPRESENTATION_CONTEXT() REPRESENTATION_CONTEXT('2D SPACE',''
  ) );
#13896 = PCURVE('',#12025,#13897);
#13897 = DEFINITIONAL_REPRESENTATION('',(#13898),#13901);
#13898 = B_SPLINE_CURVE_WITH_KNOTS('',1,(#13899,#13900),.UNSPECIFIED.,
  .F.,.F.,(2,2),(-35.5,-32.5),.PIECEWISE_BEZIER_KNOTS.);
#13899 = CARTESIAN_POINT('',(0.5,3.));
#13900 = CARTESIAN_POINT('',(0.5,0.));
#13901 = ( GEOMETRIC_REPRESENTATION_CONTEXT(2) 
PARAMETRIC_REPRESENTATION_CONTEXT() REPRESENTATION_CONTEXT('2D SPACE',''
  ) );
#13902 = ORIENTED_EDGE('',*,*,#13903,.T.);
#13903 = EDGE_CURVE('',#13883,#13904,#13906,.T.);
#13904 = VERTEX_POINT('',#13905);
#13905 = CARTESIAN_POINT('',(65.,96.715,72.2));
#13906 = SURFACE_CURVE('',#13907,(#13911,#13917),.PCURVE_S1.);
#13907 = LINE('',#13908,#13909);
#13908 = CARTESIAN_POINT('',(65.,37.3575,72.2));
#13909 = VECTOR('',#13910,1.);
#13910 = DIRECTION('',(0.,1.,0.));
#13911 = PCURVE('',#10411,#13912);
#13912 = DEFINITIONAL_REPRESENTATION('',(#13913),#13916);
#13913 = B_SPLINE_CURVE_WITH_KNOTS('',1,(#13914,#13915),.UNSPECIFIED.,
  .F.,.F.,(2,2),(37.3575,59.3575),.PIECEWISE_BEZIER_KNOTS.);
#13914 = CARTESIAN_POINT('',(65.,74.715));
#13915 = CARTESIAN_POINT('',(65.,96.715));
#13916 = ( GEOMETRIC_REPRESENTATION_CONTEXT(2) 
PARAMETRIC_REPRESENTATION_CONTEXT() REPRESENTATION_CONTEXT('2D SPACE',''
  ) );
#13917 = PCURVE('',#12051,#13918);
#13918 = DEFINITIONAL_REPRESENTATION('',(#13919),#13922);
#13919 = B_SPLINE_CURVE_WITH_KNOTS('',1,(#13920,#13921),.UNSPECIFIED.,
  .F.,.F.,(2,2),(37.3575,59.3575),.PIECEWISE_BEZIER_KNOTS.);
#13920 = CARTESIAN_POINT('',(0.5,0.));
#13921 = CARTESIAN_POINT('',(0.5,-22.));
#13922 = ( GEOMETRIC_REPRESENTATION_CONTEXT(2) 
PARAMETRIC_REPRESENTATION_CONTEXT() REPRESENTATION_CONTEXT('2D SPACE',''
  ) );
#13923 = ORIENTED_EDGE('',*,*,#13924,.F.);
#13924 = EDGE_CURVE('',#13925,#13904,#13927,.T.);
#13925 = VERTEX_POINT('',#13926);
#13926 = CARTESIAN_POINT('',(68.,96.715,72.2));
#13927 = SURFACE_CURVE('',#13928,(#13932,#13938),.PCURVE_S1.);
#13928 = LINE('',#13929,#13930);
#13929 = CARTESIAN_POINT('',(32.5,96.715,72.2));
#13930 = VECTOR('',#13931,1.);
#13931 = DIRECTION('',(-1.,0.,0.));
#13932 = PCURVE('',#10411,#13933);
#13933 = DEFINITIONAL_REPRESENTATION('',(#13934),#13937);
#13934 = B_SPLINE_CURVE_WITH_KNOTS('',1,(#13935,#13936),.UNSPECIFIED.,
  .F.,.F.,(2,2),(-35.5,-32.5),.PIECEWISE_BEZIER_KNOTS.);
#13935 = CARTESIAN_POINT('',(68.,96.715));
#13936 = CARTESIAN_POINT('',(65.,96.715));
#13937 = ( GEOMETRIC_REPRESENTATION_CONTEXT(2) 
PARAMETRIC_REPRESENTATION_CONTEXT() REPRESENTATION_CONTEXT('2D SPACE',''
  ) );
#13938 = PCURVE('',#12077,#13939);
#13939 = DEFINITIONAL_REPRESENTATION('',(#13940),#13943);
#13940 = B_SPLINE_CURVE_WITH_KNOTS('',1,(#13941,#13942),.UNSPECIFIED.,
  .F.,.F.,(2,2),(-35.5,-32.5),.PIECEWISE_BEZIER_KNOTS.);
#13941 = CARTESIAN_POINT('',(0.5,3.));
#13942 = CARTESIAN_POINT('',(0.5,0.));
#13943 = ( GEOMETRIC_REPRESENTATION_CONTEXT(2) 
PARAMETRIC_REPRESENTATION_CONTEXT() REPRESENTATION_CONTEXT('2D SPACE',''
  ) );
#13944 = ORIENTED_EDGE('',*,*,#13945,.F.);
#13945 = EDGE_CURVE('',#13881,#13925,#13946,.T.);
#13946 = SURFACE_CURVE('',#13947,(#13951,#13957),.PCURVE_S1.);
#13947 = LINE('',#13948,#13949);
#13948 = CARTESIAN_POINT('',(68.,37.3575,72.2));
#13949 = VECTOR('',#13950,1.);
#13950 = DIRECTION('',(0.,1.,0.));
#13951 = PCURVE('',#10411,#13952);
#13952 = DEFINITIONAL_REPRESENTATION('',(#13953),#13956);
#13953 = B_SPLINE_CURVE_WITH_KNOTS('',1,(#13954,#13955),.UNSPECIFIED.,
  .F.,.F.,(2,2),(37.3575,59.3575),.PIECEWISE_BEZIER_KNOTS.);
#13954 = CARTESIAN_POINT('',(68.,74.715));
#13955 = CARTESIAN_POINT('',(68.,96.715));
#13956 = ( GEOMETRIC_REPRESENTATION_CONTEXT(2) 
PARAMETRIC_REPRESENTATION_CONTEXT() REPRESENTATION_CONTEXT('2D SPACE',''
  ) );
#13957 = PCURVE('',#12101,#13958);
#13958 = DEFINITIONAL_REPRESENTATION('',(#13959),#13962);
#13959 = B_SPLINE_CURVE_WITH_KNOTS('',1,(#13960,#13961),.UNSPECIFIED.,
  .F.,.F.,(2,2),(37.3575,59.3575),.PIECEWISE_BEZIER_KNOTS.);
#13960 = CARTESIAN_POINT('',(0.5,0.));
#13961 = CARTESIAN_POINT('',(0.5,-22.));
#13962 = ( GEOMETRIC_REPRESENTATION_CONTEXT(2) 
PARAMETRIC_REPRESENTATION_CONTEXT() REPRESENTATION_CONTEXT('2D SPACE',''
  ) );
#13963 = FACE_BOUND('',#13964,.F.);
#13964 = EDGE_LOOP('',(#13965));
#13965 = ORIENTED_EDGE('',*,*,#13966,.T.);
#13966 = EDGE_CURVE('',#13967,#13967,#13969,.T.);
#13967 = VERTEX_POINT('',#13968);
#13968 = CARTESIAN_POINT('',(94.4,109.13,72.2));
#13969 = SURFACE_CURVE('',#13970,(#13975,#13986),.PCURVE_S1.);
#13970 = CIRCLE('',#13971,1.4);
#13971 = AXIS2_PLACEMENT_3D('',#13972,#13973,#13974);
#13972 = CARTESIAN_POINT('',(93.,109.13,72.2));
#13973 = DIRECTION('',(0.,0.,-1.));
#13974 = DIRECTION('',(1.,0.,0.));
#13975 = PCURVE('',#10411,#13976);
#13976 = DEFINITIONAL_REPRESENTATION('',(#13977),#13985);
#13977 = ( BOUNDED_CURVE() B_SPLINE_CURVE(2,(#13978,#13979,#13980,#13981
    ,#13982,#13983,#13984),.UNSPECIFIED.,.T.,.F.) 
B_SPLINE_CURVE_WITH_KNOTS((1,2,2,2,2,1),(-2.094395102393,0.,
    2.094395102393,4.188790204786,6.28318530718,8.377580409573),
.UNSPECIFIED.) CURVE() GEOMETRIC_REPRESENTATION_ITEM() 
RATIONAL_B_SPLINE_CURVE((1.,0.5,1.,0.5,1.,0.5,1.)) REPRESENTATION_ITEM(
  '') );
#13978 = CARTESIAN_POINT('',(94.4,109.13));
#13979 = CARTESIAN_POINT('',(94.4,106.7051288694));
#13980 = CARTESIAN_POINT('',(92.3,107.9175644347));
#13981 = CARTESIAN_POINT('',(90.2,109.13));
#13982 = CARTESIAN_POINT('',(92.3,110.34243556529));
#13983 = CARTESIAN_POINT('',(94.4,111.55487113059));
#13984 = CARTESIAN_POINT('',(94.4,109.13));
#13985 = ( GEOMETRIC_REPRESENTATION_CONTEXT(2) 
PARAMETRIC_REPRESENTATION_CONTEXT() REPRESENTATION_CONTEXT('2D SPACE',''
  ) );
#13986 = PCURVE('',#13987,#13992);
#13987 = CYLINDRICAL_SURFACE('',#13988,1.4);
#13988 = AXIS2_PLACEMENT_3D('',#13989,#13990,#13991);
#13989 = CARTESIAN_POINT('',(93.,109.13,71.7));
#13990 = DIRECTION('',(-0.,-0.,-1.));
#13991 = DIRECTION('',(1.,0.,0.));
#13992 = DEFINITIONAL_REPRESENTATION('',(#13993),#13997);
#13993 = LINE('',#13994,#13995);
#13994 = CARTESIAN_POINT('',(-6.28318530718,-0.5));
#13995 = VECTOR('',#13996,1.);
#13996 = DIRECTION('',(1.,-0.));
#13997 = ( GEOMETRIC_REPRESENTATION_CONTEXT(2) 
PARAMETRIC_REPRESENTATION_CONTEXT() REPRESENTATION_CONTEXT('2D SPACE',''
  ) );
#13998 = ADVANCED_FACE('',(#13999),#10541,.T.);
#13999 = FACE_BOUND('',#14000,.T.);
#14000 = EDGE_LOOP('',(#14001,#14002,#14003,#14004));
#14001 = ORIENTED_EDGE('',*,*,#10527,.F.);
#14002 = ORIENTED_EDGE('',*,*,#12201,.T.);
#14003 = ORIENTED_EDGE('',*,*,#12175,.T.);
#14004 = ORIENTED_EDGE('',*,*,#10558,.F.);
#14005 = ADVANCED_FACE('',(#14006),#10625,.F.);
#14006 = FACE_BOUND('',#14007,.T.);
#14007 = EDGE_LOOP('',(#14008,#14037,#14058,#14059));
#14008 = ORIENTED_EDGE('',*,*,#14009,.F.);
#14009 = EDGE_CURVE('',#14010,#14010,#14012,.T.);
#14010 = VERTEX_POINT('',#14011);
#14011 = CARTESIAN_POINT('',(6.5,4.,73.6));
#14012 = SURFACE_CURVE('',#14013,(#14018,#14025),.PCURVE_S1.);
#14013 = CIRCLE('',#14014,2.5);
#14014 = AXIS2_PLACEMENT_3D('',#14015,#14016,#14017);
#14015 = CARTESIAN_POINT('',(4.,4.,73.6));
#14016 = DIRECTION('',(0.,0.,1.));
#14017 = DIRECTION('',(1.,0.,0.));
#14018 = PCURVE('',#10625,#14019);
#14019 = DEFINITIONAL_REPRESENTATION('',(#14020),#14024);
#14020 = LINE('',#14021,#14022);
#14021 = CARTESIAN_POINT('',(-0.,0.));
#14022 = VECTOR('',#14023,1.);
#14023 = DIRECTION('',(-1.,0.));
#14024 = ( GEOMETRIC_REPRESENTATION_CONTEXT(2) 
PARAMETRIC_REPRESENTATION_CONTEXT() REPRESENTATION_CONTEXT('2D SPACE',''
  ) );
#14025 = PCURVE('',#14026,#14031);
#14026 = PLANE('',#14027);
#14027 = AXIS2_PLACEMENT_3D('',#14028,#14029,#14030);
#14028 = CARTESIAN_POINT('',(4.,4.,73.6));
#14029 = DIRECTION('',(0.,0.,1.));
#14030 = DIRECTION('',(1.,0.,-0.));
#14031 = DEFINITIONAL_REPRESENTATION('',(#14032),#14036);
#14032 = CIRCLE('',#14033,2.5);
#14033 = AXIS2_PLACEMENT_2D('',#14034,#14035);
#14034 = CARTESIAN_POINT('',(4.440892098501E-16,-8.881784197001E-16));
#14035 = DIRECTION('',(1.,0.));
#14036 = ( GEOMETRIC_REPRESENTATION_CONTEXT(2) 
PARAMETRIC_REPRESENTATION_CONTEXT() REPRESENTATION_CONTEXT('2D SPACE',''
  ) );
#14037 = ORIENTED_EDGE('',*,*,#14038,.T.);
#14038 = EDGE_CURVE('',#14010,#10605,#14039,.T.);
#14039 = SEAM_CURVE('',#14040,(#14044,#14051),.PCURVE_S1.);
#14040 = LINE('',#14041,#14042);
#14041 = CARTESIAN_POINT('',(6.5,4.,73.6));
#14042 = VECTOR('',#14043,1.);
#14043 = DIRECTION('',(0.,0.,1.));
#14044 = PCURVE('',#10625,#14045);
#14045 = DEFINITIONAL_REPRESENTATION('',(#14046),#14050);
#14046 = LINE('',#14047,#14048);
#14047 = CARTESIAN_POINT('',(-6.28318530718,0.));
#14048 = VECTOR('',#14049,1.);
#14049 = DIRECTION('',(-0.,-1.));
#14050 = ( GEOMETRIC_REPRESENTATION_CONTEXT(2) 
PARAMETRIC_REPRESENTATION_CONTEXT() REPRESENTATION_CONTEXT('2D SPACE',''
  ) );
#14051 = PCURVE('',#10625,#14052);
#14052 = DEFINITIONAL_REPRESENTATION('',(#14053),#14057);
#14053 = LINE('',#14054,#14055);
#14054 = CARTESIAN_POINT('',(-0.,0.));
#14055 = VECTOR('',#14056,1.);
#14056 = DIRECTION('',(-0.,-1.));
#14057 = ( GEOMETRIC_REPRESENTATION_CONTEXT(2) 
PARAMETRIC_REPRESENTATION_CONTEXT() REPRESENTATION_CONTEXT('2D SPACE',''
  ) );
#14058 = ORIENTED_EDGE('',*,*,#10604,.F.);
#14059 = ORIENTED_EDGE('',*,*,#14038,.F.);
#14060 = ADVANCED_FACE('',(#14061),#10660,.F.);
#14061 = FACE_BOUND('',#14062,.T.);
#14062 = EDGE_LOOP('',(#14063,#14064,#14085,#14086));
#14063 = ORIENTED_EDGE('',*,*,#12374,.T.);
#14064 = ORIENTED_EDGE('',*,*,#14065,.T.);
#14065 = EDGE_CURVE('',#12375,#10640,#14066,.T.);
#14066 = SEAM_CURVE('',#14067,(#14071,#14078),.PCURVE_S1.);
#14067 = LINE('',#14068,#14069);
#14068 = CARTESIAN_POINT('',(40.5,22.3,71.7));
#14069 = VECTOR('',#14070,1.);
#14070 = DIRECTION('',(0.,0.,1.));
#14071 = PCURVE('',#10660,#14072);
#14072 = DEFINITIONAL_REPRESENTATION('',(#14073),#14077);
#14073 = LINE('',#14074,#14075);
#14074 = CARTESIAN_POINT('',(-6.28318530718,0.));
#14075 = VECTOR('',#14076,1.);
#14076 = DIRECTION('',(-0.,-1.));
#14077 = ( GEOMETRIC_REPRESENTATION_CONTEXT(2) 
PARAMETRIC_REPRESENTATION_CONTEXT() REPRESENTATION_CONTEXT('2D SPACE',''
  ) );
#14078 = PCURVE('',#10660,#14079);
#14079 = DEFINITIONAL_REPRESENTATION('',(#14080),#14084);
#14080 = LINE('',#14081,#14082);
#14081 = CARTESIAN_POINT('',(-0.,0.));
#14082 = VECTOR('',#14083,1.);
#14083 = DIRECTION('',(-0.,-1.));
#14084 = ( GEOMETRIC_REPRESENTATION_CONTEXT(2) 
PARAMETRIC_REPRESENTATION_CONTEXT() REPRESENTATION_CONTEXT('2D SPACE',''
  ) );
#14085 = ORIENTED_EDGE('',*,*,#10639,.F.);
#14086 = ORIENTED_EDGE('',*,*,#14065,.F.);
#14087 = ADVANCED_FACE('',(#14088),#10695,.F.);
#14088 = FACE_BOUND('',#14089,.T.);
#14089 = EDGE_LOOP('',(#14090,#14091,#14112,#14113));
#14090 = ORIENTED_EDGE('',*,*,#12434,.T.);
#14091 = ORIENTED_EDGE('',*,*,#14092,.T.);
#14092 = EDGE_CURVE('',#12435,#10675,#14093,.T.);
#14093 = SEAM_CURVE('',#14094,(#14098,#14105),.PCURVE_S1.);
#14094 = LINE('',#14095,#14096);
#14095 = CARTESIAN_POINT('',(40.5,28.8,71.7));
#14096 = VECTOR('',#14097,1.);
#14097 = DIRECTION('',(0.,0.,1.));
#14098 = PCURVE('',#10695,#14099);
#14099 = DEFINITIONAL_REPRESENTATION('',(#14100),#14104);
#14100 = LINE('',#14101,#14102);
#14101 = CARTESIAN_POINT('',(-6.28318530718,0.));
#14102 = VECTOR('',#14103,1.);
#14103 = DIRECTION('',(-0.,-1.));
#14104 = ( GEOMETRIC_REPRESENTATION_CONTEXT(2) 
PARAMETRIC_REPRESENTATION_CONTEXT() REPRESENTATION_CONTEXT('2D SPACE',''
  ) );
#14105 = PCURVE('',#10695,#14106);
#14106 = DEFINITIONAL_REPRESENTATION('',(#14107),#14111);
#14107 = LINE('',#14108,#14109);
#14108 = CARTESIAN_POINT('',(-0.,0.));
#14109 = VECTOR('',#14110,1.);
#14110 = DIRECTION('',(-0.,-1.));
#14111 = ( GEOMETRIC_REPRESENTATION_CONTEXT(2) 
PARAMETRIC_REPRESENTATION_CONTEXT() REPRESENTATION_CONTEXT('2D SPACE',''
  ) );
#14112 = ORIENTED_EDGE('',*,*,#10674,.F.);
#14113 = ORIENTED_EDGE('',*,*,#14092,.F.);
#14114 = ADVANCED_FACE('',(#14115),#10730,.F.);
#14115 = FACE_BOUND('',#14116,.T.);
#14116 = EDGE_LOOP('',(#14117,#14118,#14139,#14140));
#14117 = ORIENTED_EDGE('',*,*,#12404,.T.);
#14118 = ORIENTED_EDGE('',*,*,#14119,.T.);
#14119 = EDGE_CURVE('',#12405,#10710,#14120,.T.);
#14120 = SEAM_CURVE('',#14121,(#14125,#14132),.PCURVE_S1.);
#14121 = LINE('',#14122,#14123);
#14122 = CARTESIAN_POINT('',(47.,22.3,71.7));
#14123 = VECTOR('',#14124,1.);
#14124 = DIRECTION('',(0.,0.,1.));
#14125 = PCURVE('',#10730,#14126);
#14126 = DEFINITIONAL_REPRESENTATION('',(#14127),#14131);
#14127 = LINE('',#14128,#14129);
#14128 = CARTESIAN_POINT('',(-6.28318530718,0.));
#14129 = VECTOR('',#14130,1.);
#14130 = DIRECTION('',(-0.,-1.));
#14131 = ( GEOMETRIC_REPRESENTATION_CONTEXT(2) 
PARAMETRIC_REPRESENTATION_CONTEXT() REPRESENTATION_CONTEXT('2D SPACE',''
  ) );
#14132 = PCURVE('',#10730,#14133);
#14133 = DEFINITIONAL_REPRESENTATION('',(#14134),#14138);
#14134 = LINE('',#14135,#14136);
#14135 = CARTESIAN_POINT('',(-0.,0.));
#14136 = VECTOR('',#14137,1.);
#14137 = DIRECTION('',(-0.,-1.));
#14138 = ( GEOMETRIC_REPRESENTATION_CONTEXT(2) 
PARAMETRIC_REPRESENTATION_CONTEXT() REPRESENTATION_CONTEXT('2D SPACE',''
  ) );
#14139 = ORIENTED_EDGE('',*,*,#10709,.F.);
#14140 = ORIENTED_EDGE('',*,*,#14119,.F.);
#14141 = ADVANCED_FACE('',(#14142),#10765,.F.);
#14142 = FACE_BOUND('',#14143,.T.);
#14143 = EDGE_LOOP('',(#14144,#14145,#14166,#14167));
#14144 = ORIENTED_EDGE('',*,*,#12464,.T.);
#14145 = ORIENTED_EDGE('',*,*,#14146,.T.);
#14146 = EDGE_CURVE('',#12465,#10745,#14147,.T.);
#14147 = SEAM_CURVE('',#14148,(#14152,#14159),.PCURVE_S1.);
#14148 = LINE('',#14149,#14150);
#14149 = CARTESIAN_POINT('',(47.,28.8,71.7));
#14150 = VECTOR('',#14151,1.);
#14151 = DIRECTION('',(0.,0.,1.));
#14152 = PCURVE('',#10765,#14153);
#14153 = DEFINITIONAL_REPRESENTATION('',(#14154),#14158);
#14154 = LINE('',#14155,#14156);
#14155 = CARTESIAN_POINT('',(-6.28318530718,0.));
#14156 = VECTOR('',#14157,1.);
#14157 = DIRECTION('',(-0.,-1.));
#14158 = ( GEOMETRIC_REPRESENTATION_CONTEXT(2) 
PARAMETRIC_REPRESENTATION_CONTEXT() REPRESENTATION_CONTEXT('2D SPACE',''
  ) );
#14159 = PCURVE('',#10765,#14160);
#14160 = DEFINITIONAL_REPRESENTATION('',(#14161),#14165);
#14161 = LINE('',#14162,#14163);
#14162 = CARTESIAN_POINT('',(-0.,0.));
#14163 = VECTOR('',#14164,1.);
#14164 = DIRECTION('',(-0.,-1.));
#14165 = ( GEOMETRIC_REPRESENTATION_CONTEXT(2) 
PARAMETRIC_REPRESENTATION_CONTEXT() REPRESENTATION_CONTEXT('2D SPACE',''
  ) );
#14166 = ORIENTED_EDGE('',*,*,#10744,.F.);
#14167 = ORIENTED_EDGE('',*,*,#14146,.F.);
#14168 = ADVANCED_FACE('',(#14169),#10800,.F.);
#14169 = FACE_BOUND('',#14170,.T.);
#14170 = EDGE_LOOP('',(#14171,#14172,#14193,#14194));
#14171 = ORIENTED_EDGE('',*,*,#12608,.T.);
#14172 = ORIENTED_EDGE('',*,*,#14173,.T.);
#14173 = EDGE_CURVE('',#12609,#10780,#14174,.T.);
#14174 = SEAM_CURVE('',#14175,(#14179,#14186),.PCURVE_S1.);
#14175 = LINE('',#14176,#14177);
#14176 = CARTESIAN_POINT('',(40.5,35.3,71.7));
#14177 = VECTOR('',#14178,1.);
#14178 = DIRECTION('',(0.,0.,1.));
#14179 = PCURVE('',#10800,#14180);
#14180 = DEFINITIONAL_REPRESENTATION('',(#14181),#14185);
#14181 = LINE('',#14182,#14183);
#14182 = CARTESIAN_POINT('',(-6.28318530718,0.));
#14183 = VECTOR('',#14184,1.);
#14184 = DIRECTION('',(-0.,-1.));
#14185 = ( GEOMETRIC_REPRESENTATION_CONTEXT(2) 
PARAMETRIC_REPRESENTATION_CONTEXT() REPRESENTATION_CONTEXT('2D SPACE',''
  ) );
#14186 = PCURVE('',#10800,#14187);
#14187 = DEFINITIONAL_REPRESENTATION('',(#14188),#14192);
#14188 = LINE('',#14189,#14190);
#14189 = CARTESIAN_POINT('',(-0.,0.));
#14190 = VECTOR('',#14191,1.);
#14191 = DIRECTION('',(-0.,-1.));
#14192 = ( GEOMETRIC_REPRESENTATION_CONTEXT(2) 
PARAMETRIC_REPRESENTATION_CONTEXT() REPRESENTATION_CONTEXT('2D SPACE',''
  ) );
#14193 = ORIENTED_EDGE('',*,*,#10779,.F.);
#14194 = ORIENTED_EDGE('',*,*,#14173,.F.);
#14195 = ADVANCED_FACE('',(#14196),#10835,.F.);
#14196 = FACE_BOUND('',#14197,.T.);
#14197 = EDGE_LOOP('',(#14198,#14199,#14220,#14221));
#14198 = ORIENTED_EDGE('',*,*,#12638,.T.);
#14199 = ORIENTED_EDGE('',*,*,#14200,.T.);
#14200 = EDGE_CURVE('',#12639,#10815,#14201,.T.);
#14201 = SEAM_CURVE('',#14202,(#14206,#14213),.PCURVE_S1.);
#14202 = LINE('',#14203,#14204);
#14203 = CARTESIAN_POINT('',(47.,35.3,71.7));
#14204 = VECTOR('',#14205,1.);
#14205 = DIRECTION('',(0.,0.,1.));
#14206 = PCURVE('',#10835,#14207);
#14207 = DEFINITIONAL_REPRESENTATION('',(#14208),#14212);
#14208 = LINE('',#14209,#14210);
#14209 = CARTESIAN_POINT('',(-6.28318530718,0.));
#14210 = VECTOR('',#14211,1.);
#14211 = DIRECTION('',(-0.,-1.));
#14212 = ( GEOMETRIC_REPRESENTATION_CONTEXT(2) 
PARAMETRIC_REPRESENTATION_CONTEXT() REPRESENTATION_CONTEXT('2D SPACE',''
  ) );
#14213 = PCURVE('',#10835,#14214);
#14214 = DEFINITIONAL_REPRESENTATION('',(#14215),#14219);
#14215 = LINE('',#14216,#14217);
#14216 = CARTESIAN_POINT('',(-0.,0.));
#14217 = VECTOR('',#14218,1.);
#14218 = DIRECTION('',(-0.,-1.));
#14219 = ( GEOMETRIC_REPRESENTATION_CONTEXT(2) 
PARAMETRIC_REPRESENTATION_CONTEXT() REPRESENTATION_CONTEXT('2D SPACE',''
  ) );
#14220 = ORIENTED_EDGE('',*,*,#10814,.F.);
#14221 = ORIENTED_EDGE('',*,*,#14200,.F.);
#14222 = ADVANCED_FACE('',(#14223),#10870,.F.);
#14223 = FACE_BOUND('',#14224,.T.);
#14224 = EDGE_LOOP('',(#14225,#14226,#14247,#14248));
#14225 = ORIENTED_EDGE('',*,*,#12668,.T.);
#14226 = ORIENTED_EDGE('',*,*,#14227,.T.);
#14227 = EDGE_CURVE('',#12669,#10850,#14228,.T.);
#14228 = SEAM_CURVE('',#14229,(#14233,#14240),.PCURVE_S1.);
#14229 = LINE('',#14230,#14231);
#14230 = CARTESIAN_POINT('',(40.5,41.8,71.7));
#14231 = VECTOR('',#14232,1.);
#14232 = DIRECTION('',(0.,0.,1.));
#14233 = PCURVE('',#10870,#14234);
#14234 = DEFINITIONAL_REPRESENTATION('',(#14235),#14239);
#14235 = LINE('',#14236,#14237);
#14236 = CARTESIAN_POINT('',(-6.28318530718,0.));
#14237 = VECTOR('',#14238,1.);
#14238 = DIRECTION('',(-0.,-1.));
#14239 = ( GEOMETRIC_REPRESENTATION_CONTEXT(2) 
PARAMETRIC_REPRESENTATION_CONTEXT() REPRESENTATION_CONTEXT('2D SPACE',''
  ) );
#14240 = PCURVE('',#10870,#14241);
#14241 = DEFINITIONAL_REPRESENTATION('',(#14242),#14246);
#14242 = LINE('',#14243,#14244);
#14243 = CARTESIAN_POINT('',(-0.,0.));
#14244 = VECTOR('',#14245,1.);
#14245 = DIRECTION('',(-0.,-1.));
#14246 = ( GEOMETRIC_REPRESENTATION_CONTEXT(2) 
PARAMETRIC_REPRESENTATION_CONTEXT() REPRESENTATION_CONTEXT('2D SPACE',''
  ) );
#14247 = ORIENTED_EDGE('',*,*,#10849,.F.);
#14248 = ORIENTED_EDGE('',*,*,#14227,.F.);
#14249 = ADVANCED_FACE('',(#14250),#10905,.F.);
#14250 = FACE_BOUND('',#14251,.T.);
#14251 = EDGE_LOOP('',(#14252,#14253,#14274,#14275));
#14252 = ORIENTED_EDGE('',*,*,#12698,.T.);
#14253 = ORIENTED_EDGE('',*,*,#14254,.T.);
#14254 = EDGE_CURVE('',#12699,#10885,#14255,.T.);
#14255 = SEAM_CURVE('',#14256,(#14260,#14267),.PCURVE_S1.);
#14256 = LINE('',#14257,#14258);
#14257 = CARTESIAN_POINT('',(47.,41.8,71.7));
#14258 = VECTOR('',#14259,1.);
#14259 = DIRECTION('',(0.,0.,1.));
#14260 = PCURVE('',#10905,#14261);
#14261 = DEFINITIONAL_REPRESENTATION('',(#14262),#14266);
#14262 = LINE('',#14263,#14264);
#14263 = CARTESIAN_POINT('',(-6.28318530718,0.));
#14264 = VECTOR('',#14265,1.);
#14265 = DIRECTION('',(-0.,-1.));
#14266 = ( GEOMETRIC_REPRESENTATION_CONTEXT(2) 
PARAMETRIC_REPRESENTATION_CONTEXT() REPRESENTATION_CONTEXT('2D SPACE',''
  ) );
#14267 = PCURVE('',#10905,#14268);
#14268 = DEFINITIONAL_REPRESENTATION('',(#14269),#14273);
#14269 = LINE('',#14270,#14271);
#14270 = CARTESIAN_POINT('',(-0.,0.));
#14271 = VECTOR('',#14272,1.);
#14272 = DIRECTION('',(-0.,-1.));
#14273 = ( GEOMETRIC_REPRESENTATION_CONTEXT(2) 
PARAMETRIC_REPRESENTATION_CONTEXT() REPRESENTATION_CONTEXT('2D SPACE',''
  ) );
#14274 = ORIENTED_EDGE('',*,*,#10884,.F.);
#14275 = ORIENTED_EDGE('',*,*,#14254,.F.);
#14276 = ADVANCED_FACE('',(#14277),#10940,.F.);
#14277 = FACE_BOUND('',#14278,.T.);
#14278 = EDGE_LOOP('',(#14279,#14280,#14301,#14302));
#14279 = ORIENTED_EDGE('',*,*,#12728,.T.);
#14280 = ORIENTED_EDGE('',*,*,#14281,.T.);
#14281 = EDGE_CURVE('',#12729,#10920,#14282,.T.);
#14282 = SEAM_CURVE('',#14283,(#14287,#14294),.PCURVE_S1.);
#14283 = LINE('',#14284,#14285);
#14284 = CARTESIAN_POINT('',(40.5,48.3,71.7));
#14285 = VECTOR('',#14286,1.);
#14286 = DIRECTION('',(0.,0.,1.));
#14287 = PCURVE('',#10940,#14288);
#14288 = DEFINITIONAL_REPRESENTATION('',(#14289),#14293);
#14289 = LINE('',#14290,#14291);
#14290 = CARTESIAN_POINT('',(-6.28318530718,0.));
#14291 = VECTOR('',#14292,1.);
#14292 = DIRECTION('',(-0.,-1.));
#14293 = ( GEOMETRIC_REPRESENTATION_CONTEXT(2) 
PARAMETRIC_REPRESENTATION_CONTEXT() REPRESENTATION_CONTEXT('2D SPACE',''
  ) );
#14294 = PCURVE('',#10940,#14295);
#14295 = DEFINITIONAL_REPRESENTATION('',(#14296),#14300);
#14296 = LINE('',#14297,#14298);
#14297 = CARTESIAN_POINT('',(-0.,0.));
#14298 = VECTOR('',#14299,1.);
#14299 = DIRECTION('',(-0.,-1.));
#14300 = ( GEOMETRIC_REPRESENTATION_CONTEXT(2) 
PARAMETRIC_REPRESENTATION_CONTEXT() REPRESENTATION_CONTEXT('2D SPACE',''
  ) );
#14301 = ORIENTED_EDGE('',*,*,#10919,.F.);
#14302 = ORIENTED_EDGE('',*,*,#14281,.F.);
#14303 = ADVANCED_FACE('',(#14304),#10975,.F.);
#14304 = FACE_BOUND('',#14305,.T.);
#14305 = EDGE_LOOP('',(#14306,#14307,#14328,#14329));
#14306 = ORIENTED_EDGE('',*,*,#12758,.T.);
#14307 = ORIENTED_EDGE('',*,*,#14308,.T.);
#14308 = EDGE_CURVE('',#12759,#10955,#14309,.T.);
#14309 = SEAM_CURVE('',#14310,(#14314,#14321),.PCURVE_S1.);
#14310 = LINE('',#14311,#14312);
#14311 = CARTESIAN_POINT('',(47.,48.3,71.7));
#14312 = VECTOR('',#14313,1.);
#14313 = DIRECTION('',(0.,0.,1.));
#14314 = PCURVE('',#10975,#14315);
#14315 = DEFINITIONAL_REPRESENTATION('',(#14316),#14320);
#14316 = LINE('',#14317,#14318);
#14317 = CARTESIAN_POINT('',(-6.28318530718,0.));
#14318 = VECTOR('',#14319,1.);
#14319 = DIRECTION('',(-0.,-1.));
#14320 = ( GEOMETRIC_REPRESENTATION_CONTEXT(2) 
PARAMETRIC_REPRESENTATION_CONTEXT() REPRESENTATION_CONTEXT('2D SPACE',''
  ) );
#14321 = PCURVE('',#10975,#14322);
#14322 = DEFINITIONAL_REPRESENTATION('',(#14323),#14327);
#14323 = LINE('',#14324,#14325);
#14324 = CARTESIAN_POINT('',(-0.,0.));
#14325 = VECTOR('',#14326,1.);
#14326 = DIRECTION('',(-0.,-1.));
#14327 = ( GEOMETRIC_REPRESENTATION_CONTEXT(2) 
PARAMETRIC_REPRESENTATION_CONTEXT() REPRESENTATION_CONTEXT('2D SPACE',''
  ) );
#14328 = ORIENTED_EDGE('',*,*,#10954,.F.);
#14329 = ORIENTED_EDGE('',*,*,#14308,.F.);
#14330 = ADVANCED_FACE('',(#14331),#11010,.F.);
#14331 = FACE_BOUND('',#14332,.T.);
#14332 = EDGE_LOOP('',(#14333,#14334,#14355,#14356));
#14333 = ORIENTED_EDGE('',*,*,#12788,.T.);
#14334 = ORIENTED_EDGE('',*,*,#14335,.T.);
#14335 = EDGE_CURVE('',#12789,#10990,#14336,.T.);
#14336 = SEAM_CURVE('',#14337,(#14341,#14348),.PCURVE_S1.);
#14337 = LINE('',#14338,#14339);
#14338 = CARTESIAN_POINT('',(53.5,22.3,71.7));
#14339 = VECTOR('',#14340,1.);
#14340 = DIRECTION('',(0.,0.,1.));
#14341 = PCURVE('',#11010,#14342);
#14342 = DEFINITIONAL_REPRESENTATION('',(#14343),#14347);
#14343 = LINE('',#14344,#14345);
#14344 = CARTESIAN_POINT('',(-6.28318530718,0.));
#14345 = VECTOR('',#14346,1.);
#14346 = DIRECTION('',(-0.,-1.));
#14347 = ( GEOMETRIC_REPRESENTATION_CONTEXT(2) 
PARAMETRIC_REPRESENTATION_CONTEXT() REPRESENTATION_CONTEXT('2D SPACE',''
  ) );
#14348 = PCURVE('',#11010,#14349);
#14349 = DEFINITIONAL_REPRESENTATION('',(#14350),#14354);
#14350 = LINE('',#14351,#14352);
#14351 = CARTESIAN_POINT('',(-0.,0.));
#14352 = VECTOR('',#14353,1.);
#14353 = DIRECTION('',(-0.,-1.));
#14354 = ( GEOMETRIC_REPRESENTATION_CONTEXT(2) 
PARAMETRIC_REPRESENTATION_CONTEXT() REPRESENTATION_CONTEXT('2D SPACE',''
  ) );
#14355 = ORIENTED_EDGE('',*,*,#10989,.F.);
#14356 = ORIENTED_EDGE('',*,*,#14335,.F.);
#14357 = ADVANCED_FACE('',(#14358),#11045,.F.);
#14358 = FACE_BOUND('',#14359,.T.);
#14359 = EDGE_LOOP('',(#14360,#14361,#14382,#14383));
#14360 = ORIENTED_EDGE('',*,*,#12848,.T.);
#14361 = ORIENTED_EDGE('',*,*,#14362,.T.);
#14362 = EDGE_CURVE('',#12849,#11025,#14363,.T.);
#14363 = SEAM_CURVE('',#14364,(#14368,#14375),.PCURVE_S1.);
#14364 = LINE('',#14365,#14366);
#14365 = CARTESIAN_POINT('',(53.5,28.8,71.7));
#14366 = VECTOR('',#14367,1.);
#14367 = DIRECTION('',(0.,0.,1.));
#14368 = PCURVE('',#11045,#14369);
#14369 = DEFINITIONAL_REPRESENTATION('',(#14370),#14374);
#14370 = LINE('',#14371,#14372);
#14371 = CARTESIAN_POINT('',(-6.28318530718,0.));
#14372 = VECTOR('',#14373,1.);
#14373 = DIRECTION('',(-0.,-1.));
#14374 = ( GEOMETRIC_REPRESENTATION_CONTEXT(2) 
PARAMETRIC_REPRESENTATION_CONTEXT() REPRESENTATION_CONTEXT('2D SPACE',''
  ) );
#14375 = PCURVE('',#11045,#14376);
#14376 = DEFINITIONAL_REPRESENTATION('',(#14377),#14381);
#14377 = LINE('',#14378,#14379);
#14378 = CARTESIAN_POINT('',(-0.,0.));
#14379 = VECTOR('',#14380,1.);
#14380 = DIRECTION('',(-0.,-1.));
#14381 = ( GEOMETRIC_REPRESENTATION_CONTEXT(2) 
PARAMETRIC_REPRESENTATION_CONTEXT() REPRESENTATION_CONTEXT('2D SPACE',''
  ) );
#14382 = ORIENTED_EDGE('',*,*,#11024,.F.);
#14383 = ORIENTED_EDGE('',*,*,#14362,.F.);
#14384 = ADVANCED_FACE('',(#14385),#11080,.F.);
#14385 = FACE_BOUND('',#14386,.T.);
#14386 = EDGE_LOOP('',(#14387,#14388,#14409,#14410));
#14387 = ORIENTED_EDGE('',*,*,#12818,.T.);
#14388 = ORIENTED_EDGE('',*,*,#14389,.T.);
#14389 = EDGE_CURVE('',#12819,#11060,#14390,.T.);
#14390 = SEAM_CURVE('',#14391,(#14395,#14402),.PCURVE_S1.);
#14391 = LINE('',#14392,#14393);
#14392 = CARTESIAN_POINT('',(60.,22.3,71.7));
#14393 = VECTOR('',#14394,1.);
#14394 = DIRECTION('',(0.,0.,1.));
#14395 = PCURVE('',#11080,#14396);
#14396 = DEFINITIONAL_REPRESENTATION('',(#14397),#14401);
#14397 = LINE('',#14398,#14399);
#14398 = CARTESIAN_POINT('',(-6.28318530718,0.));
#14399 = VECTOR('',#14400,1.);
#14400 = DIRECTION('',(-0.,-1.));
#14401 = ( GEOMETRIC_REPRESENTATION_CONTEXT(2) 
PARAMETRIC_REPRESENTATION_CONTEXT() REPRESENTATION_CONTEXT('2D SPACE',''
  ) );
#14402 = PCURVE('',#11080,#14403);
#14403 = DEFINITIONAL_REPRESENTATION('',(#14404),#14408);
#14404 = LINE('',#14405,#14406);
#14405 = CARTESIAN_POINT('',(-0.,0.));
#14406 = VECTOR('',#14407,1.);
#14407 = DIRECTION('',(-0.,-1.));
#14408 = ( GEOMETRIC_REPRESENTATION_CONTEXT(2) 
PARAMETRIC_REPRESENTATION_CONTEXT() REPRESENTATION_CONTEXT('2D SPACE',''
  ) );
#14409 = ORIENTED_EDGE('',*,*,#11059,.F.);
#14410 = ORIENTED_EDGE('',*,*,#14389,.F.);
#14411 = ADVANCED_FACE('',(#14412),#11115,.F.);
#14412 = FACE_BOUND('',#14413,.T.);
#14413 = EDGE_LOOP('',(#14414,#14415,#14436,#14437));
#14414 = ORIENTED_EDGE('',*,*,#12878,.T.);
#14415 = ORIENTED_EDGE('',*,*,#14416,.T.);
#14416 = EDGE_CURVE('',#12879,#11095,#14417,.T.);
#14417 = SEAM_CURVE('',#14418,(#14422,#14429),.PCURVE_S1.);
#14418 = LINE('',#14419,#14420);
#14419 = CARTESIAN_POINT('',(60.,28.8,71.7));
#14420 = VECTOR('',#14421,1.);
#14421 = DIRECTION('',(0.,0.,1.));
#14422 = PCURVE('',#11115,#14423);
#14423 = DEFINITIONAL_REPRESENTATION('',(#14424),#14428);
#14424 = LINE('',#14425,#14426);
#14425 = CARTESIAN_POINT('',(-6.28318530718,0.));
#14426 = VECTOR('',#14427,1.);
#14427 = DIRECTION('',(-0.,-1.));
#14428 = ( GEOMETRIC_REPRESENTATION_CONTEXT(2) 
PARAMETRIC_REPRESENTATION_CONTEXT() REPRESENTATION_CONTEXT('2D SPACE',''
  ) );
#14429 = PCURVE('',#11115,#14430);
#14430 = DEFINITIONAL_REPRESENTATION('',(#14431),#14435);
#14431 = LINE('',#14432,#14433);
#14432 = CARTESIAN_POINT('',(-0.,0.));
#14433 = VECTOR('',#14434,1.);
#14434 = DIRECTION('',(-0.,-1.));
#14435 = ( GEOMETRIC_REPRESENTATION_CONTEXT(2) 
PARAMETRIC_REPRESENTATION_CONTEXT() REPRESENTATION_CONTEXT('2D SPACE',''
  ) );
#14436 = ORIENTED_EDGE('',*,*,#11094,.F.);
#14437 = ORIENTED_EDGE('',*,*,#14416,.F.);
#14438 = ADVANCED_FACE('',(#14439),#11150,.F.);
#14439 = FACE_BOUND('',#14440,.T.);
#14440 = EDGE_LOOP('',(#14441,#14442,#14463,#14464));
#14441 = ORIENTED_EDGE('',*,*,#12908,.T.);
#14442 = ORIENTED_EDGE('',*,*,#14443,.T.);
#14443 = EDGE_CURVE('',#12909,#11130,#14444,.T.);
#14444 = SEAM_CURVE('',#14445,(#14449,#14456),.PCURVE_S1.);
#14445 = LINE('',#14446,#14447);
#14446 = CARTESIAN_POINT('',(66.5,22.3,71.7));
#14447 = VECTOR('',#14448,1.);
#14448 = DIRECTION('',(0.,0.,1.));
#14449 = PCURVE('',#11150,#14450);
#14450 = DEFINITIONAL_REPRESENTATION('',(#14451),#14455);
#14451 = LINE('',#14452,#14453);
#14452 = CARTESIAN_POINT('',(-6.28318530718,0.));
#14453 = VECTOR('',#14454,1.);
#14454 = DIRECTION('',(-0.,-1.));
#14455 = ( GEOMETRIC_REPRESENTATION_CONTEXT(2) 
PARAMETRIC_REPRESENTATION_CONTEXT() REPRESENTATION_CONTEXT('2D SPACE',''
  ) );
#14456 = PCURVE('',#11150,#14457);
#14457 = DEFINITIONAL_REPRESENTATION('',(#14458),#14462);
#14458 = LINE('',#14459,#14460);
#14459 = CARTESIAN_POINT('',(-0.,0.));
#14460 = VECTOR('',#14461,1.);
#14461 = DIRECTION('',(-0.,-1.));
#14462 = ( GEOMETRIC_REPRESENTATION_CONTEXT(2) 
PARAMETRIC_REPRESENTATION_CONTEXT() REPRESENTATION_CONTEXT('2D SPACE',''
  ) );
#14463 = ORIENTED_EDGE('',*,*,#11129,.F.);
#14464 = ORIENTED_EDGE('',*,*,#14443,.F.);
#14465 = ADVANCED_FACE('',(#14466),#11185,.F.);
#14466 = FACE_BOUND('',#14467,.T.);
#14467 = EDGE_LOOP('',(#14468,#14469,#14490,#14491));
#14468 = ORIENTED_EDGE('',*,*,#12938,.T.);
#14469 = ORIENTED_EDGE('',*,*,#14470,.T.);
#14470 = EDGE_CURVE('',#12939,#11165,#14471,.T.);
#14471 = SEAM_CURVE('',#14472,(#14476,#14483),.PCURVE_S1.);
#14472 = LINE('',#14473,#14474);
#14473 = CARTESIAN_POINT('',(66.5,28.8,71.7));
#14474 = VECTOR('',#14475,1.);
#14475 = DIRECTION('',(0.,0.,1.));
#14476 = PCURVE('',#11185,#14477);
#14477 = DEFINITIONAL_REPRESENTATION('',(#14478),#14482);
#14478 = LINE('',#14479,#14480);
#14479 = CARTESIAN_POINT('',(-6.28318530718,0.));
#14480 = VECTOR('',#14481,1.);
#14481 = DIRECTION('',(-0.,-1.));
#14482 = ( GEOMETRIC_REPRESENTATION_CONTEXT(2) 
PARAMETRIC_REPRESENTATION_CONTEXT() REPRESENTATION_CONTEXT('2D SPACE',''
  ) );
#14483 = PCURVE('',#11185,#14484);
#14484 = DEFINITIONAL_REPRESENTATION('',(#14485),#14489);
#14485 = LINE('',#14486,#14487);
#14486 = CARTESIAN_POINT('',(-0.,0.));
#14487 = VECTOR('',#14488,1.);
#14488 = DIRECTION('',(-0.,-1.));
#14489 = ( GEOMETRIC_REPRESENTATION_CONTEXT(2) 
PARAMETRIC_REPRESENTATION_CONTEXT() REPRESENTATION_CONTEXT('2D SPACE',''
  ) );
#14490 = ORIENTED_EDGE('',*,*,#11164,.F.);
#14491 = ORIENTED_EDGE('',*,*,#14470,.F.);
#14492 = ADVANCED_FACE('',(#14493),#11220,.F.);
#14493 = FACE_BOUND('',#14494,.T.);
#14494 = EDGE_LOOP('',(#14495,#14524,#14545,#14546));
#14495 = ORIENTED_EDGE('',*,*,#14496,.F.);
#14496 = EDGE_CURVE('',#14497,#14497,#14499,.T.);
#14497 = VERTEX_POINT('',#14498);
#14498 = CARTESIAN_POINT('',(95.5,4.,73.6));
#14499 = SURFACE_CURVE('',#14500,(#14505,#14512),.PCURVE_S1.);
#14500 = CIRCLE('',#14501,2.5);
#14501 = AXIS2_PLACEMENT_3D('',#14502,#14503,#14504);
#14502 = CARTESIAN_POINT('',(93.,4.,73.6));
#14503 = DIRECTION('',(0.,0.,1.));
#14504 = DIRECTION('',(1.,0.,0.));
#14505 = PCURVE('',#11220,#14506);
#14506 = DEFINITIONAL_REPRESENTATION('',(#14507),#14511);
#14507 = LINE('',#14508,#14509);
#14508 = CARTESIAN_POINT('',(-0.,0.));
#14509 = VECTOR('',#14510,1.);
#14510 = DIRECTION('',(-1.,0.));
#14511 = ( GEOMETRIC_REPRESENTATION_CONTEXT(2) 
PARAMETRIC_REPRESENTATION_CONTEXT() REPRESENTATION_CONTEXT('2D SPACE',''
  ) );
#14512 = PCURVE('',#14513,#14518);
#14513 = PLANE('',#14514);
#14514 = AXIS2_PLACEMENT_3D('',#14515,#14516,#14517);
#14515 = CARTESIAN_POINT('',(4.,4.,73.6));
#14516 = DIRECTION('',(0.,0.,1.));
#14517 = DIRECTION('',(1.,0.,-0.));
#14518 = DEFINITIONAL_REPRESENTATION('',(#14519),#14523);
#14519 = CIRCLE('',#14520,2.5);
#14520 = AXIS2_PLACEMENT_2D('',#14521,#14522);
#14521 = CARTESIAN_POINT('',(89.,-8.881784197001E-16));
#14522 = DIRECTION('',(1.,0.));
#14523 = ( GEOMETRIC_REPRESENTATION_CONTEXT(2) 
PARAMETRIC_REPRESENTATION_CONTEXT() REPRESENTATION_CONTEXT('2D SPACE',''
  ) );
#14524 = ORIENTED_EDGE('',*,*,#14525,.T.);
#14525 = EDGE_CURVE('',#14497,#11200,#14526,.T.);
#14526 = SEAM_CURVE('',#14527,(#14531,#14538),.PCURVE_S1.);
#14527 = LINE('',#14528,#14529);
#14528 = CARTESIAN_POINT('',(95.5,4.,73.6));
#14529 = VECTOR('',#14530,1.);
#14530 = DIRECTION('',(0.,0.,1.));
#14531 = PCURVE('',#11220,#14532);
#14532 = DEFINITIONAL_REPRESENTATION('',(#14533),#14537);
#14533 = LINE('',#14534,#14535);
#14534 = CARTESIAN_POINT('',(-6.28318530718,0.));
#14535 = VECTOR('',#14536,1.);
#14536 = DIRECTION('',(-0.,-1.));
#14537 = ( GEOMETRIC_REPRESENTATION_CONTEXT(2) 
PARAMETRIC_REPRESENTATION_CONTEXT() REPRESENTATION_CONTEXT('2D SPACE',''
  ) );
#14538 = PCURVE('',#11220,#14539);
#14539 = DEFINITIONAL_REPRESENTATION('',(#14540),#14544);
#14540 = LINE('',#14541,#14542);
#14541 = CARTESIAN_POINT('',(-0.,0.));
#14542 = VECTOR('',#14543,1.);
#14543 = DIRECTION('',(-0.,-1.));
#14544 = ( GEOMETRIC_REPRESENTATION_CONTEXT(2) 
PARAMETRIC_REPRESENTATION_CONTEXT() REPRESENTATION_CONTEXT('2D SPACE',''
  ) );
#14545 = ORIENTED_EDGE('',*,*,#11199,.F.);
#14546 = ORIENTED_EDGE('',*,*,#14525,.F.);
#14547 = ADVANCED_FACE('',(#14548),#11255,.F.);
#14548 = FACE_BOUND('',#14549,.T.);
#14549 = EDGE_LOOP('',(#14550,#14551,#14572,#14573));
#14550 = ORIENTED_EDGE('',*,*,#13003,.T.);
#14551 = ORIENTED_EDGE('',*,*,#14552,.T.);
#14552 = EDGE_CURVE('',#13004,#11235,#14553,.T.);
#14553 = SEAM_CURVE('',#14554,(#14558,#14565),.PCURVE_S1.);
#14554 = LINE('',#14555,#14556);
#14555 = CARTESIAN_POINT('',(53.5,35.3,71.7));
#14556 = VECTOR('',#14557,1.);
#14557 = DIRECTION('',(0.,0.,1.));
#14558 = PCURVE('',#11255,#14559);
#14559 = DEFINITIONAL_REPRESENTATION('',(#14560),#14564);
#14560 = LINE('',#14561,#14562);
#14561 = CARTESIAN_POINT('',(-6.28318530718,0.));
#14562 = VECTOR('',#14563,1.);
#14563 = DIRECTION('',(-0.,-1.));
#14564 = ( GEOMETRIC_REPRESENTATION_CONTEXT(2) 
PARAMETRIC_REPRESENTATION_CONTEXT() REPRESENTATION_CONTEXT('2D SPACE',''
  ) );
#14565 = PCURVE('',#11255,#14566);
#14566 = DEFINITIONAL_REPRESENTATION('',(#14567),#14571);
#14567 = LINE('',#14568,#14569);
#14568 = CARTESIAN_POINT('',(-0.,0.));
#14569 = VECTOR('',#14570,1.);
#14570 = DIRECTION('',(-0.,-1.));
#14571 = ( GEOMETRIC_REPRESENTATION_CONTEXT(2) 
PARAMETRIC_REPRESENTATION_CONTEXT() REPRESENTATION_CONTEXT('2D SPACE',''
  ) );
#14572 = ORIENTED_EDGE('',*,*,#11234,.F.);
#14573 = ORIENTED_EDGE('',*,*,#14552,.F.);
#14574 = ADVANCED_FACE('',(#14575),#11290,.F.);
#14575 = FACE_BOUND('',#14576,.T.);
#14576 = EDGE_LOOP('',(#14577,#14578,#14599,#14600));
#14577 = ORIENTED_EDGE('',*,*,#13033,.T.);
#14578 = ORIENTED_EDGE('',*,*,#14579,.T.);
#14579 = EDGE_CURVE('',#13034,#11270,#14580,.T.);
#14580 = SEAM_CURVE('',#14581,(#14585,#14592),.PCURVE_S1.);
#14581 = LINE('',#14582,#14583);
#14582 = CARTESIAN_POINT('',(60.,35.3,71.7));
#14583 = VECTOR('',#14584,1.);
#14584 = DIRECTION('',(0.,0.,1.));
#14585 = PCURVE('',#11290,#14586);
#14586 = DEFINITIONAL_REPRESENTATION('',(#14587),#14591);
#14587 = LINE('',#14588,#14589);
#14588 = CARTESIAN_POINT('',(-6.28318530718,0.));
#14589 = VECTOR('',#14590,1.);
#14590 = DIRECTION('',(-0.,-1.));
#14591 = ( GEOMETRIC_REPRESENTATION_CONTEXT(2) 
PARAMETRIC_REPRESENTATION_CONTEXT() REPRESENTATION_CONTEXT('2D SPACE',''
  ) );
#14592 = PCURVE('',#11290,#14593);
#14593 = DEFINITIONAL_REPRESENTATION('',(#14594),#14598);
#14594 = LINE('',#14595,#14596);
#14595 = CARTESIAN_POINT('',(-0.,0.));
#14596 = VECTOR('',#14597,1.);
#14597 = DIRECTION('',(-0.,-1.));
#14598 = ( GEOMETRIC_REPRESENTATION_CONTEXT(2) 
PARAMETRIC_REPRESENTATION_CONTEXT() REPRESENTATION_CONTEXT('2D SPACE',''
  ) );
#14599 = ORIENTED_EDGE('',*,*,#11269,.F.);
#14600 = ORIENTED_EDGE('',*,*,#14579,.F.);
#14601 = ADVANCED_FACE('',(#14602),#11325,.F.);
#14602 = FACE_BOUND('',#14603,.T.);
#14603 = EDGE_LOOP('',(#14604,#14605,#14626,#14627));
#14604 = ORIENTED_EDGE('',*,*,#13063,.T.);
#14605 = ORIENTED_EDGE('',*,*,#14606,.T.);
#14606 = EDGE_CURVE('',#13064,#11305,#14607,.T.);
#14607 = SEAM_CURVE('',#14608,(#14612,#14619),.PCURVE_S1.);
#14608 = LINE('',#14609,#14610);
#14609 = CARTESIAN_POINT('',(53.5,41.8,71.7));
#14610 = VECTOR('',#14611,1.);
#14611 = DIRECTION('',(0.,0.,1.));
#14612 = PCURVE('',#11325,#14613);
#14613 = DEFINITIONAL_REPRESENTATION('',(#14614),#14618);
#14614 = LINE('',#14615,#14616);
#14615 = CARTESIAN_POINT('',(-6.28318530718,0.));
#14616 = VECTOR('',#14617,1.);
#14617 = DIRECTION('',(-0.,-1.));
#14618 = ( GEOMETRIC_REPRESENTATION_CONTEXT(2) 
PARAMETRIC_REPRESENTATION_CONTEXT() REPRESENTATION_CONTEXT('2D SPACE',''
  ) );
#14619 = PCURVE('',#11325,#14620);
#14620 = DEFINITIONAL_REPRESENTATION('',(#14621),#14625);
#14621 = LINE('',#14622,#14623);
#14622 = CARTESIAN_POINT('',(-0.,0.));
#14623 = VECTOR('',#14624,1.);
#14624 = DIRECTION('',(-0.,-1.));
#14625 = ( GEOMETRIC_REPRESENTATION_CONTEXT(2) 
PARAMETRIC_REPRESENTATION_CONTEXT() REPRESENTATION_CONTEXT('2D SPACE',''
  ) );
#14626 = ORIENTED_EDGE('',*,*,#11304,.F.);
#14627 = ORIENTED_EDGE('',*,*,#14606,.F.);
#14628 = ADVANCED_FACE('',(#14629),#11360,.F.);
#14629 = FACE_BOUND('',#14630,.T.);
#14630 = EDGE_LOOP('',(#14631,#14632,#14653,#14654));
#14631 = ORIENTED_EDGE('',*,*,#13093,.T.);
#14632 = ORIENTED_EDGE('',*,*,#14633,.T.);
#14633 = EDGE_CURVE('',#13094,#11340,#14634,.T.);
#14634 = SEAM_CURVE('',#14635,(#14639,#14646),.PCURVE_S1.);
#14635 = LINE('',#14636,#14637);
#14636 = CARTESIAN_POINT('',(60.,41.8,71.7));
#14637 = VECTOR('',#14638,1.);
#14638 = DIRECTION('',(0.,0.,1.));
#14639 = PCURVE('',#11360,#14640);
#14640 = DEFINITIONAL_REPRESENTATION('',(#14641),#14645);
#14641 = LINE('',#14642,#14643);
#14642 = CARTESIAN_POINT('',(-6.28318530718,0.));
#14643 = VECTOR('',#14644,1.);
#14644 = DIRECTION('',(-0.,-1.));
#14645 = ( GEOMETRIC_REPRESENTATION_CONTEXT(2) 
PARAMETRIC_REPRESENTATION_CONTEXT() REPRESENTATION_CONTEXT('2D SPACE',''
  ) );
#14646 = PCURVE('',#11360,#14647);
#14647 = DEFINITIONAL_REPRESENTATION('',(#14648),#14652);
#14648 = LINE('',#14649,#14650);
#14649 = CARTESIAN_POINT('',(-0.,0.));
#14650 = VECTOR('',#14651,1.);
#14651 = DIRECTION('',(-0.,-1.));
#14652 = ( GEOMETRIC_REPRESENTATION_CONTEXT(2) 
PARAMETRIC_REPRESENTATION_CONTEXT() REPRESENTATION_CONTEXT('2D SPACE',''
  ) );
#14653 = ORIENTED_EDGE('',*,*,#11339,.F.);
#14654 = ORIENTED_EDGE('',*,*,#14633,.F.);
#14655 = ADVANCED_FACE('',(#14656),#11395,.F.);
#14656 = FACE_BOUND('',#14657,.T.);
#14657 = EDGE_LOOP('',(#14658,#14659,#14680,#14681));
#14658 = ORIENTED_EDGE('',*,*,#13123,.T.);
#14659 = ORIENTED_EDGE('',*,*,#14660,.T.);
#14660 = EDGE_CURVE('',#13124,#11375,#14661,.T.);
#14661 = SEAM_CURVE('',#14662,(#14666,#14673),.PCURVE_S1.);
#14662 = LINE('',#14663,#14664);
#14663 = CARTESIAN_POINT('',(66.5,35.3,71.7));
#14664 = VECTOR('',#14665,1.);
#14665 = DIRECTION('',(0.,0.,1.));
#14666 = PCURVE('',#11395,#14667);
#14667 = DEFINITIONAL_REPRESENTATION('',(#14668),#14672);
#14668 = LINE('',#14669,#14670);
#14669 = CARTESIAN_POINT('',(-6.28318530718,0.));
#14670 = VECTOR('',#14671,1.);
#14671 = DIRECTION('',(-0.,-1.));
#14672 = ( GEOMETRIC_REPRESENTATION_CONTEXT(2) 
PARAMETRIC_REPRESENTATION_CONTEXT() REPRESENTATION_CONTEXT('2D SPACE',''
  ) );
#14673 = PCURVE('',#11395,#14674);
#14674 = DEFINITIONAL_REPRESENTATION('',(#14675),#14679);
#14675 = LINE('',#14676,#14677);
#14676 = CARTESIAN_POINT('',(-0.,0.));
#14677 = VECTOR('',#14678,1.);
#14678 = DIRECTION('',(-0.,-1.));
#14679 = ( GEOMETRIC_REPRESENTATION_CONTEXT(2) 
PARAMETRIC_REPRESENTATION_CONTEXT() REPRESENTATION_CONTEXT('2D SPACE',''
  ) );
#14680 = ORIENTED_EDGE('',*,*,#11374,.F.);
#14681 = ORIENTED_EDGE('',*,*,#14660,.F.);
#14682 = ADVANCED_FACE('',(#14683),#11430,.F.);
#14683 = FACE_BOUND('',#14684,.T.);
#14684 = EDGE_LOOP('',(#14685,#14686,#14707,#14708));
#14685 = ORIENTED_EDGE('',*,*,#13153,.T.);
#14686 = ORIENTED_EDGE('',*,*,#14687,.T.);
#14687 = EDGE_CURVE('',#13154,#11410,#14688,.T.);
#14688 = SEAM_CURVE('',#14689,(#14693,#14700),.PCURVE_S1.);
#14689 = LINE('',#14690,#14691);
#14690 = CARTESIAN_POINT('',(66.5,41.8,71.7));
#14691 = VECTOR('',#14692,1.);
#14692 = DIRECTION('',(0.,0.,1.));
#14693 = PCURVE('',#11430,#14694);
#14694 = DEFINITIONAL_REPRESENTATION('',(#14695),#14699);
#14695 = LINE('',#14696,#14697);
#14696 = CARTESIAN_POINT('',(-6.28318530718,0.));
#14697 = VECTOR('',#14698,1.);
#14698 = DIRECTION('',(-0.,-1.));
#14699 = ( GEOMETRIC_REPRESENTATION_CONTEXT(2) 
PARAMETRIC_REPRESENTATION_CONTEXT() REPRESENTATION_CONTEXT('2D SPACE',''
  ) );
#14700 = PCURVE('',#11430,#14701);
#14701 = DEFINITIONAL_REPRESENTATION('',(#14702),#14706);
#14702 = LINE('',#14703,#14704);
#14703 = CARTESIAN_POINT('',(-0.,0.));
#14704 = VECTOR('',#14705,1.);
#14705 = DIRECTION('',(-0.,-1.));
#14706 = ( GEOMETRIC_REPRESENTATION_CONTEXT(2) 
PARAMETRIC_REPRESENTATION_CONTEXT() REPRESENTATION_CONTEXT('2D SPACE',''
  ) );
#14707 = ORIENTED_EDGE('',*,*,#11409,.F.);
#14708 = ORIENTED_EDGE('',*,*,#14687,.F.);
#14709 = ADVANCED_FACE('',(#14710),#11465,.F.);
#14710 = FACE_BOUND('',#14711,.T.);
#14711 = EDGE_LOOP('',(#14712,#14713,#14734,#14735));
#14712 = ORIENTED_EDGE('',*,*,#13183,.T.);
#14713 = ORIENTED_EDGE('',*,*,#14714,.T.);
#14714 = EDGE_CURVE('',#13184,#11445,#14715,.T.);
#14715 = SEAM_CURVE('',#14716,(#14720,#14727),.PCURVE_S1.);
#14716 = LINE('',#14717,#14718);
#14717 = CARTESIAN_POINT('',(53.5,48.3,71.7));
#14718 = VECTOR('',#14719,1.);
#14719 = DIRECTION('',(0.,0.,1.));
#14720 = PCURVE('',#11465,#14721);
#14721 = DEFINITIONAL_REPRESENTATION('',(#14722),#14726);
#14722 = LINE('',#14723,#14724);
#14723 = CARTESIAN_POINT('',(-6.28318530718,0.));
#14724 = VECTOR('',#14725,1.);
#14725 = DIRECTION('',(-0.,-1.));
#14726 = ( GEOMETRIC_REPRESENTATION_CONTEXT(2) 
PARAMETRIC_REPRESENTATION_CONTEXT() REPRESENTATION_CONTEXT('2D SPACE',''
  ) );
#14727 = PCURVE('',#11465,#14728);
#14728 = DEFINITIONAL_REPRESENTATION('',(#14729),#14733);
#14729 = LINE('',#14730,#14731);
#14730 = CARTESIAN_POINT('',(-0.,0.));
#14731 = VECTOR('',#14732,1.);
#14732 = DIRECTION('',(-0.,-1.));
#14733 = ( GEOMETRIC_REPRESENTATION_CONTEXT(2) 
PARAMETRIC_REPRESENTATION_CONTEXT() REPRESENTATION_CONTEXT('2D SPACE',''
  ) );
#14734 = ORIENTED_EDGE('',*,*,#11444,.F.);
#14735 = ORIENTED_EDGE('',*,*,#14714,.F.);
#14736 = ADVANCED_FACE('',(#14737),#11500,.F.);
#14737 = FACE_BOUND('',#14738,.T.);
#14738 = EDGE_LOOP('',(#14739,#14740,#14761,#14762));
#14739 = ORIENTED_EDGE('',*,*,#13213,.T.);
#14740 = ORIENTED_EDGE('',*,*,#14741,.T.);
#14741 = EDGE_CURVE('',#13214,#11480,#14742,.T.);
#14742 = SEAM_CURVE('',#14743,(#14747,#14754),.PCURVE_S1.);
#14743 = LINE('',#14744,#14745);
#14744 = CARTESIAN_POINT('',(60.,48.3,71.7));
#14745 = VECTOR('',#14746,1.);
#14746 = DIRECTION('',(0.,0.,1.));
#14747 = PCURVE('',#11500,#14748);
#14748 = DEFINITIONAL_REPRESENTATION('',(#14749),#14753);
#14749 = LINE('',#14750,#14751);
#14750 = CARTESIAN_POINT('',(-6.28318530718,0.));
#14751 = VECTOR('',#14752,1.);
#14752 = DIRECTION('',(-0.,-1.));
#14753 = ( GEOMETRIC_REPRESENTATION_CONTEXT(2) 
PARAMETRIC_REPRESENTATION_CONTEXT() REPRESENTATION_CONTEXT('2D SPACE',''
  ) );
#14754 = PCURVE('',#11500,#14755);
#14755 = DEFINITIONAL_REPRESENTATION('',(#14756),#14760);
#14756 = LINE('',#14757,#14758);
#14757 = CARTESIAN_POINT('',(-0.,0.));
#14758 = VECTOR('',#14759,1.);
#14759 = DIRECTION('',(-0.,-1.));
#14760 = ( GEOMETRIC_REPRESENTATION_CONTEXT(2) 
PARAMETRIC_REPRESENTATION_CONTEXT() REPRESENTATION_CONTEXT('2D SPACE',''
  ) );
#14761 = ORIENTED_EDGE('',*,*,#11479,.F.);
#14762 = ORIENTED_EDGE('',*,*,#14741,.F.);
#14763 = ADVANCED_FACE('',(#14764),#11535,.F.);
#14764 = FACE_BOUND('',#14765,.T.);
#14765 = EDGE_LOOP('',(#14766,#14767,#14788,#14789));
#14766 = ORIENTED_EDGE('',*,*,#13243,.T.);
#14767 = ORIENTED_EDGE('',*,*,#14768,.T.);
#14768 = EDGE_CURVE('',#13244,#11515,#14769,.T.);
#14769 = SEAM_CURVE('',#14770,(#14774,#14781),.PCURVE_S1.);
#14770 = LINE('',#14771,#14772);
#14771 = CARTESIAN_POINT('',(66.5,48.3,71.7));
#14772 = VECTOR('',#14773,1.);
#14773 = DIRECTION('',(0.,0.,1.));
#14774 = PCURVE('',#11535,#14775);
#14775 = DEFINITIONAL_REPRESENTATION('',(#14776),#14780);
#14776 = LINE('',#14777,#14778);
#14777 = CARTESIAN_POINT('',(-6.28318530718,0.));
#14778 = VECTOR('',#14779,1.);
#14779 = DIRECTION('',(-0.,-1.));
#14780 = ( GEOMETRIC_REPRESENTATION_CONTEXT(2) 
PARAMETRIC_REPRESENTATION_CONTEXT() REPRESENTATION_CONTEXT('2D SPACE',''
  ) );
#14781 = PCURVE('',#11535,#14782);
#14782 = DEFINITIONAL_REPRESENTATION('',(#14783),#14787);
#14783 = LINE('',#14784,#14785);
#14784 = CARTESIAN_POINT('',(-0.,0.));
#14785 = VECTOR('',#14786,1.);
#14786 = DIRECTION('',(-0.,-1.));
#14787 = ( GEOMETRIC_REPRESENTATION_CONTEXT(2) 
PARAMETRIC_REPRESENTATION_CONTEXT() REPRESENTATION_CONTEXT('2D SPACE',''
  ) );
#14788 = ORIENTED_EDGE('',*,*,#11514,.F.);
#14789 = ORIENTED_EDGE('',*,*,#14768,.F.);
#14790 = ADVANCED_FACE('',(#14791),#11570,.F.);
#14791 = FACE_BOUND('',#14792,.T.);
#14792 = EDGE_LOOP('',(#14793,#14822,#14843,#14844));
#14793 = ORIENTED_EDGE('',*,*,#14794,.F.);
#14794 = EDGE_CURVE('',#14795,#14795,#14797,.T.);
#14795 = VERTEX_POINT('',#14796);
#14796 = CARTESIAN_POINT('',(6.5,109.13,73.6));
#14797 = SURFACE_CURVE('',#14798,(#14803,#14810),.PCURVE_S1.);
#14798 = CIRCLE('',#14799,2.5);
#14799 = AXIS2_PLACEMENT_3D('',#14800,#14801,#14802);
#14800 = CARTESIAN_POINT('',(4.,109.13,73.6));
#14801 = DIRECTION('',(0.,0.,1.));
#14802 = DIRECTION('',(1.,0.,0.));
#14803 = PCURVE('',#11570,#14804);
#14804 = DEFINITIONAL_REPRESENTATION('',(#14805),#14809);
#14805 = LINE('',#14806,#14807);
#14806 = CARTESIAN_POINT('',(-0.,0.));
#14807 = VECTOR('',#14808,1.);
#14808 = DIRECTION('',(-1.,0.));
#14809 = ( GEOMETRIC_REPRESENTATION_CONTEXT(2) 
PARAMETRIC_REPRESENTATION_CONTEXT() REPRESENTATION_CONTEXT('2D SPACE',''
  ) );
#14810 = PCURVE('',#14811,#14816);
#14811 = PLANE('',#14812);
#14812 = AXIS2_PLACEMENT_3D('',#14813,#14814,#14815);
#14813 = CARTESIAN_POINT('',(4.,4.,73.6));
#14814 = DIRECTION('',(0.,0.,1.));
#14815 = DIRECTION('',(1.,0.,-0.));
#14816 = DEFINITIONAL_REPRESENTATION('',(#14817),#14821);
#14817 = CIRCLE('',#14818,2.5);
#14818 = AXIS2_PLACEMENT_2D('',#14819,#14820);
#14819 = CARTESIAN_POINT('',(4.440892098501E-16,105.13));
#14820 = DIRECTION('',(1.,0.));
#14821 = ( GEOMETRIC_REPRESENTATION_CONTEXT(2) 
PARAMETRIC_REPRESENTATION_CONTEXT() REPRESENTATION_CONTEXT('2D SPACE',''
  ) );
#14822 = ORIENTED_EDGE('',*,*,#14823,.T.);
#14823 = EDGE_CURVE('',#14795,#11550,#14824,.T.);
#14824 = SEAM_CURVE('',#14825,(#14829,#14836),.PCURVE_S1.);
#14825 = LINE('',#14826,#14827);
#14826 = CARTESIAN_POINT('',(6.5,109.13,73.6));
#14827 = VECTOR('',#14828,1.);
#14828 = DIRECTION('',(0.,0.,1.));
#14829 = PCURVE('',#11570,#14830);
#14830 = DEFINITIONAL_REPRESENTATION('',(#14831),#14835);
#14831 = LINE('',#14832,#14833);
#14832 = CARTESIAN_POINT('',(-6.28318530718,0.));
#14833 = VECTOR('',#14834,1.);
#14834 = DIRECTION('',(-0.,-1.));
#14835 = ( GEOMETRIC_REPRESENTATION_CONTEXT(2) 
PARAMETRIC_REPRESENTATION_CONTEXT() REPRESENTATION_CONTEXT('2D SPACE',''
  ) );
#14836 = PCURVE('',#11570,#14837);
#14837 = DEFINITIONAL_REPRESENTATION('',(#14838),#14842);
#14838 = LINE('',#14839,#14840);
#14839 = CARTESIAN_POINT('',(-0.,0.));
#14840 = VECTOR('',#14841,1.);
#14841 = DIRECTION('',(-0.,-1.));
#14842 = ( GEOMETRIC_REPRESENTATION_CONTEXT(2) 
PARAMETRIC_REPRESENTATION_CONTEXT() REPRESENTATION_CONTEXT('2D SPACE',''
  ) );
#14843 = ORIENTED_EDGE('',*,*,#11549,.F.);
#14844 = ORIENTED_EDGE('',*,*,#14823,.F.);
#14845 = ADVANCED_FACE('',(#14846),#11601,.T.);
#14846 = FACE_BOUND('',#14847,.T.);
#14847 = EDGE_LOOP('',(#14848,#14869,#14870,#14891));
#14848 = ORIENTED_EDGE('',*,*,#14849,.F.);
#14849 = EDGE_CURVE('',#13423,#11585,#14850,.T.);
#14850 = SURFACE_CURVE('',#14851,(#14855,#14862),.PCURVE_S1.);
#14851 = LINE('',#14852,#14853);
#14852 = CARTESIAN_POINT('',(32.,74.715,71.7));
#14853 = VECTOR('',#14854,1.);
#14854 = DIRECTION('',(0.,0.,1.));
#14855 = PCURVE('',#11601,#14856);
#14856 = DEFINITIONAL_REPRESENTATION('',(#14857),#14861);
#14857 = LINE('',#14858,#14859);
#14858 = CARTESIAN_POINT('',(0.,3.));
#14859 = VECTOR('',#14860,1.);
#14860 = DIRECTION('',(1.,0.));
#14861 = ( GEOMETRIC_REPRESENTATION_CONTEXT(2) 
PARAMETRIC_REPRESENTATION_CONTEXT() REPRESENTATION_CONTEXT('2D SPACE',''
  ) );
#14862 = PCURVE('',#11677,#14863);
#14863 = DEFINITIONAL_REPRESENTATION('',(#14864),#14868);
#14864 = LINE('',#14865,#14866);
#14865 = CARTESIAN_POINT('',(0.,0.));
#14866 = VECTOR('',#14867,1.);
#14867 = DIRECTION('',(1.,0.));
#14868 = ( GEOMETRIC_REPRESENTATION_CONTEXT(2) 
PARAMETRIC_REPRESENTATION_CONTEXT() REPRESENTATION_CONTEXT('2D SPACE',''
  ) );
#14869 = ORIENTED_EDGE('',*,*,#13422,.T.);
#14870 = ORIENTED_EDGE('',*,*,#14871,.T.);
#14871 = EDGE_CURVE('',#13425,#11587,#14872,.T.);
#14872 = SURFACE_CURVE('',#14873,(#14877,#14884),.PCURVE_S1.);
#14873 = LINE('',#14874,#14875);
#14874 = CARTESIAN_POINT('',(29.,74.715,71.7));
#14875 = VECTOR('',#14876,1.);
#14876 = DIRECTION('',(0.,0.,1.));
#14877 = PCURVE('',#11601,#14878);
#14878 = DEFINITIONAL_REPRESENTATION('',(#14879),#14883);
#14879 = LINE('',#14880,#14881);
#14880 = CARTESIAN_POINT('',(0.,0.));
#14881 = VECTOR('',#14882,1.);
#14882 = DIRECTION('',(1.,0.));
#14883 = ( GEOMETRIC_REPRESENTATION_CONTEXT(2) 
PARAMETRIC_REPRESENTATION_CONTEXT() REPRESENTATION_CONTEXT('2D SPACE',''
  ) );
#14884 = PCURVE('',#11627,#14885);
#14885 = DEFINITIONAL_REPRESENTATION('',(#14886),#14890);
#14886 = LINE('',#14887,#14888);
#14887 = CARTESIAN_POINT('',(0.,0.));
#14888 = VECTOR('',#14889,1.);
#14889 = DIRECTION('',(1.,0.));
#14890 = ( GEOMETRIC_REPRESENTATION_CONTEXT(2) 
PARAMETRIC_REPRESENTATION_CONTEXT() REPRESENTATION_CONTEXT('2D SPACE',''
  ) );
#14891 = ORIENTED_EDGE('',*,*,#11584,.F.);
#14892 = ADVANCED_FACE('',(#14893),#11677,.F.);
#14893 = FACE_BOUND('',#14894,.F.);
#14894 = EDGE_LOOP('',(#14895,#14896,#14897,#14918));
#14895 = ORIENTED_EDGE('',*,*,#14849,.F.);
#14896 = ORIENTED_EDGE('',*,*,#13487,.T.);
#14897 = ORIENTED_EDGE('',*,*,#14898,.T.);
#14898 = EDGE_CURVE('',#13467,#11639,#14899,.T.);
#14899 = SURFACE_CURVE('',#14900,(#14904,#14911),.PCURVE_S1.);
#14900 = LINE('',#14901,#14902);
#14901 = CARTESIAN_POINT('',(32.,96.715,71.7));
#14902 = VECTOR('',#14903,1.);
#14903 = DIRECTION('',(0.,0.,1.));
#14904 = PCURVE('',#11677,#14905);
#14905 = DEFINITIONAL_REPRESENTATION('',(#14906),#14910);
#14906 = LINE('',#14907,#14908);
#14907 = CARTESIAN_POINT('',(0.,-22.));
#14908 = VECTOR('',#14909,1.);
#14909 = DIRECTION('',(1.,0.));
#14910 = ( GEOMETRIC_REPRESENTATION_CONTEXT(2) 
PARAMETRIC_REPRESENTATION_CONTEXT() REPRESENTATION_CONTEXT('2D SPACE',''
  ) );
#14911 = PCURVE('',#11653,#14912);
#14912 = DEFINITIONAL_REPRESENTATION('',(#14913),#14917);
#14913 = LINE('',#14914,#14915);
#14914 = CARTESIAN_POINT('',(0.,3.));
#14915 = VECTOR('',#14916,1.);
#14916 = DIRECTION('',(1.,0.));
#14917 = ( GEOMETRIC_REPRESENTATION_CONTEXT(2) 
PARAMETRIC_REPRESENTATION_CONTEXT() REPRESENTATION_CONTEXT('2D SPACE',''
  ) );
#14918 = ORIENTED_EDGE('',*,*,#11664,.F.);
#14919 = ADVANCED_FACE('',(#14920),#11627,.T.);
#14920 = FACE_BOUND('',#14921,.T.);
#14921 = EDGE_LOOP('',(#14922,#14923,#14924,#14945));
#14922 = ORIENTED_EDGE('',*,*,#14871,.F.);
#14923 = ORIENTED_EDGE('',*,*,#13445,.T.);
#14924 = ORIENTED_EDGE('',*,*,#14925,.T.);
#14925 = EDGE_CURVE('',#13446,#11613,#14926,.T.);
#14926 = SURFACE_CURVE('',#14927,(#14931,#14938),.PCURVE_S1.);
#14927 = LINE('',#14928,#14929);
#14928 = CARTESIAN_POINT('',(29.,96.715,71.7));
#14929 = VECTOR('',#14930,1.);
#14930 = DIRECTION('',(0.,0.,1.));
#14931 = PCURVE('',#11627,#14932);
#14932 = DEFINITIONAL_REPRESENTATION('',(#14933),#14937);
#14933 = LINE('',#14934,#14935);
#14934 = CARTESIAN_POINT('',(0.,-22.));
#14935 = VECTOR('',#14936,1.);
#14936 = DIRECTION('',(1.,0.));
#14937 = ( GEOMETRIC_REPRESENTATION_CONTEXT(2) 
PARAMETRIC_REPRESENTATION_CONTEXT() REPRESENTATION_CONTEXT('2D SPACE',''
  ) );
#14938 = PCURVE('',#11653,#14939);
#14939 = DEFINITIONAL_REPRESENTATION('',(#14940),#14944);
#14940 = LINE('',#14941,#14942);
#14941 = CARTESIAN_POINT('',(0.,0.));
#14942 = VECTOR('',#14943,1.);
#14943 = DIRECTION('',(1.,0.));
#14944 = ( GEOMETRIC_REPRESENTATION_CONTEXT(2) 
PARAMETRIC_REPRESENTATION_CONTEXT() REPRESENTATION_CONTEXT('2D SPACE',''
  ) );
#14945 = ORIENTED_EDGE('',*,*,#11612,.F.);
#14946 = ADVANCED_FACE('',(#14947),#11653,.F.);
#14947 = FACE_BOUND('',#14948,.F.);
#14948 = EDGE_LOOP('',(#14949,#14950,#14951,#14952));
#14949 = ORIENTED_EDGE('',*,*,#14898,.F.);
#14950 = ORIENTED_EDGE('',*,*,#13466,.T.);
#14951 = ORIENTED_EDGE('',*,*,#14925,.T.);
#14952 = ORIENTED_EDGE('',*,*,#11638,.F.);
#14953 = ADVANCED_FACE('',(#14954),#11707,.T.);
#14954 = FACE_BOUND('',#14955,.T.);
#14955 = EDGE_LOOP('',(#14956,#14977,#14978,#14999));
#14956 = ORIENTED_EDGE('',*,*,#14957,.F.);
#14957 = EDGE_CURVE('',#13509,#11691,#14958,.T.);
#14958 = SURFACE_CURVE('',#14959,(#14963,#14970),.PCURVE_S1.);
#14959 = LINE('',#14960,#14961);
#14960 = CARTESIAN_POINT('',(41.,74.715,71.7));
#14961 = VECTOR('',#14962,1.);
#14962 = DIRECTION('',(0.,0.,1.));
#14963 = PCURVE('',#11707,#14964);
#14964 = DEFINITIONAL_REPRESENTATION('',(#14965),#14969);
#14965 = LINE('',#14966,#14967);
#14966 = CARTESIAN_POINT('',(0.,3.));
#14967 = VECTOR('',#14968,1.);
#14968 = DIRECTION('',(1.,0.));
#14969 = ( GEOMETRIC_REPRESENTATION_CONTEXT(2) 
PARAMETRIC_REPRESENTATION_CONTEXT() REPRESENTATION_CONTEXT('2D SPACE',''
  ) );
#14970 = PCURVE('',#11783,#14971);
#14971 = DEFINITIONAL_REPRESENTATION('',(#14972),#14976);
#14972 = LINE('',#14973,#14974);
#14973 = CARTESIAN_POINT('',(0.,0.));
#14974 = VECTOR('',#14975,1.);
#14975 = DIRECTION('',(1.,0.));
#14976 = ( GEOMETRIC_REPRESENTATION_CONTEXT(2) 
PARAMETRIC_REPRESENTATION_CONTEXT() REPRESENTATION_CONTEXT('2D SPACE',''
  ) );
#14977 = ORIENTED_EDGE('',*,*,#13508,.T.);
#14978 = ORIENTED_EDGE('',*,*,#14979,.T.);
#14979 = EDGE_CURVE('',#13511,#11693,#14980,.T.);
#14980 = SURFACE_CURVE('',#14981,(#14985,#14992),.PCURVE_S1.);
#14981 = LINE('',#14982,#14983);
#14982 = CARTESIAN_POINT('',(38.,74.715,71.7));
#14983 = VECTOR('',#14984,1.);
#14984 = DIRECTION('',(0.,0.,1.));
#14985 = PCURVE('',#11707,#14986);
#14986 = DEFINITIONAL_REPRESENTATION('',(#14987),#14991);
#14987 = LINE('',#14988,#14989);
#14988 = CARTESIAN_POINT('',(0.,0.));
#14989 = VECTOR('',#14990,1.);
#14990 = DIRECTION('',(1.,0.));
#14991 = ( GEOMETRIC_REPRESENTATION_CONTEXT(2) 
PARAMETRIC_REPRESENTATION_CONTEXT() REPRESENTATION_CONTEXT('2D SPACE',''
  ) );
#14992 = PCURVE('',#11733,#14993);
#14993 = DEFINITIONAL_REPRESENTATION('',(#14994),#14998);
#14994 = LINE('',#14995,#14996);
#14995 = CARTESIAN_POINT('',(0.,0.));
#14996 = VECTOR('',#14997,1.);
#14997 = DIRECTION('',(1.,0.));
#14998 = ( GEOMETRIC_REPRESENTATION_CONTEXT(2) 
PARAMETRIC_REPRESENTATION_CONTEXT() REPRESENTATION_CONTEXT('2D SPACE',''
  ) );
#14999 = ORIENTED_EDGE('',*,*,#11690,.F.);
#15000 = ADVANCED_FACE('',(#15001),#11783,.F.);
#15001 = FACE_BOUND('',#15002,.F.);
#15002 = EDGE_LOOP('',(#15003,#15004,#15005,#15026));
#15003 = ORIENTED_EDGE('',*,*,#14957,.F.);
#15004 = ORIENTED_EDGE('',*,*,#13573,.T.);
#15005 = ORIENTED_EDGE('',*,*,#15006,.T.);
#15006 = EDGE_CURVE('',#13553,#11745,#15007,.T.);
#15007 = SURFACE_CURVE('',#15008,(#15012,#15019),.PCURVE_S1.);
#15008 = LINE('',#15009,#15010);
#15009 = CARTESIAN_POINT('',(41.,96.715,71.7));
#15010 = VECTOR('',#15011,1.);
#15011 = DIRECTION('',(0.,0.,1.));
#15012 = PCURVE('',#11783,#15013);
#15013 = DEFINITIONAL_REPRESENTATION('',(#15014),#15018);
#15014 = LINE('',#15015,#15016);
#15015 = CARTESIAN_POINT('',(0.,-22.));
#15016 = VECTOR('',#15017,1.);
#15017 = DIRECTION('',(1.,0.));
#15018 = ( GEOMETRIC_REPRESENTATION_CONTEXT(2) 
PARAMETRIC_REPRESENTATION_CONTEXT() REPRESENTATION_CONTEXT('2D SPACE',''
  ) );
#15019 = PCURVE('',#11759,#15020);
#15020 = DEFINITIONAL_REPRESENTATION('',(#15021),#15025);
#15021 = LINE('',#15022,#15023);
#15022 = CARTESIAN_POINT('',(0.,3.));
#15023 = VECTOR('',#15024,1.);
#15024 = DIRECTION('',(1.,0.));
#15025 = ( GEOMETRIC_REPRESENTATION_CONTEXT(2) 
PARAMETRIC_REPRESENTATION_CONTEXT() REPRESENTATION_CONTEXT('2D SPACE',''
  ) );
#15026 = ORIENTED_EDGE('',*,*,#11770,.F.);
#15027 = ADVANCED_FACE('',(#15028),#11733,.T.);
#15028 = FACE_BOUND('',#15029,.T.);
#15029 = EDGE_LOOP('',(#15030,#15031,#15032,#15053));
#15030 = ORIENTED_EDGE('',*,*,#14979,.F.);
#15031 = ORIENTED_EDGE('',*,*,#13531,.T.);
#15032 = ORIENTED_EDGE('',*,*,#15033,.T.);
#15033 = EDGE_CURVE('',#13532,#11719,#15034,.T.);
#15034 = SURFACE_CURVE('',#15035,(#15039,#15046),.PCURVE_S1.);
#15035 = LINE('',#15036,#15037);
#15036 = CARTESIAN_POINT('',(38.,96.715,71.7));
#15037 = VECTOR('',#15038,1.);
#15038 = DIRECTION('',(0.,0.,1.));
#15039 = PCURVE('',#11733,#15040);
#15040 = DEFINITIONAL_REPRESENTATION('',(#15041),#15045);
#15041 = LINE('',#15042,#15043);
#15042 = CARTESIAN_POINT('',(0.,-22.));
#15043 = VECTOR('',#15044,1.);
#15044 = DIRECTION('',(1.,0.));
#15045 = ( GEOMETRIC_REPRESENTATION_CONTEXT(2) 
PARAMETRIC_REPRESENTATION_CONTEXT() REPRESENTATION_CONTEXT('2D SPACE',''
  ) );
#15046 = PCURVE('',#11759,#15047);
#15047 = DEFINITIONAL_REPRESENTATION('',(#15048),#15052);
#15048 = LINE('',#15049,#15050);
#15049 = CARTESIAN_POINT('',(0.,0.));
#15050 = VECTOR('',#15051,1.);
#15051 = DIRECTION('',(1.,0.));
#15052 = ( GEOMETRIC_REPRESENTATION_CONTEXT(2) 
PARAMETRIC_REPRESENTATION_CONTEXT() REPRESENTATION_CONTEXT('2D SPACE',''
  ) );
#15053 = ORIENTED_EDGE('',*,*,#11718,.F.);
#15054 = ADVANCED_FACE('',(#15055),#11759,.F.);
#15055 = FACE_BOUND('',#15056,.F.);
#15056 = EDGE_LOOP('',(#15057,#15058,#15059,#15060));
#15057 = ORIENTED_EDGE('',*,*,#15006,.F.);
#15058 = ORIENTED_EDGE('',*,*,#13552,.T.);
#15059 = ORIENTED_EDGE('',*,*,#15033,.T.);
#15060 = ORIENTED_EDGE('',*,*,#11744,.F.);
#15061 = ADVANCED_FACE('',(#15062),#11813,.T.);
#15062 = FACE_BOUND('',#15063,.T.);
#15063 = EDGE_LOOP('',(#15064,#15085,#15086,#15107));
#15064 = ORIENTED_EDGE('',*,*,#15065,.F.);
#15065 = EDGE_CURVE('',#13595,#11797,#15066,.T.);
#15066 = SURFACE_CURVE('',#15067,(#15071,#15078),.PCURVE_S1.);
#15067 = LINE('',#15068,#15069);
#15068 = CARTESIAN_POINT('',(50.,74.715,71.7));
#15069 = VECTOR('',#15070,1.);
#15070 = DIRECTION('',(0.,0.,1.));
#15071 = PCURVE('',#11813,#15072);
#15072 = DEFINITIONAL_REPRESENTATION('',(#15073),#15077);
#15073 = LINE('',#15074,#15075);
#15074 = CARTESIAN_POINT('',(0.,3.));
#15075 = VECTOR('',#15076,1.);
#15076 = DIRECTION('',(1.,0.));
#15077 = ( GEOMETRIC_REPRESENTATION_CONTEXT(2) 
PARAMETRIC_REPRESENTATION_CONTEXT() REPRESENTATION_CONTEXT('2D SPACE',''
  ) );
#15078 = PCURVE('',#11889,#15079);
#15079 = DEFINITIONAL_REPRESENTATION('',(#15080),#15084);
#15080 = LINE('',#15081,#15082);
#15081 = CARTESIAN_POINT('',(0.,0.));
#15082 = VECTOR('',#15083,1.);
#15083 = DIRECTION('',(1.,0.));
#15084 = ( GEOMETRIC_REPRESENTATION_CONTEXT(2) 
PARAMETRIC_REPRESENTATION_CONTEXT() REPRESENTATION_CONTEXT('2D SPACE',''
  ) );
#15085 = ORIENTED_EDGE('',*,*,#13594,.T.);
#15086 = ORIENTED_EDGE('',*,*,#15087,.T.);
#15087 = EDGE_CURVE('',#13597,#11799,#15088,.T.);
#15088 = SURFACE_CURVE('',#15089,(#15093,#15100),.PCURVE_S1.);
#15089 = LINE('',#15090,#15091);
#15090 = CARTESIAN_POINT('',(47.,74.715,71.7));
#15091 = VECTOR('',#15092,1.);
#15092 = DIRECTION('',(0.,0.,1.));
#15093 = PCURVE('',#11813,#15094);
#15094 = DEFINITIONAL_REPRESENTATION('',(#15095),#15099);
#15095 = LINE('',#15096,#15097);
#15096 = CARTESIAN_POINT('',(0.,0.));
#15097 = VECTOR('',#15098,1.);
#15098 = DIRECTION('',(1.,0.));
#15099 = ( GEOMETRIC_REPRESENTATION_CONTEXT(2) 
PARAMETRIC_REPRESENTATION_CONTEXT() REPRESENTATION_CONTEXT('2D SPACE',''
  ) );
#15100 = PCURVE('',#11839,#15101);
#15101 = DEFINITIONAL_REPRESENTATION('',(#15102),#15106);
#15102 = LINE('',#15103,#15104);
#15103 = CARTESIAN_POINT('',(0.,0.));
#15104 = VECTOR('',#15105,1.);
#15105 = DIRECTION('',(1.,0.));
#15106 = ( GEOMETRIC_REPRESENTATION_CONTEXT(2) 
PARAMETRIC_REPRESENTATION_CONTEXT() REPRESENTATION_CONTEXT('2D SPACE',''
  ) );
#15107 = ORIENTED_EDGE('',*,*,#11796,.F.);
#15108 = ADVANCED_FACE('',(#15109),#11889,.F.);
#15109 = FACE_BOUND('',#15110,.F.);
#15110 = EDGE_LOOP('',(#15111,#15112,#15113,#15134));
#15111 = ORIENTED_EDGE('',*,*,#15065,.F.);
#15112 = ORIENTED_EDGE('',*,*,#13659,.T.);
#15113 = ORIENTED_EDGE('',*,*,#15114,.T.);
#15114 = EDGE_CURVE('',#13639,#11851,#15115,.T.);
#15115 = SURFACE_CURVE('',#15116,(#15120,#15127),.PCURVE_S1.);
#15116 = LINE('',#15117,#15118);
#15117 = CARTESIAN_POINT('',(50.,96.715,71.7));
#15118 = VECTOR('',#15119,1.);
#15119 = DIRECTION('',(0.,0.,1.));
#15120 = PCURVE('',#11889,#15121);
#15121 = DEFINITIONAL_REPRESENTATION('',(#15122),#15126);
#15122 = LINE('',#15123,#15124);
#15123 = CARTESIAN_POINT('',(0.,-22.));
#15124 = VECTOR('',#15125,1.);
#15125 = DIRECTION('',(1.,0.));
#15126 = ( GEOMETRIC_REPRESENTATION_CONTEXT(2) 
PARAMETRIC_REPRESENTATION_CONTEXT() REPRESENTATION_CONTEXT('2D SPACE',''
  ) );
#15127 = PCURVE('',#11865,#15128);
#15128 = DEFINITIONAL_REPRESENTATION('',(#15129),#15133);
#15129 = LINE('',#15130,#15131);
#15130 = CARTESIAN_POINT('',(0.,3.));
#15131 = VECTOR('',#15132,1.);
#15132 = DIRECTION('',(1.,0.));
#15133 = ( GEOMETRIC_REPRESENTATION_CONTEXT(2) 
PARAMETRIC_REPRESENTATION_CONTEXT() REPRESENTATION_CONTEXT('2D SPACE',''
  ) );
#15134 = ORIENTED_EDGE('',*,*,#11876,.F.);
#15135 = ADVANCED_FACE('',(#15136),#11839,.T.);
#15136 = FACE_BOUND('',#15137,.T.);
#15137 = EDGE_LOOP('',(#15138,#15139,#15140,#15161));
#15138 = ORIENTED_EDGE('',*,*,#15087,.F.);
#15139 = ORIENTED_EDGE('',*,*,#13617,.T.);
#15140 = ORIENTED_EDGE('',*,*,#15141,.T.);
#15141 = EDGE_CURVE('',#13618,#11825,#15142,.T.);
#15142 = SURFACE_CURVE('',#15143,(#15147,#15154),.PCURVE_S1.);
#15143 = LINE('',#15144,#15145);
#15144 = CARTESIAN_POINT('',(47.,96.715,71.7));
#15145 = VECTOR('',#15146,1.);
#15146 = DIRECTION('',(0.,0.,1.));
#15147 = PCURVE('',#11839,#15148);
#15148 = DEFINITIONAL_REPRESENTATION('',(#15149),#15153);
#15149 = LINE('',#15150,#15151);
#15150 = CARTESIAN_POINT('',(0.,-22.));
#15151 = VECTOR('',#15152,1.);
#15152 = DIRECTION('',(1.,0.));
#15153 = ( GEOMETRIC_REPRESENTATION_CONTEXT(2) 
PARAMETRIC_REPRESENTATION_CONTEXT() REPRESENTATION_CONTEXT('2D SPACE',''
  ) );
#15154 = PCURVE('',#11865,#15155);
#15155 = DEFINITIONAL_REPRESENTATION('',(#15156),#15160);
#15156 = LINE('',#15157,#15158);
#15157 = CARTESIAN_POINT('',(0.,0.));
#15158 = VECTOR('',#15159,1.);
#15159 = DIRECTION('',(1.,0.));
#15160 = ( GEOMETRIC_REPRESENTATION_CONTEXT(2) 
PARAMETRIC_REPRESENTATION_CONTEXT() REPRESENTATION_CONTEXT('2D SPACE',''
  ) );
#15161 = ORIENTED_EDGE('',*,*,#11824,.F.);
#15162 = ADVANCED_FACE('',(#15163),#11865,.F.);
#15163 = FACE_BOUND('',#15164,.F.);
#15164 = EDGE_LOOP('',(#15165,#15166,#15167,#15168));
#15165 = ORIENTED_EDGE('',*,*,#15114,.F.);
#15166 = ORIENTED_EDGE('',*,*,#13638,.T.);
#15167 = ORIENTED_EDGE('',*,*,#15141,.T.);
#15168 = ORIENTED_EDGE('',*,*,#11850,.F.);
#15169 = ADVANCED_FACE('',(#15170),#11919,.T.);
#15170 = FACE_BOUND('',#15171,.T.);
#15171 = EDGE_LOOP('',(#15172,#15193,#15194,#15215));
#15172 = ORIENTED_EDGE('',*,*,#15173,.F.);
#15173 = EDGE_CURVE('',#13795,#11903,#15174,.T.);
#15174 = SURFACE_CURVE('',#15175,(#15179,#15186),.PCURVE_S1.);
#15175 = LINE('',#15176,#15177);
#15176 = CARTESIAN_POINT('',(59.,74.715,71.7));
#15177 = VECTOR('',#15178,1.);
#15178 = DIRECTION('',(0.,0.,1.));
#15179 = PCURVE('',#11919,#15180);
#15180 = DEFINITIONAL_REPRESENTATION('',(#15181),#15185);
#15181 = LINE('',#15182,#15183);
#15182 = CARTESIAN_POINT('',(0.,3.));
#15183 = VECTOR('',#15184,1.);
#15184 = DIRECTION('',(1.,0.));
#15185 = ( GEOMETRIC_REPRESENTATION_CONTEXT(2) 
PARAMETRIC_REPRESENTATION_CONTEXT() REPRESENTATION_CONTEXT('2D SPACE',''
  ) );
#15186 = PCURVE('',#11995,#15187);
#15187 = DEFINITIONAL_REPRESENTATION('',(#15188),#15192);
#15188 = LINE('',#15189,#15190);
#15189 = CARTESIAN_POINT('',(0.,0.));
#15190 = VECTOR('',#15191,1.);
#15191 = DIRECTION('',(1.,0.));
#15192 = ( GEOMETRIC_REPRESENTATION_CONTEXT(2) 
PARAMETRIC_REPRESENTATION_CONTEXT() REPRESENTATION_CONTEXT('2D SPACE',''
  ) );
#15193 = ORIENTED_EDGE('',*,*,#13794,.T.);
#15194 = ORIENTED_EDGE('',*,*,#15195,.T.);
#15195 = EDGE_CURVE('',#13797,#11905,#15196,.T.);
#15196 = SURFACE_CURVE('',#15197,(#15201,#15208),.PCURVE_S1.);
#15197 = LINE('',#15198,#15199);
#15198 = CARTESIAN_POINT('',(56.,74.715,71.7));
#15199 = VECTOR('',#15200,1.);
#15200 = DIRECTION('',(0.,0.,1.));
#15201 = PCURVE('',#11919,#15202);
#15202 = DEFINITIONAL_REPRESENTATION('',(#15203),#15207);
#15203 = LINE('',#15204,#15205);
#15204 = CARTESIAN_POINT('',(0.,0.));
#15205 = VECTOR('',#15206,1.);
#15206 = DIRECTION('',(1.,0.));
#15207 = ( GEOMETRIC_REPRESENTATION_CONTEXT(2) 
PARAMETRIC_REPRESENTATION_CONTEXT() REPRESENTATION_CONTEXT('2D SPACE',''
  ) );
#15208 = PCURVE('',#11945,#15209);
#15209 = DEFINITIONAL_REPRESENTATION('',(#15210),#15214);
#15210 = LINE('',#15211,#15212);
#15211 = CARTESIAN_POINT('',(0.,0.));
#15212 = VECTOR('',#15213,1.);
#15213 = DIRECTION('',(1.,0.));
#15214 = ( GEOMETRIC_REPRESENTATION_CONTEXT(2) 
PARAMETRIC_REPRESENTATION_CONTEXT() REPRESENTATION_CONTEXT('2D SPACE',''
  ) );
#15215 = ORIENTED_EDGE('',*,*,#11902,.F.);
#15216 = ADVANCED_FACE('',(#15217),#11995,.F.);
#15217 = FACE_BOUND('',#15218,.F.);
#15218 = EDGE_LOOP('',(#15219,#15220,#15221,#15242));
#15219 = ORIENTED_EDGE('',*,*,#15173,.F.);
#15220 = ORIENTED_EDGE('',*,*,#13859,.T.);
#15221 = ORIENTED_EDGE('',*,*,#15222,.T.);
#15222 = EDGE_CURVE('',#13839,#11957,#15223,.T.);
#15223 = SURFACE_CURVE('',#15224,(#15228,#15235),.PCURVE_S1.);
#15224 = LINE('',#15225,#15226);
#15225 = CARTESIAN_POINT('',(59.,96.715,71.7));
#15226 = VECTOR('',#15227,1.);
#15227 = DIRECTION('',(0.,0.,1.));
#15228 = PCURVE('',#11995,#15229);
#15229 = DEFINITIONAL_REPRESENTATION('',(#15230),#15234);
#15230 = LINE('',#15231,#15232);
#15231 = CARTESIAN_POINT('',(0.,-22.));
#15232 = VECTOR('',#15233,1.);
#15233 = DIRECTION('',(1.,0.));
#15234 = ( GEOMETRIC_REPRESENTATION_CONTEXT(2) 
PARAMETRIC_REPRESENTATION_CONTEXT() REPRESENTATION_CONTEXT('2D SPACE',''
  ) );
#15235 = PCURVE('',#11971,#15236);
#15236 = DEFINITIONAL_REPRESENTATION('',(#15237),#15241);
#15237 = LINE('',#15238,#15239);
#15238 = CARTESIAN_POINT('',(0.,3.));
#15239 = VECTOR('',#15240,1.);
#15240 = DIRECTION('',(1.,0.));
#15241 = ( GEOMETRIC_REPRESENTATION_CONTEXT(2) 
PARAMETRIC_REPRESENTATION_CONTEXT() REPRESENTATION_CONTEXT('2D SPACE',''
  ) );
#15242 = ORIENTED_EDGE('',*,*,#11982,.F.);
#15243 = ADVANCED_FACE('',(#15244),#11945,.T.);
#15244 = FACE_BOUND('',#15245,.T.);
#15245 = EDGE_LOOP('',(#15246,#15247,#15248,#15269));
#15246 = ORIENTED_EDGE('',*,*,#15195,.F.);
#15247 = ORIENTED_EDGE('',*,*,#13817,.T.);
#15248 = ORIENTED_EDGE('',*,*,#15249,.T.);
#15249 = EDGE_CURVE('',#13818,#11931,#15250,.T.);
#15250 = SURFACE_CURVE('',#15251,(#15255,#15262),.PCURVE_S1.);
#15251 = LINE('',#15252,#15253);
#15252 = CARTESIAN_POINT('',(56.,96.715,71.7));
#15253 = VECTOR('',#15254,1.);
#15254 = DIRECTION('',(0.,0.,1.));
#15255 = PCURVE('',#11945,#15256);
#15256 = DEFINITIONAL_REPRESENTATION('',(#15257),#15261);
#15257 = LINE('',#15258,#15259);
#15258 = CARTESIAN_POINT('',(0.,-22.));
#15259 = VECTOR('',#15260,1.);
#15260 = DIRECTION('',(1.,0.));
#15261 = ( GEOMETRIC_REPRESENTATION_CONTEXT(2) 
PARAMETRIC_REPRESENTATION_CONTEXT() REPRESENTATION_CONTEXT('2D SPACE',''
  ) );
#15262 = PCURVE('',#11971,#15263);
#15263 = DEFINITIONAL_REPRESENTATION('',(#15264),#15268);
#15264 = LINE('',#15265,#15266);
#15265 = CARTESIAN_POINT('',(0.,0.));
#15266 = VECTOR('',#15267,1.);
#15267 = DIRECTION('',(1.,0.));
#15268 = ( GEOMETRIC_REPRESENTATION_CONTEXT(2) 
PARAMETRIC_REPRESENTATION_CONTEXT() REPRESENTATION_CONTEXT('2D SPACE',''
  ) );
#15269 = ORIENTED_EDGE('',*,*,#11930,.F.);
#15270 = ADVANCED_FACE('',(#15271),#11971,.F.);
#15271 = FACE_BOUND('',#15272,.F.);
#15272 = EDGE_LOOP('',(#15273,#15274,#15275,#15276));
#15273 = ORIENTED_EDGE('',*,*,#15222,.F.);
#15274 = ORIENTED_EDGE('',*,*,#13838,.T.);
#15275 = ORIENTED_EDGE('',*,*,#15249,.T.);
#15276 = ORIENTED_EDGE('',*,*,#11956,.F.);
#15277 = ADVANCED_FACE('',(#15278),#12025,.T.);
#15278 = FACE_BOUND('',#15279,.T.);
#15279 = EDGE_LOOP('',(#15280,#15301,#15302,#15323));
#15280 = ORIENTED_EDGE('',*,*,#15281,.F.);
#15281 = EDGE_CURVE('',#13881,#12009,#15282,.T.);
#15282 = SURFACE_CURVE('',#15283,(#15287,#15294),.PCURVE_S1.);
#15283 = LINE('',#15284,#15285);
#15284 = CARTESIAN_POINT('',(68.,74.715,71.7));
#15285 = VECTOR('',#15286,1.);
#15286 = DIRECTION('',(0.,0.,1.));
#15287 = PCURVE('',#12025,#15288);
#15288 = DEFINITIONAL_REPRESENTATION('',(#15289),#15293);
#15289 = LINE('',#15290,#15291);
#15290 = CARTESIAN_POINT('',(0.,3.));
#15291 = VECTOR('',#15292,1.);
#15292 = DIRECTION('',(1.,0.));
#15293 = ( GEOMETRIC_REPRESENTATION_CONTEXT(2) 
PARAMETRIC_REPRESENTATION_CONTEXT() REPRESENTATION_CONTEXT('2D SPACE',''
  ) );
#15294 = PCURVE('',#12101,#15295);
#15295 = DEFINITIONAL_REPRESENTATION('',(#15296),#15300);
#15296 = LINE('',#15297,#15298);
#15297 = CARTESIAN_POINT('',(0.,0.));
#15298 = VECTOR('',#15299,1.);
#15299 = DIRECTION('',(1.,0.));
#15300 = ( GEOMETRIC_REPRESENTATION_CONTEXT(2) 
PARAMETRIC_REPRESENTATION_CONTEXT() REPRESENTATION_CONTEXT('2D SPACE',''
  ) );
#15301 = ORIENTED_EDGE('',*,*,#13880,.T.);
#15302 = ORIENTED_EDGE('',*,*,#15303,.T.);
#15303 = EDGE_CURVE('',#13883,#12011,#15304,.T.);
#15304 = SURFACE_CURVE('',#15305,(#15309,#15316),.PCURVE_S1.);
#15305 = LINE('',#15306,#15307);
#15306 = CARTESIAN_POINT('',(65.,74.715,71.7));
#15307 = VECTOR('',#15308,1.);
#15308 = DIRECTION('',(0.,0.,1.));
#15309 = PCURVE('',#12025,#15310);
#15310 = DEFINITIONAL_REPRESENTATION('',(#15311),#15315);
#15311 = LINE('',#15312,#15313);
#15312 = CARTESIAN_POINT('',(0.,0.));
#15313 = VECTOR('',#15314,1.);
#15314 = DIRECTION('',(1.,0.));
#15315 = ( GEOMETRIC_REPRESENTATION_CONTEXT(2) 
PARAMETRIC_REPRESENTATION_CONTEXT() REPRESENTATION_CONTEXT('2D SPACE',''
  ) );
#15316 = PCURVE('',#12051,#15317);
#15317 = DEFINITIONAL_REPRESENTATION('',(#15318),#15322);
#15318 = LINE('',#15319,#15320);
#15319 = CARTESIAN_POINT('',(0.,0.));
#15320 = VECTOR('',#15321,1.);
#15321 = DIRECTION('',(1.,0.));
#15322 = ( GEOMETRIC_REPRESENTATION_CONTEXT(2) 
PARAMETRIC_REPRESENTATION_CONTEXT() REPRESENTATION_CONTEXT('2D SPACE',''
  ) );
#15323 = ORIENTED_EDGE('',*,*,#12008,.F.);
#15324 = ADVANCED_FACE('',(#15325),#12101,.F.);
#15325 = FACE_BOUND('',#15326,.F.);
#15326 = EDGE_LOOP('',(#15327,#15328,#15329,#15350));
#15327 = ORIENTED_EDGE('',*,*,#15281,.F.);
#15328 = ORIENTED_EDGE('',*,*,#13945,.T.);
#15329 = ORIENTED_EDGE('',*,*,#15330,.T.);
#15330 = EDGE_CURVE('',#13925,#12063,#15331,.T.);
#15331 = SURFACE_CURVE('',#15332,(#15336,#15343),.PCURVE_S1.);
#15332 = LINE('',#15333,#15334);
#15333 = CARTESIAN_POINT('',(68.,96.715,71.7));
#15334 = VECTOR('',#15335,1.);
#15335 = DIRECTION('',(0.,0.,1.));
#15336 = PCURVE('',#12101,#15337);
#15337 = DEFINITIONAL_REPRESENTATION('',(#15338),#15342);
#15338 = LINE('',#15339,#15340);
#15339 = CARTESIAN_POINT('',(0.,-22.));
#15340 = VECTOR('',#15341,1.);
#15341 = DIRECTION('',(1.,0.));
#15342 = ( GEOMETRIC_REPRESENTATION_CONTEXT(2) 
PARAMETRIC_REPRESENTATION_CONTEXT() REPRESENTATION_CONTEXT('2D SPACE',''
  ) );
#15343 = PCURVE('',#12077,#15344);
#15344 = DEFINITIONAL_REPRESENTATION('',(#15345),#15349);
#15345 = LINE('',#15346,#15347);
#15346 = CARTESIAN_POINT('',(0.,3.));
#15347 = VECTOR('',#15348,1.);
#15348 = DIRECTION('',(1.,0.));
#15349 = ( GEOMETRIC_REPRESENTATION_CONTEXT(2) 
PARAMETRIC_REPRESENTATION_CONTEXT() REPRESENTATION_CONTEXT('2D SPACE',''
  ) );
#15350 = ORIENTED_EDGE('',*,*,#12088,.F.);
#15351 = ADVANCED_FACE('',(#15352),#12077,.F.);
#15352 = FACE_BOUND('',#15353,.F.);
#15353 = EDGE_LOOP('',(#15354,#15355,#15356,#15377));
#15354 = ORIENTED_EDGE('',*,*,#15330,.F.);
#15355 = ORIENTED_EDGE('',*,*,#13924,.T.);
#15356 = ORIENTED_EDGE('',*,*,#15357,.T.);
#15357 = EDGE_CURVE('',#13904,#12037,#15358,.T.);
#15358 = SURFACE_CURVE('',#15359,(#15363,#15370),.PCURVE_S1.);
#15359 = LINE('',#15360,#15361);
#15360 = CARTESIAN_POINT('',(65.,96.715,71.7));
#15361 = VECTOR('',#15362,1.);
#15362 = DIRECTION('',(0.,0.,1.));
#15363 = PCURVE('',#12077,#15364);
#15364 = DEFINITIONAL_REPRESENTATION('',(#15365),#15369);
#15365 = LINE('',#15366,#15367);
#15366 = CARTESIAN_POINT('',(0.,0.));
#15367 = VECTOR('',#15368,1.);
#15368 = DIRECTION('',(1.,0.));
#15369 = ( GEOMETRIC_REPRESENTATION_CONTEXT(2) 
PARAMETRIC_REPRESENTATION_CONTEXT() REPRESENTATION_CONTEXT('2D SPACE',''
  ) );
#15370 = PCURVE('',#12051,#15371);
#15371 = DEFINITIONAL_REPRESENTATION('',(#15372),#15376);
#15372 = LINE('',#15373,#15374);
#15373 = CARTESIAN_POINT('',(0.,-22.));
#15374 = VECTOR('',#15375,1.);
#15375 = DIRECTION('',(1.,0.));
#15376 = ( GEOMETRIC_REPRESENTATION_CONTEXT(2) 
PARAMETRIC_REPRESENTATION_CONTEXT() REPRESENTATION_CONTEXT('2D SPACE',''
  ) );
#15377 = ORIENTED_EDGE('',*,*,#12062,.F.);
#15378 = ADVANCED_FACE('',(#15379),#12051,.T.);
#15379 = FACE_BOUND('',#15380,.T.);
#15380 = EDGE_LOOP('',(#15381,#15382,#15383,#15384));
#15381 = ORIENTED_EDGE('',*,*,#15303,.F.);
#15382 = ORIENTED_EDGE('',*,*,#13903,.T.);
#15383 = ORIENTED_EDGE('',*,*,#15357,.T.);
#15384 = ORIENTED_EDGE('',*,*,#12036,.F.);
#15385 = ADVANCED_FACE('',(#15386),#12135,.F.);
#15386 = FACE_BOUND('',#15387,.T.);
#15387 = EDGE_LOOP('',(#15388,#15417,#15438,#15439));
#15388 = ORIENTED_EDGE('',*,*,#15389,.F.);
#15389 = EDGE_CURVE('',#15390,#15390,#15392,.T.);
#15390 = VERTEX_POINT('',#15391);
#15391 = CARTESIAN_POINT('',(95.5,109.13,73.6));
#15392 = SURFACE_CURVE('',#15393,(#15398,#15405),.PCURVE_S1.);
#15393 = CIRCLE('',#15394,2.5);
#15394 = AXIS2_PLACEMENT_3D('',#15395,#15396,#15397);
#15395 = CARTESIAN_POINT('',(93.,109.13,73.6));
#15396 = DIRECTION('',(0.,0.,1.));
#15397 = DIRECTION('',(1.,0.,0.));
#15398 = PCURVE('',#12135,#15399);
#15399 = DEFINITIONAL_REPRESENTATION('',(#15400),#15404);
#15400 = LINE('',#15401,#15402);
#15401 = CARTESIAN_POINT('',(-0.,0.));
#15402 = VECTOR('',#15403,1.);
#15403 = DIRECTION('',(-1.,0.));
#15404 = ( GEOMETRIC_REPRESENTATION_CONTEXT(2) 
PARAMETRIC_REPRESENTATION_CONTEXT() REPRESENTATION_CONTEXT('2D SPACE',''
  ) );
#15405 = PCURVE('',#15406,#15411);
#15406 = PLANE('',#15407);
#15407 = AXIS2_PLACEMENT_3D('',#15408,#15409,#15410);
#15408 = CARTESIAN_POINT('',(4.,4.,73.6));
#15409 = DIRECTION('',(0.,0.,1.));
#15410 = DIRECTION('',(1.,0.,-0.));
#15411 = DEFINITIONAL_REPRESENTATION('',(#15412),#15416);
#15412 = CIRCLE('',#15413,2.5);
#15413 = AXIS2_PLACEMENT_2D('',#15414,#15415);
#15414 = CARTESIAN_POINT('',(89.,105.13));
#15415 = DIRECTION('',(1.,0.));
#15416 = ( GEOMETRIC_REPRESENTATION_CONTEXT(2) 
PARAMETRIC_REPRESENTATION_CONTEXT() REPRESENTATION_CONTEXT('2D SPACE',''
  ) );
#15417 = ORIENTED_EDGE('',*,*,#15418,.T.);
#15418 = EDGE_CURVE('',#15390,#12115,#15419,.T.);
#15419 = SEAM_CURVE('',#15420,(#15424,#15431),.PCURVE_S1.);
#15420 = LINE('',#15421,#15422);
#15421 = CARTESIAN_POINT('',(95.5,109.13,73.6));
#15422 = VECTOR('',#15423,1.);
#15423 = DIRECTION('',(0.,0.,1.));
#15424 = PCURVE('',#12135,#15425);
#15425 = DEFINITIONAL_REPRESENTATION('',(#15426),#15430);
#15426 = LINE('',#15427,#15428);
#15427 = CARTESIAN_POINT('',(-6.28318530718,0.));
#15428 = VECTOR('',#15429,1.);
#15429 = DIRECTION('',(-0.,-1.));
#15430 = ( GEOMETRIC_REPRESENTATION_CONTEXT(2) 
PARAMETRIC_REPRESENTATION_CONTEXT() REPRESENTATION_CONTEXT('2D SPACE',''
  ) );
#15431 = PCURVE('',#12135,#15432);
#15432 = DEFINITIONAL_REPRESENTATION('',(#15433),#15437);
#15433 = LINE('',#15434,#15435);
#15434 = CARTESIAN_POINT('',(-0.,0.));
#15435 = VECTOR('',#15436,1.);
#15436 = DIRECTION('',(-0.,-1.));
#15437 = ( GEOMETRIC_REPRESENTATION_CONTEXT(2) 
PARAMETRIC_REPRESENTATION_CONTEXT() REPRESENTATION_CONTEXT('2D SPACE',''
  ) );
#15438 = ORIENTED_EDGE('',*,*,#12114,.F.);
#15439 = ORIENTED_EDGE('',*,*,#15418,.F.);
#15440 = ADVANCED_FACE('',(#15441),#12246,.F.);
#15441 = FACE_BOUND('',#15442,.T.);
#15442 = EDGE_LOOP('',(#15443,#15466,#15467,#15468));
#15443 = ORIENTED_EDGE('',*,*,#15444,.F.);
#15444 = EDGE_CURVE('',#12226,#15445,#15447,.T.);
#15445 = VERTEX_POINT('',#15446);
#15446 = CARTESIAN_POINT('',(5.4,4.,73.6));
#15447 = SEAM_CURVE('',#15448,(#15452,#15459),.PCURVE_S1.);
#15448 = LINE('',#15449,#15450);
#15449 = CARTESIAN_POINT('',(5.4,4.,71.7));
#15450 = VECTOR('',#15451,1.);
#15451 = DIRECTION('',(0.,0.,1.));
#15452 = PCURVE('',#12246,#15453);
#15453 = DEFINITIONAL_REPRESENTATION('',(#15454),#15458);
#15454 = LINE('',#15455,#15456);
#15455 = CARTESIAN_POINT('',(-6.28318530718,0.));
#15456 = VECTOR('',#15457,1.);
#15457 = DIRECTION('',(-0.,-1.));
#15458 = ( GEOMETRIC_REPRESENTATION_CONTEXT(2) 
PARAMETRIC_REPRESENTATION_CONTEXT() REPRESENTATION_CONTEXT('2D SPACE',''
  ) );
#15459 = PCURVE('',#12246,#15460);
#15460 = DEFINITIONAL_REPRESENTATION('',(#15461),#15465);
#15461 = LINE('',#15462,#15463);
#15462 = CARTESIAN_POINT('',(-0.,0.));
#15463 = VECTOR('',#15464,1.);
#15464 = DIRECTION('',(-0.,-1.));
#15465 = ( GEOMETRIC_REPRESENTATION_CONTEXT(2) 
PARAMETRIC_REPRESENTATION_CONTEXT() REPRESENTATION_CONTEXT('2D SPACE',''
  ) );
#15466 = ORIENTED_EDGE('',*,*,#12225,.T.);
#15467 = ORIENTED_EDGE('',*,*,#15444,.T.);
#15468 = ORIENTED_EDGE('',*,*,#15469,.F.);
#15469 = EDGE_CURVE('',#15445,#15445,#15470,.T.);
#15470 = SURFACE_CURVE('',#15471,(#15476,#15483),.PCURVE_S1.);
#15471 = CIRCLE('',#15472,1.4);
#15472 = AXIS2_PLACEMENT_3D('',#15473,#15474,#15475);
#15473 = CARTESIAN_POINT('',(4.,4.,73.6));
#15474 = DIRECTION('',(0.,0.,-1.));
#15475 = DIRECTION('',(1.,0.,0.));
#15476 = PCURVE('',#12246,#15477);
#15477 = DEFINITIONAL_REPRESENTATION('',(#15478),#15482);
#15478 = LINE('',#15479,#15480);
#15479 = CARTESIAN_POINT('',(-6.28318530718,-1.9));
#15480 = VECTOR('',#15481,1.);
#15481 = DIRECTION('',(1.,-0.));
#15482 = ( GEOMETRIC_REPRESENTATION_CONTEXT(2) 
PARAMETRIC_REPRESENTATION_CONTEXT() REPRESENTATION_CONTEXT('2D SPACE',''
  ) );
#15483 = PCURVE('',#14026,#15484);
#15484 = DEFINITIONAL_REPRESENTATION('',(#15485),#15493);
#15485 = ( BOUNDED_CURVE() B_SPLINE_CURVE(2,(#15486,#15487,#15488,#15489
    ,#15490,#15491,#15492),.UNSPECIFIED.,.T.,.F.) 
B_SPLINE_CURVE_WITH_KNOTS((1,2,2,2,2,1),(-2.094395102393,0.,
    2.094395102393,4.188790204786,6.28318530718,8.377580409573),
.UNSPECIFIED.) CURVE() GEOMETRIC_REPRESENTATION_ITEM() 
RATIONAL_B_SPLINE_CURVE((1.,0.5,1.,0.5,1.,0.5,1.)) REPRESENTATION_ITEM(
  '') );
#15486 = CARTESIAN_POINT('',(1.4,-8.881784197001E-16));
#15487 = CARTESIAN_POINT('',(1.4,-2.424871130596));
#15488 = CARTESIAN_POINT('',(-0.7,-1.212435565298));
#15489 = CARTESIAN_POINT('',(-2.8,-1.231079523461E-15));
#15490 = CARTESIAN_POINT('',(-0.7,1.212435565298));
#15491 = CARTESIAN_POINT('',(1.4,2.424871130596));
#15492 = CARTESIAN_POINT('',(1.4,-8.881784197001E-16));
#15493 = ( GEOMETRIC_REPRESENTATION_CONTEXT(2) 
PARAMETRIC_REPRESENTATION_CONTEXT() REPRESENTATION_CONTEXT('2D SPACE',''
  ) );
#15494 = ADVANCED_FACE('',(#15495),#12278,.F.);
#15495 = FACE_BOUND('',#15496,.F.);
#15496 = EDGE_LOOP('',(#15497,#15520,#15548,#15569));
#15497 = ORIENTED_EDGE('',*,*,#15498,.F.);
#15498 = EDGE_CURVE('',#15499,#12261,#15501,.T.);
#15499 = VERTEX_POINT('',#15500);
#15500 = CARTESIAN_POINT('',(10.,3.4,69.2));
#15501 = SURFACE_CURVE('',#15502,(#15506,#15513),.PCURVE_S1.);
#15502 = LINE('',#15503,#15504);
#15503 = CARTESIAN_POINT('',(10.,3.4,69.2));
#15504 = VECTOR('',#15505,1.);
#15505 = DIRECTION('',(0.,0.,1.));
#15506 = PCURVE('',#12278,#15507);
#15507 = DEFINITIONAL_REPRESENTATION('',(#15508),#15512);
#15508 = LINE('',#15509,#15510);
#15509 = CARTESIAN_POINT('',(0.,0.));
#15510 = VECTOR('',#15511,1.);
#15511 = DIRECTION('',(1.,0.));
#15512 = ( GEOMETRIC_REPRESENTATION_CONTEXT(2) 
PARAMETRIC_REPRESENTATION_CONTEXT() REPRESENTATION_CONTEXT('2D SPACE',''
  ) );
#15513 = PCURVE('',#12360,#15514);
#15514 = DEFINITIONAL_REPRESENTATION('',(#15515),#15519);
#15515 = LINE('',#15516,#15517);
#15516 = CARTESIAN_POINT('',(0.,0.));
#15517 = VECTOR('',#15518,1.);
#15518 = DIRECTION('',(1.,0.));
#15519 = ( GEOMETRIC_REPRESENTATION_CONTEXT(2) 
PARAMETRIC_REPRESENTATION_CONTEXT() REPRESENTATION_CONTEXT('2D SPACE',''
  ) );
#15520 = ORIENTED_EDGE('',*,*,#15521,.T.);
#15521 = EDGE_CURVE('',#15499,#15522,#15524,.T.);
#15522 = VERTEX_POINT('',#15523);
#15523 = CARTESIAN_POINT('',(10.,5.,69.2));
#15524 = SURFACE_CURVE('',#15525,(#15529,#15536),.PCURVE_S1.);
#15525 = LINE('',#15526,#15527);
#15526 = CARTESIAN_POINT('',(10.,3.4,69.2));
#15527 = VECTOR('',#15528,1.);
#15528 = DIRECTION('',(0.,1.,0.));
#15529 = PCURVE('',#12278,#15530);
#15530 = DEFINITIONAL_REPRESENTATION('',(#15531),#15535);
#15531 = LINE('',#15532,#15533);
#15532 = CARTESIAN_POINT('',(0.,0.));
#15533 = VECTOR('',#15534,1.);
#15534 = DIRECTION('',(0.,-1.));
#15535 = ( GEOMETRIC_REPRESENTATION_CONTEXT(2) 
PARAMETRIC_REPRESENTATION_CONTEXT() REPRESENTATION_CONTEXT('2D SPACE',''
  ) );
#15536 = PCURVE('',#15537,#15542);
#15537 = PLANE('',#15538);
#15538 = AXIS2_PLACEMENT_3D('',#15539,#15540,#15541);
#15539 = CARTESIAN_POINT('',(10.,3.4,69.2));
#15540 = DIRECTION('',(0.,0.,1.));
#15541 = DIRECTION('',(1.,0.,0.));
#15542 = DEFINITIONAL_REPRESENTATION('',(#15543),#15547);
#15543 = LINE('',#15544,#15545);
#15544 = CARTESIAN_POINT('',(0.,0.));
#15545 = VECTOR('',#15546,1.);
#15546 = DIRECTION('',(0.,1.));
#15547 = ( GEOMETRIC_REPRESENTATION_CONTEXT(2) 
PARAMETRIC_REPRESENTATION_CONTEXT() REPRESENTATION_CONTEXT('2D SPACE',''
  ) );
#15548 = ORIENTED_EDGE('',*,*,#15549,.T.);
#15549 = EDGE_CURVE('',#15522,#12263,#15550,.T.);
#15550 = SURFACE_CURVE('',#15551,(#15555,#15562),.PCURVE_S1.);
#15551 = LINE('',#15552,#15553);
#15552 = CARTESIAN_POINT('',(10.,5.,69.2));
#15553 = VECTOR('',#15554,1.);
#15554 = DIRECTION('',(0.,0.,1.));
#15555 = PCURVE('',#12278,#15556);
#15556 = DEFINITIONAL_REPRESENTATION('',(#15557),#15561);
#15557 = LINE('',#15558,#15559);
#15558 = CARTESIAN_POINT('',(0.,-1.6));
#15559 = VECTOR('',#15560,1.);
#15560 = DIRECTION('',(1.,0.));
#15561 = ( GEOMETRIC_REPRESENTATION_CONTEXT(2) 
PARAMETRIC_REPRESENTATION_CONTEXT() REPRESENTATION_CONTEXT('2D SPACE',''
  ) );
#15562 = PCURVE('',#12306,#15563);
#15563 = DEFINITIONAL_REPRESENTATION('',(#15564),#15568);
#15564 = LINE('',#15565,#15566);
#15565 = CARTESIAN_POINT('',(0.,0.));
#15566 = VECTOR('',#15567,1.);
#15567 = DIRECTION('',(1.,0.));
#15568 = ( GEOMETRIC_REPRESENTATION_CONTEXT(2) 
PARAMETRIC_REPRESENTATION_CONTEXT() REPRESENTATION_CONTEXT('2D SPACE',''
  ) );
#15569 = ORIENTED_EDGE('',*,*,#12260,.F.);
#15570 = ADVANCED_FACE('',(#15571),#12306,.T.);
#15571 = FACE_BOUND('',#15572,.T.);
#15572 = EDGE_LOOP('',(#15573,#15596,#15597,#15598));
#15573 = ORIENTED_EDGE('',*,*,#15574,.F.);
#15574 = EDGE_CURVE('',#15522,#15575,#15577,.T.);
#15575 = VERTEX_POINT('',#15576);
#15576 = CARTESIAN_POINT('',(87.,5.,69.2));
#15577 = SURFACE_CURVE('',#15578,(#15582,#15589),.PCURVE_S1.);
#15578 = LINE('',#15579,#15580);
#15579 = CARTESIAN_POINT('',(10.,5.,69.2));
#15580 = VECTOR('',#15581,1.);
#15581 = DIRECTION('',(1.,0.,0.));
#15582 = PCURVE('',#12306,#15583);
#15583 = DEFINITIONAL_REPRESENTATION('',(#15584),#15588);
#15584 = LINE('',#15585,#15586);
#15585 = CARTESIAN_POINT('',(0.,0.));
#15586 = VECTOR('',#15587,1.);
#15587 = DIRECTION('',(0.,1.));
#15588 = ( GEOMETRIC_REPRESENTATION_CONTEXT(2) 
PARAMETRIC_REPRESENTATION_CONTEXT() REPRESENTATION_CONTEXT('2D SPACE',''
  ) );
#15589 = PCURVE('',#15537,#15590);
#15590 = DEFINITIONAL_REPRESENTATION('',(#15591),#15595);
#15591 = LINE('',#15592,#15593);
#15592 = CARTESIAN_POINT('',(0.,1.6));
#15593 = VECTOR('',#15594,1.);
#15594 = DIRECTION('',(1.,0.));
#15595 = ( GEOMETRIC_REPRESENTATION_CONTEXT(2) 
PARAMETRIC_REPRESENTATION_CONTEXT() REPRESENTATION_CONTEXT('2D SPACE',''
  ) );
#15596 = ORIENTED_EDGE('',*,*,#15549,.T.);
#15597 = ORIENTED_EDGE('',*,*,#12290,.T.);
#15598 = ORIENTED_EDGE('',*,*,#15599,.F.);
#15599 = EDGE_CURVE('',#15575,#12291,#15600,.T.);
#15600 = SURFACE_CURVE('',#15601,(#15605,#15612),.PCURVE_S1.);
#15601 = LINE('',#15602,#15603);
#15602 = CARTESIAN_POINT('',(87.,5.,69.2));
#15603 = VECTOR('',#15604,1.);
#15604 = DIRECTION('',(0.,0.,1.));
#15605 = PCURVE('',#12306,#15606);
#15606 = DEFINITIONAL_REPRESENTATION('',(#15607),#15611);
#15607 = LINE('',#15608,#15609);
#15608 = CARTESIAN_POINT('',(0.,77.));
#15609 = VECTOR('',#15610,1.);
#15610 = DIRECTION('',(1.,0.));
#15611 = ( GEOMETRIC_REPRESENTATION_CONTEXT(2) 
PARAMETRIC_REPRESENTATION_CONTEXT() REPRESENTATION_CONTEXT('2D SPACE',''
  ) );
#15612 = PCURVE('',#12334,#15613);
#15613 = DEFINITIONAL_REPRESENTATION('',(#15614),#15618);
#15614 = LINE('',#15615,#15616);
#15615 = CARTESIAN_POINT('',(0.,-1.6));
#15616 = VECTOR('',#15617,1.);
#15617 = DIRECTION('',(1.,0.));
#15618 = ( GEOMETRIC_REPRESENTATION_CONTEXT(2) 
PARAMETRIC_REPRESENTATION_CONTEXT() REPRESENTATION_CONTEXT('2D SPACE',''
  ) );
#15619 = ADVANCED_FACE('',(#15620),#12360,.F.);
#15620 = FACE_BOUND('',#15621,.F.);
#15621 = EDGE_LOOP('',(#15622,#15645,#15646,#15647));
#15622 = ORIENTED_EDGE('',*,*,#15623,.F.);
#15623 = EDGE_CURVE('',#15499,#15624,#15626,.T.);
#15624 = VERTEX_POINT('',#15625);
#15625 = CARTESIAN_POINT('',(87.,3.4,69.2));
#15626 = SURFACE_CURVE('',#15627,(#15631,#15638),.PCURVE_S1.);
#15627 = LINE('',#15628,#15629);
#15628 = CARTESIAN_POINT('',(10.,3.4,69.2));
#15629 = VECTOR('',#15630,1.);
#15630 = DIRECTION('',(1.,0.,0.));
#15631 = PCURVE('',#12360,#15632);
#15632 = DEFINITIONAL_REPRESENTATION('',(#15633),#15637);
#15633 = LINE('',#15634,#15635);
#15634 = CARTESIAN_POINT('',(0.,0.));
#15635 = VECTOR('',#15636,1.);
#15636 = DIRECTION('',(0.,1.));
#15637 = ( GEOMETRIC_REPRESENTATION_CONTEXT(2) 
PARAMETRIC_REPRESENTATION_CONTEXT() REPRESENTATION_CONTEXT('2D SPACE',''
  ) );
#15638 = PCURVE('',#15537,#15639);
#15639 = DEFINITIONAL_REPRESENTATION('',(#15640),#15644);
#15640 = LINE('',#15641,#15642);
#15641 = CARTESIAN_POINT('',(0.,0.));
#15642 = VECTOR('',#15643,1.);
#15643 = DIRECTION('',(1.,0.));
#15644 = ( GEOMETRIC_REPRESENTATION_CONTEXT(2) 
PARAMETRIC_REPRESENTATION_CONTEXT() REPRESENTATION_CONTEXT('2D SPACE',''
  ) );
#15645 = ORIENTED_EDGE('',*,*,#15498,.T.);
#15646 = ORIENTED_EDGE('',*,*,#12346,.T.);
#15647 = ORIENTED_EDGE('',*,*,#15648,.F.);
#15648 = EDGE_CURVE('',#15624,#12319,#15649,.T.);
#15649 = SURFACE_CURVE('',#15650,(#15654,#15661),.PCURVE_S1.);
#15650 = LINE('',#15651,#15652);
#15651 = CARTESIAN_POINT('',(87.,3.4,69.2));
#15652 = VECTOR('',#15653,1.);
#15653 = DIRECTION('',(0.,0.,1.));
#15654 = PCURVE('',#12360,#15655);
#15655 = DEFINITIONAL_REPRESENTATION('',(#15656),#15660);
#15656 = LINE('',#15657,#15658);
#15657 = CARTESIAN_POINT('',(0.,77.));
#15658 = VECTOR('',#15659,1.);
#15659 = DIRECTION('',(1.,0.));
#15660 = ( GEOMETRIC_REPRESENTATION_CONTEXT(2) 
PARAMETRIC_REPRESENTATION_CONTEXT() REPRESENTATION_CONTEXT('2D SPACE',''
  ) );
#15661 = PCURVE('',#12334,#15662);
#15662 = DEFINITIONAL_REPRESENTATION('',(#15663),#15667);
#15663 = LINE('',#15664,#15665);
#15664 = CARTESIAN_POINT('',(0.,0.));
#15665 = VECTOR('',#15666,1.);
#15666 = DIRECTION('',(1.,0.));
#15667 = ( GEOMETRIC_REPRESENTATION_CONTEXT(2) 
PARAMETRIC_REPRESENTATION_CONTEXT() REPRESENTATION_CONTEXT('2D SPACE',''
  ) );
#15668 = ADVANCED_FACE('',(#15669),#12334,.T.);
#15669 = FACE_BOUND('',#15670,.T.);
#15670 = EDGE_LOOP('',(#15671,#15672,#15693,#15694));
#15671 = ORIENTED_EDGE('',*,*,#15648,.F.);
#15672 = ORIENTED_EDGE('',*,*,#15673,.T.);
#15673 = EDGE_CURVE('',#15624,#15575,#15674,.T.);
#15674 = SURFACE_CURVE('',#15675,(#15679,#15686),.PCURVE_S1.);
#15675 = LINE('',#15676,#15677);
#15676 = CARTESIAN_POINT('',(87.,3.4,69.2));
#15677 = VECTOR('',#15678,1.);
#15678 = DIRECTION('',(0.,1.,0.));
#15679 = PCURVE('',#12334,#15680);
#15680 = DEFINITIONAL_REPRESENTATION('',(#15681),#15685);
#15681 = LINE('',#15682,#15683);
#15682 = CARTESIAN_POINT('',(0.,0.));
#15683 = VECTOR('',#15684,1.);
#15684 = DIRECTION('',(0.,-1.));
#15685 = ( GEOMETRIC_REPRESENTATION_CONTEXT(2) 
PARAMETRIC_REPRESENTATION_CONTEXT() REPRESENTATION_CONTEXT('2D SPACE',''
  ) );
#15686 = PCURVE('',#15537,#15687);
#15687 = DEFINITIONAL_REPRESENTATION('',(#15688),#15692);
#15688 = LINE('',#15689,#15690);
#15689 = CARTESIAN_POINT('',(77.,0.));
#15690 = VECTOR('',#15691,1.);
#15691 = DIRECTION('',(0.,1.));
#15692 = ( GEOMETRIC_REPRESENTATION_CONTEXT(2) 
PARAMETRIC_REPRESENTATION_CONTEXT() REPRESENTATION_CONTEXT('2D SPACE',''
  ) );
#15693 = ORIENTED_EDGE('',*,*,#15599,.T.);
#15694 = ORIENTED_EDGE('',*,*,#12318,.F.);
#15695 = ADVANCED_FACE('',(#15696),#12512,.F.);
#15696 = FACE_BOUND('',#15697,.F.);
#15697 = EDGE_LOOP('',(#15698,#15721,#15749,#15770));
#15698 = ORIENTED_EDGE('',*,*,#15699,.F.);
#15699 = EDGE_CURVE('',#15700,#12495,#15702,.T.);
#15700 = VERTEX_POINT('',#15701);
#15701 = CARTESIAN_POINT('',(3.4,10.,69.2));
#15702 = SURFACE_CURVE('',#15703,(#15707,#15714),.PCURVE_S1.);
#15703 = LINE('',#15704,#15705);
#15704 = CARTESIAN_POINT('',(3.4,10.,69.2));
#15705 = VECTOR('',#15706,1.);
#15706 = DIRECTION('',(0.,0.,1.));
#15707 = PCURVE('',#12512,#15708);
#15708 = DEFINITIONAL_REPRESENTATION('',(#15709),#15713);
#15709 = LINE('',#15710,#15711);
#15710 = CARTESIAN_POINT('',(0.,0.));
#15711 = VECTOR('',#15712,1.);
#15712 = DIRECTION('',(1.,0.));
#15713 = ( GEOMETRIC_REPRESENTATION_CONTEXT(2) 
PARAMETRIC_REPRESENTATION_CONTEXT() REPRESENTATION_CONTEXT('2D SPACE',''
  ) );
#15714 = PCURVE('',#12594,#15715);
#15715 = DEFINITIONAL_REPRESENTATION('',(#15716),#15720);
#15716 = LINE('',#15717,#15718);
#15717 = CARTESIAN_POINT('',(0.,0.));
#15718 = VECTOR('',#15719,1.);
#15719 = DIRECTION('',(1.,0.));
#15720 = ( GEOMETRIC_REPRESENTATION_CONTEXT(2) 
PARAMETRIC_REPRESENTATION_CONTEXT() REPRESENTATION_CONTEXT('2D SPACE',''
  ) );
#15721 = ORIENTED_EDGE('',*,*,#15722,.T.);
#15722 = EDGE_CURVE('',#15700,#15723,#15725,.T.);
#15723 = VERTEX_POINT('',#15724);
#15724 = CARTESIAN_POINT('',(3.4,103.13,69.2));
#15725 = SURFACE_CURVE('',#15726,(#15730,#15737),.PCURVE_S1.);
#15726 = LINE('',#15727,#15728);
#15727 = CARTESIAN_POINT('',(3.4,10.,69.2));
#15728 = VECTOR('',#15729,1.);
#15729 = DIRECTION('',(0.,1.,0.));
#15730 = PCURVE('',#12512,#15731);
#15731 = DEFINITIONAL_REPRESENTATION('',(#15732),#15736);
#15732 = LINE('',#15733,#15734);
#15733 = CARTESIAN_POINT('',(0.,0.));
#15734 = VECTOR('',#15735,1.);
#15735 = DIRECTION('',(0.,-1.));
#15736 = ( GEOMETRIC_REPRESENTATION_CONTEXT(2) 
PARAMETRIC_REPRESENTATION_CONTEXT() REPRESENTATION_CONTEXT('2D SPACE',''
  ) );
#15737 = PCURVE('',#15738,#15743);
#15738 = PLANE('',#15739);
#15739 = AXIS2_PLACEMENT_3D('',#15740,#15741,#15742);
#15740 = CARTESIAN_POINT('',(3.4,10.,69.2));
#15741 = DIRECTION('',(0.,0.,1.));
#15742 = DIRECTION('',(1.,0.,0.));
#15743 = DEFINITIONAL_REPRESENTATION('',(#15744),#15748);
#15744 = LINE('',#15745,#15746);
#15745 = CARTESIAN_POINT('',(0.,0.));
#15746 = VECTOR('',#15747,1.);
#15747 = DIRECTION('',(0.,1.));
#15748 = ( GEOMETRIC_REPRESENTATION_CONTEXT(2) 
PARAMETRIC_REPRESENTATION_CONTEXT() REPRESENTATION_CONTEXT('2D SPACE',''
  ) );
#15749 = ORIENTED_EDGE('',*,*,#15750,.T.);
#15750 = EDGE_CURVE('',#15723,#12497,#15751,.T.);
#15751 = SURFACE_CURVE('',#15752,(#15756,#15763),.PCURVE_S1.);
#15752 = LINE('',#15753,#15754);
#15753 = CARTESIAN_POINT('',(3.4,103.13,69.2));
#15754 = VECTOR('',#15755,1.);
#15755 = DIRECTION('',(0.,0.,1.));
#15756 = PCURVE('',#12512,#15757);
#15757 = DEFINITIONAL_REPRESENTATION('',(#15758),#15762);
#15758 = LINE('',#15759,#15760);
#15759 = CARTESIAN_POINT('',(0.,-93.13));
#15760 = VECTOR('',#15761,1.);
#15761 = DIRECTION('',(1.,0.));
#15762 = ( GEOMETRIC_REPRESENTATION_CONTEXT(2) 
PARAMETRIC_REPRESENTATION_CONTEXT() REPRESENTATION_CONTEXT('2D SPACE',''
  ) );
#15763 = PCURVE('',#12540,#15764);
#15764 = DEFINITIONAL_REPRESENTATION('',(#15765),#15769);
#15765 = LINE('',#15766,#15767);
#15766 = CARTESIAN_POINT('',(0.,0.));
#15767 = VECTOR('',#15768,1.);
#15768 = DIRECTION('',(1.,0.));
#15769 = ( GEOMETRIC_REPRESENTATION_CONTEXT(2) 
PARAMETRIC_REPRESENTATION_CONTEXT() REPRESENTATION_CONTEXT('2D SPACE',''
  ) );
#15770 = ORIENTED_EDGE('',*,*,#12494,.F.);
#15771 = ADVANCED_FACE('',(#15772),#12540,.T.);
#15772 = FACE_BOUND('',#15773,.T.);
#15773 = EDGE_LOOP('',(#15774,#15797,#15798,#15799));
#15774 = ORIENTED_EDGE('',*,*,#15775,.F.);
#15775 = EDGE_CURVE('',#15723,#15776,#15778,.T.);
#15776 = VERTEX_POINT('',#15777);
#15777 = CARTESIAN_POINT('',(5.,103.13,69.2));
#15778 = SURFACE_CURVE('',#15779,(#15783,#15790),.PCURVE_S1.);
#15779 = LINE('',#15780,#15781);
#15780 = CARTESIAN_POINT('',(3.4,103.13,69.2));
#15781 = VECTOR('',#15782,1.);
#15782 = DIRECTION('',(1.,0.,0.));
#15783 = PCURVE('',#12540,#15784);
#15784 = DEFINITIONAL_REPRESENTATION('',(#15785),#15789);
#15785 = LINE('',#15786,#15787);
#15786 = CARTESIAN_POINT('',(0.,0.));
#15787 = VECTOR('',#15788,1.);
#15788 = DIRECTION('',(0.,1.));
#15789 = ( GEOMETRIC_REPRESENTATION_CONTEXT(2) 
PARAMETRIC_REPRESENTATION_CONTEXT() REPRESENTATION_CONTEXT('2D SPACE',''
  ) );
#15790 = PCURVE('',#15738,#15791);
#15791 = DEFINITIONAL_REPRESENTATION('',(#15792),#15796);
#15792 = LINE('',#15793,#15794);
#15793 = CARTESIAN_POINT('',(0.,93.13));
#15794 = VECTOR('',#15795,1.);
#15795 = DIRECTION('',(1.,0.));
#15796 = ( GEOMETRIC_REPRESENTATION_CONTEXT(2) 
PARAMETRIC_REPRESENTATION_CONTEXT() REPRESENTATION_CONTEXT('2D SPACE',''
  ) );
#15797 = ORIENTED_EDGE('',*,*,#15750,.T.);
#15798 = ORIENTED_EDGE('',*,*,#12524,.T.);
#15799 = ORIENTED_EDGE('',*,*,#15800,.F.);
#15800 = EDGE_CURVE('',#15776,#12525,#15801,.T.);
#15801 = SURFACE_CURVE('',#15802,(#15806,#15813),.PCURVE_S1.);
#15802 = LINE('',#15803,#15804);
#15803 = CARTESIAN_POINT('',(5.,103.13,69.2));
#15804 = VECTOR('',#15805,1.);
#15805 = DIRECTION('',(0.,0.,1.));
#15806 = PCURVE('',#12540,#15807);
#15807 = DEFINITIONAL_REPRESENTATION('',(#15808),#15812);
#15808 = LINE('',#15809,#15810);
#15809 = CARTESIAN_POINT('',(0.,1.6));
#15810 = VECTOR('',#15811,1.);
#15811 = DIRECTION('',(1.,0.));
#15812 = ( GEOMETRIC_REPRESENTATION_CONTEXT(2) 
PARAMETRIC_REPRESENTATION_CONTEXT() REPRESENTATION_CONTEXT('2D SPACE',''
  ) );
#15813 = PCURVE('',#12568,#15814);
#15814 = DEFINITIONAL_REPRESENTATION('',(#15815),#15819);
#15815 = LINE('',#15816,#15817);
#15816 = CARTESIAN_POINT('',(0.,-93.13));
#15817 = VECTOR('',#15818,1.);
#15818 = DIRECTION('',(1.,0.));
#15819 = ( GEOMETRIC_REPRESENTATION_CONTEXT(2) 
PARAMETRIC_REPRESENTATION_CONTEXT() REPRESENTATION_CONTEXT('2D SPACE',''
  ) );
#15820 = ADVANCED_FACE('',(#15821),#12594,.F.);
#15821 = FACE_BOUND('',#15822,.F.);
#15822 = EDGE_LOOP('',(#15823,#15846,#15847,#15848));
#15823 = ORIENTED_EDGE('',*,*,#15824,.F.);
#15824 = EDGE_CURVE('',#15700,#15825,#15827,.T.);
#15825 = VERTEX_POINT('',#15826);
#15826 = CARTESIAN_POINT('',(5.,10.,69.2));
#15827 = SURFACE_CURVE('',#15828,(#15832,#15839),.PCURVE_S1.);
#15828 = LINE('',#15829,#15830);
#15829 = CARTESIAN_POINT('',(3.4,10.,69.2));
#15830 = VECTOR('',#15831,1.);
#15831 = DIRECTION('',(1.,0.,0.));
#15832 = PCURVE('',#12594,#15833);
#15833 = DEFINITIONAL_REPRESENTATION('',(#15834),#15838);
#15834 = LINE('',#15835,#15836);
#15835 = CARTESIAN_POINT('',(0.,0.));
#15836 = VECTOR('',#15837,1.);
#15837 = DIRECTION('',(0.,1.));
#15838 = ( GEOMETRIC_REPRESENTATION_CONTEXT(2) 
PARAMETRIC_REPRESENTATION_CONTEXT() REPRESENTATION_CONTEXT('2D SPACE',''
  ) );
#15839 = PCURVE('',#15738,#15840);
#15840 = DEFINITIONAL_REPRESENTATION('',(#15841),#15845);
#15841 = LINE('',#15842,#15843);
#15842 = CARTESIAN_POINT('',(0.,0.));
#15843 = VECTOR('',#15844,1.);
#15844 = DIRECTION('',(1.,0.));
#15845 = ( GEOMETRIC_REPRESENTATION_CONTEXT(2) 
PARAMETRIC_REPRESENTATION_CONTEXT() REPRESENTATION_CONTEXT('2D SPACE',''
  ) );
#15846 = ORIENTED_EDGE('',*,*,#15699,.T.);
#15847 = ORIENTED_EDGE('',*,*,#12580,.T.);
#15848 = ORIENTED_EDGE('',*,*,#15849,.F.);
#15849 = EDGE_CURVE('',#15825,#12553,#15850,.T.);
#15850 = SURFACE_CURVE('',#15851,(#15855,#15862),.PCURVE_S1.);
#15851 = LINE('',#15852,#15853);
#15852 = CARTESIAN_POINT('',(5.,10.,69.2));
#15853 = VECTOR('',#15854,1.);
#15854 = DIRECTION('',(0.,0.,1.));
#15855 = PCURVE('',#12594,#15856);
#15856 = DEFINITIONAL_REPRESENTATION('',(#15857),#15861);
#15857 = LINE('',#15858,#15859);
#15858 = CARTESIAN_POINT('',(0.,1.6));
#15859 = VECTOR('',#15860,1.);
#15860 = DIRECTION('',(1.,0.));
#15861 = ( GEOMETRIC_REPRESENTATION_CONTEXT(2) 
PARAMETRIC_REPRESENTATION_CONTEXT() REPRESENTATION_CONTEXT('2D SPACE',''
  ) );
#15862 = PCURVE('',#12568,#15863);
#15863 = DEFINITIONAL_REPRESENTATION('',(#15864),#15868);
#15864 = LINE('',#15865,#15866);
#15865 = CARTESIAN_POINT('',(0.,0.));
#15866 = VECTOR('',#15867,1.);
#15867 = DIRECTION('',(1.,0.));
#15868 = ( GEOMETRIC_REPRESENTATION_CONTEXT(2) 
PARAMETRIC_REPRESENTATION_CONTEXT() REPRESENTATION_CONTEXT('2D SPACE',''
  ) );
#15869 = ADVANCED_FACE('',(#15870),#12568,.T.);
#15870 = FACE_BOUND('',#15871,.T.);
#15871 = EDGE_LOOP('',(#15872,#15873,#15894,#15895));
#15872 = ORIENTED_EDGE('',*,*,#15849,.F.);
#15873 = ORIENTED_EDGE('',*,*,#15874,.T.);
#15874 = EDGE_CURVE('',#15825,#15776,#15875,.T.);
#15875 = SURFACE_CURVE('',#15876,(#15880,#15887),.PCURVE_S1.);
#15876 = LINE('',#15877,#15878);
#15877 = CARTESIAN_POINT('',(5.,10.,69.2));
#15878 = VECTOR('',#15879,1.);
#15879 = DIRECTION('',(0.,1.,0.));
#15880 = PCURVE('',#12568,#15881);
#15881 = DEFINITIONAL_REPRESENTATION('',(#15882),#15886);
#15882 = LINE('',#15883,#15884);
#15883 = CARTESIAN_POINT('',(0.,0.));
#15884 = VECTOR('',#15885,1.);
#15885 = DIRECTION('',(0.,-1.));
#15886 = ( GEOMETRIC_REPRESENTATION_CONTEXT(2) 
PARAMETRIC_REPRESENTATION_CONTEXT() REPRESENTATION_CONTEXT('2D SPACE',''
  ) );
#15887 = PCURVE('',#15738,#15888);
#15888 = DEFINITIONAL_REPRESENTATION('',(#15889),#15893);
#15889 = LINE('',#15890,#15891);
#15890 = CARTESIAN_POINT('',(1.6,0.));
#15891 = VECTOR('',#15892,1.);
#15892 = DIRECTION('',(0.,1.));
#15893 = ( GEOMETRIC_REPRESENTATION_CONTEXT(2) 
PARAMETRIC_REPRESENTATION_CONTEXT() REPRESENTATION_CONTEXT('2D SPACE',''
  ) );
#15894 = ORIENTED_EDGE('',*,*,#15800,.T.);
#15895 = ORIENTED_EDGE('',*,*,#12552,.F.);
#15896 = ADVANCED_FACE('',(#15897),#12989,.F.);
#15897 = FACE_BOUND('',#15898,.T.);
#15898 = EDGE_LOOP('',(#15899,#15922,#15923,#15924));
#15899 = ORIENTED_EDGE('',*,*,#15900,.F.);
#15900 = EDGE_CURVE('',#12969,#15901,#15903,.T.);
#15901 = VERTEX_POINT('',#15902);
#15902 = CARTESIAN_POINT('',(94.4,4.,73.6));
#15903 = SEAM_CURVE('',#15904,(#15908,#15915),.PCURVE_S1.);
#15904 = LINE('',#15905,#15906);
#15905 = CARTESIAN_POINT('',(94.4,4.,71.7));
#15906 = VECTOR('',#15907,1.);
#15907 = DIRECTION('',(0.,0.,1.));
#15908 = PCURVE('',#12989,#15909);
#15909 = DEFINITIONAL_REPRESENTATION('',(#15910),#15914);
#15910 = LINE('',#15911,#15912);
#15911 = CARTESIAN_POINT('',(-6.28318530718,0.));
#15912 = VECTOR('',#15913,1.);
#15913 = DIRECTION('',(-0.,-1.));
#15914 = ( GEOMETRIC_REPRESENTATION_CONTEXT(2) 
PARAMETRIC_REPRESENTATION_CONTEXT() REPRESENTATION_CONTEXT('2D SPACE',''
  ) );
#15915 = PCURVE('',#12989,#15916);
#15916 = DEFINITIONAL_REPRESENTATION('',(#15917),#15921);
#15917 = LINE('',#15918,#15919);
#15918 = CARTESIAN_POINT('',(-0.,0.));
#15919 = VECTOR('',#15920,1.);
#15920 = DIRECTION('',(-0.,-1.));
#15921 = ( GEOMETRIC_REPRESENTATION_CONTEXT(2) 
PARAMETRIC_REPRESENTATION_CONTEXT() REPRESENTATION_CONTEXT('2D SPACE',''
  ) );
#15922 = ORIENTED_EDGE('',*,*,#12968,.T.);
#15923 = ORIENTED_EDGE('',*,*,#15900,.T.);
#15924 = ORIENTED_EDGE('',*,*,#15925,.F.);
#15925 = EDGE_CURVE('',#15901,#15901,#15926,.T.);
#15926 = SURFACE_CURVE('',#15927,(#15932,#15939),.PCURVE_S1.);
#15927 = CIRCLE('',#15928,1.4);
#15928 = AXIS2_PLACEMENT_3D('',#15929,#15930,#15931);
#15929 = CARTESIAN_POINT('',(93.,4.,73.6));
#15930 = DIRECTION('',(0.,0.,-1.));
#15931 = DIRECTION('',(1.,0.,0.));
#15932 = PCURVE('',#12989,#15933);
#15933 = DEFINITIONAL_REPRESENTATION('',(#15934),#15938);
#15934 = LINE('',#15935,#15936);
#15935 = CARTESIAN_POINT('',(-6.28318530718,-1.9));
#15936 = VECTOR('',#15937,1.);
#15937 = DIRECTION('',(1.,-0.));
#15938 = ( GEOMETRIC_REPRESENTATION_CONTEXT(2) 
PARAMETRIC_REPRESENTATION_CONTEXT() REPRESENTATION_CONTEXT('2D SPACE',''
  ) );
#15939 = PCURVE('',#14513,#15940);
#15940 = DEFINITIONAL_REPRESENTATION('',(#15941),#15949);
#15941 = ( BOUNDED_CURVE() B_SPLINE_CURVE(2,(#15942,#15943,#15944,#15945
    ,#15946,#15947,#15948),.UNSPECIFIED.,.T.,.F.) 
B_SPLINE_CURVE_WITH_KNOTS((1,2,2,2,2,1),(-2.094395102393,0.,
    2.094395102393,4.188790204786,6.28318530718,8.377580409573),
.UNSPECIFIED.) CURVE() GEOMETRIC_REPRESENTATION_ITEM() 
RATIONAL_B_SPLINE_CURVE((1.,0.5,1.,0.5,1.,0.5,1.)) REPRESENTATION_ITEM(
  '') );
#15942 = CARTESIAN_POINT('',(90.4,-8.881784197001E-16));
#15943 = CARTESIAN_POINT('',(90.4,-2.424871130596));
#15944 = CARTESIAN_POINT('',(88.3,-1.212435565298));
#15945 = CARTESIAN_POINT('',(86.2,-1.231079523461E-15));
#15946 = CARTESIAN_POINT('',(88.3,1.212435565298));
#15947 = CARTESIAN_POINT('',(90.4,2.424871130596));
#15948 = CARTESIAN_POINT('',(90.4,-8.881784197001E-16));
#15949 = ( GEOMETRIC_REPRESENTATION_CONTEXT(2) 
PARAMETRIC_REPRESENTATION_CONTEXT() REPRESENTATION_CONTEXT('2D SPACE',''
  ) );
#15950 = ADVANCED_FACE('',(#15951),#13291,.F.);
#15951 = FACE_BOUND('',#15952,.F.);
#15952 = EDGE_LOOP('',(#15953,#15976,#16004,#16025));
#15953 = ORIENTED_EDGE('',*,*,#15954,.F.);
#15954 = EDGE_CURVE('',#15955,#13274,#15957,.T.);
#15955 = VERTEX_POINT('',#15956);
#15956 = CARTESIAN_POINT('',(92.,10.,69.2));
#15957 = SURFACE_CURVE('',#15958,(#15962,#15969),.PCURVE_S1.);
#15958 = LINE('',#15959,#15960);
#15959 = CARTESIAN_POINT('',(92.,10.,69.2));
#15960 = VECTOR('',#15961,1.);
#15961 = DIRECTION('',(0.,0.,1.));
#15962 = PCURVE('',#13291,#15963);
#15963 = DEFINITIONAL_REPRESENTATION('',(#15964),#15968);
#15964 = LINE('',#15965,#15966);
#15965 = CARTESIAN_POINT('',(0.,0.));
#15966 = VECTOR('',#15967,1.);
#15967 = DIRECTION('',(1.,0.));
#15968 = ( GEOMETRIC_REPRESENTATION_CONTEXT(2) 
PARAMETRIC_REPRESENTATION_CONTEXT() REPRESENTATION_CONTEXT('2D SPACE',''
  ) );
#15969 = PCURVE('',#13373,#15970);
#15970 = DEFINITIONAL_REPRESENTATION('',(#15971),#15975);
#15971 = LINE('',#15972,#15973);
#15972 = CARTESIAN_POINT('',(0.,0.));
#15973 = VECTOR('',#15974,1.);
#15974 = DIRECTION('',(1.,0.));
#15975 = ( GEOMETRIC_REPRESENTATION_CONTEXT(2) 
PARAMETRIC_REPRESENTATION_CONTEXT() REPRESENTATION_CONTEXT('2D SPACE',''
  ) );
#15976 = ORIENTED_EDGE('',*,*,#15977,.T.);
#15977 = EDGE_CURVE('',#15955,#15978,#15980,.T.);
#15978 = VERTEX_POINT('',#15979);
#15979 = CARTESIAN_POINT('',(92.,103.13,69.2));
#15980 = SURFACE_CURVE('',#15981,(#15985,#15992),.PCURVE_S1.);
#15981 = LINE('',#15982,#15983);
#15982 = CARTESIAN_POINT('',(92.,10.,69.2));
#15983 = VECTOR('',#15984,1.);
#15984 = DIRECTION('',(0.,1.,0.));
#15985 = PCURVE('',#13291,#15986);
#15986 = DEFINITIONAL_REPRESENTATION('',(#15987),#15991);
#15987 = LINE('',#15988,#15989);
#15988 = CARTESIAN_POINT('',(0.,0.));
#15989 = VECTOR('',#15990,1.);
#15990 = DIRECTION('',(0.,-1.));
#15991 = ( GEOMETRIC_REPRESENTATION_CONTEXT(2) 
PARAMETRIC_REPRESENTATION_CONTEXT() REPRESENTATION_CONTEXT('2D SPACE',''
  ) );
#15992 = PCURVE('',#15993,#15998);
#15993 = PLANE('',#15994);
#15994 = AXIS2_PLACEMENT_3D('',#15995,#15996,#15997);
#15995 = CARTESIAN_POINT('',(92.,10.,69.2));
#15996 = DIRECTION('',(0.,0.,1.));
#15997 = DIRECTION('',(1.,0.,0.));
#15998 = DEFINITIONAL_REPRESENTATION('',(#15999),#16003);
#15999 = LINE('',#16000,#16001);
#16000 = CARTESIAN_POINT('',(0.,0.));
#16001 = VECTOR('',#16002,1.);
#16002 = DIRECTION('',(0.,1.));
#16003 = ( GEOMETRIC_REPRESENTATION_CONTEXT(2) 
PARAMETRIC_REPRESENTATION_CONTEXT() REPRESENTATION_CONTEXT('2D SPACE',''
  ) );
#16004 = ORIENTED_EDGE('',*,*,#16005,.T.);
#16005 = EDGE_CURVE('',#15978,#13276,#16006,.T.);
#16006 = SURFACE_CURVE('',#16007,(#16011,#16018),.PCURVE_S1.);
#16007 = LINE('',#16008,#16009);
#16008 = CARTESIAN_POINT('',(92.,103.13,69.2));
#16009 = VECTOR('',#16010,1.);
#16010 = DIRECTION('',(0.,0.,1.));
#16011 = PCURVE('',#13291,#16012);
#16012 = DEFINITIONAL_REPRESENTATION('',(#16013),#16017);
#16013 = LINE('',#16014,#16015);
#16014 = CARTESIAN_POINT('',(0.,-93.13));
#16015 = VECTOR('',#16016,1.);
#16016 = DIRECTION('',(1.,0.));
#16017 = ( GEOMETRIC_REPRESENTATION_CONTEXT(2) 
PARAMETRIC_REPRESENTATION_CONTEXT() REPRESENTATION_CONTEXT('2D SPACE',''
  ) );
#16018 = PCURVE('',#13319,#16019);
#16019 = DEFINITIONAL_REPRESENTATION('',(#16020),#16024);
#16020 = LINE('',#16021,#16022);
#16021 = CARTESIAN_POINT('',(0.,0.));
#16022 = VECTOR('',#16023,1.);
#16023 = DIRECTION('',(1.,0.));
#16024 = ( GEOMETRIC_REPRESENTATION_CONTEXT(2) 
PARAMETRIC_REPRESENTATION_CONTEXT() REPRESENTATION_CONTEXT('2D SPACE',''
  ) );
#16025 = ORIENTED_EDGE('',*,*,#13273,.F.);
#16026 = ADVANCED_FACE('',(#16027),#13319,.T.);
#16027 = FACE_BOUND('',#16028,.T.);
#16028 = EDGE_LOOP('',(#16029,#16052,#16053,#16054));
#16029 = ORIENTED_EDGE('',*,*,#16030,.F.);
#16030 = EDGE_CURVE('',#15978,#16031,#16033,.T.);
#16031 = VERTEX_POINT('',#16032);
#16032 = CARTESIAN_POINT('',(93.6,103.13,69.2));
#16033 = SURFACE_CURVE('',#16034,(#16038,#16045),.PCURVE_S1.);
#16034 = LINE('',#16035,#16036);
#16035 = CARTESIAN_POINT('',(92.,103.13,69.2));
#16036 = VECTOR('',#16037,1.);
#16037 = DIRECTION('',(1.,0.,0.));
#16038 = PCURVE('',#13319,#16039);
#16039 = DEFINITIONAL_REPRESENTATION('',(#16040),#16044);
#16040 = LINE('',#16041,#16042);
#16041 = CARTESIAN_POINT('',(0.,0.));
#16042 = VECTOR('',#16043,1.);
#16043 = DIRECTION('',(0.,1.));
#16044 = ( GEOMETRIC_REPRESENTATION_CONTEXT(2) 
PARAMETRIC_REPRESENTATION_CONTEXT() REPRESENTATION_CONTEXT('2D SPACE',''
  ) );
#16045 = PCURVE('',#15993,#16046);
#16046 = DEFINITIONAL_REPRESENTATION('',(#16047),#16051);
#16047 = LINE('',#16048,#16049);
#16048 = CARTESIAN_POINT('',(0.,93.13));
#16049 = VECTOR('',#16050,1.);
#16050 = DIRECTION('',(1.,0.));
#16051 = ( GEOMETRIC_REPRESENTATION_CONTEXT(2) 
PARAMETRIC_REPRESENTATION_CONTEXT() REPRESENTATION_CONTEXT('2D SPACE',''
  ) );
#16052 = ORIENTED_EDGE('',*,*,#16005,.T.);
#16053 = ORIENTED_EDGE('',*,*,#13303,.T.);
#16054 = ORIENTED_EDGE('',*,*,#16055,.F.);
#16055 = EDGE_CURVE('',#16031,#13304,#16056,.T.);
#16056 = SURFACE_CURVE('',#16057,(#16061,#16068),.PCURVE_S1.);
#16057 = LINE('',#16058,#16059);
#16058 = CARTESIAN_POINT('',(93.6,103.13,69.2));
#16059 = VECTOR('',#16060,1.);
#16060 = DIRECTION('',(0.,0.,1.));
#16061 = PCURVE('',#13319,#16062);
#16062 = DEFINITIONAL_REPRESENTATION('',(#16063),#16067);
#16063 = LINE('',#16064,#16065);
#16064 = CARTESIAN_POINT('',(0.,1.6));
#16065 = VECTOR('',#16066,1.);
#16066 = DIRECTION('',(1.,0.));
#16067 = ( GEOMETRIC_REPRESENTATION_CONTEXT(2) 
PARAMETRIC_REPRESENTATION_CONTEXT() REPRESENTATION_CONTEXT('2D SPACE',''
  ) );
#16068 = PCURVE('',#13347,#16069);
#16069 = DEFINITIONAL_REPRESENTATION('',(#16070),#16074);
#16070 = LINE('',#16071,#16072);
#16071 = CARTESIAN_POINT('',(0.,-93.13));
#16072 = VECTOR('',#16073,1.);
#16073 = DIRECTION('',(1.,0.));
#16074 = ( GEOMETRIC_REPRESENTATION_CONTEXT(2) 
PARAMETRIC_REPRESENTATION_CONTEXT() REPRESENTATION_CONTEXT('2D SPACE',''
  ) );
#16075 = ADVANCED_FACE('',(#16076),#13373,.F.);
#16076 = FACE_BOUND('',#16077,.F.);
#16077 = EDGE_LOOP('',(#16078,#16101,#16102,#16103));
#16078 = ORIENTED_EDGE('',*,*,#16079,.F.);
#16079 = EDGE_CURVE('',#15955,#16080,#16082,.T.);
#16080 = VERTEX_POINT('',#16081);
#16081 = CARTESIAN_POINT('',(93.6,10.,69.2));
#16082 = SURFACE_CURVE('',#16083,(#16087,#16094),.PCURVE_S1.);
#16083 = LINE('',#16084,#16085);
#16084 = CARTESIAN_POINT('',(92.,10.,69.2));
#16085 = VECTOR('',#16086,1.);
#16086 = DIRECTION('',(1.,0.,0.));
#16087 = PCURVE('',#13373,#16088);
#16088 = DEFINITIONAL_REPRESENTATION('',(#16089),#16093);
#16089 = LINE('',#16090,#16091);
#16090 = CARTESIAN_POINT('',(0.,0.));
#16091 = VECTOR('',#16092,1.);
#16092 = DIRECTION('',(0.,1.));
#16093 = ( GEOMETRIC_REPRESENTATION_CONTEXT(2) 
PARAMETRIC_REPRESENTATION_CONTEXT() REPRESENTATION_CONTEXT('2D SPACE',''
  ) );
#16094 = PCURVE('',#15993,#16095);
#16095 = DEFINITIONAL_REPRESENTATION('',(#16096),#16100);
#16096 = LINE('',#16097,#16098);
#16097 = CARTESIAN_POINT('',(0.,0.));
#16098 = VECTOR('',#16099,1.);
#16099 = DIRECTION('',(1.,0.));
#16100 = ( GEOMETRIC_REPRESENTATION_CONTEXT(2) 
PARAMETRIC_REPRESENTATION_CONTEXT() REPRESENTATION_CONTEXT('2D SPACE',''
  ) );
#16101 = ORIENTED_EDGE('',*,*,#15954,.T.);
#16102 = ORIENTED_EDGE('',*,*,#13359,.T.);
#16103 = ORIENTED_EDGE('',*,*,#16104,.F.);
#16104 = EDGE_CURVE('',#16080,#13332,#16105,.T.);
#16105 = SURFACE_CURVE('',#16106,(#16110,#16117),.PCURVE_S1.);
#16106 = LINE('',#16107,#16108);
#16107 = CARTESIAN_POINT('',(93.6,10.,69.2));
#16108 = VECTOR('',#16109,1.);
#16109 = DIRECTION('',(0.,0.,1.));
#16110 = PCURVE('',#13373,#16111);
#16111 = DEFINITIONAL_REPRESENTATION('',(#16112),#16116);
#16112 = LINE('',#16113,#16114);
#16113 = CARTESIAN_POINT('',(0.,1.6));
#16114 = VECTOR('',#16115,1.);
#16115 = DIRECTION('',(1.,0.));
#16116 = ( GEOMETRIC_REPRESENTATION_CONTEXT(2) 
PARAMETRIC_REPRESENTATION_CONTEXT() REPRESENTATION_CONTEXT('2D SPACE',''
  ) );
#16117 = PCURVE('',#13347,#16118);
#16118 = DEFINITIONAL_REPRESENTATION('',(#16119),#16123);
#16119 = LINE('',#16120,#16121);
#16120 = CARTESIAN_POINT('',(0.,0.));
#16121 = VECTOR('',#16122,1.);
#16122 = DIRECTION('',(1.,0.));
#16123 = ( GEOMETRIC_REPRESENTATION_CONTEXT(2) 
PARAMETRIC_REPRESENTATION_CONTEXT() REPRESENTATION_CONTEXT('2D SPACE',''
  ) );
#16124 = ADVANCED_FACE('',(#16125),#13347,.T.);
#16125 = FACE_BOUND('',#16126,.T.);
#16126 = EDGE_LOOP('',(#16127,#16128,#16149,#16150));
#16127 = ORIENTED_EDGE('',*,*,#16104,.F.);
#16128 = ORIENTED_EDGE('',*,*,#16129,.T.);
#16129 = EDGE_CURVE('',#16080,#16031,#16130,.T.);
#16130 = SURFACE_CURVE('',#16131,(#16135,#16142),.PCURVE_S1.);
#16131 = LINE('',#16132,#16133);
#16132 = CARTESIAN_POINT('',(93.6,10.,69.2));
#16133 = VECTOR('',#16134,1.);
#16134 = DIRECTION('',(0.,1.,0.));
#16135 = PCURVE('',#13347,#16136);
#16136 = DEFINITIONAL_REPRESENTATION('',(#16137),#16141);
#16137 = LINE('',#16138,#16139);
#16138 = CARTESIAN_POINT('',(0.,0.));
#16139 = VECTOR('',#16140,1.);
#16140 = DIRECTION('',(0.,-1.));
#16141 = ( GEOMETRIC_REPRESENTATION_CONTEXT(2) 
PARAMETRIC_REPRESENTATION_CONTEXT() REPRESENTATION_CONTEXT('2D SPACE',''
  ) );
#16142 = PCURVE('',#15993,#16143);
#16143 = DEFINITIONAL_REPRESENTATION('',(#16144),#16148);
#16144 = LINE('',#16145,#16146);
#16145 = CARTESIAN_POINT('',(1.6,0.));
#16146 = VECTOR('',#16147,1.);
#16147 = DIRECTION('',(0.,1.));
#16148 = ( GEOMETRIC_REPRESENTATION_CONTEXT(2) 
PARAMETRIC_REPRESENTATION_CONTEXT() REPRESENTATION_CONTEXT('2D SPACE',''
  ) );
#16149 = ORIENTED_EDGE('',*,*,#16055,.T.);
#16150 = ORIENTED_EDGE('',*,*,#13331,.F.);
#16151 = ADVANCED_FACE('',(#16152),#13408,.F.);
#16152 = FACE_BOUND('',#16153,.T.);
#16153 = EDGE_LOOP('',(#16154,#16177,#16178,#16179));
#16154 = ORIENTED_EDGE('',*,*,#16155,.F.);
#16155 = EDGE_CURVE('',#13388,#16156,#16158,.T.);
#16156 = VERTEX_POINT('',#16157);
#16157 = CARTESIAN_POINT('',(5.4,109.13,73.6));
#16158 = SEAM_CURVE('',#16159,(#16163,#16170),.PCURVE_S1.);
#16159 = LINE('',#16160,#16161);
#16160 = CARTESIAN_POINT('',(5.4,109.13,71.7));
#16161 = VECTOR('',#16162,1.);
#16162 = DIRECTION('',(0.,0.,1.));
#16163 = PCURVE('',#13408,#16164);
#16164 = DEFINITIONAL_REPRESENTATION('',(#16165),#16169);
#16165 = LINE('',#16166,#16167);
#16166 = CARTESIAN_POINT('',(-6.28318530718,0.));
#16167 = VECTOR('',#16168,1.);
#16168 = DIRECTION('',(-0.,-1.));
#16169 = ( GEOMETRIC_REPRESENTATION_CONTEXT(2) 
PARAMETRIC_REPRESENTATION_CONTEXT() REPRESENTATION_CONTEXT('2D SPACE',''
  ) );
#16170 = PCURVE('',#13408,#16171);
#16171 = DEFINITIONAL_REPRESENTATION('',(#16172),#16176);
#16172 = LINE('',#16173,#16174);
#16173 = CARTESIAN_POINT('',(-0.,0.));
#16174 = VECTOR('',#16175,1.);
#16175 = DIRECTION('',(-0.,-1.));
#16176 = ( GEOMETRIC_REPRESENTATION_CONTEXT(2) 
PARAMETRIC_REPRESENTATION_CONTEXT() REPRESENTATION_CONTEXT('2D SPACE',''
  ) );
#16177 = ORIENTED_EDGE('',*,*,#13387,.T.);
#16178 = ORIENTED_EDGE('',*,*,#16155,.T.);
#16179 = ORIENTED_EDGE('',*,*,#16180,.F.);
#16180 = EDGE_CURVE('',#16156,#16156,#16181,.T.);
#16181 = SURFACE_CURVE('',#16182,(#16187,#16194),.PCURVE_S1.);
#16182 = CIRCLE('',#16183,1.4);
#16183 = AXIS2_PLACEMENT_3D('',#16184,#16185,#16186);
#16184 = CARTESIAN_POINT('',(4.,109.13,73.6));
#16185 = DIRECTION('',(0.,0.,-1.));
#16186 = DIRECTION('',(1.,0.,0.));
#16187 = PCURVE('',#13408,#16188);
#16188 = DEFINITIONAL_REPRESENTATION('',(#16189),#16193);
#16189 = LINE('',#16190,#16191);
#16190 = CARTESIAN_POINT('',(-6.28318530718,-1.9));
#16191 = VECTOR('',#16192,1.);
#16192 = DIRECTION('',(1.,-0.));
#16193 = ( GEOMETRIC_REPRESENTATION_CONTEXT(2) 
PARAMETRIC_REPRESENTATION_CONTEXT() REPRESENTATION_CONTEXT('2D SPACE',''
  ) );
#16194 = PCURVE('',#14811,#16195);
#16195 = DEFINITIONAL_REPRESENTATION('',(#16196),#16204);
#16196 = ( BOUNDED_CURVE() B_SPLINE_CURVE(2,(#16197,#16198,#16199,#16200
    ,#16201,#16202,#16203),.UNSPECIFIED.,.T.,.F.) 
B_SPLINE_CURVE_WITH_KNOTS((1,2,2,2,2,1),(-2.094395102393,0.,
    2.094395102393,4.188790204786,6.28318530718,8.377580409573),
.UNSPECIFIED.) CURVE() GEOMETRIC_REPRESENTATION_ITEM() 
RATIONAL_B_SPLINE_CURVE((1.,0.5,1.,0.5,1.,0.5,1.)) REPRESENTATION_ITEM(
  '') );
#16197 = CARTESIAN_POINT('',(1.4,105.13));
#16198 = CARTESIAN_POINT('',(1.4,102.7051288694));
#16199 = CARTESIAN_POINT('',(-0.7,103.9175644347));
#16200 = CARTESIAN_POINT('',(-2.8,105.13));
#16201 = CARTESIAN_POINT('',(-0.7,106.34243556529));
#16202 = CARTESIAN_POINT('',(1.4,107.55487113059));
#16203 = CARTESIAN_POINT('',(1.4,105.13));
#16204 = ( GEOMETRIC_REPRESENTATION_CONTEXT(2) 
PARAMETRIC_REPRESENTATION_CONTEXT() REPRESENTATION_CONTEXT('2D SPACE',''
  ) );
#16205 = ADVANCED_FACE('',(#16206),#13698,.F.);
#16206 = FACE_BOUND('',#16207,.F.);
#16207 = EDGE_LOOP('',(#16208,#16231,#16259,#16280));
#16208 = ORIENTED_EDGE('',*,*,#16209,.F.);
#16209 = EDGE_CURVE('',#16210,#13681,#16212,.T.);
#16210 = VERTEX_POINT('',#16211);
#16211 = CARTESIAN_POINT('',(10.,108.13,69.2));
#16212 = SURFACE_CURVE('',#16213,(#16217,#16224),.PCURVE_S1.);
#16213 = LINE('',#16214,#16215);
#16214 = CARTESIAN_POINT('',(10.,108.13,69.2));
#16215 = VECTOR('',#16216,1.);
#16216 = DIRECTION('',(0.,0.,1.));
#16217 = PCURVE('',#13698,#16218);
#16218 = DEFINITIONAL_REPRESENTATION('',(#16219),#16223);
#16219 = LINE('',#16220,#16221);
#16220 = CARTESIAN_POINT('',(0.,0.));
#16221 = VECTOR('',#16222,1.);
#16222 = DIRECTION('',(1.,0.));
#16223 = ( GEOMETRIC_REPRESENTATION_CONTEXT(2) 
PARAMETRIC_REPRESENTATION_CONTEXT() REPRESENTATION_CONTEXT('2D SPACE',''
  ) );
#16224 = PCURVE('',#13780,#16225);
#16225 = DEFINITIONAL_REPRESENTATION('',(#16226),#16230);
#16226 = LINE('',#16227,#16228);
#16227 = CARTESIAN_POINT('',(0.,0.));
#16228 = VECTOR('',#16229,1.);
#16229 = DIRECTION('',(1.,0.));
#16230 = ( GEOMETRIC_REPRESENTATION_CONTEXT(2) 
PARAMETRIC_REPRESENTATION_CONTEXT() REPRESENTATION_CONTEXT('2D SPACE',''
  ) );
#16231 = ORIENTED_EDGE('',*,*,#16232,.T.);
#16232 = EDGE_CURVE('',#16210,#16233,#16235,.T.);
#16233 = VERTEX_POINT('',#16234);
#16234 = CARTESIAN_POINT('',(10.,109.73,69.2));
#16235 = SURFACE_CURVE('',#16236,(#16240,#16247),.PCURVE_S1.);
#16236 = LINE('',#16237,#16238);
#16237 = CARTESIAN_POINT('',(10.,108.13,69.2));
#16238 = VECTOR('',#16239,1.);
#16239 = DIRECTION('',(0.,1.,0.));
#16240 = PCURVE('',#13698,#16241);
#16241 = DEFINITIONAL_REPRESENTATION('',(#16242),#16246);
#16242 = LINE('',#16243,#16244);
#16243 = CARTESIAN_POINT('',(0.,0.));
#16244 = VECTOR('',#16245,1.);
#16245 = DIRECTION('',(0.,-1.));
#16246 = ( GEOMETRIC_REPRESENTATION_CONTEXT(2) 
PARAMETRIC_REPRESENTATION_CONTEXT() REPRESENTATION_CONTEXT('2D SPACE',''
  ) );
#16247 = PCURVE('',#16248,#16253);
#16248 = PLANE('',#16249);
#16249 = AXIS2_PLACEMENT_3D('',#16250,#16251,#16252);
#16250 = CARTESIAN_POINT('',(10.,108.13,69.2));
#16251 = DIRECTION('',(0.,0.,1.));
#16252 = DIRECTION('',(1.,0.,0.));
#16253 = DEFINITIONAL_REPRESENTATION('',(#16254),#16258);
#16254 = LINE('',#16255,#16256);
#16255 = CARTESIAN_POINT('',(0.,0.));
#16256 = VECTOR('',#16257,1.);
#16257 = DIRECTION('',(0.,1.));
#16258 = ( GEOMETRIC_REPRESENTATION_CONTEXT(2) 
PARAMETRIC_REPRESENTATION_CONTEXT() REPRESENTATION_CONTEXT('2D SPACE',''
  ) );
#16259 = ORIENTED_EDGE('',*,*,#16260,.T.);
#16260 = EDGE_CURVE('',#16233,#13683,#16261,.T.);
#16261 = SURFACE_CURVE('',#16262,(#16266,#16273),.PCURVE_S1.);
#16262 = LINE('',#16263,#16264);
#16263 = CARTESIAN_POINT('',(10.,109.73,69.2));
#16264 = VECTOR('',#16265,1.);
#16265 = DIRECTION('',(0.,0.,1.));
#16266 = PCURVE('',#13698,#16267);
#16267 = DEFINITIONAL_REPRESENTATION('',(#16268),#16272);
#16268 = LINE('',#16269,#16270);
#16269 = CARTESIAN_POINT('',(0.,-1.6));
#16270 = VECTOR('',#16271,1.);
#16271 = DIRECTION('',(1.,0.));
#16272 = ( GEOMETRIC_REPRESENTATION_CONTEXT(2) 
PARAMETRIC_REPRESENTATION_CONTEXT() REPRESENTATION_CONTEXT('2D SPACE',''
  ) );
#16273 = PCURVE('',#13726,#16274);
#16274 = DEFINITIONAL_REPRESENTATION('',(#16275),#16279);
#16275 = LINE('',#16276,#16277);
#16276 = CARTESIAN_POINT('',(0.,0.));
#16277 = VECTOR('',#16278,1.);
#16278 = DIRECTION('',(1.,0.));
#16279 = ( GEOMETRIC_REPRESENTATION_CONTEXT(2) 
PARAMETRIC_REPRESENTATION_CONTEXT() REPRESENTATION_CONTEXT('2D SPACE',''
  ) );
#16280 = ORIENTED_EDGE('',*,*,#13680,.F.);
#16281 = ADVANCED_FACE('',(#16282),#13726,.T.);
#16282 = FACE_BOUND('',#16283,.T.);
#16283 = EDGE_LOOP('',(#16284,#16307,#16308,#16309));
#16284 = ORIENTED_EDGE('',*,*,#16285,.F.);
#16285 = EDGE_CURVE('',#16233,#16286,#16288,.T.);
#16286 = VERTEX_POINT('',#16287);
#16287 = CARTESIAN_POINT('',(87.,109.73,69.2));
#16288 = SURFACE_CURVE('',#16289,(#16293,#16300),.PCURVE_S1.);
#16289 = LINE('',#16290,#16291);
#16290 = CARTESIAN_POINT('',(10.,109.73,69.2));
#16291 = VECTOR('',#16292,1.);
#16292 = DIRECTION('',(1.,0.,0.));
#16293 = PCURVE('',#13726,#16294);
#16294 = DEFINITIONAL_REPRESENTATION('',(#16295),#16299);
#16295 = LINE('',#16296,#16297);
#16296 = CARTESIAN_POINT('',(0.,0.));
#16297 = VECTOR('',#16298,1.);
#16298 = DIRECTION('',(0.,1.));
#16299 = ( GEOMETRIC_REPRESENTATION_CONTEXT(2) 
PARAMETRIC_REPRESENTATION_CONTEXT() REPRESENTATION_CONTEXT('2D SPACE',''
  ) );
#16300 = PCURVE('',#16248,#16301);
#16301 = DEFINITIONAL_REPRESENTATION('',(#16302),#16306);
#16302 = LINE('',#16303,#16304);
#16303 = CARTESIAN_POINT('',(0.,1.6));
#16304 = VECTOR('',#16305,1.);
#16305 = DIRECTION('',(1.,0.));
#16306 = ( GEOMETRIC_REPRESENTATION_CONTEXT(2) 
PARAMETRIC_REPRESENTATION_CONTEXT() REPRESENTATION_CONTEXT('2D SPACE',''
  ) );
#16307 = ORIENTED_EDGE('',*,*,#16260,.T.);
#16308 = ORIENTED_EDGE('',*,*,#13710,.T.);
#16309 = ORIENTED_EDGE('',*,*,#16310,.F.);
#16310 = EDGE_CURVE('',#16286,#13711,#16311,.T.);
#16311 = SURFACE_CURVE('',#16312,(#16316,#16323),.PCURVE_S1.);
#16312 = LINE('',#16313,#16314);
#16313 = CARTESIAN_POINT('',(87.,109.73,69.2));
#16314 = VECTOR('',#16315,1.);
#16315 = DIRECTION('',(0.,0.,1.));
#16316 = PCURVE('',#13726,#16317);
#16317 = DEFINITIONAL_REPRESENTATION('',(#16318),#16322);
#16318 = LINE('',#16319,#16320);
#16319 = CARTESIAN_POINT('',(0.,77.));
#16320 = VECTOR('',#16321,1.);
#16321 = DIRECTION('',(1.,0.));
#16322 = ( GEOMETRIC_REPRESENTATION_CONTEXT(2) 
PARAMETRIC_REPRESENTATION_CONTEXT() REPRESENTATION_CONTEXT('2D SPACE',''
  ) );
#16323 = PCURVE('',#13754,#16324);
#16324 = DEFINITIONAL_REPRESENTATION('',(#16325),#16329);
#16325 = LINE('',#16326,#16327);
#16326 = CARTESIAN_POINT('',(0.,-1.6));
#16327 = VECTOR('',#16328,1.);
#16328 = DIRECTION('',(1.,0.));
#16329 = ( GEOMETRIC_REPRESENTATION_CONTEXT(2) 
PARAMETRIC_REPRESENTATION_CONTEXT() REPRESENTATION_CONTEXT('2D SPACE',''
  ) );
#16330 = ADVANCED_FACE('',(#16331),#13780,.F.);
#16331 = FACE_BOUND('',#16332,.F.);
#16332 = EDGE_LOOP('',(#16333,#16356,#16357,#16358));
#16333 = ORIENTED_EDGE('',*,*,#16334,.F.);
#16334 = EDGE_CURVE('',#16210,#16335,#16337,.T.);
#16335 = VERTEX_POINT('',#16336);
#16336 = CARTESIAN_POINT('',(87.,108.13,69.2));
#16337 = SURFACE_CURVE('',#16338,(#16342,#16349),.PCURVE_S1.);
#16338 = LINE('',#16339,#16340);
#16339 = CARTESIAN_POINT('',(10.,108.13,69.2));
#16340 = VECTOR('',#16341,1.);
#16341 = DIRECTION('',(1.,0.,0.));
#16342 = PCURVE('',#13780,#16343);
#16343 = DEFINITIONAL_REPRESENTATION('',(#16344),#16348);
#16344 = LINE('',#16345,#16346);
#16345 = CARTESIAN_POINT('',(0.,0.));
#16346 = VECTOR('',#16347,1.);
#16347 = DIRECTION('',(0.,1.));
#16348 = ( GEOMETRIC_REPRESENTATION_CONTEXT(2) 
PARAMETRIC_REPRESENTATION_CONTEXT() REPRESENTATION_CONTEXT('2D SPACE',''
  ) );
#16349 = PCURVE('',#16248,#16350);
#16350 = DEFINITIONAL_REPRESENTATION('',(#16351),#16355);
#16351 = LINE('',#16352,#16353);
#16352 = CARTESIAN_POINT('',(0.,0.));
#16353 = VECTOR('',#16354,1.);
#16354 = DIRECTION('',(1.,0.));
#16355 = ( GEOMETRIC_REPRESENTATION_CONTEXT(2) 
PARAMETRIC_REPRESENTATION_CONTEXT() REPRESENTATION_CONTEXT('2D SPACE',''
  ) );
#16356 = ORIENTED_EDGE('',*,*,#16209,.T.);
#16357 = ORIENTED_EDGE('',*,*,#13766,.T.);
#16358 = ORIENTED_EDGE('',*,*,#16359,.F.);
#16359 = EDGE_CURVE('',#16335,#13739,#16360,.T.);
#16360 = SURFACE_CURVE('',#16361,(#16365,#16372),.PCURVE_S1.);
#16361 = LINE('',#16362,#16363);
#16362 = CARTESIAN_POINT('',(87.,108.13,69.2));
#16363 = VECTOR('',#16364,1.);
#16364 = DIRECTION('',(0.,0.,1.));
#16365 = PCURVE('',#13780,#16366);
#16366 = DEFINITIONAL_REPRESENTATION('',(#16367),#16371);
#16367 = LINE('',#16368,#16369);
#16368 = CARTESIAN_POINT('',(0.,77.));
#16369 = VECTOR('',#16370,1.);
#16370 = DIRECTION('',(1.,0.));
#16371 = ( GEOMETRIC_REPRESENTATION_CONTEXT(2) 
PARAMETRIC_REPRESENTATION_CONTEXT() REPRESENTATION_CONTEXT('2D SPACE',''
  ) );
#16372 = PCURVE('',#13754,#16373);
#16373 = DEFINITIONAL_REPRESENTATION('',(#16374),#16378);
#16374 = LINE('',#16375,#16376);
#16375 = CARTESIAN_POINT('',(0.,0.));
#16376 = VECTOR('',#16377,1.);
#16377 = DIRECTION('',(1.,0.));
#16378 = ( GEOMETRIC_REPRESENTATION_CONTEXT(2) 
PARAMETRIC_REPRESENTATION_CONTEXT() REPRESENTATION_CONTEXT('2D SPACE',''
  ) );
#16379 = ADVANCED_FACE('',(#16380),#13754,.T.);
#16380 = FACE_BOUND('',#16381,.T.);
#16381 = EDGE_LOOP('',(#16382,#16383,#16404,#16405));
#16382 = ORIENTED_EDGE('',*,*,#16359,.F.);
#16383 = ORIENTED_EDGE('',*,*,#16384,.T.);
#16384 = EDGE_CURVE('',#16335,#16286,#16385,.T.);
#16385 = SURFACE_CURVE('',#16386,(#16390,#16397),.PCURVE_S1.);
#16386 = LINE('',#16387,#16388);
#16387 = CARTESIAN_POINT('',(87.,108.13,69.2));
#16388 = VECTOR('',#16389,1.);
#16389 = DIRECTION('',(0.,1.,0.));
#16390 = PCURVE('',#13754,#16391);
#16391 = DEFINITIONAL_REPRESENTATION('',(#16392),#16396);
#16392 = LINE('',#16393,#16394);
#16393 = CARTESIAN_POINT('',(0.,0.));
#16394 = VECTOR('',#16395,1.);
#16395 = DIRECTION('',(0.,-1.));
#16396 = ( GEOMETRIC_REPRESENTATION_CONTEXT(2) 
PARAMETRIC_REPRESENTATION_CONTEXT() REPRESENTATION_CONTEXT('2D SPACE',''
  ) );
#16397 = PCURVE('',#16248,#16398);
#16398 = DEFINITIONAL_REPRESENTATION('',(#16399),#16403);
#16399 = LINE('',#16400,#16401);
#16400 = CARTESIAN_POINT('',(77.,0.));
#16401 = VECTOR('',#16402,1.);
#16402 = DIRECTION('',(0.,1.));
#16403 = ( GEOMETRIC_REPRESENTATION_CONTEXT(2) 
PARAMETRIC_REPRESENTATION_CONTEXT() REPRESENTATION_CONTEXT('2D SPACE',''
  ) );
#16404 = ORIENTED_EDGE('',*,*,#16310,.T.);
#16405 = ORIENTED_EDGE('',*,*,#13738,.F.);
#16406 = ADVANCED_FACE('',(#16407),#13987,.F.);
#16407 = FACE_BOUND('',#16408,.T.);
#16408 = EDGE_LOOP('',(#16409,#16432,#16433,#16434));
#16409 = ORIENTED_EDGE('',*,*,#16410,.F.);
#16410 = EDGE_CURVE('',#13967,#16411,#16413,.T.);
#16411 = VERTEX_POINT('',#16412);
#16412 = CARTESIAN_POINT('',(94.4,109.13,73.6));
#16413 = SEAM_CURVE('',#16414,(#16418,#16425),.PCURVE_S1.);
#16414 = LINE('',#16415,#16416);
#16415 = CARTESIAN_POINT('',(94.4,109.13,71.7));
#16416 = VECTOR('',#16417,1.);
#16417 = DIRECTION('',(0.,0.,1.));
#16418 = PCURVE('',#13987,#16419);
#16419 = DEFINITIONAL_REPRESENTATION('',(#16420),#16424);
#16420 = LINE('',#16421,#16422);
#16421 = CARTESIAN_POINT('',(-6.28318530718,0.));
#16422 = VECTOR('',#16423,1.);
#16423 = DIRECTION('',(-0.,-1.));
#16424 = ( GEOMETRIC_REPRESENTATION_CONTEXT(2) 
PARAMETRIC_REPRESENTATION_CONTEXT() REPRESENTATION_CONTEXT('2D SPACE',''
  ) );
#16425 = PCURVE('',#13987,#16426);
#16426 = DEFINITIONAL_REPRESENTATION('',(#16427),#16431);
#16427 = LINE('',#16428,#16429);
#16428 = CARTESIAN_POINT('',(-0.,0.));
#16429 = VECTOR('',#16430,1.);
#16430 = DIRECTION('',(-0.,-1.));
#16431 = ( GEOMETRIC_REPRESENTATION_CONTEXT(2) 
PARAMETRIC_REPRESENTATION_CONTEXT() REPRESENTATION_CONTEXT('2D SPACE',''
  ) );
#16432 = ORIENTED_EDGE('',*,*,#13966,.T.);
#16433 = ORIENTED_EDGE('',*,*,#16410,.T.);
#16434 = ORIENTED_EDGE('',*,*,#16435,.F.);
#16435 = EDGE_CURVE('',#16411,#16411,#16436,.T.);
#16436 = SURFACE_CURVE('',#16437,(#16442,#16449),.PCURVE_S1.);
#16437 = CIRCLE('',#16438,1.4);
#16438 = AXIS2_PLACEMENT_3D('',#16439,#16440,#16441);
#16439 = CARTESIAN_POINT('',(93.,109.13,73.6));
#16440 = DIRECTION('',(0.,0.,-1.));
#16441 = DIRECTION('',(1.,0.,0.));
#16442 = PCURVE('',#13987,#16443);
#16443 = DEFINITIONAL_REPRESENTATION('',(#16444),#16448);
#16444 = LINE('',#16445,#16446);
#16445 = CARTESIAN_POINT('',(-6.28318530718,-1.9));
#16446 = VECTOR('',#16447,1.);
#16447 = DIRECTION('',(1.,-0.));
#16448 = ( GEOMETRIC_REPRESENTATION_CONTEXT(2) 
PARAMETRIC_REPRESENTATION_CONTEXT() REPRESENTATION_CONTEXT('2D SPACE',''
  ) );
#16449 = PCURVE('',#15406,#16450);
#16450 = DEFINITIONAL_REPRESENTATION('',(#16451),#16459);
#16451 = ( BOUNDED_CURVE() B_SPLINE_CURVE(2,(#16452,#16453,#16454,#16455
    ,#16456,#16457,#16458),.UNSPECIFIED.,.T.,.F.) 
B_SPLINE_CURVE_WITH_KNOTS((1,2,2,2,2,1),(-2.094395102393,0.,
    2.094395102393,4.188790204786,6.28318530718,8.377580409573),
.UNSPECIFIED.) CURVE() GEOMETRIC_REPRESENTATION_ITEM() 
RATIONAL_B_SPLINE_CURVE((1.,0.5,1.,0.5,1.,0.5,1.)) REPRESENTATION_ITEM(
  '') );
#16452 = CARTESIAN_POINT('',(90.4,105.13));
#16453 = CARTESIAN_POINT('',(90.4,102.7051288694));
#16454 = CARTESIAN_POINT('',(88.3,103.9175644347));
#16455 = CARTESIAN_POINT('',(86.2,105.13));
#16456 = CARTESIAN_POINT('',(88.3,106.34243556529));
#16457 = CARTESIAN_POINT('',(90.4,107.55487113059));
#16458 = CARTESIAN_POINT('',(90.4,105.13));
#16459 = ( GEOMETRIC_REPRESENTATION_CONTEXT(2) 
PARAMETRIC_REPRESENTATION_CONTEXT() REPRESENTATION_CONTEXT('2D SPACE',''
  ) );
#16460 = ADVANCED_FACE('',(#16461,#16464),#14026,.T.);
#16461 = FACE_BOUND('',#16462,.T.);
#16462 = EDGE_LOOP('',(#16463));
#16463 = ORIENTED_EDGE('',*,*,#14009,.T.);
#16464 = FACE_BOUND('',#16465,.T.);
#16465 = EDGE_LOOP('',(#16466));
#16466 = ORIENTED_EDGE('',*,*,#15469,.T.);
#16467 = ADVANCED_FACE('',(#16468,#16471),#14513,.T.);
#16468 = FACE_BOUND('',#16469,.T.);
#16469 = EDGE_LOOP('',(#16470));
#16470 = ORIENTED_EDGE('',*,*,#14496,.T.);
#16471 = FACE_BOUND('',#16472,.T.);
#16472 = EDGE_LOOP('',(#16473));
#16473 = ORIENTED_EDGE('',*,*,#15925,.T.);
#16474 = ADVANCED_FACE('',(#16475,#16478),#14811,.T.);
#16475 = FACE_BOUND('',#16476,.T.);
#16476 = EDGE_LOOP('',(#16477));
#16477 = ORIENTED_EDGE('',*,*,#14794,.T.);
#16478 = FACE_BOUND('',#16479,.T.);
#16479 = EDGE_LOOP('',(#16480));
#16480 = ORIENTED_EDGE('',*,*,#16180,.T.);
#16481 = ADVANCED_FACE('',(#16482,#16485),#15406,.T.);
#16482 = FACE_BOUND('',#16483,.T.);
#16483 = EDGE_LOOP('',(#16484));
#16484 = ORIENTED_EDGE('',*,*,#15389,.T.);
#16485 = FACE_BOUND('',#16486,.T.);
#16486 = EDGE_LOOP('',(#16487));
#16487 = ORIENTED_EDGE('',*,*,#16435,.T.);
#16488 = ADVANCED_FACE('',(#16489),#15537,.F.);
#16489 = FACE_BOUND('',#16490,.F.);
#16490 = EDGE_LOOP('',(#16491,#16492,#16493,#16494));
#16491 = ORIENTED_EDGE('',*,*,#15521,.F.);
#16492 = ORIENTED_EDGE('',*,*,#15623,.T.);
#16493 = ORIENTED_EDGE('',*,*,#15673,.T.);
#16494 = ORIENTED_EDGE('',*,*,#15574,.F.);
#16495 = ADVANCED_FACE('',(#16496),#15738,.F.);
#16496 = FACE_BOUND('',#16497,.F.);
#16497 = EDGE_LOOP('',(#16498,#16499,#16500,#16501));
#16498 = ORIENTED_EDGE('',*,*,#15722,.F.);
#16499 = ORIENTED_EDGE('',*,*,#15824,.T.);
#16500 = ORIENTED_EDGE('',*,*,#15874,.T.);
#16501 = ORIENTED_EDGE('',*,*,#15775,.F.);
#16502 = ADVANCED_FACE('',(#16503),#15993,.F.);
#16503 = FACE_BOUND('',#16504,.F.);
#16504 = EDGE_LOOP('',(#16505,#16506,#16507,#16508));
#16505 = ORIENTED_EDGE('',*,*,#15977,.F.);
#16506 = ORIENTED_EDGE('',*,*,#16079,.T.);
#16507 = ORIENTED_EDGE('',*,*,#16129,.T.);
#16508 = ORIENTED_EDGE('',*,*,#16030,.F.);
#16509 = ADVANCED_FACE('',(#16510),#16248,.F.);
#16510 = FACE_BOUND('',#16511,.F.);
#16511 = EDGE_LOOP('',(#16512,#16513,#16514,#16515));
#16512 = ORIENTED_EDGE('',*,*,#16232,.F.);
#16513 = ORIENTED_EDGE('',*,*,#16334,.T.);
#16514 = ORIENTED_EDGE('',*,*,#16384,.T.);
#16515 = ORIENTED_EDGE('',*,*,#16285,.F.);
#16516 = ( GEOMETRIC_REPRESENTATION_CONTEXT(3) 
GLOBAL_UNCERTAINTY_ASSIGNED_CONTEXT((#16520)) 
GLOBAL_UNIT_ASSIGNED_CONTEXT((#16517,#16518,#16519)) 
REPRESENTATION_CONTEXT('Context #1',
  '3D Context with UNIT and UNCERTAINTY') );
#16517 = ( LENGTH_UNIT() NAMED_UNIT(*) SI_UNIT(.MILLI.,.METRE.) );
#16518 = ( NAMED_UNIT(*) PLANE_ANGLE_UNIT() SI_UNIT($,.RADIAN.) );
#16519 = ( NAMED_UNIT(*) SI_UNIT($,.STERADIAN.) SOLID_ANGLE_UNIT() );
#16520 = UNCERTAINTY_MEASURE_WITH_UNIT(LENGTH_MEASURE(1.E-07),#16517,
  'distance_accuracy_value','confusion accuracy');
#16521 = CONTEXT_DEPENDENT_SHAPE_REPRESENTATION(#16522,#16524);
#16522 = ( REPRESENTATION_RELATIONSHIP('','',#10353,#10) 
REPRESENTATION_RELATIONSHIP_WITH_TRANSFORMATION(#16523) 
SHAPE_REPRESENTATION_RELATIONSHIP() );
#16523 = ITEM_DEFINED_TRANSFORMATION('','',#11,#19);
#16524 = PRODUCT_DEFINITION_SHAPE('Placement','Placement of an item',
  #16525);
#16525 = NEXT_ASSEMBLY_USAGE_OCCURRENCE('2','lid','',#5,#10348,$);
#16526 = PRODUCT_RELATED_PRODUCT_CATEGORY('part',$,(#10350));
#16527 = MECHANICAL_DESIGN_GEOMETRIC_PRESENTATION_REPRESENTATION('',(
    #16528),#10335);
#16528 = STYLED_ITEM('color',(#16529),#37);
#16529 = PRESENTATION_STYLE_ASSIGNMENT((#16530));
#16530 = SURFACE_STYLE_USAGE(.BOTH.,#16531);
#16531 = SURFACE_SIDE_STYLE('',(#16532));
#16532 = SURFACE_STYLE_FILL_AREA(#16533);
#16533 = FILL_AREA_STYLE('',(#16534));
#16534 = FILL_AREA_STYLE_COLOUR('',#16535);
#16535 = COLOUR_RGB('',0.299999996101,0.45000000386,0.649999988539);
#16536 = MECHANICAL_DESIGN_GEOMETRIC_PRESENTATION_REPRESENTATION('',(
    #16537),#16516);
#16537 = STYLED_ITEM('color',(#16538),#10354);
#16538 = PRESENTATION_STYLE_ASSIGNMENT((#16539));
#16539 = SURFACE_STYLE_USAGE(.BOTH.,#16540);
#16540 = SURFACE_SIDE_STYLE('',(#16541));
#16541 = SURFACE_STYLE_FILL_AREA(#16542);
#16542 = FILL_AREA_STYLE('',(#16543));
#16543 = FILL_AREA_STYLE_COLOUR('',#16544);
#16544 = COLOUR_RGB('',0.750000000934,0.78000000177,0.819999987296);
ENDSEC;
END-ISO-10303-21;
