ISO-10303-21;
HEADER;
FILE_DESCRIPTION(('Open CASCADE Model'),'2;1');
FILE_NAME('Open CASCADE Shape Model','2026-07-17T02:02:55',('Author'),(
    'Open CASCADE'),'Open CASCADE STEP processor 7.9','Open CASCADE 7.9'
  ,'Unknown');
FILE_SCHEMA(('AUTOMOTIVE_DESIGN { 1 0 10303 214 1 1 1 1 }'));
ENDSEC;
DATA;
#1 = APPLICATION_PROTOCOL_DEFINITION('international standard',
  'automotive_design',2000,#2);
#2 = APPLICATION_CONTEXT(
  'core data for automotive mechanical design processes');
#3 = SHAPE_DEFINITION_REPRESENTATION(#4,#10);
#4 = PRODUCT_DEFINITION_SHAPE('','',#5);
#5 = PRODUCT_DEFINITION('design','',#6,#9);
#6 = PRODUCT_DEFINITION_FORMATION('','',#7);
#7 = PRODUCT('Open CASCADE STEP translator 7.9 2',
  'Open CASCADE STEP translator 7.9 2','',(#8));
#8 = PRODUCT_CONTEXT('',#2,'mechanical');
#9 = PRODUCT_DEFINITION_CONTEXT('part definition',#2,'design');
#10 = ADVANCED_BREP_SHAPE_REPRESENTATION('',(#11,#15),#6257);
#11 = AXIS2_PLACEMENT_3D('',#12,#13,#14);
#12 = CARTESIAN_POINT('',(0.,0.,0.));
#13 = DIRECTION('',(0.,0.,1.));
#14 = DIRECTION('',(1.,0.,-0.));
#15 = MANIFOLD_SOLID_BREP('',#16);
#16 = CLOSED_SHELL('',(#17,#137,#213,#1847,#1896,#3739,#3746,#3801,#3828
    ,#3855,#3882,#3909,#3936,#3963,#3990,#4017,#4044,#4071,#4098,#4125,
    #4152,#4179,#4206,#4233,#4288,#4315,#4342,#4369,#4396,#4423,#4450,
    #4477,#4504,#4531,#4586,#4633,#4660,#4687,#4694,#4741,#4768,#4795,
    #4802,#4849,#4876,#4903,#4910,#4957,#4984,#5011,#5018,#5065,#5092,
    #5119,#5126,#5181,#5235,#5311,#5360,#5409,#5436,#5512,#5561,#5610,
    #5637,#5691,#5767,#5816,#5865,#5892,#5946,#6022,#6071,#6120,#6147,
    #6201,#6208,#6215,#6222,#6229,#6236,#6243,#6250));
#17 = ADVANCED_FACE('',(#18),#32,.F.);
#18 = FACE_BOUND('',#19,.F.);
#19 = EDGE_LOOP('',(#20,#55,#83,#111));
#20 = ORIENTED_EDGE('',*,*,#21,.F.);
#21 = EDGE_CURVE('',#22,#24,#26,.T.);
#22 = VERTEX_POINT('',#23);
#23 = CARTESIAN_POINT('',(0.,113.13,4.));
#24 = VERTEX_POINT('',#25);
#25 = CARTESIAN_POINT('',(0.,113.13,0.));
#26 = SURFACE_CURVE('',#27,(#31,#43),.PCURVE_S1.);
#27 = LINE('',#28,#29);
#28 = CARTESIAN_POINT('',(0.,113.13,4.));
#29 = VECTOR('',#30,1.);
#30 = DIRECTION('',(0.,-1.224646799147E-16,-1.));
#31 = PCURVE('',#32,#37);
#32 = PLANE('',#33);
#33 = AXIS2_PLACEMENT_3D('',#34,#35,#36);
#34 = CARTESIAN_POINT('',(0.,113.13,4.));
#35 = DIRECTION('',(1.,0.,0.));
#36 = DIRECTION('',(0.,-1.224646799147E-16,-1.));
#37 = DEFINITIONAL_REPRESENTATION('',(#38),#42);
#38 = LINE('',#39,#40);
#39 = CARTESIAN_POINT('',(0.,0.));
#40 = VECTOR('',#41,1.);
#41 = DIRECTION('',(1.,0.));
#42 = ( GEOMETRIC_REPRESENTATION_CONTEXT(2) 
PARAMETRIC_REPRESENTATION_CONTEXT() REPRESENTATION_CONTEXT('2D SPACE',''
  ) );
#43 = PCURVE('',#44,#49);
#44 = PLANE('',#45);
#45 = AXIS2_PLACEMENT_3D('',#46,#47,#48);
#46 = CARTESIAN_POINT('',(0.,113.13,4.));
#47 = DIRECTION('',(0.,-1.,1.224646799147E-16));
#48 = DIRECTION('',(0.,-1.224646799147E-16,-1.));
#49 = DEFINITIONAL_REPRESENTATION('',(#50),#54);
#50 = LINE('',#51,#52);
#51 = CARTESIAN_POINT('',(0.,0.));
#52 = VECTOR('',#53,1.);
#53 = DIRECTION('',(1.,0.));
#54 = ( GEOMETRIC_REPRESENTATION_CONTEXT(2) 
PARAMETRIC_REPRESENTATION_CONTEXT() REPRESENTATION_CONTEXT('2D SPACE',''
  ) );
#55 = ORIENTED_EDGE('',*,*,#56,.T.);
#56 = EDGE_CURVE('',#22,#57,#59,.T.);
#57 = VERTEX_POINT('',#58);
#58 = CARTESIAN_POINT('',(0.,0.,4.));
#59 = SURFACE_CURVE('',#60,(#64,#71),.PCURVE_S1.);
#60 = LINE('',#61,#62);
#61 = CARTESIAN_POINT('',(0.,113.13,4.));
#62 = VECTOR('',#63,1.);
#63 = DIRECTION('',(0.,-1.,1.224646799147E-16));
#64 = PCURVE('',#32,#65);
#65 = DEFINITIONAL_REPRESENTATION('',(#66),#70);
#66 = LINE('',#67,#68);
#67 = CARTESIAN_POINT('',(0.,0.));
#68 = VECTOR('',#69,1.);
#69 = DIRECTION('',(0.,-1.));
#70 = ( GEOMETRIC_REPRESENTATION_CONTEXT(2) 
PARAMETRIC_REPRESENTATION_CONTEXT() REPRESENTATION_CONTEXT('2D SPACE',''
  ) );
#71 = PCURVE('',#72,#77);
#72 = PLANE('',#73);
#73 = AXIS2_PLACEMENT_3D('',#74,#75,#76);
#74 = CARTESIAN_POINT('',(0.,113.13,4.));
#75 = DIRECTION('',(0.,-1.224646799147E-16,-1.));
#76 = DIRECTION('',(1.,0.,0.));
#77 = DEFINITIONAL_REPRESENTATION('',(#78),#82);
#78 = LINE('',#79,#80);
#79 = CARTESIAN_POINT('',(0.,0.));
#80 = VECTOR('',#81,1.);
#81 = DIRECTION('',(0.,1.));
#82 = ( GEOMETRIC_REPRESENTATION_CONTEXT(2) 
PARAMETRIC_REPRESENTATION_CONTEXT() REPRESENTATION_CONTEXT('2D SPACE',''
  ) );
#83 = ORIENTED_EDGE('',*,*,#84,.T.);
#84 = EDGE_CURVE('',#57,#85,#87,.T.);
#85 = VERTEX_POINT('',#86);
#86 = CARTESIAN_POINT('',(0.,0.,1.42108547152E-14));
#87 = SURFACE_CURVE('',#88,(#92,#99),.PCURVE_S1.);
#88 = LINE('',#89,#90);
#89 = CARTESIAN_POINT('',(0.,0.,4.));
#90 = VECTOR('',#91,1.);
#91 = DIRECTION('',(0.,-1.224646799147E-16,-1.));
#92 = PCURVE('',#32,#93);
#93 = DEFINITIONAL_REPRESENTATION('',(#94),#98);
#94 = LINE('',#95,#96);
#95 = CARTESIAN_POINT('',(-3.56425476448E-16,-113.13));
#96 = VECTOR('',#97,1.);
#97 = DIRECTION('',(1.,0.));
#98 = ( GEOMETRIC_REPRESENTATION_CONTEXT(2) 
PARAMETRIC_REPRESENTATION_CONTEXT() REPRESENTATION_CONTEXT('2D SPACE',''
  ) );
#99 = PCURVE('',#100,#105);
#100 = PLANE('',#101);
#101 = AXIS2_PLACEMENT_3D('',#102,#103,#104);
#102 = CARTESIAN_POINT('',(0.,0.,4.));
#103 = DIRECTION('',(0.,-1.,1.224646799147E-16));
#104 = DIRECTION('',(0.,-1.224646799147E-16,-1.));
#105 = DEFINITIONAL_REPRESENTATION('',(#106),#110);
#106 = LINE('',#107,#108);
#107 = CARTESIAN_POINT('',(0.,0.));
#108 = VECTOR('',#109,1.);
#109 = DIRECTION('',(1.,0.));
#110 = ( GEOMETRIC_REPRESENTATION_CONTEXT(2) 
PARAMETRIC_REPRESENTATION_CONTEXT() REPRESENTATION_CONTEXT('2D SPACE',''
  ) );
#111 = ORIENTED_EDGE('',*,*,#112,.F.);
#112 = EDGE_CURVE('',#24,#85,#113,.T.);
#113 = SURFACE_CURVE('',#114,(#118,#125),.PCURVE_S1.);
#114 = LINE('',#115,#116);
#115 = CARTESIAN_POINT('',(0.,113.13,0.));
#116 = VECTOR('',#117,1.);
#117 = DIRECTION('',(0.,-1.,1.224646799147E-16));
#118 = PCURVE('',#32,#119);
#119 = DEFINITIONAL_REPRESENTATION('',(#120),#124);
#120 = LINE('',#121,#122);
#121 = CARTESIAN_POINT('',(4.,4.898587196589E-16));
#122 = VECTOR('',#123,1.);
#123 = DIRECTION('',(0.,-1.));
#124 = ( GEOMETRIC_REPRESENTATION_CONTEXT(2) 
PARAMETRIC_REPRESENTATION_CONTEXT() REPRESENTATION_CONTEXT('2D SPACE',''
  ) );
#125 = PCURVE('',#126,#131);
#126 = PLANE('',#127);
#127 = AXIS2_PLACEMENT_3D('',#128,#129,#130);
#128 = CARTESIAN_POINT('',(0.,113.13,0.));
#129 = DIRECTION('',(0.,-1.224646799147E-16,-1.));
#130 = DIRECTION('',(1.,0.,0.));
#131 = DEFINITIONAL_REPRESENTATION('',(#132),#136);
#132 = LINE('',#133,#134);
#133 = CARTESIAN_POINT('',(0.,0.));
#134 = VECTOR('',#135,1.);
#135 = DIRECTION('',(0.,1.));
#136 = ( GEOMETRIC_REPRESENTATION_CONTEXT(2) 
PARAMETRIC_REPRESENTATION_CONTEXT() REPRESENTATION_CONTEXT('2D SPACE',''
  ) );
#137 = ADVANCED_FACE('',(#138),#44,.F.);
#138 = FACE_BOUND('',#139,.F.);
#139 = EDGE_LOOP('',(#140,#163,#164,#187));
#140 = ORIENTED_EDGE('',*,*,#141,.F.);
#141 = EDGE_CURVE('',#22,#142,#144,.T.);
#142 = VERTEX_POINT('',#143);
#143 = CARTESIAN_POINT('',(97.,113.13,4.));
#144 = SURFACE_CURVE('',#145,(#149,#156),.PCURVE_S1.);
#145 = LINE('',#146,#147);
#146 = CARTESIAN_POINT('',(0.,113.13,4.));
#147 = VECTOR('',#148,1.);
#148 = DIRECTION('',(1.,0.,0.));
#149 = PCURVE('',#44,#150);
#150 = DEFINITIONAL_REPRESENTATION('',(#151),#155);
#151 = LINE('',#152,#153);
#152 = CARTESIAN_POINT('',(0.,0.));
#153 = VECTOR('',#154,1.);
#154 = DIRECTION('',(0.,1.));
#155 = ( GEOMETRIC_REPRESENTATION_CONTEXT(2) 
PARAMETRIC_REPRESENTATION_CONTEXT() REPRESENTATION_CONTEXT('2D SPACE',''
  ) );
#156 = PCURVE('',#72,#157);
#157 = DEFINITIONAL_REPRESENTATION('',(#158),#162);
#158 = LINE('',#159,#160);
#159 = CARTESIAN_POINT('',(0.,0.));
#160 = VECTOR('',#161,1.);
#161 = DIRECTION('',(1.,0.));
#162 = ( GEOMETRIC_REPRESENTATION_CONTEXT(2) 
PARAMETRIC_REPRESENTATION_CONTEXT() REPRESENTATION_CONTEXT('2D SPACE',''
  ) );
#163 = ORIENTED_EDGE('',*,*,#21,.T.);
#164 = ORIENTED_EDGE('',*,*,#165,.T.);
#165 = EDGE_CURVE('',#24,#166,#168,.T.);
#166 = VERTEX_POINT('',#167);
#167 = CARTESIAN_POINT('',(97.,113.13,0.));
#168 = SURFACE_CURVE('',#169,(#173,#180),.PCURVE_S1.);
#169 = LINE('',#170,#171);
#170 = CARTESIAN_POINT('',(0.,113.13,0.));
#171 = VECTOR('',#172,1.);
#172 = DIRECTION('',(1.,0.,0.));
#173 = PCURVE('',#44,#174);
#174 = DEFINITIONAL_REPRESENTATION('',(#175),#179);
#175 = LINE('',#176,#177);
#176 = CARTESIAN_POINT('',(4.,0.));
#177 = VECTOR('',#178,1.);
#178 = DIRECTION('',(0.,1.));
#179 = ( GEOMETRIC_REPRESENTATION_CONTEXT(2) 
PARAMETRIC_REPRESENTATION_CONTEXT() REPRESENTATION_CONTEXT('2D SPACE',''
  ) );
#180 = PCURVE('',#126,#181);
#181 = DEFINITIONAL_REPRESENTATION('',(#182),#186);
#182 = LINE('',#183,#184);
#183 = CARTESIAN_POINT('',(0.,0.));
#184 = VECTOR('',#185,1.);
#185 = DIRECTION('',(1.,0.));
#186 = ( GEOMETRIC_REPRESENTATION_CONTEXT(2) 
PARAMETRIC_REPRESENTATION_CONTEXT() REPRESENTATION_CONTEXT('2D SPACE',''
  ) );
#187 = ORIENTED_EDGE('',*,*,#188,.F.);
#188 = EDGE_CURVE('',#142,#166,#189,.T.);
#189 = SURFACE_CURVE('',#190,(#194,#201),.PCURVE_S1.);
#190 = LINE('',#191,#192);
#191 = CARTESIAN_POINT('',(97.,113.13,4.));
#192 = VECTOR('',#193,1.);
#193 = DIRECTION('',(0.,-1.224646799147E-16,-1.));
#194 = PCURVE('',#44,#195);
#195 = DEFINITIONAL_REPRESENTATION('',(#196),#200);
#196 = LINE('',#197,#198);
#197 = CARTESIAN_POINT('',(0.,97.));
#198 = VECTOR('',#199,1.);
#199 = DIRECTION('',(1.,0.));
#200 = ( GEOMETRIC_REPRESENTATION_CONTEXT(2) 
PARAMETRIC_REPRESENTATION_CONTEXT() REPRESENTATION_CONTEXT('2D SPACE',''
  ) );
#201 = PCURVE('',#202,#207);
#202 = PLANE('',#203);
#203 = AXIS2_PLACEMENT_3D('',#204,#205,#206);
#204 = CARTESIAN_POINT('',(97.,113.13,4.));
#205 = DIRECTION('',(1.,0.,0.));
#206 = DIRECTION('',(0.,-1.224646799147E-16,-1.));
#207 = DEFINITIONAL_REPRESENTATION('',(#208),#212);
#208 = LINE('',#209,#210);
#209 = CARTESIAN_POINT('',(0.,0.));
#210 = VECTOR('',#211,1.);
#211 = DIRECTION('',(1.,0.));
#212 = ( GEOMETRIC_REPRESENTATION_CONTEXT(2) 
PARAMETRIC_REPRESENTATION_CONTEXT() REPRESENTATION_CONTEXT('2D SPACE',''
  ) );
#213 = ADVANCED_FACE('',(#214,#262,#297,#332,#367,#402,#437,#472,#507,
    #542,#577,#612,#647,#682,#717,#752,#787,#822,#857,#892,#927,#962,
    #997,#1032,#1067,#1102,#1137,#1172,#1207,#1242,#1356,#1470,#1584,
    #1698,#1812),#126,.T.);
#214 = FACE_BOUND('',#215,.T.);
#215 = EDGE_LOOP('',(#216,#217,#218,#241));
#216 = ORIENTED_EDGE('',*,*,#112,.F.);
#217 = ORIENTED_EDGE('',*,*,#165,.T.);
#218 = ORIENTED_EDGE('',*,*,#219,.T.);
#219 = EDGE_CURVE('',#166,#220,#222,.T.);
#220 = VERTEX_POINT('',#221);
#221 = CARTESIAN_POINT('',(97.,0.,1.42108547152E-14));
#222 = SURFACE_CURVE('',#223,(#227,#234),.PCURVE_S1.);
#223 = LINE('',#224,#225);
#224 = CARTESIAN_POINT('',(97.,113.13,0.));
#225 = VECTOR('',#226,1.);
#226 = DIRECTION('',(0.,-1.,1.224646799147E-16));
#227 = PCURVE('',#126,#228);
#228 = DEFINITIONAL_REPRESENTATION('',(#229),#233);
#229 = LINE('',#230,#231);
#230 = CARTESIAN_POINT('',(97.,0.));
#231 = VECTOR('',#232,1.);
#232 = DIRECTION('',(0.,1.));
#233 = ( GEOMETRIC_REPRESENTATION_CONTEXT(2) 
PARAMETRIC_REPRESENTATION_CONTEXT() REPRESENTATION_CONTEXT('2D SPACE',''
  ) );
#234 = PCURVE('',#202,#235);
#235 = DEFINITIONAL_REPRESENTATION('',(#236),#240);
#236 = LINE('',#237,#238);
#237 = CARTESIAN_POINT('',(4.,4.898587196589E-16));
#238 = VECTOR('',#239,1.);
#239 = DIRECTION('',(0.,-1.));
#240 = ( GEOMETRIC_REPRESENTATION_CONTEXT(2) 
PARAMETRIC_REPRESENTATION_CONTEXT() REPRESENTATION_CONTEXT('2D SPACE',''
  ) );
#241 = ORIENTED_EDGE('',*,*,#242,.F.);
#242 = EDGE_CURVE('',#85,#220,#243,.T.);
#243 = SURFACE_CURVE('',#244,(#248,#255),.PCURVE_S1.);
#244 = LINE('',#245,#246);
#245 = CARTESIAN_POINT('',(0.,0.,1.42108547152E-14));
#246 = VECTOR('',#247,1.);
#247 = DIRECTION('',(1.,0.,0.));
#248 = PCURVE('',#126,#249);
#249 = DEFINITIONAL_REPRESENTATION('',(#250),#254);
#250 = LINE('',#251,#252);
#251 = CARTESIAN_POINT('',(0.,113.13));
#252 = VECTOR('',#253,1.);
#253 = DIRECTION('',(1.,0.));
#254 = ( GEOMETRIC_REPRESENTATION_CONTEXT(2) 
PARAMETRIC_REPRESENTATION_CONTEXT() REPRESENTATION_CONTEXT('2D SPACE',''
  ) );
#255 = PCURVE('',#100,#256);
#256 = DEFINITIONAL_REPRESENTATION('',(#257),#261);
#257 = LINE('',#258,#259);
#258 = CARTESIAN_POINT('',(4.,0.));
#259 = VECTOR('',#260,1.);
#260 = DIRECTION('',(0.,1.));
#261 = ( GEOMETRIC_REPRESENTATION_CONTEXT(2) 
PARAMETRIC_REPRESENTATION_CONTEXT() REPRESENTATION_CONTEXT('2D SPACE',''
  ) );
#262 = FACE_BOUND('',#263,.T.);
#263 = EDGE_LOOP('',(#264));
#264 = ORIENTED_EDGE('',*,*,#265,.T.);
#265 = EDGE_CURVE('',#266,#266,#268,.T.);
#266 = VERTEX_POINT('',#267);
#267 = CARTESIAN_POINT('',(6.5,109.13,0.));
#268 = SURFACE_CURVE('',#269,(#274,#285),.PCURVE_S1.);
#269 = CIRCLE('',#270,2.5);
#270 = AXIS2_PLACEMENT_3D('',#271,#272,#273);
#271 = CARTESIAN_POINT('',(4.,109.13,0.));
#272 = DIRECTION('',(-0.,1.224646799147E-16,1.));
#273 = DIRECTION('',(1.,0.,0.));
#274 = PCURVE('',#126,#275);
#275 = DEFINITIONAL_REPRESENTATION('',(#276),#284);
#276 = ( BOUNDED_CURVE() B_SPLINE_CURVE(2,(#277,#278,#279,#280,#281,#282
,#283),.UNSPECIFIED.,.T.,.F.) B_SPLINE_CURVE_WITH_KNOTS((1,2,2,2,2,1),(
    -2.094395102393,0.,2.094395102393,4.188790204786,6.28318530718,
8.377580409573),.UNSPECIFIED.) CURVE() GEOMETRIC_REPRESENTATION_ITEM() 
RATIONAL_B_SPLINE_CURVE((1.,0.5,1.,0.5,1.,0.5,1.)) REPRESENTATION_ITEM(
  '') );
#277 = CARTESIAN_POINT('',(6.5,4.));
#278 = CARTESIAN_POINT('',(6.5,-0.330127018922));
#279 = CARTESIAN_POINT('',(2.75,1.834936490539));
#280 = CARTESIAN_POINT('',(-1.,4.));
#281 = CARTESIAN_POINT('',(2.75,6.165063509461));
#282 = CARTESIAN_POINT('',(6.5,8.330127018922));
#283 = CARTESIAN_POINT('',(6.5,4.));
#284 = ( GEOMETRIC_REPRESENTATION_CONTEXT(2) 
PARAMETRIC_REPRESENTATION_CONTEXT() REPRESENTATION_CONTEXT('2D SPACE',''
  ) );
#285 = PCURVE('',#286,#291);
#286 = CYLINDRICAL_SURFACE('',#287,2.5);
#287 = AXIS2_PLACEMENT_3D('',#288,#289,#290);
#288 = CARTESIAN_POINT('',(4.,109.13,2.6));
#289 = DIRECTION('',(-0.,1.224646799147E-16,1.));
#290 = DIRECTION('',(1.,0.,0.));
#291 = DEFINITIONAL_REPRESENTATION('',(#292),#296);
#292 = LINE('',#293,#294);
#293 = CARTESIAN_POINT('',(-6.28318530718,-2.6));
#294 = VECTOR('',#295,1.);
#295 = DIRECTION('',(1.,-0.));
#296 = ( GEOMETRIC_REPRESENTATION_CONTEXT(2) 
PARAMETRIC_REPRESENTATION_CONTEXT() REPRESENTATION_CONTEXT('2D SPACE',''
  ) );
#297 = FACE_BOUND('',#298,.T.);
#298 = EDGE_LOOP('',(#299));
#299 = ORIENTED_EDGE('',*,*,#300,.T.);
#300 = EDGE_CURVE('',#301,#301,#303,.T.);
#301 = VERTEX_POINT('',#302);
#302 = CARTESIAN_POINT('',(40.5,90.83,0.));
#303 = SURFACE_CURVE('',#304,(#309,#320),.PCURVE_S1.);
#304 = CIRCLE('',#305,2.);
#305 = AXIS2_PLACEMENT_3D('',#306,#307,#308);
#306 = CARTESIAN_POINT('',(38.5,90.83,0.));
#307 = DIRECTION('',(-0.,1.224646799147E-16,1.));
#308 = DIRECTION('',(1.,0.,0.));
#309 = PCURVE('',#126,#310);
#310 = DEFINITIONAL_REPRESENTATION('',(#311),#319);
#311 = ( BOUNDED_CURVE() B_SPLINE_CURVE(2,(#312,#313,#314,#315,#316,#317
,#318),.UNSPECIFIED.,.T.,.F.) B_SPLINE_CURVE_WITH_KNOTS((1,2,2,2,2,1),(
    -2.094395102393,0.,2.094395102393,4.188790204786,6.28318530718,
8.377580409573),.UNSPECIFIED.) CURVE() GEOMETRIC_REPRESENTATION_ITEM() 
RATIONAL_B_SPLINE_CURVE((1.,0.5,1.,0.5,1.,0.5,1.)) REPRESENTATION_ITEM(
  '') );
#312 = CARTESIAN_POINT('',(40.5,22.3));
#313 = CARTESIAN_POINT('',(40.5,18.835898384862));
#314 = CARTESIAN_POINT('',(37.5,20.567949192431));
#315 = CARTESIAN_POINT('',(34.5,22.3));
#316 = CARTESIAN_POINT('',(37.5,24.032050807569));
#317 = CARTESIAN_POINT('',(40.5,25.764101615138));
#318 = CARTESIAN_POINT('',(40.5,22.3));
#319 = ( GEOMETRIC_REPRESENTATION_CONTEXT(2) 
PARAMETRIC_REPRESENTATION_CONTEXT() REPRESENTATION_CONTEXT('2D SPACE',''
  ) );
#320 = PCURVE('',#321,#326);
#321 = CYLINDRICAL_SURFACE('',#322,2.);
#322 = AXIS2_PLACEMENT_3D('',#323,#324,#325);
#323 = CARTESIAN_POINT('',(38.5,90.83,4.5));
#324 = DIRECTION('',(-0.,1.224646799147E-16,1.));
#325 = DIRECTION('',(1.,0.,0.));
#326 = DEFINITIONAL_REPRESENTATION('',(#327),#331);
#327 = LINE('',#328,#329);
#328 = CARTESIAN_POINT('',(-6.28318530718,-4.5));
#329 = VECTOR('',#330,1.);
#330 = DIRECTION('',(1.,-0.));
#331 = ( GEOMETRIC_REPRESENTATION_CONTEXT(2) 
PARAMETRIC_REPRESENTATION_CONTEXT() REPRESENTATION_CONTEXT('2D SPACE',''
  ) );
#332 = FACE_BOUND('',#333,.T.);
#333 = EDGE_LOOP('',(#334));
#334 = ORIENTED_EDGE('',*,*,#335,.T.);
#335 = EDGE_CURVE('',#336,#336,#338,.T.);
#336 = VERTEX_POINT('',#337);
#337 = CARTESIAN_POINT('',(40.5,84.33,0.));
#338 = SURFACE_CURVE('',#339,(#344,#355),.PCURVE_S1.);
#339 = CIRCLE('',#340,2.);
#340 = AXIS2_PLACEMENT_3D('',#341,#342,#343);
#341 = CARTESIAN_POINT('',(38.5,84.33,0.));
#342 = DIRECTION('',(-0.,1.224646799147E-16,1.));
#343 = DIRECTION('',(1.,0.,0.));
#344 = PCURVE('',#126,#345);
#345 = DEFINITIONAL_REPRESENTATION('',(#346),#354);
#346 = ( BOUNDED_CURVE() B_SPLINE_CURVE(2,(#347,#348,#349,#350,#351,#352
,#353),.UNSPECIFIED.,.T.,.F.) B_SPLINE_CURVE_WITH_KNOTS((1,2,2,2,2,1),(
    -2.094395102393,0.,2.094395102393,4.188790204786,6.28318530718,
8.377580409573),.UNSPECIFIED.) CURVE() GEOMETRIC_REPRESENTATION_ITEM() 
RATIONAL_B_SPLINE_CURVE((1.,0.5,1.,0.5,1.,0.5,1.)) REPRESENTATION_ITEM(
  '') );
#347 = CARTESIAN_POINT('',(40.5,28.8));
#348 = CARTESIAN_POINT('',(40.5,25.335898384862));
#349 = CARTESIAN_POINT('',(37.5,27.067949192431));
#350 = CARTESIAN_POINT('',(34.5,28.8));
#351 = CARTESIAN_POINT('',(37.5,30.532050807569));
#352 = CARTESIAN_POINT('',(40.5,32.264101615138));
#353 = CARTESIAN_POINT('',(40.5,28.8));
#354 = ( GEOMETRIC_REPRESENTATION_CONTEXT(2) 
PARAMETRIC_REPRESENTATION_CONTEXT() REPRESENTATION_CONTEXT('2D SPACE',''
  ) );
#355 = PCURVE('',#356,#361);
#356 = CYLINDRICAL_SURFACE('',#357,2.);
#357 = AXIS2_PLACEMENT_3D('',#358,#359,#360);
#358 = CARTESIAN_POINT('',(38.5,84.33,4.5));
#359 = DIRECTION('',(-0.,1.224646799147E-16,1.));
#360 = DIRECTION('',(1.,0.,0.));
#361 = DEFINITIONAL_REPRESENTATION('',(#362),#366);
#362 = LINE('',#363,#364);
#363 = CARTESIAN_POINT('',(-6.28318530718,-4.5));
#364 = VECTOR('',#365,1.);
#365 = DIRECTION('',(1.,-0.));
#366 = ( GEOMETRIC_REPRESENTATION_CONTEXT(2) 
PARAMETRIC_REPRESENTATION_CONTEXT() REPRESENTATION_CONTEXT('2D SPACE',''
  ) );
#367 = FACE_BOUND('',#368,.T.);
#368 = EDGE_LOOP('',(#369));
#369 = ORIENTED_EDGE('',*,*,#370,.T.);
#370 = EDGE_CURVE('',#371,#371,#373,.T.);
#371 = VERTEX_POINT('',#372);
#372 = CARTESIAN_POINT('',(47.,90.83,0.));
#373 = SURFACE_CURVE('',#374,(#379,#390),.PCURVE_S1.);
#374 = CIRCLE('',#375,2.);
#375 = AXIS2_PLACEMENT_3D('',#376,#377,#378);
#376 = CARTESIAN_POINT('',(45.,90.83,0.));
#377 = DIRECTION('',(-0.,1.224646799147E-16,1.));
#378 = DIRECTION('',(1.,0.,0.));
#379 = PCURVE('',#126,#380);
#380 = DEFINITIONAL_REPRESENTATION('',(#381),#389);
#381 = ( BOUNDED_CURVE() B_SPLINE_CURVE(2,(#382,#383,#384,#385,#386,#387
,#388),.UNSPECIFIED.,.T.,.F.) B_SPLINE_CURVE_WITH_KNOTS((1,2,2,2,2,1),(
    -2.094395102393,0.,2.094395102393,4.188790204786,6.28318530718,
8.377580409573),.UNSPECIFIED.) CURVE() GEOMETRIC_REPRESENTATION_ITEM() 
RATIONAL_B_SPLINE_CURVE((1.,0.5,1.,0.5,1.,0.5,1.)) REPRESENTATION_ITEM(
  '') );
#382 = CARTESIAN_POINT('',(47.,22.3));
#383 = CARTESIAN_POINT('',(47.,18.835898384862));
#384 = CARTESIAN_POINT('',(44.,20.567949192431));
#385 = CARTESIAN_POINT('',(41.,22.3));
#386 = CARTESIAN_POINT('',(44.,24.032050807569));
#387 = CARTESIAN_POINT('',(47.,25.764101615138));
#388 = CARTESIAN_POINT('',(47.,22.3));
#389 = ( GEOMETRIC_REPRESENTATION_CONTEXT(2) 
PARAMETRIC_REPRESENTATION_CONTEXT() REPRESENTATION_CONTEXT('2D SPACE',''
  ) );
#390 = PCURVE('',#391,#396);
#391 = CYLINDRICAL_SURFACE('',#392,2.);
#392 = AXIS2_PLACEMENT_3D('',#393,#394,#395);
#393 = CARTESIAN_POINT('',(45.,90.83,4.5));
#394 = DIRECTION('',(-0.,1.224646799147E-16,1.));
#395 = DIRECTION('',(1.,0.,0.));
#396 = DEFINITIONAL_REPRESENTATION('',(#397),#401);
#397 = LINE('',#398,#399);
#398 = CARTESIAN_POINT('',(-6.28318530718,-4.5));
#399 = VECTOR('',#400,1.);
#400 = DIRECTION('',(1.,-0.));
#401 = ( GEOMETRIC_REPRESENTATION_CONTEXT(2) 
PARAMETRIC_REPRESENTATION_CONTEXT() REPRESENTATION_CONTEXT('2D SPACE',''
  ) );
#402 = FACE_BOUND('',#403,.T.);
#403 = EDGE_LOOP('',(#404));
#404 = ORIENTED_EDGE('',*,*,#405,.T.);
#405 = EDGE_CURVE('',#406,#406,#408,.T.);
#406 = VERTEX_POINT('',#407);
#407 = CARTESIAN_POINT('',(47.,84.33,0.));
#408 = SURFACE_CURVE('',#409,(#414,#425),.PCURVE_S1.);
#409 = CIRCLE('',#410,2.);
#410 = AXIS2_PLACEMENT_3D('',#411,#412,#413);
#411 = CARTESIAN_POINT('',(45.,84.33,0.));
#412 = DIRECTION('',(-0.,1.224646799147E-16,1.));
#413 = DIRECTION('',(1.,0.,0.));
#414 = PCURVE('',#126,#415);
#415 = DEFINITIONAL_REPRESENTATION('',(#416),#424);
#416 = ( BOUNDED_CURVE() B_SPLINE_CURVE(2,(#417,#418,#419,#420,#421,#422
,#423),.UNSPECIFIED.,.T.,.F.) B_SPLINE_CURVE_WITH_KNOTS((1,2,2,2,2,1),(
    -2.094395102393,0.,2.094395102393,4.188790204786,6.28318530718,
8.377580409573),.UNSPECIFIED.) CURVE() GEOMETRIC_REPRESENTATION_ITEM() 
RATIONAL_B_SPLINE_CURVE((1.,0.5,1.,0.5,1.,0.5,1.)) REPRESENTATION_ITEM(
  '') );
#417 = CARTESIAN_POINT('',(47.,28.8));
#418 = CARTESIAN_POINT('',(47.,25.335898384862));
#419 = CARTESIAN_POINT('',(44.,27.067949192431));
#420 = CARTESIAN_POINT('',(41.,28.8));
#421 = CARTESIAN_POINT('',(44.,30.532050807569));
#422 = CARTESIAN_POINT('',(47.,32.264101615138));
#423 = CARTESIAN_POINT('',(47.,28.8));
#424 = ( GEOMETRIC_REPRESENTATION_CONTEXT(2) 
PARAMETRIC_REPRESENTATION_CONTEXT() REPRESENTATION_CONTEXT('2D SPACE',''
  ) );
#425 = PCURVE('',#426,#431);
#426 = CYLINDRICAL_SURFACE('',#427,2.);
#427 = AXIS2_PLACEMENT_3D('',#428,#429,#430);
#428 = CARTESIAN_POINT('',(45.,84.33,4.5));
#429 = DIRECTION('',(-0.,1.224646799147E-16,1.));
#430 = DIRECTION('',(1.,0.,0.));
#431 = DEFINITIONAL_REPRESENTATION('',(#432),#436);
#432 = LINE('',#433,#434);
#433 = CARTESIAN_POINT('',(-6.28318530718,-4.5));
#434 = VECTOR('',#435,1.);
#435 = DIRECTION('',(1.,-0.));
#436 = ( GEOMETRIC_REPRESENTATION_CONTEXT(2) 
PARAMETRIC_REPRESENTATION_CONTEXT() REPRESENTATION_CONTEXT('2D SPACE',''
  ) );
#437 = FACE_BOUND('',#438,.T.);
#438 = EDGE_LOOP('',(#439));
#439 = ORIENTED_EDGE('',*,*,#440,.T.);
#440 = EDGE_CURVE('',#441,#441,#443,.T.);
#441 = VERTEX_POINT('',#442);
#442 = CARTESIAN_POINT('',(40.5,77.83,0.));
#443 = SURFACE_CURVE('',#444,(#449,#460),.PCURVE_S1.);
#444 = CIRCLE('',#445,2.);
#445 = AXIS2_PLACEMENT_3D('',#446,#447,#448);
#446 = CARTESIAN_POINT('',(38.5,77.83,0.));
#447 = DIRECTION('',(-0.,1.224646799147E-16,1.));
#448 = DIRECTION('',(1.,0.,0.));
#449 = PCURVE('',#126,#450);
#450 = DEFINITIONAL_REPRESENTATION('',(#451),#459);
#451 = ( BOUNDED_CURVE() B_SPLINE_CURVE(2,(#452,#453,#454,#455,#456,#457
,#458),.UNSPECIFIED.,.T.,.F.) B_SPLINE_CURVE_WITH_KNOTS((1,2,2,2,2,1),(
    -2.094395102393,0.,2.094395102393,4.188790204786,6.28318530718,
8.377580409573),.UNSPECIFIED.) CURVE() GEOMETRIC_REPRESENTATION_ITEM() 
RATIONAL_B_SPLINE_CURVE((1.,0.5,1.,0.5,1.,0.5,1.)) REPRESENTATION_ITEM(
  '') );
#452 = CARTESIAN_POINT('',(40.5,35.3));
#453 = CARTESIAN_POINT('',(40.5,31.835898384862));
#454 = CARTESIAN_POINT('',(37.5,33.567949192431));
#455 = CARTESIAN_POINT('',(34.5,35.3));
#456 = CARTESIAN_POINT('',(37.5,37.032050807569));
#457 = CARTESIAN_POINT('',(40.5,38.764101615138));
#458 = CARTESIAN_POINT('',(40.5,35.3));
#459 = ( GEOMETRIC_REPRESENTATION_CONTEXT(2) 
PARAMETRIC_REPRESENTATION_CONTEXT() REPRESENTATION_CONTEXT('2D SPACE',''
  ) );
#460 = PCURVE('',#461,#466);
#461 = CYLINDRICAL_SURFACE('',#462,2.);
#462 = AXIS2_PLACEMENT_3D('',#463,#464,#465);
#463 = CARTESIAN_POINT('',(38.5,77.83,4.5));
#464 = DIRECTION('',(-0.,1.224646799147E-16,1.));
#465 = DIRECTION('',(1.,0.,0.));
#466 = DEFINITIONAL_REPRESENTATION('',(#467),#471);
#467 = LINE('',#468,#469);
#468 = CARTESIAN_POINT('',(-6.28318530718,-4.5));
#469 = VECTOR('',#470,1.);
#470 = DIRECTION('',(1.,-0.));
#471 = ( GEOMETRIC_REPRESENTATION_CONTEXT(2) 
PARAMETRIC_REPRESENTATION_CONTEXT() REPRESENTATION_CONTEXT('2D SPACE',''
  ) );
#472 = FACE_BOUND('',#473,.T.);
#473 = EDGE_LOOP('',(#474));
#474 = ORIENTED_EDGE('',*,*,#475,.T.);
#475 = EDGE_CURVE('',#476,#476,#478,.T.);
#476 = VERTEX_POINT('',#477);
#477 = CARTESIAN_POINT('',(47.,77.83,0.));
#478 = SURFACE_CURVE('',#479,(#484,#495),.PCURVE_S1.);
#479 = CIRCLE('',#480,2.);
#480 = AXIS2_PLACEMENT_3D('',#481,#482,#483);
#481 = CARTESIAN_POINT('',(45.,77.83,0.));
#482 = DIRECTION('',(-0.,1.224646799147E-16,1.));
#483 = DIRECTION('',(1.,0.,0.));
#484 = PCURVE('',#126,#485);
#485 = DEFINITIONAL_REPRESENTATION('',(#486),#494);
#486 = ( BOUNDED_CURVE() B_SPLINE_CURVE(2,(#487,#488,#489,#490,#491,#492
,#493),.UNSPECIFIED.,.T.,.F.) B_SPLINE_CURVE_WITH_KNOTS((1,2,2,2,2,1),(
    -2.094395102393,0.,2.094395102393,4.188790204786,6.28318530718,
8.377580409573),.UNSPECIFIED.) CURVE() GEOMETRIC_REPRESENTATION_ITEM() 
RATIONAL_B_SPLINE_CURVE((1.,0.5,1.,0.5,1.,0.5,1.)) REPRESENTATION_ITEM(
  '') );
#487 = CARTESIAN_POINT('',(47.,35.3));
#488 = CARTESIAN_POINT('',(47.,31.835898384862));
#489 = CARTESIAN_POINT('',(44.,33.567949192431));
#490 = CARTESIAN_POINT('',(41.,35.3));
#491 = CARTESIAN_POINT('',(44.,37.032050807569));
#492 = CARTESIAN_POINT('',(47.,38.764101615138));
#493 = CARTESIAN_POINT('',(47.,35.3));
#494 = ( GEOMETRIC_REPRESENTATION_CONTEXT(2) 
PARAMETRIC_REPRESENTATION_CONTEXT() REPRESENTATION_CONTEXT('2D SPACE',''
  ) );
#495 = PCURVE('',#496,#501);
#496 = CYLINDRICAL_SURFACE('',#497,2.);
#497 = AXIS2_PLACEMENT_3D('',#498,#499,#500);
#498 = CARTESIAN_POINT('',(45.,77.83,4.5));
#499 = DIRECTION('',(-0.,1.224646799147E-16,1.));
#500 = DIRECTION('',(1.,0.,0.));
#501 = DEFINITIONAL_REPRESENTATION('',(#502),#506);
#502 = LINE('',#503,#504);
#503 = CARTESIAN_POINT('',(-6.28318530718,-4.5));
#504 = VECTOR('',#505,1.);
#505 = DIRECTION('',(1.,-0.));
#506 = ( GEOMETRIC_REPRESENTATION_CONTEXT(2) 
PARAMETRIC_REPRESENTATION_CONTEXT() REPRESENTATION_CONTEXT('2D SPACE',''
  ) );
#507 = FACE_BOUND('',#508,.T.);
#508 = EDGE_LOOP('',(#509));
#509 = ORIENTED_EDGE('',*,*,#510,.T.);
#510 = EDGE_CURVE('',#511,#511,#513,.T.);
#511 = VERTEX_POINT('',#512);
#512 = CARTESIAN_POINT('',(40.5,71.33,0.));
#513 = SURFACE_CURVE('',#514,(#519,#530),.PCURVE_S1.);
#514 = CIRCLE('',#515,2.);
#515 = AXIS2_PLACEMENT_3D('',#516,#517,#518);
#516 = CARTESIAN_POINT('',(38.5,71.33,0.));
#517 = DIRECTION('',(-0.,1.224646799147E-16,1.));
#518 = DIRECTION('',(1.,0.,0.));
#519 = PCURVE('',#126,#520);
#520 = DEFINITIONAL_REPRESENTATION('',(#521),#529);
#521 = ( BOUNDED_CURVE() B_SPLINE_CURVE(2,(#522,#523,#524,#525,#526,#527
,#528),.UNSPECIFIED.,.T.,.F.) B_SPLINE_CURVE_WITH_KNOTS((1,2,2,2,2,1),(
    -2.094395102393,0.,2.094395102393,4.188790204786,6.28318530718,
8.377580409573),.UNSPECIFIED.) CURVE() GEOMETRIC_REPRESENTATION_ITEM() 
RATIONAL_B_SPLINE_CURVE((1.,0.5,1.,0.5,1.,0.5,1.)) REPRESENTATION_ITEM(
  '') );
#522 = CARTESIAN_POINT('',(40.5,41.8));
#523 = CARTESIAN_POINT('',(40.5,38.335898384862));
#524 = CARTESIAN_POINT('',(37.5,40.067949192431));
#525 = CARTESIAN_POINT('',(34.5,41.8));
#526 = CARTESIAN_POINT('',(37.5,43.532050807569));
#527 = CARTESIAN_POINT('',(40.5,45.264101615138));
#528 = CARTESIAN_POINT('',(40.5,41.8));
#529 = ( GEOMETRIC_REPRESENTATION_CONTEXT(2) 
PARAMETRIC_REPRESENTATION_CONTEXT() REPRESENTATION_CONTEXT('2D SPACE',''
  ) );
#530 = PCURVE('',#531,#536);
#531 = CYLINDRICAL_SURFACE('',#532,2.);
#532 = AXIS2_PLACEMENT_3D('',#533,#534,#535);
#533 = CARTESIAN_POINT('',(38.5,71.33,4.5));
#534 = DIRECTION('',(-0.,1.224646799147E-16,1.));
#535 = DIRECTION('',(1.,0.,0.));
#536 = DEFINITIONAL_REPRESENTATION('',(#537),#541);
#537 = LINE('',#538,#539);
#538 = CARTESIAN_POINT('',(-6.28318530718,-4.5));
#539 = VECTOR('',#540,1.);
#540 = DIRECTION('',(1.,-0.));
#541 = ( GEOMETRIC_REPRESENTATION_CONTEXT(2) 
PARAMETRIC_REPRESENTATION_CONTEXT() REPRESENTATION_CONTEXT('2D SPACE',''
  ) );
#542 = FACE_BOUND('',#543,.T.);
#543 = EDGE_LOOP('',(#544));
#544 = ORIENTED_EDGE('',*,*,#545,.T.);
#545 = EDGE_CURVE('',#546,#546,#548,.T.);
#546 = VERTEX_POINT('',#547);
#547 = CARTESIAN_POINT('',(47.,71.33,0.));
#548 = SURFACE_CURVE('',#549,(#554,#565),.PCURVE_S1.);
#549 = CIRCLE('',#550,2.);
#550 = AXIS2_PLACEMENT_3D('',#551,#552,#553);
#551 = CARTESIAN_POINT('',(45.,71.33,0.));
#552 = DIRECTION('',(-0.,1.224646799147E-16,1.));
#553 = DIRECTION('',(1.,0.,0.));
#554 = PCURVE('',#126,#555);
#555 = DEFINITIONAL_REPRESENTATION('',(#556),#564);
#556 = ( BOUNDED_CURVE() B_SPLINE_CURVE(2,(#557,#558,#559,#560,#561,#562
,#563),.UNSPECIFIED.,.T.,.F.) B_SPLINE_CURVE_WITH_KNOTS((1,2,2,2,2,1),(
    -2.094395102393,0.,2.094395102393,4.188790204786,6.28318530718,
8.377580409573),.UNSPECIFIED.) CURVE() GEOMETRIC_REPRESENTATION_ITEM() 
RATIONAL_B_SPLINE_CURVE((1.,0.5,1.,0.5,1.,0.5,1.)) REPRESENTATION_ITEM(
  '') );
#557 = CARTESIAN_POINT('',(47.,41.8));
#558 = CARTESIAN_POINT('',(47.,38.335898384862));
#559 = CARTESIAN_POINT('',(44.,40.067949192431));
#560 = CARTESIAN_POINT('',(41.,41.8));
#561 = CARTESIAN_POINT('',(44.,43.532050807569));
#562 = CARTESIAN_POINT('',(47.,45.264101615138));
#563 = CARTESIAN_POINT('',(47.,41.8));
#564 = ( GEOMETRIC_REPRESENTATION_CONTEXT(2) 
PARAMETRIC_REPRESENTATION_CONTEXT() REPRESENTATION_CONTEXT('2D SPACE',''
  ) );
#565 = PCURVE('',#566,#571);
#566 = CYLINDRICAL_SURFACE('',#567,2.);
#567 = AXIS2_PLACEMENT_3D('',#568,#569,#570);
#568 = CARTESIAN_POINT('',(45.,71.33,4.5));
#569 = DIRECTION('',(-0.,1.224646799147E-16,1.));
#570 = DIRECTION('',(1.,0.,0.));
#571 = DEFINITIONAL_REPRESENTATION('',(#572),#576);
#572 = LINE('',#573,#574);
#573 = CARTESIAN_POINT('',(-6.28318530718,-4.5));
#574 = VECTOR('',#575,1.);
#575 = DIRECTION('',(1.,-0.));
#576 = ( GEOMETRIC_REPRESENTATION_CONTEXT(2) 
PARAMETRIC_REPRESENTATION_CONTEXT() REPRESENTATION_CONTEXT('2D SPACE',''
  ) );
#577 = FACE_BOUND('',#578,.T.);
#578 = EDGE_LOOP('',(#579));
#579 = ORIENTED_EDGE('',*,*,#580,.T.);
#580 = EDGE_CURVE('',#581,#581,#583,.T.);
#581 = VERTEX_POINT('',#582);
#582 = CARTESIAN_POINT('',(40.5,64.83,0.));
#583 = SURFACE_CURVE('',#584,(#589,#600),.PCURVE_S1.);
#584 = CIRCLE('',#585,2.);
#585 = AXIS2_PLACEMENT_3D('',#586,#587,#588);
#586 = CARTESIAN_POINT('',(38.5,64.83,0.));
#587 = DIRECTION('',(-0.,1.224646799147E-16,1.));
#588 = DIRECTION('',(1.,0.,0.));
#589 = PCURVE('',#126,#590);
#590 = DEFINITIONAL_REPRESENTATION('',(#591),#599);
#591 = ( BOUNDED_CURVE() B_SPLINE_CURVE(2,(#592,#593,#594,#595,#596,#597
,#598),.UNSPECIFIED.,.T.,.F.) B_SPLINE_CURVE_WITH_KNOTS((1,2,2,2,2,1),(
    -2.094395102393,0.,2.094395102393,4.188790204786,6.28318530718,
8.377580409573),.UNSPECIFIED.) CURVE() GEOMETRIC_REPRESENTATION_ITEM() 
RATIONAL_B_SPLINE_CURVE((1.,0.5,1.,0.5,1.,0.5,1.)) REPRESENTATION_ITEM(
  '') );
#592 = CARTESIAN_POINT('',(40.5,48.3));
#593 = CARTESIAN_POINT('',(40.5,44.835898384862));
#594 = CARTESIAN_POINT('',(37.5,46.567949192431));
#595 = CARTESIAN_POINT('',(34.5,48.3));
#596 = CARTESIAN_POINT('',(37.5,50.032050807569));
#597 = CARTESIAN_POINT('',(40.5,51.764101615138));
#598 = CARTESIAN_POINT('',(40.5,48.3));
#599 = ( GEOMETRIC_REPRESENTATION_CONTEXT(2) 
PARAMETRIC_REPRESENTATION_CONTEXT() REPRESENTATION_CONTEXT('2D SPACE',''
  ) );
#600 = PCURVE('',#601,#606);
#601 = CYLINDRICAL_SURFACE('',#602,2.);
#602 = AXIS2_PLACEMENT_3D('',#603,#604,#605);
#603 = CARTESIAN_POINT('',(38.5,64.83,4.5));
#604 = DIRECTION('',(-0.,1.224646799147E-16,1.));
#605 = DIRECTION('',(1.,0.,0.));
#606 = DEFINITIONAL_REPRESENTATION('',(#607),#611);
#607 = LINE('',#608,#609);
#608 = CARTESIAN_POINT('',(-6.28318530718,-4.5));
#609 = VECTOR('',#610,1.);
#610 = DIRECTION('',(1.,-0.));
#611 = ( GEOMETRIC_REPRESENTATION_CONTEXT(2) 
PARAMETRIC_REPRESENTATION_CONTEXT() REPRESENTATION_CONTEXT('2D SPACE',''
  ) );
#612 = FACE_BOUND('',#613,.T.);
#613 = EDGE_LOOP('',(#614));
#614 = ORIENTED_EDGE('',*,*,#615,.T.);
#615 = EDGE_CURVE('',#616,#616,#618,.T.);
#616 = VERTEX_POINT('',#617);
#617 = CARTESIAN_POINT('',(47.,64.83,0.));
#618 = SURFACE_CURVE('',#619,(#624,#635),.PCURVE_S1.);
#619 = CIRCLE('',#620,2.);
#620 = AXIS2_PLACEMENT_3D('',#621,#622,#623);
#621 = CARTESIAN_POINT('',(45.,64.83,0.));
#622 = DIRECTION('',(-0.,1.224646799147E-16,1.));
#623 = DIRECTION('',(1.,0.,0.));
#624 = PCURVE('',#126,#625);
#625 = DEFINITIONAL_REPRESENTATION('',(#626),#634);
#626 = ( BOUNDED_CURVE() B_SPLINE_CURVE(2,(#627,#628,#629,#630,#631,#632
,#633),.UNSPECIFIED.,.T.,.F.) B_SPLINE_CURVE_WITH_KNOTS((1,2,2,2,2,1),(
    -2.094395102393,0.,2.094395102393,4.188790204786,6.28318530718,
8.377580409573),.UNSPECIFIED.) CURVE() GEOMETRIC_REPRESENTATION_ITEM() 
RATIONAL_B_SPLINE_CURVE((1.,0.5,1.,0.5,1.,0.5,1.)) REPRESENTATION_ITEM(
  '') );
#627 = CARTESIAN_POINT('',(47.,48.3));
#628 = CARTESIAN_POINT('',(47.,44.835898384862));
#629 = CARTESIAN_POINT('',(44.,46.567949192431));
#630 = CARTESIAN_POINT('',(41.,48.3));
#631 = CARTESIAN_POINT('',(44.,50.032050807569));
#632 = CARTESIAN_POINT('',(47.,51.764101615138));
#633 = CARTESIAN_POINT('',(47.,48.3));
#634 = ( GEOMETRIC_REPRESENTATION_CONTEXT(2) 
PARAMETRIC_REPRESENTATION_CONTEXT() REPRESENTATION_CONTEXT('2D SPACE',''
  ) );
#635 = PCURVE('',#636,#641);
#636 = CYLINDRICAL_SURFACE('',#637,2.);
#637 = AXIS2_PLACEMENT_3D('',#638,#639,#640);
#638 = CARTESIAN_POINT('',(45.,64.83,4.5));
#639 = DIRECTION('',(-0.,1.224646799147E-16,1.));
#640 = DIRECTION('',(1.,0.,0.));
#641 = DEFINITIONAL_REPRESENTATION('',(#642),#646);
#642 = LINE('',#643,#644);
#643 = CARTESIAN_POINT('',(-6.28318530718,-4.5));
#644 = VECTOR('',#645,1.);
#645 = DIRECTION('',(1.,-0.));
#646 = ( GEOMETRIC_REPRESENTATION_CONTEXT(2) 
PARAMETRIC_REPRESENTATION_CONTEXT() REPRESENTATION_CONTEXT('2D SPACE',''
  ) );
#647 = FACE_BOUND('',#648,.T.);
#648 = EDGE_LOOP('',(#649));
#649 = ORIENTED_EDGE('',*,*,#650,.T.);
#650 = EDGE_CURVE('',#651,#651,#653,.T.);
#651 = VERTEX_POINT('',#652);
#652 = CARTESIAN_POINT('',(53.5,90.83,0.));
#653 = SURFACE_CURVE('',#654,(#659,#670),.PCURVE_S1.);
#654 = CIRCLE('',#655,2.);
#655 = AXIS2_PLACEMENT_3D('',#656,#657,#658);
#656 = CARTESIAN_POINT('',(51.5,90.83,0.));
#657 = DIRECTION('',(-0.,1.224646799147E-16,1.));
#658 = DIRECTION('',(1.,0.,0.));
#659 = PCURVE('',#126,#660);
#660 = DEFINITIONAL_REPRESENTATION('',(#661),#669);
#661 = ( BOUNDED_CURVE() B_SPLINE_CURVE(2,(#662,#663,#664,#665,#666,#667
,#668),.UNSPECIFIED.,.T.,.F.) B_SPLINE_CURVE_WITH_KNOTS((1,2,2,2,2,1),(
    -2.094395102393,0.,2.094395102393,4.188790204786,6.28318530718,
8.377580409573),.UNSPECIFIED.) CURVE() GEOMETRIC_REPRESENTATION_ITEM() 
RATIONAL_B_SPLINE_CURVE((1.,0.5,1.,0.5,1.,0.5,1.)) REPRESENTATION_ITEM(
  '') );
#662 = CARTESIAN_POINT('',(53.5,22.3));
#663 = CARTESIAN_POINT('',(53.5,18.835898384862));
#664 = CARTESIAN_POINT('',(50.5,20.567949192431));
#665 = CARTESIAN_POINT('',(47.5,22.3));
#666 = CARTESIAN_POINT('',(50.5,24.032050807569));
#667 = CARTESIAN_POINT('',(53.5,25.764101615138));
#668 = CARTESIAN_POINT('',(53.5,22.3));
#669 = ( GEOMETRIC_REPRESENTATION_CONTEXT(2) 
PARAMETRIC_REPRESENTATION_CONTEXT() REPRESENTATION_CONTEXT('2D SPACE',''
  ) );
#670 = PCURVE('',#671,#676);
#671 = CYLINDRICAL_SURFACE('',#672,2.);
#672 = AXIS2_PLACEMENT_3D('',#673,#674,#675);
#673 = CARTESIAN_POINT('',(51.5,90.83,4.5));
#674 = DIRECTION('',(-0.,1.224646799147E-16,1.));
#675 = DIRECTION('',(1.,0.,0.));
#676 = DEFINITIONAL_REPRESENTATION('',(#677),#681);
#677 = LINE('',#678,#679);
#678 = CARTESIAN_POINT('',(-6.28318530718,-4.5));
#679 = VECTOR('',#680,1.);
#680 = DIRECTION('',(1.,-0.));
#681 = ( GEOMETRIC_REPRESENTATION_CONTEXT(2) 
PARAMETRIC_REPRESENTATION_CONTEXT() REPRESENTATION_CONTEXT('2D SPACE',''
  ) );
#682 = FACE_BOUND('',#683,.T.);
#683 = EDGE_LOOP('',(#684));
#684 = ORIENTED_EDGE('',*,*,#685,.T.);
#685 = EDGE_CURVE('',#686,#686,#688,.T.);
#686 = VERTEX_POINT('',#687);
#687 = CARTESIAN_POINT('',(53.5,84.33,0.));
#688 = SURFACE_CURVE('',#689,(#694,#705),.PCURVE_S1.);
#689 = CIRCLE('',#690,2.);
#690 = AXIS2_PLACEMENT_3D('',#691,#692,#693);
#691 = CARTESIAN_POINT('',(51.5,84.33,0.));
#692 = DIRECTION('',(-0.,1.224646799147E-16,1.));
#693 = DIRECTION('',(1.,0.,0.));
#694 = PCURVE('',#126,#695);
#695 = DEFINITIONAL_REPRESENTATION('',(#696),#704);
#696 = ( BOUNDED_CURVE() B_SPLINE_CURVE(2,(#697,#698,#699,#700,#701,#702
,#703),.UNSPECIFIED.,.T.,.F.) B_SPLINE_CURVE_WITH_KNOTS((1,2,2,2,2,1),(
    -2.094395102393,0.,2.094395102393,4.188790204786,6.28318530718,
8.377580409573),.UNSPECIFIED.) CURVE() GEOMETRIC_REPRESENTATION_ITEM() 
RATIONAL_B_SPLINE_CURVE((1.,0.5,1.,0.5,1.,0.5,1.)) REPRESENTATION_ITEM(
  '') );
#697 = CARTESIAN_POINT('',(53.5,28.8));
#698 = CARTESIAN_POINT('',(53.5,25.335898384862));
#699 = CARTESIAN_POINT('',(50.5,27.067949192431));
#700 = CARTESIAN_POINT('',(47.5,28.8));
#701 = CARTESIAN_POINT('',(50.5,30.532050807569));
#702 = CARTESIAN_POINT('',(53.5,32.264101615138));
#703 = CARTESIAN_POINT('',(53.5,28.8));
#704 = ( GEOMETRIC_REPRESENTATION_CONTEXT(2) 
PARAMETRIC_REPRESENTATION_CONTEXT() REPRESENTATION_CONTEXT('2D SPACE',''
  ) );
#705 = PCURVE('',#706,#711);
#706 = CYLINDRICAL_SURFACE('',#707,2.);
#707 = AXIS2_PLACEMENT_3D('',#708,#709,#710);
#708 = CARTESIAN_POINT('',(51.5,84.33,4.5));
#709 = DIRECTION('',(-0.,1.224646799147E-16,1.));
#710 = DIRECTION('',(1.,0.,0.));
#711 = DEFINITIONAL_REPRESENTATION('',(#712),#716);
#712 = LINE('',#713,#714);
#713 = CARTESIAN_POINT('',(-6.28318530718,-4.5));
#714 = VECTOR('',#715,1.);
#715 = DIRECTION('',(1.,-0.));
#716 = ( GEOMETRIC_REPRESENTATION_CONTEXT(2) 
PARAMETRIC_REPRESENTATION_CONTEXT() REPRESENTATION_CONTEXT('2D SPACE',''
  ) );
#717 = FACE_BOUND('',#718,.T.);
#718 = EDGE_LOOP('',(#719));
#719 = ORIENTED_EDGE('',*,*,#720,.T.);
#720 = EDGE_CURVE('',#721,#721,#723,.T.);
#721 = VERTEX_POINT('',#722);
#722 = CARTESIAN_POINT('',(60.,90.83,0.));
#723 = SURFACE_CURVE('',#724,(#729,#740),.PCURVE_S1.);
#724 = CIRCLE('',#725,2.);
#725 = AXIS2_PLACEMENT_3D('',#726,#727,#728);
#726 = CARTESIAN_POINT('',(58.,90.83,0.));
#727 = DIRECTION('',(-0.,1.224646799147E-16,1.));
#728 = DIRECTION('',(1.,0.,0.));
#729 = PCURVE('',#126,#730);
#730 = DEFINITIONAL_REPRESENTATION('',(#731),#739);
#731 = ( BOUNDED_CURVE() B_SPLINE_CURVE(2,(#732,#733,#734,#735,#736,#737
,#738),.UNSPECIFIED.,.T.,.F.) B_SPLINE_CURVE_WITH_KNOTS((1,2,2,2,2,1),(
    -2.094395102393,0.,2.094395102393,4.188790204786,6.28318530718,
8.377580409573),.UNSPECIFIED.) CURVE() GEOMETRIC_REPRESENTATION_ITEM() 
RATIONAL_B_SPLINE_CURVE((1.,0.5,1.,0.5,1.,0.5,1.)) REPRESENTATION_ITEM(
  '') );
#732 = CARTESIAN_POINT('',(60.,22.3));
#733 = CARTESIAN_POINT('',(60.,18.835898384862));
#734 = CARTESIAN_POINT('',(57.,20.567949192431));
#735 = CARTESIAN_POINT('',(54.,22.3));
#736 = CARTESIAN_POINT('',(57.,24.032050807569));
#737 = CARTESIAN_POINT('',(60.,25.764101615138));
#738 = CARTESIAN_POINT('',(60.,22.3));
#739 = ( GEOMETRIC_REPRESENTATION_CONTEXT(2) 
PARAMETRIC_REPRESENTATION_CONTEXT() REPRESENTATION_CONTEXT('2D SPACE',''
  ) );
#740 = PCURVE('',#741,#746);
#741 = CYLINDRICAL_SURFACE('',#742,2.);
#742 = AXIS2_PLACEMENT_3D('',#743,#744,#745);
#743 = CARTESIAN_POINT('',(58.,90.83,4.5));
#744 = DIRECTION('',(-0.,1.224646799147E-16,1.));
#745 = DIRECTION('',(1.,0.,0.));
#746 = DEFINITIONAL_REPRESENTATION('',(#747),#751);
#747 = LINE('',#748,#749);
#748 = CARTESIAN_POINT('',(-6.28318530718,-4.5));
#749 = VECTOR('',#750,1.);
#750 = DIRECTION('',(1.,-0.));
#751 = ( GEOMETRIC_REPRESENTATION_CONTEXT(2) 
PARAMETRIC_REPRESENTATION_CONTEXT() REPRESENTATION_CONTEXT('2D SPACE',''
  ) );
#752 = FACE_BOUND('',#753,.T.);
#753 = EDGE_LOOP('',(#754));
#754 = ORIENTED_EDGE('',*,*,#755,.T.);
#755 = EDGE_CURVE('',#756,#756,#758,.T.);
#756 = VERTEX_POINT('',#757);
#757 = CARTESIAN_POINT('',(60.,84.33,0.));
#758 = SURFACE_CURVE('',#759,(#764,#775),.PCURVE_S1.);
#759 = CIRCLE('',#760,2.);
#760 = AXIS2_PLACEMENT_3D('',#761,#762,#763);
#761 = CARTESIAN_POINT('',(58.,84.33,0.));
#762 = DIRECTION('',(-0.,1.224646799147E-16,1.));
#763 = DIRECTION('',(1.,0.,0.));
#764 = PCURVE('',#126,#765);
#765 = DEFINITIONAL_REPRESENTATION('',(#766),#774);
#766 = ( BOUNDED_CURVE() B_SPLINE_CURVE(2,(#767,#768,#769,#770,#771,#772
,#773),.UNSPECIFIED.,.T.,.F.) B_SPLINE_CURVE_WITH_KNOTS((1,2,2,2,2,1),(
    -2.094395102393,0.,2.094395102393,4.188790204786,6.28318530718,
8.377580409573),.UNSPECIFIED.) CURVE() GEOMETRIC_REPRESENTATION_ITEM() 
RATIONAL_B_SPLINE_CURVE((1.,0.5,1.,0.5,1.,0.5,1.)) REPRESENTATION_ITEM(
  '') );
#767 = CARTESIAN_POINT('',(60.,28.8));
#768 = CARTESIAN_POINT('',(60.,25.335898384862));
#769 = CARTESIAN_POINT('',(57.,27.067949192431));
#770 = CARTESIAN_POINT('',(54.,28.8));
#771 = CARTESIAN_POINT('',(57.,30.532050807569));
#772 = CARTESIAN_POINT('',(60.,32.264101615138));
#773 = CARTESIAN_POINT('',(60.,28.8));
#774 = ( GEOMETRIC_REPRESENTATION_CONTEXT(2) 
PARAMETRIC_REPRESENTATION_CONTEXT() REPRESENTATION_CONTEXT('2D SPACE',''
  ) );
#775 = PCURVE('',#776,#781);
#776 = CYLINDRICAL_SURFACE('',#777,2.);
#777 = AXIS2_PLACEMENT_3D('',#778,#779,#780);
#778 = CARTESIAN_POINT('',(58.,84.33,4.5));
#779 = DIRECTION('',(-0.,1.224646799147E-16,1.));
#780 = DIRECTION('',(1.,0.,0.));
#781 = DEFINITIONAL_REPRESENTATION('',(#782),#786);
#782 = LINE('',#783,#784);
#783 = CARTESIAN_POINT('',(-6.28318530718,-4.5));
#784 = VECTOR('',#785,1.);
#785 = DIRECTION('',(1.,-0.));
#786 = ( GEOMETRIC_REPRESENTATION_CONTEXT(2) 
PARAMETRIC_REPRESENTATION_CONTEXT() REPRESENTATION_CONTEXT('2D SPACE',''
  ) );
#787 = FACE_BOUND('',#788,.T.);
#788 = EDGE_LOOP('',(#789));
#789 = ORIENTED_EDGE('',*,*,#790,.T.);
#790 = EDGE_CURVE('',#791,#791,#793,.T.);
#791 = VERTEX_POINT('',#792);
#792 = CARTESIAN_POINT('',(66.5,90.83,0.));
#793 = SURFACE_CURVE('',#794,(#799,#810),.PCURVE_S1.);
#794 = CIRCLE('',#795,2.);
#795 = AXIS2_PLACEMENT_3D('',#796,#797,#798);
#796 = CARTESIAN_POINT('',(64.5,90.83,0.));
#797 = DIRECTION('',(-0.,1.224646799147E-16,1.));
#798 = DIRECTION('',(1.,0.,0.));
#799 = PCURVE('',#126,#800);
#800 = DEFINITIONAL_REPRESENTATION('',(#801),#809);
#801 = ( BOUNDED_CURVE() B_SPLINE_CURVE(2,(#802,#803,#804,#805,#806,#807
,#808),.UNSPECIFIED.,.T.,.F.) B_SPLINE_CURVE_WITH_KNOTS((1,2,2,2,2,1),(
    -2.094395102393,0.,2.094395102393,4.188790204786,6.28318530718,
8.377580409573),.UNSPECIFIED.) CURVE() GEOMETRIC_REPRESENTATION_ITEM() 
RATIONAL_B_SPLINE_CURVE((1.,0.5,1.,0.5,1.,0.5,1.)) REPRESENTATION_ITEM(
  '') );
#802 = CARTESIAN_POINT('',(66.5,22.3));
#803 = CARTESIAN_POINT('',(66.5,18.835898384862));
#804 = CARTESIAN_POINT('',(63.5,20.567949192431));
#805 = CARTESIAN_POINT('',(60.5,22.3));
#806 = CARTESIAN_POINT('',(63.5,24.032050807569));
#807 = CARTESIAN_POINT('',(66.5,25.764101615138));
#808 = CARTESIAN_POINT('',(66.5,22.3));
#809 = ( GEOMETRIC_REPRESENTATION_CONTEXT(2) 
PARAMETRIC_REPRESENTATION_CONTEXT() REPRESENTATION_CONTEXT('2D SPACE',''
  ) );
#810 = PCURVE('',#811,#816);
#811 = CYLINDRICAL_SURFACE('',#812,2.);
#812 = AXIS2_PLACEMENT_3D('',#813,#814,#815);
#813 = CARTESIAN_POINT('',(64.5,90.83,4.5));
#814 = DIRECTION('',(-0.,1.224646799147E-16,1.));
#815 = DIRECTION('',(1.,0.,0.));
#816 = DEFINITIONAL_REPRESENTATION('',(#817),#821);
#817 = LINE('',#818,#819);
#818 = CARTESIAN_POINT('',(-6.28318530718,-4.5));
#819 = VECTOR('',#820,1.);
#820 = DIRECTION('',(1.,-0.));
#821 = ( GEOMETRIC_REPRESENTATION_CONTEXT(2) 
PARAMETRIC_REPRESENTATION_CONTEXT() REPRESENTATION_CONTEXT('2D SPACE',''
  ) );
#822 = FACE_BOUND('',#823,.T.);
#823 = EDGE_LOOP('',(#824));
#824 = ORIENTED_EDGE('',*,*,#825,.T.);
#825 = EDGE_CURVE('',#826,#826,#828,.T.);
#826 = VERTEX_POINT('',#827);
#827 = CARTESIAN_POINT('',(66.5,84.33,0.));
#828 = SURFACE_CURVE('',#829,(#834,#845),.PCURVE_S1.);
#829 = CIRCLE('',#830,2.);
#830 = AXIS2_PLACEMENT_3D('',#831,#832,#833);
#831 = CARTESIAN_POINT('',(64.5,84.33,0.));
#832 = DIRECTION('',(-0.,1.224646799147E-16,1.));
#833 = DIRECTION('',(1.,0.,0.));
#834 = PCURVE('',#126,#835);
#835 = DEFINITIONAL_REPRESENTATION('',(#836),#844);
#836 = ( BOUNDED_CURVE() B_SPLINE_CURVE(2,(#837,#838,#839,#840,#841,#842
,#843),.UNSPECIFIED.,.T.,.F.) B_SPLINE_CURVE_WITH_KNOTS((1,2,2,2,2,1),(
    -2.094395102393,0.,2.094395102393,4.188790204786,6.28318530718,
8.377580409573),.UNSPECIFIED.) CURVE() GEOMETRIC_REPRESENTATION_ITEM() 
RATIONAL_B_SPLINE_CURVE((1.,0.5,1.,0.5,1.,0.5,1.)) REPRESENTATION_ITEM(
  '') );
#837 = CARTESIAN_POINT('',(66.5,28.8));
#838 = CARTESIAN_POINT('',(66.5,25.335898384862));
#839 = CARTESIAN_POINT('',(63.5,27.067949192431));
#840 = CARTESIAN_POINT('',(60.5,28.8));
#841 = CARTESIAN_POINT('',(63.5,30.532050807569));
#842 = CARTESIAN_POINT('',(66.5,32.264101615138));
#843 = CARTESIAN_POINT('',(66.5,28.8));
#844 = ( GEOMETRIC_REPRESENTATION_CONTEXT(2) 
PARAMETRIC_REPRESENTATION_CONTEXT() REPRESENTATION_CONTEXT('2D SPACE',''
  ) );
#845 = PCURVE('',#846,#851);
#846 = CYLINDRICAL_SURFACE('',#847,2.);
#847 = AXIS2_PLACEMENT_3D('',#848,#849,#850);
#848 = CARTESIAN_POINT('',(64.5,84.33,4.5));
#849 = DIRECTION('',(-0.,1.224646799147E-16,1.));
#850 = DIRECTION('',(1.,0.,0.));
#851 = DEFINITIONAL_REPRESENTATION('',(#852),#856);
#852 = LINE('',#853,#854);
#853 = CARTESIAN_POINT('',(-6.28318530718,-4.5));
#854 = VECTOR('',#855,1.);
#855 = DIRECTION('',(1.,-0.));
#856 = ( GEOMETRIC_REPRESENTATION_CONTEXT(2) 
PARAMETRIC_REPRESENTATION_CONTEXT() REPRESENTATION_CONTEXT('2D SPACE',''
  ) );
#857 = FACE_BOUND('',#858,.T.);
#858 = EDGE_LOOP('',(#859));
#859 = ORIENTED_EDGE('',*,*,#860,.T.);
#860 = EDGE_CURVE('',#861,#861,#863,.T.);
#861 = VERTEX_POINT('',#862);
#862 = CARTESIAN_POINT('',(95.5,109.13,0.));
#863 = SURFACE_CURVE('',#864,(#869,#880),.PCURVE_S1.);
#864 = CIRCLE('',#865,2.5);
#865 = AXIS2_PLACEMENT_3D('',#866,#867,#868);
#866 = CARTESIAN_POINT('',(93.,109.13,0.));
#867 = DIRECTION('',(-0.,1.224646799147E-16,1.));
#868 = DIRECTION('',(1.,0.,0.));
#869 = PCURVE('',#126,#870);
#870 = DEFINITIONAL_REPRESENTATION('',(#871),#879);
#871 = ( BOUNDED_CURVE() B_SPLINE_CURVE(2,(#872,#873,#874,#875,#876,#877
,#878),.UNSPECIFIED.,.T.,.F.) B_SPLINE_CURVE_WITH_KNOTS((1,2,2,2,2,1),(
    -2.094395102393,0.,2.094395102393,4.188790204786,6.28318530718,
8.377580409573),.UNSPECIFIED.) CURVE() GEOMETRIC_REPRESENTATION_ITEM() 
RATIONAL_B_SPLINE_CURVE((1.,0.5,1.,0.5,1.,0.5,1.)) REPRESENTATION_ITEM(
  '') );
#872 = CARTESIAN_POINT('',(95.5,4.));
#873 = CARTESIAN_POINT('',(95.5,-0.330127018922));
#874 = CARTESIAN_POINT('',(91.75,1.834936490539));
#875 = CARTESIAN_POINT('',(88.,4.));
#876 = CARTESIAN_POINT('',(91.75,6.165063509461));
#877 = CARTESIAN_POINT('',(95.5,8.330127018922));
#878 = CARTESIAN_POINT('',(95.5,4.));
#879 = ( GEOMETRIC_REPRESENTATION_CONTEXT(2) 
PARAMETRIC_REPRESENTATION_CONTEXT() REPRESENTATION_CONTEXT('2D SPACE',''
  ) );
#880 = PCURVE('',#881,#886);
#881 = CYLINDRICAL_SURFACE('',#882,2.5);
#882 = AXIS2_PLACEMENT_3D('',#883,#884,#885);
#883 = CARTESIAN_POINT('',(93.,109.13,2.6));
#884 = DIRECTION('',(-0.,1.224646799147E-16,1.));
#885 = DIRECTION('',(1.,0.,0.));
#886 = DEFINITIONAL_REPRESENTATION('',(#887),#891);
#887 = LINE('',#888,#889);
#888 = CARTESIAN_POINT('',(-6.28318530718,-2.6));
#889 = VECTOR('',#890,1.);
#890 = DIRECTION('',(1.,-0.));
#891 = ( GEOMETRIC_REPRESENTATION_CONTEXT(2) 
PARAMETRIC_REPRESENTATION_CONTEXT() REPRESENTATION_CONTEXT('2D SPACE',''
  ) );
#892 = FACE_BOUND('',#893,.T.);
#893 = EDGE_LOOP('',(#894));
#894 = ORIENTED_EDGE('',*,*,#895,.T.);
#895 = EDGE_CURVE('',#896,#896,#898,.T.);
#896 = VERTEX_POINT('',#897);
#897 = CARTESIAN_POINT('',(53.5,77.83,0.));
#898 = SURFACE_CURVE('',#899,(#904,#915),.PCURVE_S1.);
#899 = CIRCLE('',#900,2.);
#900 = AXIS2_PLACEMENT_3D('',#901,#902,#903);
#901 = CARTESIAN_POINT('',(51.5,77.83,0.));
#902 = DIRECTION('',(-0.,1.224646799147E-16,1.));
#903 = DIRECTION('',(1.,0.,0.));
#904 = PCURVE('',#126,#905);
#905 = DEFINITIONAL_REPRESENTATION('',(#906),#914);
#906 = ( BOUNDED_CURVE() B_SPLINE_CURVE(2,(#907,#908,#909,#910,#911,#912
,#913),.UNSPECIFIED.,.T.,.F.) B_SPLINE_CURVE_WITH_KNOTS((1,2,2,2,2,1),(
    -2.094395102393,0.,2.094395102393,4.188790204786,6.28318530718,
8.377580409573),.UNSPECIFIED.) CURVE() GEOMETRIC_REPRESENTATION_ITEM() 
RATIONAL_B_SPLINE_CURVE((1.,0.5,1.,0.5,1.,0.5,1.)) REPRESENTATION_ITEM(
  '') );
#907 = CARTESIAN_POINT('',(53.5,35.3));
#908 = CARTESIAN_POINT('',(53.5,31.835898384862));
#909 = CARTESIAN_POINT('',(50.5,33.567949192431));
#910 = CARTESIAN_POINT('',(47.5,35.3));
#911 = CARTESIAN_POINT('',(50.5,37.032050807569));
#912 = CARTESIAN_POINT('',(53.5,38.764101615138));
#913 = CARTESIAN_POINT('',(53.5,35.3));
#914 = ( GEOMETRIC_REPRESENTATION_CONTEXT(2) 
PARAMETRIC_REPRESENTATION_CONTEXT() REPRESENTATION_CONTEXT('2D SPACE',''
  ) );
#915 = PCURVE('',#916,#921);
#916 = CYLINDRICAL_SURFACE('',#917,2.);
#917 = AXIS2_PLACEMENT_3D('',#918,#919,#920);
#918 = CARTESIAN_POINT('',(51.5,77.83,4.5));
#919 = DIRECTION('',(-0.,1.224646799147E-16,1.));
#920 = DIRECTION('',(1.,0.,0.));
#921 = DEFINITIONAL_REPRESENTATION('',(#922),#926);
#922 = LINE('',#923,#924);
#923 = CARTESIAN_POINT('',(-6.28318530718,-4.5));
#924 = VECTOR('',#925,1.);
#925 = DIRECTION('',(1.,-0.));
#926 = ( GEOMETRIC_REPRESENTATION_CONTEXT(2) 
PARAMETRIC_REPRESENTATION_CONTEXT() REPRESENTATION_CONTEXT('2D SPACE',''
  ) );
#927 = FACE_BOUND('',#928,.T.);
#928 = EDGE_LOOP('',(#929));
#929 = ORIENTED_EDGE('',*,*,#930,.T.);
#930 = EDGE_CURVE('',#931,#931,#933,.T.);
#931 = VERTEX_POINT('',#932);
#932 = CARTESIAN_POINT('',(60.,77.83,0.));
#933 = SURFACE_CURVE('',#934,(#939,#950),.PCURVE_S1.);
#934 = CIRCLE('',#935,2.);
#935 = AXIS2_PLACEMENT_3D('',#936,#937,#938);
#936 = CARTESIAN_POINT('',(58.,77.83,0.));
#937 = DIRECTION('',(-0.,1.224646799147E-16,1.));
#938 = DIRECTION('',(1.,0.,0.));
#939 = PCURVE('',#126,#940);
#940 = DEFINITIONAL_REPRESENTATION('',(#941),#949);
#941 = ( BOUNDED_CURVE() B_SPLINE_CURVE(2,(#942,#943,#944,#945,#946,#947
,#948),.UNSPECIFIED.,.T.,.F.) B_SPLINE_CURVE_WITH_KNOTS((1,2,2,2,2,1),(
    -2.094395102393,0.,2.094395102393,4.188790204786,6.28318530718,
8.377580409573),.UNSPECIFIED.) CURVE() GEOMETRIC_REPRESENTATION_ITEM() 
RATIONAL_B_SPLINE_CURVE((1.,0.5,1.,0.5,1.,0.5,1.)) REPRESENTATION_ITEM(
  '') );
#942 = CARTESIAN_POINT('',(60.,35.3));
#943 = CARTESIAN_POINT('',(60.,31.835898384862));
#944 = CARTESIAN_POINT('',(57.,33.567949192431));
#945 = CARTESIAN_POINT('',(54.,35.3));
#946 = CARTESIAN_POINT('',(57.,37.032050807569));
#947 = CARTESIAN_POINT('',(60.,38.764101615138));
#948 = CARTESIAN_POINT('',(60.,35.3));
#949 = ( GEOMETRIC_REPRESENTATION_CONTEXT(2) 
PARAMETRIC_REPRESENTATION_CONTEXT() REPRESENTATION_CONTEXT('2D SPACE',''
  ) );
#950 = PCURVE('',#951,#956);
#951 = CYLINDRICAL_SURFACE('',#952,2.);
#952 = AXIS2_PLACEMENT_3D('',#953,#954,#955);
#953 = CARTESIAN_POINT('',(58.,77.83,4.5));
#954 = DIRECTION('',(-0.,1.224646799147E-16,1.));
#955 = DIRECTION('',(1.,0.,0.));
#956 = DEFINITIONAL_REPRESENTATION('',(#957),#961);
#957 = LINE('',#958,#959);
#958 = CARTESIAN_POINT('',(-6.28318530718,-4.5));
#959 = VECTOR('',#960,1.);
#960 = DIRECTION('',(1.,-0.));
#961 = ( GEOMETRIC_REPRESENTATION_CONTEXT(2) 
PARAMETRIC_REPRESENTATION_CONTEXT() REPRESENTATION_CONTEXT('2D SPACE',''
  ) );
#962 = FACE_BOUND('',#963,.T.);
#963 = EDGE_LOOP('',(#964));
#964 = ORIENTED_EDGE('',*,*,#965,.T.);
#965 = EDGE_CURVE('',#966,#966,#968,.T.);
#966 = VERTEX_POINT('',#967);
#967 = CARTESIAN_POINT('',(53.5,71.33,0.));
#968 = SURFACE_CURVE('',#969,(#974,#985),.PCURVE_S1.);
#969 = CIRCLE('',#970,2.);
#970 = AXIS2_PLACEMENT_3D('',#971,#972,#973);
#971 = CARTESIAN_POINT('',(51.5,71.33,0.));
#972 = DIRECTION('',(-0.,1.224646799147E-16,1.));
#973 = DIRECTION('',(1.,0.,0.));
#974 = PCURVE('',#126,#975);
#975 = DEFINITIONAL_REPRESENTATION('',(#976),#984);
#976 = ( BOUNDED_CURVE() B_SPLINE_CURVE(2,(#977,#978,#979,#980,#981,#982
,#983),.UNSPECIFIED.,.T.,.F.) B_SPLINE_CURVE_WITH_KNOTS((1,2,2,2,2,1),(
    -2.094395102393,0.,2.094395102393,4.188790204786,6.28318530718,
8.377580409573),.UNSPECIFIED.) CURVE() GEOMETRIC_REPRESENTATION_ITEM() 
RATIONAL_B_SPLINE_CURVE((1.,0.5,1.,0.5,1.,0.5,1.)) REPRESENTATION_ITEM(
  '') );
#977 = CARTESIAN_POINT('',(53.5,41.8));
#978 = CARTESIAN_POINT('',(53.5,38.335898384862));
#979 = CARTESIAN_POINT('',(50.5,40.067949192431));
#980 = CARTESIAN_POINT('',(47.5,41.8));
#981 = CARTESIAN_POINT('',(50.5,43.532050807569));
#982 = CARTESIAN_POINT('',(53.5,45.264101615138));
#983 = CARTESIAN_POINT('',(53.5,41.8));
#984 = ( GEOMETRIC_REPRESENTATION_CONTEXT(2) 
PARAMETRIC_REPRESENTATION_CONTEXT() REPRESENTATION_CONTEXT('2D SPACE',''
  ) );
#985 = PCURVE('',#986,#991);
#986 = CYLINDRICAL_SURFACE('',#987,2.);
#987 = AXIS2_PLACEMENT_3D('',#988,#989,#990);
#988 = CARTESIAN_POINT('',(51.5,71.33,4.5));
#989 = DIRECTION('',(-0.,1.224646799147E-16,1.));
#990 = DIRECTION('',(1.,0.,0.));
#991 = DEFINITIONAL_REPRESENTATION('',(#992),#996);
#992 = LINE('',#993,#994);
#993 = CARTESIAN_POINT('',(-6.28318530718,-4.5));
#994 = VECTOR('',#995,1.);
#995 = DIRECTION('',(1.,-0.));
#996 = ( GEOMETRIC_REPRESENTATION_CONTEXT(2) 
PARAMETRIC_REPRESENTATION_CONTEXT() REPRESENTATION_CONTEXT('2D SPACE',''
  ) );
#997 = FACE_BOUND('',#998,.T.);
#998 = EDGE_LOOP('',(#999));
#999 = ORIENTED_EDGE('',*,*,#1000,.T.);
#1000 = EDGE_CURVE('',#1001,#1001,#1003,.T.);
#1001 = VERTEX_POINT('',#1002);
#1002 = CARTESIAN_POINT('',(60.,71.33,0.));
#1003 = SURFACE_CURVE('',#1004,(#1009,#1020),.PCURVE_S1.);
#1004 = CIRCLE('',#1005,2.);
#1005 = AXIS2_PLACEMENT_3D('',#1006,#1007,#1008);
#1006 = CARTESIAN_POINT('',(58.,71.33,0.));
#1007 = DIRECTION('',(-0.,1.224646799147E-16,1.));
#1008 = DIRECTION('',(1.,0.,0.));
#1009 = PCURVE('',#126,#1010);
#1010 = DEFINITIONAL_REPRESENTATION('',(#1011),#1019);
#1011 = ( BOUNDED_CURVE() B_SPLINE_CURVE(2,(#1012,#1013,#1014,#1015,
#1016,#1017,#1018),.UNSPECIFIED.,.T.,.F.) B_SPLINE_CURVE_WITH_KNOTS((1,2
    ,2,2,2,1),(-2.094395102393,0.,2.094395102393,4.188790204786,
6.28318530718,8.377580409573),.UNSPECIFIED.) CURVE() 
GEOMETRIC_REPRESENTATION_ITEM() RATIONAL_B_SPLINE_CURVE((1.,0.5,1.,0.5,
1.,0.5,1.)) REPRESENTATION_ITEM('') );
#1012 = CARTESIAN_POINT('',(60.,41.8));
#1013 = CARTESIAN_POINT('',(60.,38.335898384862));
#1014 = CARTESIAN_POINT('',(57.,40.067949192431));
#1015 = CARTESIAN_POINT('',(54.,41.8));
#1016 = CARTESIAN_POINT('',(57.,43.532050807569));
#1017 = CARTESIAN_POINT('',(60.,45.264101615138));
#1018 = CARTESIAN_POINT('',(60.,41.8));
#1019 = ( GEOMETRIC_REPRESENTATION_CONTEXT(2) 
PARAMETRIC_REPRESENTATION_CONTEXT() REPRESENTATION_CONTEXT('2D SPACE',''
  ) );
#1020 = PCURVE('',#1021,#1026);
#1021 = CYLINDRICAL_SURFACE('',#1022,2.);
#1022 = AXIS2_PLACEMENT_3D('',#1023,#1024,#1025);
#1023 = CARTESIAN_POINT('',(58.,71.33,4.5));
#1024 = DIRECTION('',(-0.,1.224646799147E-16,1.));
#1025 = DIRECTION('',(1.,0.,0.));
#1026 = DEFINITIONAL_REPRESENTATION('',(#1027),#1031);
#1027 = LINE('',#1028,#1029);
#1028 = CARTESIAN_POINT('',(-6.28318530718,-4.5));
#1029 = VECTOR('',#1030,1.);
#1030 = DIRECTION('',(1.,-0.));
#1031 = ( GEOMETRIC_REPRESENTATION_CONTEXT(2) 
PARAMETRIC_REPRESENTATION_CONTEXT() REPRESENTATION_CONTEXT('2D SPACE',''
  ) );
#1032 = FACE_BOUND('',#1033,.T.);
#1033 = EDGE_LOOP('',(#1034));
#1034 = ORIENTED_EDGE('',*,*,#1035,.T.);
#1035 = EDGE_CURVE('',#1036,#1036,#1038,.T.);
#1036 = VERTEX_POINT('',#1037);
#1037 = CARTESIAN_POINT('',(66.5,77.83,0.));
#1038 = SURFACE_CURVE('',#1039,(#1044,#1055),.PCURVE_S1.);
#1039 = CIRCLE('',#1040,2.);
#1040 = AXIS2_PLACEMENT_3D('',#1041,#1042,#1043);
#1041 = CARTESIAN_POINT('',(64.5,77.83,0.));
#1042 = DIRECTION('',(-0.,1.224646799147E-16,1.));
#1043 = DIRECTION('',(1.,0.,0.));
#1044 = PCURVE('',#126,#1045);
#1045 = DEFINITIONAL_REPRESENTATION('',(#1046),#1054);
#1046 = ( BOUNDED_CURVE() B_SPLINE_CURVE(2,(#1047,#1048,#1049,#1050,
#1051,#1052,#1053),.UNSPECIFIED.,.T.,.F.) B_SPLINE_CURVE_WITH_KNOTS((1,2
    ,2,2,2,1),(-2.094395102393,0.,2.094395102393,4.188790204786,
6.28318530718,8.377580409573),.UNSPECIFIED.) CURVE() 
GEOMETRIC_REPRESENTATION_ITEM() RATIONAL_B_SPLINE_CURVE((1.,0.5,1.,0.5,
1.,0.5,1.)) REPRESENTATION_ITEM('') );
#1047 = CARTESIAN_POINT('',(66.5,35.3));
#1048 = CARTESIAN_POINT('',(66.5,31.835898384862));
#1049 = CARTESIAN_POINT('',(63.5,33.567949192431));
#1050 = CARTESIAN_POINT('',(60.5,35.3));
#1051 = CARTESIAN_POINT('',(63.5,37.032050807569));
#1052 = CARTESIAN_POINT('',(66.5,38.764101615138));
#1053 = CARTESIAN_POINT('',(66.5,35.3));
#1054 = ( GEOMETRIC_REPRESENTATION_CONTEXT(2) 
PARAMETRIC_REPRESENTATION_CONTEXT() REPRESENTATION_CONTEXT('2D SPACE',''
  ) );
#1055 = PCURVE('',#1056,#1061);
#1056 = CYLINDRICAL_SURFACE('',#1057,2.);
#1057 = AXIS2_PLACEMENT_3D('',#1058,#1059,#1060);
#1058 = CARTESIAN_POINT('',(64.5,77.83,4.5));
#1059 = DIRECTION('',(-0.,1.224646799147E-16,1.));
#1060 = DIRECTION('',(1.,0.,0.));
#1061 = DEFINITIONAL_REPRESENTATION('',(#1062),#1066);
#1062 = LINE('',#1063,#1064);
#1063 = CARTESIAN_POINT('',(-6.28318530718,-4.5));
#1064 = VECTOR('',#1065,1.);
#1065 = DIRECTION('',(1.,-0.));
#1066 = ( GEOMETRIC_REPRESENTATION_CONTEXT(2) 
PARAMETRIC_REPRESENTATION_CONTEXT() REPRESENTATION_CONTEXT('2D SPACE',''
  ) );
#1067 = FACE_BOUND('',#1068,.T.);
#1068 = EDGE_LOOP('',(#1069));
#1069 = ORIENTED_EDGE('',*,*,#1070,.T.);
#1070 = EDGE_CURVE('',#1071,#1071,#1073,.T.);
#1071 = VERTEX_POINT('',#1072);
#1072 = CARTESIAN_POINT('',(66.5,71.33,0.));
#1073 = SURFACE_CURVE('',#1074,(#1079,#1090),.PCURVE_S1.);
#1074 = CIRCLE('',#1075,2.);
#1075 = AXIS2_PLACEMENT_3D('',#1076,#1077,#1078);
#1076 = CARTESIAN_POINT('',(64.5,71.33,0.));
#1077 = DIRECTION('',(-0.,1.224646799147E-16,1.));
#1078 = DIRECTION('',(1.,0.,0.));
#1079 = PCURVE('',#126,#1080);
#1080 = DEFINITIONAL_REPRESENTATION('',(#1081),#1089);
#1081 = ( BOUNDED_CURVE() B_SPLINE_CURVE(2,(#1082,#1083,#1084,#1085,
#1086,#1087,#1088),.UNSPECIFIED.,.T.,.F.) B_SPLINE_CURVE_WITH_KNOTS((1,2
    ,2,2,2,1),(-2.094395102393,0.,2.094395102393,4.188790204786,
6.28318530718,8.377580409573),.UNSPECIFIED.) CURVE() 
GEOMETRIC_REPRESENTATION_ITEM() RATIONAL_B_SPLINE_CURVE((1.,0.5,1.,0.5,
1.,0.5,1.)) REPRESENTATION_ITEM('') );
#1082 = CARTESIAN_POINT('',(66.5,41.8));
#1083 = CARTESIAN_POINT('',(66.5,38.335898384862));
#1084 = CARTESIAN_POINT('',(63.5,40.067949192431));
#1085 = CARTESIAN_POINT('',(60.5,41.8));
#1086 = CARTESIAN_POINT('',(63.5,43.532050807569));
#1087 = CARTESIAN_POINT('',(66.5,45.264101615138));
#1088 = CARTESIAN_POINT('',(66.5,41.8));
#1089 = ( GEOMETRIC_REPRESENTATION_CONTEXT(2) 
PARAMETRIC_REPRESENTATION_CONTEXT() REPRESENTATION_CONTEXT('2D SPACE',''
  ) );
#1090 = PCURVE('',#1091,#1096);
#1091 = CYLINDRICAL_SURFACE('',#1092,2.);
#1092 = AXIS2_PLACEMENT_3D('',#1093,#1094,#1095);
#1093 = CARTESIAN_POINT('',(64.5,71.33,4.5));
#1094 = DIRECTION('',(-0.,1.224646799147E-16,1.));
#1095 = DIRECTION('',(1.,0.,0.));
#1096 = DEFINITIONAL_REPRESENTATION('',(#1097),#1101);
#1097 = LINE('',#1098,#1099);
#1098 = CARTESIAN_POINT('',(-6.28318530718,-4.5));
#1099 = VECTOR('',#1100,1.);
#1100 = DIRECTION('',(1.,-0.));
#1101 = ( GEOMETRIC_REPRESENTATION_CONTEXT(2) 
PARAMETRIC_REPRESENTATION_CONTEXT() REPRESENTATION_CONTEXT('2D SPACE',''
  ) );
#1102 = FACE_BOUND('',#1103,.T.);
#1103 = EDGE_LOOP('',(#1104));
#1104 = ORIENTED_EDGE('',*,*,#1105,.T.);
#1105 = EDGE_CURVE('',#1106,#1106,#1108,.T.);
#1106 = VERTEX_POINT('',#1107);
#1107 = CARTESIAN_POINT('',(53.5,64.83,0.));
#1108 = SURFACE_CURVE('',#1109,(#1114,#1125),.PCURVE_S1.);
#1109 = CIRCLE('',#1110,2.);
#1110 = AXIS2_PLACEMENT_3D('',#1111,#1112,#1113);
#1111 = CARTESIAN_POINT('',(51.5,64.83,0.));
#1112 = DIRECTION('',(-0.,1.224646799147E-16,1.));
#1113 = DIRECTION('',(1.,0.,0.));
#1114 = PCURVE('',#126,#1115);
#1115 = DEFINITIONAL_REPRESENTATION('',(#1116),#1124);
#1116 = ( BOUNDED_CURVE() B_SPLINE_CURVE(2,(#1117,#1118,#1119,#1120,
#1121,#1122,#1123),.UNSPECIFIED.,.T.,.F.) B_SPLINE_CURVE_WITH_KNOTS((1,2
    ,2,2,2,1),(-2.094395102393,0.,2.094395102393,4.188790204786,
6.28318530718,8.377580409573),.UNSPECIFIED.) CURVE() 
GEOMETRIC_REPRESENTATION_ITEM() RATIONAL_B_SPLINE_CURVE((1.,0.5,1.,0.5,
1.,0.5,1.)) REPRESENTATION_ITEM('') );
#1117 = CARTESIAN_POINT('',(53.5,48.3));
#1118 = CARTESIAN_POINT('',(53.5,44.835898384862));
#1119 = CARTESIAN_POINT('',(50.5,46.567949192431));
#1120 = CARTESIAN_POINT('',(47.5,48.3));
#1121 = CARTESIAN_POINT('',(50.5,50.032050807569));
#1122 = CARTESIAN_POINT('',(53.5,51.764101615138));
#1123 = CARTESIAN_POINT('',(53.5,48.3));
#1124 = ( GEOMETRIC_REPRESENTATION_CONTEXT(2) 
PARAMETRIC_REPRESENTATION_CONTEXT() REPRESENTATION_CONTEXT('2D SPACE',''
  ) );
#1125 = PCURVE('',#1126,#1131);
#1126 = CYLINDRICAL_SURFACE('',#1127,2.);
#1127 = AXIS2_PLACEMENT_3D('',#1128,#1129,#1130);
#1128 = CARTESIAN_POINT('',(51.5,64.83,4.5));
#1129 = DIRECTION('',(-0.,1.224646799147E-16,1.));
#1130 = DIRECTION('',(1.,0.,0.));
#1131 = DEFINITIONAL_REPRESENTATION('',(#1132),#1136);
#1132 = LINE('',#1133,#1134);
#1133 = CARTESIAN_POINT('',(-6.28318530718,-4.5));
#1134 = VECTOR('',#1135,1.);
#1135 = DIRECTION('',(1.,-0.));
#1136 = ( GEOMETRIC_REPRESENTATION_CONTEXT(2) 
PARAMETRIC_REPRESENTATION_CONTEXT() REPRESENTATION_CONTEXT('2D SPACE',''
  ) );
#1137 = FACE_BOUND('',#1138,.T.);
#1138 = EDGE_LOOP('',(#1139));
#1139 = ORIENTED_EDGE('',*,*,#1140,.T.);
#1140 = EDGE_CURVE('',#1141,#1141,#1143,.T.);
#1141 = VERTEX_POINT('',#1142);
#1142 = CARTESIAN_POINT('',(60.,64.83,0.));
#1143 = SURFACE_CURVE('',#1144,(#1149,#1160),.PCURVE_S1.);
#1144 = CIRCLE('',#1145,2.);
#1145 = AXIS2_PLACEMENT_3D('',#1146,#1147,#1148);
#1146 = CARTESIAN_POINT('',(58.,64.83,0.));
#1147 = DIRECTION('',(-0.,1.224646799147E-16,1.));
#1148 = DIRECTION('',(1.,0.,0.));
#1149 = PCURVE('',#126,#1150);
#1150 = DEFINITIONAL_REPRESENTATION('',(#1151),#1159);
#1151 = ( BOUNDED_CURVE() B_SPLINE_CURVE(2,(#1152,#1153,#1154,#1155,
#1156,#1157,#1158),.UNSPECIFIED.,.T.,.F.) B_SPLINE_CURVE_WITH_KNOTS((1,2
    ,2,2,2,1),(-2.094395102393,0.,2.094395102393,4.188790204786,
6.28318530718,8.377580409573),.UNSPECIFIED.) CURVE() 
GEOMETRIC_REPRESENTATION_ITEM() RATIONAL_B_SPLINE_CURVE((1.,0.5,1.,0.5,
1.,0.5,1.)) REPRESENTATION_ITEM('') );
#1152 = CARTESIAN_POINT('',(60.,48.3));
#1153 = CARTESIAN_POINT('',(60.,44.835898384862));
#1154 = CARTESIAN_POINT('',(57.,46.567949192431));
#1155 = CARTESIAN_POINT('',(54.,48.3));
#1156 = CARTESIAN_POINT('',(57.,50.032050807569));
#1157 = CARTESIAN_POINT('',(60.,51.764101615138));
#1158 = CARTESIAN_POINT('',(60.,48.3));
#1159 = ( GEOMETRIC_REPRESENTATION_CONTEXT(2) 
PARAMETRIC_REPRESENTATION_CONTEXT() REPRESENTATION_CONTEXT('2D SPACE',''
  ) );
#1160 = PCURVE('',#1161,#1166);
#1161 = CYLINDRICAL_SURFACE('',#1162,2.);
#1162 = AXIS2_PLACEMENT_3D('',#1163,#1164,#1165);
#1163 = CARTESIAN_POINT('',(58.,64.83,4.5));
#1164 = DIRECTION('',(-0.,1.224646799147E-16,1.));
#1165 = DIRECTION('',(1.,0.,0.));
#1166 = DEFINITIONAL_REPRESENTATION('',(#1167),#1171);
#1167 = LINE('',#1168,#1169);
#1168 = CARTESIAN_POINT('',(-6.28318530718,-4.5));
#1169 = VECTOR('',#1170,1.);
#1170 = DIRECTION('',(1.,-0.));
#1171 = ( GEOMETRIC_REPRESENTATION_CONTEXT(2) 
PARAMETRIC_REPRESENTATION_CONTEXT() REPRESENTATION_CONTEXT('2D SPACE',''
  ) );
#1172 = FACE_BOUND('',#1173,.T.);
#1173 = EDGE_LOOP('',(#1174));
#1174 = ORIENTED_EDGE('',*,*,#1175,.T.);
#1175 = EDGE_CURVE('',#1176,#1176,#1178,.T.);
#1176 = VERTEX_POINT('',#1177);
#1177 = CARTESIAN_POINT('',(66.5,64.83,0.));
#1178 = SURFACE_CURVE('',#1179,(#1184,#1195),.PCURVE_S1.);
#1179 = CIRCLE('',#1180,2.);
#1180 = AXIS2_PLACEMENT_3D('',#1181,#1182,#1183);
#1181 = CARTESIAN_POINT('',(64.5,64.83,0.));
#1182 = DIRECTION('',(-0.,1.224646799147E-16,1.));
#1183 = DIRECTION('',(1.,0.,0.));
#1184 = PCURVE('',#126,#1185);
#1185 = DEFINITIONAL_REPRESENTATION('',(#1186),#1194);
#1186 = ( BOUNDED_CURVE() B_SPLINE_CURVE(2,(#1187,#1188,#1189,#1190,
#1191,#1192,#1193),.UNSPECIFIED.,.T.,.F.) B_SPLINE_CURVE_WITH_KNOTS((1,2
    ,2,2,2,1),(-2.094395102393,0.,2.094395102393,4.188790204786,
6.28318530718,8.377580409573),.UNSPECIFIED.) CURVE() 
GEOMETRIC_REPRESENTATION_ITEM() RATIONAL_B_SPLINE_CURVE((1.,0.5,1.,0.5,
1.,0.5,1.)) REPRESENTATION_ITEM('') );
#1187 = CARTESIAN_POINT('',(66.5,48.3));
#1188 = CARTESIAN_POINT('',(66.5,44.835898384862));
#1189 = CARTESIAN_POINT('',(63.5,46.567949192431));
#1190 = CARTESIAN_POINT('',(60.5,48.3));
#1191 = CARTESIAN_POINT('',(63.5,50.032050807569));
#1192 = CARTESIAN_POINT('',(66.5,51.764101615138));
#1193 = CARTESIAN_POINT('',(66.5,48.3));
#1194 = ( GEOMETRIC_REPRESENTATION_CONTEXT(2) 
PARAMETRIC_REPRESENTATION_CONTEXT() REPRESENTATION_CONTEXT('2D SPACE',''
  ) );
#1195 = PCURVE('',#1196,#1201);
#1196 = CYLINDRICAL_SURFACE('',#1197,2.);
#1197 = AXIS2_PLACEMENT_3D('',#1198,#1199,#1200);
#1198 = CARTESIAN_POINT('',(64.5,64.83,4.5));
#1199 = DIRECTION('',(-0.,1.224646799147E-16,1.));
#1200 = DIRECTION('',(1.,0.,0.));
#1201 = DEFINITIONAL_REPRESENTATION('',(#1202),#1206);
#1202 = LINE('',#1203,#1204);
#1203 = CARTESIAN_POINT('',(-6.28318530718,-4.5));
#1204 = VECTOR('',#1205,1.);
#1205 = DIRECTION('',(1.,-0.));
#1206 = ( GEOMETRIC_REPRESENTATION_CONTEXT(2) 
PARAMETRIC_REPRESENTATION_CONTEXT() REPRESENTATION_CONTEXT('2D SPACE',''
  ) );
#1207 = FACE_BOUND('',#1208,.T.);
#1208 = EDGE_LOOP('',(#1209));
#1209 = ORIENTED_EDGE('',*,*,#1210,.T.);
#1210 = EDGE_CURVE('',#1211,#1211,#1213,.T.);
#1211 = VERTEX_POINT('',#1212);
#1212 = CARTESIAN_POINT('',(6.5,4.,1.42108547152E-14));
#1213 = SURFACE_CURVE('',#1214,(#1219,#1230),.PCURVE_S1.);
#1214 = CIRCLE('',#1215,2.5);
#1215 = AXIS2_PLACEMENT_3D('',#1216,#1217,#1218);
#1216 = CARTESIAN_POINT('',(4.,4.,1.42108547152E-14));
#1217 = DIRECTION('',(-0.,1.224646799147E-16,1.));
#1218 = DIRECTION('',(1.,0.,0.));
#1219 = PCURVE('',#126,#1220);
#1220 = DEFINITIONAL_REPRESENTATION('',(#1221),#1229);
#1221 = ( BOUNDED_CURVE() B_SPLINE_CURVE(2,(#1222,#1223,#1224,#1225,
#1226,#1227,#1228),.UNSPECIFIED.,.T.,.F.) B_SPLINE_CURVE_WITH_KNOTS((1,2
    ,2,2,2,1),(-2.094395102393,0.,2.094395102393,4.188790204786,
6.28318530718,8.377580409573),.UNSPECIFIED.) CURVE() 
GEOMETRIC_REPRESENTATION_ITEM() RATIONAL_B_SPLINE_CURVE((1.,0.5,1.,0.5,
1.,0.5,1.)) REPRESENTATION_ITEM('') );
#1222 = CARTESIAN_POINT('',(6.5,109.13));
#1223 = CARTESIAN_POINT('',(6.5,104.79987298107));
#1224 = CARTESIAN_POINT('',(2.75,106.96493649053));
#1225 = CARTESIAN_POINT('',(-1.,109.13));
#1226 = CARTESIAN_POINT('',(2.75,111.29506350946));
#1227 = CARTESIAN_POINT('',(6.5,113.46012701892));
#1228 = CARTESIAN_POINT('',(6.5,109.13));
#1229 = ( GEOMETRIC_REPRESENTATION_CONTEXT(2) 
PARAMETRIC_REPRESENTATION_CONTEXT() REPRESENTATION_CONTEXT('2D SPACE',''
  ) );
#1230 = PCURVE('',#1231,#1236);
#1231 = CYLINDRICAL_SURFACE('',#1232,2.5);
#1232 = AXIS2_PLACEMENT_3D('',#1233,#1234,#1235);
#1233 = CARTESIAN_POINT('',(4.,4.,2.6));
#1234 = DIRECTION('',(-0.,1.224646799147E-16,1.));
#1235 = DIRECTION('',(1.,0.,0.));
#1236 = DEFINITIONAL_REPRESENTATION('',(#1237),#1241);
#1237 = LINE('',#1238,#1239);
#1238 = CARTESIAN_POINT('',(-6.28318530718,-2.6));
#1239 = VECTOR('',#1240,1.);
#1240 = DIRECTION('',(1.,-0.));
#1241 = ( GEOMETRIC_REPRESENTATION_CONTEXT(2) 
PARAMETRIC_REPRESENTATION_CONTEXT() REPRESENTATION_CONTEXT('2D SPACE',''
  ) );
#1242 = FACE_BOUND('',#1243,.T.);
#1243 = EDGE_LOOP('',(#1244,#1274,#1302,#1330));
#1244 = ORIENTED_EDGE('',*,*,#1245,.T.);
#1245 = EDGE_CURVE('',#1246,#1248,#1250,.T.);
#1246 = VERTEX_POINT('',#1247);
#1247 = CARTESIAN_POINT('',(32.,38.415,1.42108547152E-14));
#1248 = VERTEX_POINT('',#1249);
#1249 = CARTESIAN_POINT('',(29.,38.415,1.42108547152E-14));
#1250 = SURFACE_CURVE('',#1251,(#1255,#1262),.PCURVE_S1.);
#1251 = LINE('',#1252,#1253);
#1252 = CARTESIAN_POINT('',(14.5,38.415,1.42108547152E-14));
#1253 = VECTOR('',#1254,1.);
#1254 = DIRECTION('',(-1.,-0.,0.));
#1255 = PCURVE('',#126,#1256);
#1256 = DEFINITIONAL_REPRESENTATION('',(#1257),#1261);
#1257 = LINE('',#1258,#1259);
#1258 = CARTESIAN_POINT('',(14.5,74.715));
#1259 = VECTOR('',#1260,1.);
#1260 = DIRECTION('',(-1.,0.));
#1261 = ( GEOMETRIC_REPRESENTATION_CONTEXT(2) 
PARAMETRIC_REPRESENTATION_CONTEXT() REPRESENTATION_CONTEXT('2D SPACE',''
  ) );
#1262 = PCURVE('',#1263,#1268);
#1263 = PLANE('',#1264);
#1264 = AXIS2_PLACEMENT_3D('',#1265,#1266,#1267);
#1265 = CARTESIAN_POINT('',(29.,38.415,4.5));
#1266 = DIRECTION('',(0.,-1.,1.224646799147E-16));
#1267 = DIRECTION('',(0.,-1.224646799147E-16,-1.));
#1268 = DEFINITIONAL_REPRESENTATION('',(#1269),#1273);
#1269 = LINE('',#1270,#1271);
#1270 = CARTESIAN_POINT('',(4.5,-14.5));
#1271 = VECTOR('',#1272,1.);
#1272 = DIRECTION('',(-0.,-1.));
#1273 = ( GEOMETRIC_REPRESENTATION_CONTEXT(2) 
PARAMETRIC_REPRESENTATION_CONTEXT() REPRESENTATION_CONTEXT('2D SPACE',''
  ) );
#1274 = ORIENTED_EDGE('',*,*,#1275,.T.);
#1275 = EDGE_CURVE('',#1248,#1276,#1278,.T.);
#1276 = VERTEX_POINT('',#1277);
#1277 = CARTESIAN_POINT('',(29.,16.415,1.42108547152E-14));
#1278 = SURFACE_CURVE('',#1279,(#1283,#1290),.PCURVE_S1.);
#1279 = LINE('',#1280,#1281);
#1280 = CARTESIAN_POINT('',(29.,75.7725,0.));
#1281 = VECTOR('',#1282,1.);
#1282 = DIRECTION('',(0.,-1.,1.224646799147E-16));
#1283 = PCURVE('',#126,#1284);
#1284 = DEFINITIONAL_REPRESENTATION('',(#1285),#1289);
#1285 = LINE('',#1286,#1287);
#1286 = CARTESIAN_POINT('',(29.,37.3575));
#1287 = VECTOR('',#1288,1.);
#1288 = DIRECTION('',(0.,1.));
#1289 = ( GEOMETRIC_REPRESENTATION_CONTEXT(2) 
PARAMETRIC_REPRESENTATION_CONTEXT() REPRESENTATION_CONTEXT('2D SPACE',''
  ) );
#1290 = PCURVE('',#1291,#1296);
#1291 = PLANE('',#1292);
#1292 = AXIS2_PLACEMENT_3D('',#1293,#1294,#1295);
#1293 = CARTESIAN_POINT('',(29.,38.415,4.5));
#1294 = DIRECTION('',(1.,0.,0.));
#1295 = DIRECTION('',(0.,-1.224646799147E-16,-1.));
#1296 = DEFINITIONAL_REPRESENTATION('',(#1297),#1301);
#1297 = LINE('',#1298,#1299);
#1298 = CARTESIAN_POINT('',(4.5,37.3575));
#1299 = VECTOR('',#1300,1.);
#1300 = DIRECTION('',(0.,-1.));
#1301 = ( GEOMETRIC_REPRESENTATION_CONTEXT(2) 
PARAMETRIC_REPRESENTATION_CONTEXT() REPRESENTATION_CONTEXT('2D SPACE',''
  ) );
#1302 = ORIENTED_EDGE('',*,*,#1303,.F.);
#1303 = EDGE_CURVE('',#1304,#1276,#1306,.T.);
#1304 = VERTEX_POINT('',#1305);
#1305 = CARTESIAN_POINT('',(32.,16.415,1.42108547152E-14));
#1306 = SURFACE_CURVE('',#1307,(#1311,#1318),.PCURVE_S1.);
#1307 = LINE('',#1308,#1309);
#1308 = CARTESIAN_POINT('',(14.5,16.415,1.42108547152E-14));
#1309 = VECTOR('',#1310,1.);
#1310 = DIRECTION('',(-1.,-0.,0.));
#1311 = PCURVE('',#126,#1312);
#1312 = DEFINITIONAL_REPRESENTATION('',(#1313),#1317);
#1313 = LINE('',#1314,#1315);
#1314 = CARTESIAN_POINT('',(14.5,96.715));
#1315 = VECTOR('',#1316,1.);
#1316 = DIRECTION('',(-1.,0.));
#1317 = ( GEOMETRIC_REPRESENTATION_CONTEXT(2) 
PARAMETRIC_REPRESENTATION_CONTEXT() REPRESENTATION_CONTEXT('2D SPACE',''
  ) );
#1318 = PCURVE('',#1319,#1324);
#1319 = PLANE('',#1320);
#1320 = AXIS2_PLACEMENT_3D('',#1321,#1322,#1323);
#1321 = CARTESIAN_POINT('',(29.,16.415,4.5));
#1322 = DIRECTION('',(0.,-1.,1.224646799147E-16));
#1323 = DIRECTION('',(0.,-1.224646799147E-16,-1.));
#1324 = DEFINITIONAL_REPRESENTATION('',(#1325),#1329);
#1325 = LINE('',#1326,#1327);
#1326 = CARTESIAN_POINT('',(4.5,-14.5));
#1327 = VECTOR('',#1328,1.);
#1328 = DIRECTION('',(-0.,-1.));
#1329 = ( GEOMETRIC_REPRESENTATION_CONTEXT(2) 
PARAMETRIC_REPRESENTATION_CONTEXT() REPRESENTATION_CONTEXT('2D SPACE',''
  ) );
#1330 = ORIENTED_EDGE('',*,*,#1331,.F.);
#1331 = EDGE_CURVE('',#1246,#1304,#1332,.T.);
#1332 = SURFACE_CURVE('',#1333,(#1337,#1344),.PCURVE_S1.);
#1333 = LINE('',#1334,#1335);
#1334 = CARTESIAN_POINT('',(32.,75.7725,0.));
#1335 = VECTOR('',#1336,1.);
#1336 = DIRECTION('',(0.,-1.,1.224646799147E-16));
#1337 = PCURVE('',#126,#1338);
#1338 = DEFINITIONAL_REPRESENTATION('',(#1339),#1343);
#1339 = LINE('',#1340,#1341);
#1340 = CARTESIAN_POINT('',(32.,37.3575));
#1341 = VECTOR('',#1342,1.);
#1342 = DIRECTION('',(0.,1.));
#1343 = ( GEOMETRIC_REPRESENTATION_CONTEXT(2) 
PARAMETRIC_REPRESENTATION_CONTEXT() REPRESENTATION_CONTEXT('2D SPACE',''
  ) );
#1344 = PCURVE('',#1345,#1350);
#1345 = PLANE('',#1346);
#1346 = AXIS2_PLACEMENT_3D('',#1347,#1348,#1349);
#1347 = CARTESIAN_POINT('',(32.,38.415,4.5));
#1348 = DIRECTION('',(1.,0.,0.));
#1349 = DIRECTION('',(0.,-1.224646799147E-16,-1.));
#1350 = DEFINITIONAL_REPRESENTATION('',(#1351),#1355);
#1351 = LINE('',#1352,#1353);
#1352 = CARTESIAN_POINT('',(4.5,37.3575));
#1353 = VECTOR('',#1354,1.);
#1354 = DIRECTION('',(0.,-1.));
#1355 = ( GEOMETRIC_REPRESENTATION_CONTEXT(2) 
PARAMETRIC_REPRESENTATION_CONTEXT() REPRESENTATION_CONTEXT('2D SPACE',''
  ) );
#1356 = FACE_BOUND('',#1357,.T.);
#1357 = EDGE_LOOP('',(#1358,#1388,#1416,#1444));
#1358 = ORIENTED_EDGE('',*,*,#1359,.T.);
#1359 = EDGE_CURVE('',#1360,#1362,#1364,.T.);
#1360 = VERTEX_POINT('',#1361);
#1361 = CARTESIAN_POINT('',(41.,38.415,1.42108547152E-14));
#1362 = VERTEX_POINT('',#1363);
#1363 = CARTESIAN_POINT('',(38.,38.415,1.42108547152E-14));
#1364 = SURFACE_CURVE('',#1365,(#1369,#1376),.PCURVE_S1.);
#1365 = LINE('',#1366,#1367);
#1366 = CARTESIAN_POINT('',(19.,38.415,1.42108547152E-14));
#1367 = VECTOR('',#1368,1.);
#1368 = DIRECTION('',(-1.,-0.,0.));
#1369 = PCURVE('',#126,#1370);
#1370 = DEFINITIONAL_REPRESENTATION('',(#1371),#1375);
#1371 = LINE('',#1372,#1373);
#1372 = CARTESIAN_POINT('',(19.,74.715));
#1373 = VECTOR('',#1374,1.);
#1374 = DIRECTION('',(-1.,0.));
#1375 = ( GEOMETRIC_REPRESENTATION_CONTEXT(2) 
PARAMETRIC_REPRESENTATION_CONTEXT() REPRESENTATION_CONTEXT('2D SPACE',''
  ) );
#1376 = PCURVE('',#1377,#1382);
#1377 = PLANE('',#1378);
#1378 = AXIS2_PLACEMENT_3D('',#1379,#1380,#1381);
#1379 = CARTESIAN_POINT('',(38.,38.415,4.5));
#1380 = DIRECTION('',(0.,-1.,1.224646799147E-16));
#1381 = DIRECTION('',(0.,-1.224646799147E-16,-1.));
#1382 = DEFINITIONAL_REPRESENTATION('',(#1383),#1387);
#1383 = LINE('',#1384,#1385);
#1384 = CARTESIAN_POINT('',(4.5,-19.));
#1385 = VECTOR('',#1386,1.);
#1386 = DIRECTION('',(-0.,-1.));
#1387 = ( GEOMETRIC_REPRESENTATION_CONTEXT(2) 
PARAMETRIC_REPRESENTATION_CONTEXT() REPRESENTATION_CONTEXT('2D SPACE',''
  ) );
#1388 = ORIENTED_EDGE('',*,*,#1389,.T.);
#1389 = EDGE_CURVE('',#1362,#1390,#1392,.T.);
#1390 = VERTEX_POINT('',#1391);
#1391 = CARTESIAN_POINT('',(38.,16.415,1.42108547152E-14));
#1392 = SURFACE_CURVE('',#1393,(#1397,#1404),.PCURVE_S1.);
#1393 = LINE('',#1394,#1395);
#1394 = CARTESIAN_POINT('',(38.,75.7725,0.));
#1395 = VECTOR('',#1396,1.);
#1396 = DIRECTION('',(0.,-1.,1.224646799147E-16));
#1397 = PCURVE('',#126,#1398);
#1398 = DEFINITIONAL_REPRESENTATION('',(#1399),#1403);
#1399 = LINE('',#1400,#1401);
#1400 = CARTESIAN_POINT('',(38.,37.3575));
#1401 = VECTOR('',#1402,1.);
#1402 = DIRECTION('',(0.,1.));
#1403 = ( GEOMETRIC_REPRESENTATION_CONTEXT(2) 
PARAMETRIC_REPRESENTATION_CONTEXT() REPRESENTATION_CONTEXT('2D SPACE',''
  ) );
#1404 = PCURVE('',#1405,#1410);
#1405 = PLANE('',#1406);
#1406 = AXIS2_PLACEMENT_3D('',#1407,#1408,#1409);
#1407 = CARTESIAN_POINT('',(38.,38.415,4.5));
#1408 = DIRECTION('',(1.,0.,0.));
#1409 = DIRECTION('',(0.,-1.224646799147E-16,-1.));
#1410 = DEFINITIONAL_REPRESENTATION('',(#1411),#1415);
#1411 = LINE('',#1412,#1413);
#1412 = CARTESIAN_POINT('',(4.5,37.3575));
#1413 = VECTOR('',#1414,1.);
#1414 = DIRECTION('',(0.,-1.));
#1415 = ( GEOMETRIC_REPRESENTATION_CONTEXT(2) 
PARAMETRIC_REPRESENTATION_CONTEXT() REPRESENTATION_CONTEXT('2D SPACE',''
  ) );
#1416 = ORIENTED_EDGE('',*,*,#1417,.F.);
#1417 = EDGE_CURVE('',#1418,#1390,#1420,.T.);
#1418 = VERTEX_POINT('',#1419);
#1419 = CARTESIAN_POINT('',(41.,16.415,1.42108547152E-14));
#1420 = SURFACE_CURVE('',#1421,(#1425,#1432),.PCURVE_S1.);
#1421 = LINE('',#1422,#1423);
#1422 = CARTESIAN_POINT('',(19.,16.415,1.42108547152E-14));
#1423 = VECTOR('',#1424,1.);
#1424 = DIRECTION('',(-1.,-0.,0.));
#1425 = PCURVE('',#126,#1426);
#1426 = DEFINITIONAL_REPRESENTATION('',(#1427),#1431);
#1427 = LINE('',#1428,#1429);
#1428 = CARTESIAN_POINT('',(19.,96.715));
#1429 = VECTOR('',#1430,1.);
#1430 = DIRECTION('',(-1.,0.));
#1431 = ( GEOMETRIC_REPRESENTATION_CONTEXT(2) 
PARAMETRIC_REPRESENTATION_CONTEXT() REPRESENTATION_CONTEXT('2D SPACE',''
  ) );
#1432 = PCURVE('',#1433,#1438);
#1433 = PLANE('',#1434);
#1434 = AXIS2_PLACEMENT_3D('',#1435,#1436,#1437);
#1435 = CARTESIAN_POINT('',(38.,16.415,4.5));
#1436 = DIRECTION('',(0.,-1.,1.224646799147E-16));
#1437 = DIRECTION('',(0.,-1.224646799147E-16,-1.));
#1438 = DEFINITIONAL_REPRESENTATION('',(#1439),#1443);
#1439 = LINE('',#1440,#1441);
#1440 = CARTESIAN_POINT('',(4.5,-19.));
#1441 = VECTOR('',#1442,1.);
#1442 = DIRECTION('',(-0.,-1.));
#1443 = ( GEOMETRIC_REPRESENTATION_CONTEXT(2) 
PARAMETRIC_REPRESENTATION_CONTEXT() REPRESENTATION_CONTEXT('2D SPACE',''
  ) );
#1444 = ORIENTED_EDGE('',*,*,#1445,.F.);
#1445 = EDGE_CURVE('',#1360,#1418,#1446,.T.);
#1446 = SURFACE_CURVE('',#1447,(#1451,#1458),.PCURVE_S1.);
#1447 = LINE('',#1448,#1449);
#1448 = CARTESIAN_POINT('',(41.,75.7725,0.));
#1449 = VECTOR('',#1450,1.);
#1450 = DIRECTION('',(0.,-1.,1.224646799147E-16));
#1451 = PCURVE('',#126,#1452);
#1452 = DEFINITIONAL_REPRESENTATION('',(#1453),#1457);
#1453 = LINE('',#1454,#1455);
#1454 = CARTESIAN_POINT('',(41.,37.3575));
#1455 = VECTOR('',#1456,1.);
#1456 = DIRECTION('',(0.,1.));
#1457 = ( GEOMETRIC_REPRESENTATION_CONTEXT(2) 
PARAMETRIC_REPRESENTATION_CONTEXT() REPRESENTATION_CONTEXT('2D SPACE',''
  ) );
#1458 = PCURVE('',#1459,#1464);
#1459 = PLANE('',#1460);
#1460 = AXIS2_PLACEMENT_3D('',#1461,#1462,#1463);
#1461 = CARTESIAN_POINT('',(41.,38.415,4.5));
#1462 = DIRECTION('',(1.,0.,0.));
#1463 = DIRECTION('',(0.,-1.224646799147E-16,-1.));
#1464 = DEFINITIONAL_REPRESENTATION('',(#1465),#1469);
#1465 = LINE('',#1466,#1467);
#1466 = CARTESIAN_POINT('',(4.5,37.3575));
#1467 = VECTOR('',#1468,1.);
#1468 = DIRECTION('',(0.,-1.));
#1469 = ( GEOMETRIC_REPRESENTATION_CONTEXT(2) 
PARAMETRIC_REPRESENTATION_CONTEXT() REPRESENTATION_CONTEXT('2D SPACE',''
  ) );
#1470 = FACE_BOUND('',#1471,.T.);
#1471 = EDGE_LOOP('',(#1472,#1502,#1530,#1558));
#1472 = ORIENTED_EDGE('',*,*,#1473,.T.);
#1473 = EDGE_CURVE('',#1474,#1476,#1478,.T.);
#1474 = VERTEX_POINT('',#1475);
#1475 = CARTESIAN_POINT('',(50.,38.415,1.42108547152E-14));
#1476 = VERTEX_POINT('',#1477);
#1477 = CARTESIAN_POINT('',(47.,38.415,1.42108547152E-14));
#1478 = SURFACE_CURVE('',#1479,(#1483,#1490),.PCURVE_S1.);
#1479 = LINE('',#1480,#1481);
#1480 = CARTESIAN_POINT('',(23.5,38.415,1.42108547152E-14));
#1481 = VECTOR('',#1482,1.);
#1482 = DIRECTION('',(-1.,-0.,0.));
#1483 = PCURVE('',#126,#1484);
#1484 = DEFINITIONAL_REPRESENTATION('',(#1485),#1489);
#1485 = LINE('',#1486,#1487);
#1486 = CARTESIAN_POINT('',(23.5,74.715));
#1487 = VECTOR('',#1488,1.);
#1488 = DIRECTION('',(-1.,0.));
#1489 = ( GEOMETRIC_REPRESENTATION_CONTEXT(2) 
PARAMETRIC_REPRESENTATION_CONTEXT() REPRESENTATION_CONTEXT('2D SPACE',''
  ) );
#1490 = PCURVE('',#1491,#1496);
#1491 = PLANE('',#1492);
#1492 = AXIS2_PLACEMENT_3D('',#1493,#1494,#1495);
#1493 = CARTESIAN_POINT('',(47.,38.415,4.5));
#1494 = DIRECTION('',(0.,-1.,1.224646799147E-16));
#1495 = DIRECTION('',(0.,-1.224646799147E-16,-1.));
#1496 = DEFINITIONAL_REPRESENTATION('',(#1497),#1501);
#1497 = LINE('',#1498,#1499);
#1498 = CARTESIAN_POINT('',(4.5,-23.5));
#1499 = VECTOR('',#1500,1.);
#1500 = DIRECTION('',(-0.,-1.));
#1501 = ( GEOMETRIC_REPRESENTATION_CONTEXT(2) 
PARAMETRIC_REPRESENTATION_CONTEXT() REPRESENTATION_CONTEXT('2D SPACE',''
  ) );
#1502 = ORIENTED_EDGE('',*,*,#1503,.T.);
#1503 = EDGE_CURVE('',#1476,#1504,#1506,.T.);
#1504 = VERTEX_POINT('',#1505);
#1505 = CARTESIAN_POINT('',(47.,16.415,1.42108547152E-14));
#1506 = SURFACE_CURVE('',#1507,(#1511,#1518),.PCURVE_S1.);
#1507 = LINE('',#1508,#1509);
#1508 = CARTESIAN_POINT('',(47.,75.7725,0.));
#1509 = VECTOR('',#1510,1.);
#1510 = DIRECTION('',(0.,-1.,1.224646799147E-16));
#1511 = PCURVE('',#126,#1512);
#1512 = DEFINITIONAL_REPRESENTATION('',(#1513),#1517);
#1513 = LINE('',#1514,#1515);
#1514 = CARTESIAN_POINT('',(47.,37.3575));
#1515 = VECTOR('',#1516,1.);
#1516 = DIRECTION('',(0.,1.));
#1517 = ( GEOMETRIC_REPRESENTATION_CONTEXT(2) 
PARAMETRIC_REPRESENTATION_CONTEXT() REPRESENTATION_CONTEXT('2D SPACE',''
  ) );
#1518 = PCURVE('',#1519,#1524);
#1519 = PLANE('',#1520);
#1520 = AXIS2_PLACEMENT_3D('',#1521,#1522,#1523);
#1521 = CARTESIAN_POINT('',(47.,38.415,4.5));
#1522 = DIRECTION('',(1.,0.,0.));
#1523 = DIRECTION('',(0.,-1.224646799147E-16,-1.));
#1524 = DEFINITIONAL_REPRESENTATION('',(#1525),#1529);
#1525 = LINE('',#1526,#1527);
#1526 = CARTESIAN_POINT('',(4.5,37.3575));
#1527 = VECTOR('',#1528,1.);
#1528 = DIRECTION('',(0.,-1.));
#1529 = ( GEOMETRIC_REPRESENTATION_CONTEXT(2) 
PARAMETRIC_REPRESENTATION_CONTEXT() REPRESENTATION_CONTEXT('2D SPACE',''
  ) );
#1530 = ORIENTED_EDGE('',*,*,#1531,.F.);
#1531 = EDGE_CURVE('',#1532,#1504,#1534,.T.);
#1532 = VERTEX_POINT('',#1533);
#1533 = CARTESIAN_POINT('',(50.,16.415,1.42108547152E-14));
#1534 = SURFACE_CURVE('',#1535,(#1539,#1546),.PCURVE_S1.);
#1535 = LINE('',#1536,#1537);
#1536 = CARTESIAN_POINT('',(23.5,16.415,1.42108547152E-14));
#1537 = VECTOR('',#1538,1.);
#1538 = DIRECTION('',(-1.,-0.,0.));
#1539 = PCURVE('',#126,#1540);
#1540 = DEFINITIONAL_REPRESENTATION('',(#1541),#1545);
#1541 = LINE('',#1542,#1543);
#1542 = CARTESIAN_POINT('',(23.5,96.715));
#1543 = VECTOR('',#1544,1.);
#1544 = DIRECTION('',(-1.,0.));
#1545 = ( GEOMETRIC_REPRESENTATION_CONTEXT(2) 
PARAMETRIC_REPRESENTATION_CONTEXT() REPRESENTATION_CONTEXT('2D SPACE',''
  ) );
#1546 = PCURVE('',#1547,#1552);
#1547 = PLANE('',#1548);
#1548 = AXIS2_PLACEMENT_3D('',#1549,#1550,#1551);
#1549 = CARTESIAN_POINT('',(47.,16.415,4.5));
#1550 = DIRECTION('',(0.,-1.,1.224646799147E-16));
#1551 = DIRECTION('',(0.,-1.224646799147E-16,-1.));
#1552 = DEFINITIONAL_REPRESENTATION('',(#1553),#1557);
#1553 = LINE('',#1554,#1555);
#1554 = CARTESIAN_POINT('',(4.5,-23.5));
#1555 = VECTOR('',#1556,1.);
#1556 = DIRECTION('',(-0.,-1.));
#1557 = ( GEOMETRIC_REPRESENTATION_CONTEXT(2) 
PARAMETRIC_REPRESENTATION_CONTEXT() REPRESENTATION_CONTEXT('2D SPACE',''
  ) );
#1558 = ORIENTED_EDGE('',*,*,#1559,.F.);
#1559 = EDGE_CURVE('',#1474,#1532,#1560,.T.);
#1560 = SURFACE_CURVE('',#1561,(#1565,#1572),.PCURVE_S1.);
#1561 = LINE('',#1562,#1563);
#1562 = CARTESIAN_POINT('',(50.,75.7725,0.));
#1563 = VECTOR('',#1564,1.);
#1564 = DIRECTION('',(0.,-1.,1.224646799147E-16));
#1565 = PCURVE('',#126,#1566);
#1566 = DEFINITIONAL_REPRESENTATION('',(#1567),#1571);
#1567 = LINE('',#1568,#1569);
#1568 = CARTESIAN_POINT('',(50.,37.3575));
#1569 = VECTOR('',#1570,1.);
#1570 = DIRECTION('',(0.,1.));
#1571 = ( GEOMETRIC_REPRESENTATION_CONTEXT(2) 
PARAMETRIC_REPRESENTATION_CONTEXT() REPRESENTATION_CONTEXT('2D SPACE',''
  ) );
#1572 = PCURVE('',#1573,#1578);
#1573 = PLANE('',#1574);
#1574 = AXIS2_PLACEMENT_3D('',#1575,#1576,#1577);
#1575 = CARTESIAN_POINT('',(50.,38.415,4.5));
#1576 = DIRECTION('',(1.,0.,0.));
#1577 = DIRECTION('',(0.,-1.224646799147E-16,-1.));
#1578 = DEFINITIONAL_REPRESENTATION('',(#1579),#1583);
#1579 = LINE('',#1580,#1581);
#1580 = CARTESIAN_POINT('',(4.5,37.3575));
#1581 = VECTOR('',#1582,1.);
#1582 = DIRECTION('',(0.,-1.));
#1583 = ( GEOMETRIC_REPRESENTATION_CONTEXT(2) 
PARAMETRIC_REPRESENTATION_CONTEXT() REPRESENTATION_CONTEXT('2D SPACE',''
  ) );
#1584 = FACE_BOUND('',#1585,.T.);
#1585 = EDGE_LOOP('',(#1586,#1616,#1644,#1672));
#1586 = ORIENTED_EDGE('',*,*,#1587,.T.);
#1587 = EDGE_CURVE('',#1588,#1590,#1592,.T.);
#1588 = VERTEX_POINT('',#1589);
#1589 = CARTESIAN_POINT('',(59.,38.415,1.42108547152E-14));
#1590 = VERTEX_POINT('',#1591);
#1591 = CARTESIAN_POINT('',(56.,38.415,1.42108547152E-14));
#1592 = SURFACE_CURVE('',#1593,(#1597,#1604),.PCURVE_S1.);
#1593 = LINE('',#1594,#1595);
#1594 = CARTESIAN_POINT('',(28.,38.415,1.42108547152E-14));
#1595 = VECTOR('',#1596,1.);
#1596 = DIRECTION('',(-1.,-0.,0.));
#1597 = PCURVE('',#126,#1598);
#1598 = DEFINITIONAL_REPRESENTATION('',(#1599),#1603);
#1599 = LINE('',#1600,#1601);
#1600 = CARTESIAN_POINT('',(28.,74.715));
#1601 = VECTOR('',#1602,1.);
#1602 = DIRECTION('',(-1.,0.));
#1603 = ( GEOMETRIC_REPRESENTATION_CONTEXT(2) 
PARAMETRIC_REPRESENTATION_CONTEXT() REPRESENTATION_CONTEXT('2D SPACE',''
  ) );
#1604 = PCURVE('',#1605,#1610);
#1605 = PLANE('',#1606);
#1606 = AXIS2_PLACEMENT_3D('',#1607,#1608,#1609);
#1607 = CARTESIAN_POINT('',(56.,38.415,4.5));
#1608 = DIRECTION('',(0.,-1.,1.224646799147E-16));
#1609 = DIRECTION('',(0.,-1.224646799147E-16,-1.));
#1610 = DEFINITIONAL_REPRESENTATION('',(#1611),#1615);
#1611 = LINE('',#1612,#1613);
#1612 = CARTESIAN_POINT('',(4.5,-28.));
#1613 = VECTOR('',#1614,1.);
#1614 = DIRECTION('',(-0.,-1.));
#1615 = ( GEOMETRIC_REPRESENTATION_CONTEXT(2) 
PARAMETRIC_REPRESENTATION_CONTEXT() REPRESENTATION_CONTEXT('2D SPACE',''
  ) );
#1616 = ORIENTED_EDGE('',*,*,#1617,.T.);
#1617 = EDGE_CURVE('',#1590,#1618,#1620,.T.);
#1618 = VERTEX_POINT('',#1619);
#1619 = CARTESIAN_POINT('',(56.,16.415,1.42108547152E-14));
#1620 = SURFACE_CURVE('',#1621,(#1625,#1632),.PCURVE_S1.);
#1621 = LINE('',#1622,#1623);
#1622 = CARTESIAN_POINT('',(56.,75.7725,0.));
#1623 = VECTOR('',#1624,1.);
#1624 = DIRECTION('',(0.,-1.,1.224646799147E-16));
#1625 = PCURVE('',#126,#1626);
#1626 = DEFINITIONAL_REPRESENTATION('',(#1627),#1631);
#1627 = LINE('',#1628,#1629);
#1628 = CARTESIAN_POINT('',(56.,37.3575));
#1629 = VECTOR('',#1630,1.);
#1630 = DIRECTION('',(0.,1.));
#1631 = ( GEOMETRIC_REPRESENTATION_CONTEXT(2) 
PARAMETRIC_REPRESENTATION_CONTEXT() REPRESENTATION_CONTEXT('2D SPACE',''
  ) );
#1632 = PCURVE('',#1633,#1638);
#1633 = PLANE('',#1634);
#1634 = AXIS2_PLACEMENT_3D('',#1635,#1636,#1637);
#1635 = CARTESIAN_POINT('',(56.,38.415,4.5));
#1636 = DIRECTION('',(1.,0.,0.));
#1637 = DIRECTION('',(0.,-1.224646799147E-16,-1.));
#1638 = DEFINITIONAL_REPRESENTATION('',(#1639),#1643);
#1639 = LINE('',#1640,#1641);
#1640 = CARTESIAN_POINT('',(4.5,37.3575));
#1641 = VECTOR('',#1642,1.);
#1642 = DIRECTION('',(0.,-1.));
#1643 = ( GEOMETRIC_REPRESENTATION_CONTEXT(2) 
PARAMETRIC_REPRESENTATION_CONTEXT() REPRESENTATION_CONTEXT('2D SPACE',''
  ) );
#1644 = ORIENTED_EDGE('',*,*,#1645,.F.);
#1645 = EDGE_CURVE('',#1646,#1618,#1648,.T.);
#1646 = VERTEX_POINT('',#1647);
#1647 = CARTESIAN_POINT('',(59.,16.415,1.42108547152E-14));
#1648 = SURFACE_CURVE('',#1649,(#1653,#1660),.PCURVE_S1.);
#1649 = LINE('',#1650,#1651);
#1650 = CARTESIAN_POINT('',(28.,16.415,1.42108547152E-14));
#1651 = VECTOR('',#1652,1.);
#1652 = DIRECTION('',(-1.,-0.,0.));
#1653 = PCURVE('',#126,#1654);
#1654 = DEFINITIONAL_REPRESENTATION('',(#1655),#1659);
#1655 = LINE('',#1656,#1657);
#1656 = CARTESIAN_POINT('',(28.,96.715));
#1657 = VECTOR('',#1658,1.);
#1658 = DIRECTION('',(-1.,0.));
#1659 = ( GEOMETRIC_REPRESENTATION_CONTEXT(2) 
PARAMETRIC_REPRESENTATION_CONTEXT() REPRESENTATION_CONTEXT('2D SPACE',''
  ) );
#1660 = PCURVE('',#1661,#1666);
#1661 = PLANE('',#1662);
#1662 = AXIS2_PLACEMENT_3D('',#1663,#1664,#1665);
#1663 = CARTESIAN_POINT('',(56.,16.415,4.5));
#1664 = DIRECTION('',(0.,-1.,1.224646799147E-16));
#1665 = DIRECTION('',(0.,-1.224646799147E-16,-1.));
#1666 = DEFINITIONAL_REPRESENTATION('',(#1667),#1671);
#1667 = LINE('',#1668,#1669);
#1668 = CARTESIAN_POINT('',(4.5,-28.));
#1669 = VECTOR('',#1670,1.);
#1670 = DIRECTION('',(-0.,-1.));
#1671 = ( GEOMETRIC_REPRESENTATION_CONTEXT(2) 
PARAMETRIC_REPRESENTATION_CONTEXT() REPRESENTATION_CONTEXT('2D SPACE',''
  ) );
#1672 = ORIENTED_EDGE('',*,*,#1673,.F.);
#1673 = EDGE_CURVE('',#1588,#1646,#1674,.T.);
#1674 = SURFACE_CURVE('',#1675,(#1679,#1686),.PCURVE_S1.);
#1675 = LINE('',#1676,#1677);
#1676 = CARTESIAN_POINT('',(59.,75.7725,0.));
#1677 = VECTOR('',#1678,1.);
#1678 = DIRECTION('',(0.,-1.,1.224646799147E-16));
#1679 = PCURVE('',#126,#1680);
#1680 = DEFINITIONAL_REPRESENTATION('',(#1681),#1685);
#1681 = LINE('',#1682,#1683);
#1682 = CARTESIAN_POINT('',(59.,37.3575));
#1683 = VECTOR('',#1684,1.);
#1684 = DIRECTION('',(0.,1.));
#1685 = ( GEOMETRIC_REPRESENTATION_CONTEXT(2) 
PARAMETRIC_REPRESENTATION_CONTEXT() REPRESENTATION_CONTEXT('2D SPACE',''
  ) );
#1686 = PCURVE('',#1687,#1692);
#1687 = PLANE('',#1688);
#1688 = AXIS2_PLACEMENT_3D('',#1689,#1690,#1691);
#1689 = CARTESIAN_POINT('',(59.,38.415,4.5));
#1690 = DIRECTION('',(1.,0.,0.));
#1691 = DIRECTION('',(0.,-1.224646799147E-16,-1.));
#1692 = DEFINITIONAL_REPRESENTATION('',(#1693),#1697);
#1693 = LINE('',#1694,#1695);
#1694 = CARTESIAN_POINT('',(4.5,37.3575));
#1695 = VECTOR('',#1696,1.);
#1696 = DIRECTION('',(0.,-1.));
#1697 = ( GEOMETRIC_REPRESENTATION_CONTEXT(2) 
PARAMETRIC_REPRESENTATION_CONTEXT() REPRESENTATION_CONTEXT('2D SPACE',''
  ) );
#1698 = FACE_BOUND('',#1699,.T.);
#1699 = EDGE_LOOP('',(#1700,#1730,#1758,#1786));
#1700 = ORIENTED_EDGE('',*,*,#1701,.T.);
#1701 = EDGE_CURVE('',#1702,#1704,#1706,.T.);
#1702 = VERTEX_POINT('',#1703);
#1703 = CARTESIAN_POINT('',(68.,38.415,1.42108547152E-14));
#1704 = VERTEX_POINT('',#1705);
#1705 = CARTESIAN_POINT('',(65.,38.415,1.42108547152E-14));
#1706 = SURFACE_CURVE('',#1707,(#1711,#1718),.PCURVE_S1.);
#1707 = LINE('',#1708,#1709);
#1708 = CARTESIAN_POINT('',(32.5,38.415,1.42108547152E-14));
#1709 = VECTOR('',#1710,1.);
#1710 = DIRECTION('',(-1.,-0.,0.));
#1711 = PCURVE('',#126,#1712);
#1712 = DEFINITIONAL_REPRESENTATION('',(#1713),#1717);
#1713 = LINE('',#1714,#1715);
#1714 = CARTESIAN_POINT('',(32.5,74.715));
#1715 = VECTOR('',#1716,1.);
#1716 = DIRECTION('',(-1.,0.));
#1717 = ( GEOMETRIC_REPRESENTATION_CONTEXT(2) 
PARAMETRIC_REPRESENTATION_CONTEXT() REPRESENTATION_CONTEXT('2D SPACE',''
  ) );
#1718 = PCURVE('',#1719,#1724);
#1719 = PLANE('',#1720);
#1720 = AXIS2_PLACEMENT_3D('',#1721,#1722,#1723);
#1721 = CARTESIAN_POINT('',(65.,38.415,4.5));
#1722 = DIRECTION('',(0.,-1.,1.224646799147E-16));
#1723 = DIRECTION('',(0.,-1.224646799147E-16,-1.));
#1724 = DEFINITIONAL_REPRESENTATION('',(#1725),#1729);
#1725 = LINE('',#1726,#1727);
#1726 = CARTESIAN_POINT('',(4.5,-32.5));
#1727 = VECTOR('',#1728,1.);
#1728 = DIRECTION('',(-0.,-1.));
#1729 = ( GEOMETRIC_REPRESENTATION_CONTEXT(2) 
PARAMETRIC_REPRESENTATION_CONTEXT() REPRESENTATION_CONTEXT('2D SPACE',''
  ) );
#1730 = ORIENTED_EDGE('',*,*,#1731,.T.);
#1731 = EDGE_CURVE('',#1704,#1732,#1734,.T.);
#1732 = VERTEX_POINT('',#1733);
#1733 = CARTESIAN_POINT('',(65.,16.415,1.42108547152E-14));
#1734 = SURFACE_CURVE('',#1735,(#1739,#1746),.PCURVE_S1.);
#1735 = LINE('',#1736,#1737);
#1736 = CARTESIAN_POINT('',(65.,75.7725,0.));
#1737 = VECTOR('',#1738,1.);
#1738 = DIRECTION('',(0.,-1.,1.224646799147E-16));
#1739 = PCURVE('',#126,#1740);
#1740 = DEFINITIONAL_REPRESENTATION('',(#1741),#1745);
#1741 = LINE('',#1742,#1743);
#1742 = CARTESIAN_POINT('',(65.,37.3575));
#1743 = VECTOR('',#1744,1.);
#1744 = DIRECTION('',(0.,1.));
#1745 = ( GEOMETRIC_REPRESENTATION_CONTEXT(2) 
PARAMETRIC_REPRESENTATION_CONTEXT() REPRESENTATION_CONTEXT('2D SPACE',''
  ) );
#1746 = PCURVE('',#1747,#1752);
#1747 = PLANE('',#1748);
#1748 = AXIS2_PLACEMENT_3D('',#1749,#1750,#1751);
#1749 = CARTESIAN_POINT('',(65.,38.415,4.5));
#1750 = DIRECTION('',(1.,0.,0.));
#1751 = DIRECTION('',(0.,-1.224646799147E-16,-1.));
#1752 = DEFINITIONAL_REPRESENTATION('',(#1753),#1757);
#1753 = LINE('',#1754,#1755);
#1754 = CARTESIAN_POINT('',(4.5,37.3575));
#1755 = VECTOR('',#1756,1.);
#1756 = DIRECTION('',(0.,-1.));
#1757 = ( GEOMETRIC_REPRESENTATION_CONTEXT(2) 
PARAMETRIC_REPRESENTATION_CONTEXT() REPRESENTATION_CONTEXT('2D SPACE',''
  ) );
#1758 = ORIENTED_EDGE('',*,*,#1759,.F.);
#1759 = EDGE_CURVE('',#1760,#1732,#1762,.T.);
#1760 = VERTEX_POINT('',#1761);
#1761 = CARTESIAN_POINT('',(68.,16.415,1.42108547152E-14));
#1762 = SURFACE_CURVE('',#1763,(#1767,#1774),.PCURVE_S1.);
#1763 = LINE('',#1764,#1765);
#1764 = CARTESIAN_POINT('',(32.5,16.415,1.42108547152E-14));
#1765 = VECTOR('',#1766,1.);
#1766 = DIRECTION('',(-1.,-0.,0.));
#1767 = PCURVE('',#126,#1768);
#1768 = DEFINITIONAL_REPRESENTATION('',(#1769),#1773);
#1769 = LINE('',#1770,#1771);
#1770 = CARTESIAN_POINT('',(32.5,96.715));
#1771 = VECTOR('',#1772,1.);
#1772 = DIRECTION('',(-1.,0.));
#1773 = ( GEOMETRIC_REPRESENTATION_CONTEXT(2) 
PARAMETRIC_REPRESENTATION_CONTEXT() REPRESENTATION_CONTEXT('2D SPACE',''
  ) );
#1774 = PCURVE('',#1775,#1780);
#1775 = PLANE('',#1776);
#1776 = AXIS2_PLACEMENT_3D('',#1777,#1778,#1779);
#1777 = CARTESIAN_POINT('',(65.,16.415,4.5));
#1778 = DIRECTION('',(0.,-1.,1.224646799147E-16));
#1779 = DIRECTION('',(0.,-1.224646799147E-16,-1.));
#1780 = DEFINITIONAL_REPRESENTATION('',(#1781),#1785);
#1781 = LINE('',#1782,#1783);
#1782 = CARTESIAN_POINT('',(4.5,-32.5));
#1783 = VECTOR('',#1784,1.);
#1784 = DIRECTION('',(-0.,-1.));
#1785 = ( GEOMETRIC_REPRESENTATION_CONTEXT(2) 
PARAMETRIC_REPRESENTATION_CONTEXT() REPRESENTATION_CONTEXT('2D SPACE',''
  ) );
#1786 = ORIENTED_EDGE('',*,*,#1787,.F.);
#1787 = EDGE_CURVE('',#1702,#1760,#1788,.T.);
#1788 = SURFACE_CURVE('',#1789,(#1793,#1800),.PCURVE_S1.);
#1789 = LINE('',#1790,#1791);
#1790 = CARTESIAN_POINT('',(68.,75.7725,0.));
#1791 = VECTOR('',#1792,1.);
#1792 = DIRECTION('',(0.,-1.,1.224646799147E-16));
#1793 = PCURVE('',#126,#1794);
#1794 = DEFINITIONAL_REPRESENTATION('',(#1795),#1799);
#1795 = LINE('',#1796,#1797);
#1796 = CARTESIAN_POINT('',(68.,37.3575));
#1797 = VECTOR('',#1798,1.);
#1798 = DIRECTION('',(0.,1.));
#1799 = ( GEOMETRIC_REPRESENTATION_CONTEXT(2) 
PARAMETRIC_REPRESENTATION_CONTEXT() REPRESENTATION_CONTEXT('2D SPACE',''
  ) );
#1800 = PCURVE('',#1801,#1806);
#1801 = PLANE('',#1802);
#1802 = AXIS2_PLACEMENT_3D('',#1803,#1804,#1805);
#1803 = CARTESIAN_POINT('',(68.,38.415,4.5));
#1804 = DIRECTION('',(1.,0.,0.));
#1805 = DIRECTION('',(0.,-1.224646799147E-16,-1.));
#1806 = DEFINITIONAL_REPRESENTATION('',(#1807),#1811);
#1807 = LINE('',#1808,#1809);
#1808 = CARTESIAN_POINT('',(4.5,37.3575));
#1809 = VECTOR('',#1810,1.);
#1810 = DIRECTION('',(0.,-1.));
#1811 = ( GEOMETRIC_REPRESENTATION_CONTEXT(2) 
PARAMETRIC_REPRESENTATION_CONTEXT() REPRESENTATION_CONTEXT('2D SPACE',''
  ) );
#1812 = FACE_BOUND('',#1813,.T.);
#1813 = EDGE_LOOP('',(#1814));
#1814 = ORIENTED_EDGE('',*,*,#1815,.T.);
#1815 = EDGE_CURVE('',#1816,#1816,#1818,.T.);
#1816 = VERTEX_POINT('',#1817);
#1817 = CARTESIAN_POINT('',(95.5,4.,1.42108547152E-14));
#1818 = SURFACE_CURVE('',#1819,(#1824,#1835),.PCURVE_S1.);
#1819 = CIRCLE('',#1820,2.5);
#1820 = AXIS2_PLACEMENT_3D('',#1821,#1822,#1823);
#1821 = CARTESIAN_POINT('',(93.,4.,1.42108547152E-14));
#1822 = DIRECTION('',(-0.,1.224646799147E-16,1.));
#1823 = DIRECTION('',(1.,0.,0.));
#1824 = PCURVE('',#126,#1825);
#1825 = DEFINITIONAL_REPRESENTATION('',(#1826),#1834);
#1826 = ( BOUNDED_CURVE() B_SPLINE_CURVE(2,(#1827,#1828,#1829,#1830,
#1831,#1832,#1833),.UNSPECIFIED.,.T.,.F.) B_SPLINE_CURVE_WITH_KNOTS((1,2
    ,2,2,2,1),(-2.094395102393,0.,2.094395102393,4.188790204786,
6.28318530718,8.377580409573),.UNSPECIFIED.) CURVE() 
GEOMETRIC_REPRESENTATION_ITEM() RATIONAL_B_SPLINE_CURVE((1.,0.5,1.,0.5,
1.,0.5,1.)) REPRESENTATION_ITEM('') );
#1827 = CARTESIAN_POINT('',(95.5,109.13));
#1828 = CARTESIAN_POINT('',(95.5,104.79987298107));
#1829 = CARTESIAN_POINT('',(91.75,106.96493649053));
#1830 = CARTESIAN_POINT('',(88.,109.13));
#1831 = CARTESIAN_POINT('',(91.75,111.29506350946));
#1832 = CARTESIAN_POINT('',(95.5,113.46012701892));
#1833 = CARTESIAN_POINT('',(95.5,109.13));
#1834 = ( GEOMETRIC_REPRESENTATION_CONTEXT(2) 
PARAMETRIC_REPRESENTATION_CONTEXT() REPRESENTATION_CONTEXT('2D SPACE',''
  ) );
#1835 = PCURVE('',#1836,#1841);
#1836 = CYLINDRICAL_SURFACE('',#1837,2.5);
#1837 = AXIS2_PLACEMENT_3D('',#1838,#1839,#1840);
#1838 = CARTESIAN_POINT('',(93.,4.,2.6));
#1839 = DIRECTION('',(-0.,1.224646799147E-16,1.));
#1840 = DIRECTION('',(1.,0.,0.));
#1841 = DEFINITIONAL_REPRESENTATION('',(#1842),#1846);
#1842 = LINE('',#1843,#1844);
#1843 = CARTESIAN_POINT('',(-6.28318530718,-2.6));
#1844 = VECTOR('',#1845,1.);
#1845 = DIRECTION('',(1.,-0.));
#1846 = ( GEOMETRIC_REPRESENTATION_CONTEXT(2) 
PARAMETRIC_REPRESENTATION_CONTEXT() REPRESENTATION_CONTEXT('2D SPACE',''
  ) );
#1847 = ADVANCED_FACE('',(#1848),#100,.T.);
#1848 = FACE_BOUND('',#1849,.T.);
#1849 = EDGE_LOOP('',(#1850,#1873,#1874,#1875));
#1850 = ORIENTED_EDGE('',*,*,#1851,.F.);
#1851 = EDGE_CURVE('',#57,#1852,#1854,.T.);
#1852 = VERTEX_POINT('',#1853);
#1853 = CARTESIAN_POINT('',(97.,0.,4.));
#1854 = SURFACE_CURVE('',#1855,(#1859,#1866),.PCURVE_S1.);
#1855 = LINE('',#1856,#1857);
#1856 = CARTESIAN_POINT('',(0.,0.,4.));
#1857 = VECTOR('',#1858,1.);
#1858 = DIRECTION('',(1.,0.,0.));
#1859 = PCURVE('',#100,#1860);
#1860 = DEFINITIONAL_REPRESENTATION('',(#1861),#1865);
#1861 = LINE('',#1862,#1863);
#1862 = CARTESIAN_POINT('',(0.,0.));
#1863 = VECTOR('',#1864,1.);
#1864 = DIRECTION('',(0.,1.));
#1865 = ( GEOMETRIC_REPRESENTATION_CONTEXT(2) 
PARAMETRIC_REPRESENTATION_CONTEXT() REPRESENTATION_CONTEXT('2D SPACE',''
  ) );
#1866 = PCURVE('',#72,#1867);
#1867 = DEFINITIONAL_REPRESENTATION('',(#1868),#1872);
#1868 = LINE('',#1869,#1870);
#1869 = CARTESIAN_POINT('',(0.,113.13));
#1870 = VECTOR('',#1871,1.);
#1871 = DIRECTION('',(1.,0.));
#1872 = ( GEOMETRIC_REPRESENTATION_CONTEXT(2) 
PARAMETRIC_REPRESENTATION_CONTEXT() REPRESENTATION_CONTEXT('2D SPACE',''
  ) );
#1873 = ORIENTED_EDGE('',*,*,#84,.T.);
#1874 = ORIENTED_EDGE('',*,*,#242,.T.);
#1875 = ORIENTED_EDGE('',*,*,#1876,.F.);
#1876 = EDGE_CURVE('',#1852,#220,#1877,.T.);
#1877 = SURFACE_CURVE('',#1878,(#1882,#1889),.PCURVE_S1.);
#1878 = LINE('',#1879,#1880);
#1879 = CARTESIAN_POINT('',(97.,0.,4.));
#1880 = VECTOR('',#1881,1.);
#1881 = DIRECTION('',(0.,-1.224646799147E-16,-1.));
#1882 = PCURVE('',#100,#1883);
#1883 = DEFINITIONAL_REPRESENTATION('',(#1884),#1888);
#1884 = LINE('',#1885,#1886);
#1885 = CARTESIAN_POINT('',(0.,97.));
#1886 = VECTOR('',#1887,1.);
#1887 = DIRECTION('',(1.,0.));
#1888 = ( GEOMETRIC_REPRESENTATION_CONTEXT(2) 
PARAMETRIC_REPRESENTATION_CONTEXT() REPRESENTATION_CONTEXT('2D SPACE',''
  ) );
#1889 = PCURVE('',#202,#1890);
#1890 = DEFINITIONAL_REPRESENTATION('',(#1891),#1895);
#1891 = LINE('',#1892,#1893);
#1892 = CARTESIAN_POINT('',(-3.56425476448E-16,-113.13));
#1893 = VECTOR('',#1894,1.);
#1894 = DIRECTION('',(1.,0.));
#1895 = ( GEOMETRIC_REPRESENTATION_CONTEXT(2) 
PARAMETRIC_REPRESENTATION_CONTEXT() REPRESENTATION_CONTEXT('2D SPACE',''
  ) );
#1896 = ADVANCED_FACE('',(#1897,#1923,#1958,#2072,#2102,#2132,#2162,
    #2192,#2306,#2336,#2366,#2396,#2426,#2456,#2486,#2516,#2546,#2576,
    #2606,#2636,#2666,#2701,#2731,#2761,#2791,#2821,#2851,#2881,#2911,
    #2941,#2971,#3085,#3120,#3214,#3308,#3402,#3516,#3610,#3704),#72,.F.
  );
#1897 = FACE_BOUND('',#1898,.F.);
#1898 = EDGE_LOOP('',(#1899,#1900,#1901,#1922));
#1899 = ORIENTED_EDGE('',*,*,#56,.F.);
#1900 = ORIENTED_EDGE('',*,*,#141,.T.);
#1901 = ORIENTED_EDGE('',*,*,#1902,.T.);
#1902 = EDGE_CURVE('',#142,#1852,#1903,.T.);
#1903 = SURFACE_CURVE('',#1904,(#1908,#1915),.PCURVE_S1.);
#1904 = LINE('',#1905,#1906);
#1905 = CARTESIAN_POINT('',(97.,113.13,4.));
#1906 = VECTOR('',#1907,1.);
#1907 = DIRECTION('',(0.,-1.,1.224646799147E-16));
#1908 = PCURVE('',#72,#1909);
#1909 = DEFINITIONAL_REPRESENTATION('',(#1910),#1914);
#1910 = LINE('',#1911,#1912);
#1911 = CARTESIAN_POINT('',(97.,0.));
#1912 = VECTOR('',#1913,1.);
#1913 = DIRECTION('',(0.,1.));
#1914 = ( GEOMETRIC_REPRESENTATION_CONTEXT(2) 
PARAMETRIC_REPRESENTATION_CONTEXT() REPRESENTATION_CONTEXT('2D SPACE',''
  ) );
#1915 = PCURVE('',#202,#1916);
#1916 = DEFINITIONAL_REPRESENTATION('',(#1917),#1921);
#1917 = LINE('',#1918,#1919);
#1918 = CARTESIAN_POINT('',(0.,0.));
#1919 = VECTOR('',#1920,1.);
#1920 = DIRECTION('',(0.,-1.));
#1921 = ( GEOMETRIC_REPRESENTATION_CONTEXT(2) 
PARAMETRIC_REPRESENTATION_CONTEXT() REPRESENTATION_CONTEXT('2D SPACE',''
  ) );
#1922 = ORIENTED_EDGE('',*,*,#1851,.F.);
#1923 = FACE_BOUND('',#1924,.F.);
#1924 = EDGE_LOOP('',(#1925));
#1925 = ORIENTED_EDGE('',*,*,#1926,.T.);
#1926 = EDGE_CURVE('',#1927,#1927,#1929,.T.);
#1927 = VERTEX_POINT('',#1928);
#1928 = CARTESIAN_POINT('',(5.4,109.13,4.));
#1929 = SURFACE_CURVE('',#1930,(#1935,#1946),.PCURVE_S1.);
#1930 = CIRCLE('',#1931,1.4);
#1931 = AXIS2_PLACEMENT_3D('',#1932,#1933,#1934);
#1932 = CARTESIAN_POINT('',(4.,109.13,4.));
#1933 = DIRECTION('',(-0.,1.224646799147E-16,1.));
#1934 = DIRECTION('',(1.,0.,0.));
#1935 = PCURVE('',#72,#1936);
#1936 = DEFINITIONAL_REPRESENTATION('',(#1937),#1945);
#1937 = ( BOUNDED_CURVE() B_SPLINE_CURVE(2,(#1938,#1939,#1940,#1941,
#1942,#1943,#1944),.UNSPECIFIED.,.T.,.F.) B_SPLINE_CURVE_WITH_KNOTS((1,2
    ,2,2,2,1),(-2.094395102393,0.,2.094395102393,4.188790204786,
6.28318530718,8.377580409573),.UNSPECIFIED.) CURVE() 
GEOMETRIC_REPRESENTATION_ITEM() RATIONAL_B_SPLINE_CURVE((1.,0.5,1.,0.5,
1.,0.5,1.)) REPRESENTATION_ITEM('') );
#1938 = CARTESIAN_POINT('',(5.4,4.));
#1939 = CARTESIAN_POINT('',(5.4,1.575128869404));
#1940 = CARTESIAN_POINT('',(3.3,2.787564434702));
#1941 = CARTESIAN_POINT('',(1.2,4.));
#1942 = CARTESIAN_POINT('',(3.3,5.212435565298));
#1943 = CARTESIAN_POINT('',(5.4,6.424871130596));
#1944 = CARTESIAN_POINT('',(5.4,4.));
#1945 = ( GEOMETRIC_REPRESENTATION_CONTEXT(2) 
PARAMETRIC_REPRESENTATION_CONTEXT() REPRESENTATION_CONTEXT('2D SPACE',''
  ) );
#1946 = PCURVE('',#1947,#1952);
#1947 = CYLINDRICAL_SURFACE('',#1948,1.4);
#1948 = AXIS2_PLACEMENT_3D('',#1949,#1950,#1951);
#1949 = CARTESIAN_POINT('',(4.,109.13,4.5));
#1950 = DIRECTION('',(-0.,1.224646799147E-16,1.));
#1951 = DIRECTION('',(1.,0.,0.));
#1952 = DEFINITIONAL_REPRESENTATION('',(#1953),#1957);
#1953 = LINE('',#1954,#1955);
#1954 = CARTESIAN_POINT('',(-6.28318530718,-0.5));
#1955 = VECTOR('',#1956,1.);
#1956 = DIRECTION('',(1.,-0.));
#1957 = ( GEOMETRIC_REPRESENTATION_CONTEXT(2) 
PARAMETRIC_REPRESENTATION_CONTEXT() REPRESENTATION_CONTEXT('2D SPACE',''
  ) );
#1958 = FACE_BOUND('',#1959,.F.);
#1959 = EDGE_LOOP('',(#1960,#1990,#2018,#2046));
#1960 = ORIENTED_EDGE('',*,*,#1961,.T.);
#1961 = EDGE_CURVE('',#1962,#1964,#1966,.T.);
#1962 = VERTEX_POINT('',#1963);
#1963 = CARTESIAN_POINT('',(10.,109.73,4.));
#1964 = VERTEX_POINT('',#1965);
#1965 = CARTESIAN_POINT('',(10.,108.13,4.));
#1966 = SURFACE_CURVE('',#1967,(#1971,#1978),.PCURVE_S1.);
#1967 = LINE('',#1968,#1969);
#1968 = CARTESIAN_POINT('',(10.,109.73,4.));
#1969 = VECTOR('',#1970,1.);
#1970 = DIRECTION('',(0.,-1.,1.224646799147E-16));
#1971 = PCURVE('',#72,#1972);
#1972 = DEFINITIONAL_REPRESENTATION('',(#1973),#1977);
#1973 = LINE('',#1974,#1975);
#1974 = CARTESIAN_POINT('',(10.,3.4));
#1975 = VECTOR('',#1976,1.);
#1976 = DIRECTION('',(0.,1.));
#1977 = ( GEOMETRIC_REPRESENTATION_CONTEXT(2) 
PARAMETRIC_REPRESENTATION_CONTEXT() REPRESENTATION_CONTEXT('2D SPACE',''
  ) );
#1978 = PCURVE('',#1979,#1984);
#1979 = PLANE('',#1980);
#1980 = AXIS2_PLACEMENT_3D('',#1981,#1982,#1983);
#1981 = CARTESIAN_POINT('',(10.,109.73,7.));
#1982 = DIRECTION('',(1.,0.,0.));
#1983 = DIRECTION('',(0.,-1.224646799147E-16,-1.));
#1984 = DEFINITIONAL_REPRESENTATION('',(#1985),#1989);
#1985 = LINE('',#1986,#1987);
#1986 = CARTESIAN_POINT('',(3.,3.673940397442E-16));
#1987 = VECTOR('',#1988,1.);
#1988 = DIRECTION('',(0.,-1.));
#1989 = ( GEOMETRIC_REPRESENTATION_CONTEXT(2) 
PARAMETRIC_REPRESENTATION_CONTEXT() REPRESENTATION_CONTEXT('2D SPACE',''
  ) );
#1990 = ORIENTED_EDGE('',*,*,#1991,.T.);
#1991 = EDGE_CURVE('',#1964,#1992,#1994,.T.);
#1992 = VERTEX_POINT('',#1993);
#1993 = CARTESIAN_POINT('',(87.,108.13,4.));
#1994 = SURFACE_CURVE('',#1995,(#1999,#2006),.PCURVE_S1.);
#1995 = LINE('',#1996,#1997);
#1996 = CARTESIAN_POINT('',(10.,108.13,4.));
#1997 = VECTOR('',#1998,1.);
#1998 = DIRECTION('',(1.,0.,0.));
#1999 = PCURVE('',#72,#2000);
#2000 = DEFINITIONAL_REPRESENTATION('',(#2001),#2005);
#2001 = LINE('',#2002,#2003);
#2002 = CARTESIAN_POINT('',(10.,5.));
#2003 = VECTOR('',#2004,1.);
#2004 = DIRECTION('',(1.,0.));
#2005 = ( GEOMETRIC_REPRESENTATION_CONTEXT(2) 
PARAMETRIC_REPRESENTATION_CONTEXT() REPRESENTATION_CONTEXT('2D SPACE',''
  ) );
#2006 = PCURVE('',#2007,#2012);
#2007 = PLANE('',#2008);
#2008 = AXIS2_PLACEMENT_3D('',#2009,#2010,#2011);
#2009 = CARTESIAN_POINT('',(10.,108.13,7.));
#2010 = DIRECTION('',(0.,-1.,1.224646799147E-16));
#2011 = DIRECTION('',(0.,-1.224646799147E-16,-1.));
#2012 = DEFINITIONAL_REPRESENTATION('',(#2013),#2017);
#2013 = LINE('',#2014,#2015);
#2014 = CARTESIAN_POINT('',(3.,0.));
#2015 = VECTOR('',#2016,1.);
#2016 = DIRECTION('',(0.,1.));
#2017 = ( GEOMETRIC_REPRESENTATION_CONTEXT(2) 
PARAMETRIC_REPRESENTATION_CONTEXT() REPRESENTATION_CONTEXT('2D SPACE',''
  ) );
#2018 = ORIENTED_EDGE('',*,*,#2019,.F.);
#2019 = EDGE_CURVE('',#2020,#1992,#2022,.T.);
#2020 = VERTEX_POINT('',#2021);
#2021 = CARTESIAN_POINT('',(87.,109.73,4.));
#2022 = SURFACE_CURVE('',#2023,(#2027,#2034),.PCURVE_S1.);
#2023 = LINE('',#2024,#2025);
#2024 = CARTESIAN_POINT('',(87.,109.73,4.));
#2025 = VECTOR('',#2026,1.);
#2026 = DIRECTION('',(0.,-1.,1.224646799147E-16));
#2027 = PCURVE('',#72,#2028);
#2028 = DEFINITIONAL_REPRESENTATION('',(#2029),#2033);
#2029 = LINE('',#2030,#2031);
#2030 = CARTESIAN_POINT('',(87.,3.4));
#2031 = VECTOR('',#2032,1.);
#2032 = DIRECTION('',(0.,1.));
#2033 = ( GEOMETRIC_REPRESENTATION_CONTEXT(2) 
PARAMETRIC_REPRESENTATION_CONTEXT() REPRESENTATION_CONTEXT('2D SPACE',''
  ) );
#2034 = PCURVE('',#2035,#2040);
#2035 = PLANE('',#2036);
#2036 = AXIS2_PLACEMENT_3D('',#2037,#2038,#2039);
#2037 = CARTESIAN_POINT('',(87.,109.73,7.));
#2038 = DIRECTION('',(1.,0.,0.));
#2039 = DIRECTION('',(0.,-1.224646799147E-16,-1.));
#2040 = DEFINITIONAL_REPRESENTATION('',(#2041),#2045);
#2041 = LINE('',#2042,#2043);
#2042 = CARTESIAN_POINT('',(3.,3.673940397442E-16));
#2043 = VECTOR('',#2044,1.);
#2044 = DIRECTION('',(0.,-1.));
#2045 = ( GEOMETRIC_REPRESENTATION_CONTEXT(2) 
PARAMETRIC_REPRESENTATION_CONTEXT() REPRESENTATION_CONTEXT('2D SPACE',''
  ) );
#2046 = ORIENTED_EDGE('',*,*,#2047,.F.);
#2047 = EDGE_CURVE('',#1962,#2020,#2048,.T.);
#2048 = SURFACE_CURVE('',#2049,(#2053,#2060),.PCURVE_S1.);
#2049 = LINE('',#2050,#2051);
#2050 = CARTESIAN_POINT('',(10.,109.73,4.));
#2051 = VECTOR('',#2052,1.);
#2052 = DIRECTION('',(1.,0.,0.));
#2053 = PCURVE('',#72,#2054);
#2054 = DEFINITIONAL_REPRESENTATION('',(#2055),#2059);
#2055 = LINE('',#2056,#2057);
#2056 = CARTESIAN_POINT('',(10.,3.4));
#2057 = VECTOR('',#2058,1.);
#2058 = DIRECTION('',(1.,0.));
#2059 = ( GEOMETRIC_REPRESENTATION_CONTEXT(2) 
PARAMETRIC_REPRESENTATION_CONTEXT() REPRESENTATION_CONTEXT('2D SPACE',''
  ) );
#2060 = PCURVE('',#2061,#2066);
#2061 = PLANE('',#2062);
#2062 = AXIS2_PLACEMENT_3D('',#2063,#2064,#2065);
#2063 = CARTESIAN_POINT('',(10.,109.73,7.));
#2064 = DIRECTION('',(0.,-1.,1.224646799147E-16));
#2065 = DIRECTION('',(0.,-1.224646799147E-16,-1.));
#2066 = DEFINITIONAL_REPRESENTATION('',(#2067),#2071);
#2067 = LINE('',#2068,#2069);
#2068 = CARTESIAN_POINT('',(3.,0.));
#2069 = VECTOR('',#2070,1.);
#2070 = DIRECTION('',(0.,1.));
#2071 = ( GEOMETRIC_REPRESENTATION_CONTEXT(2) 
PARAMETRIC_REPRESENTATION_CONTEXT() REPRESENTATION_CONTEXT('2D SPACE',''
  ) );
#2072 = FACE_BOUND('',#2073,.F.);
#2073 = EDGE_LOOP('',(#2074));
#2074 = ORIENTED_EDGE('',*,*,#2075,.T.);
#2075 = EDGE_CURVE('',#2076,#2076,#2078,.T.);
#2076 = VERTEX_POINT('',#2077);
#2077 = CARTESIAN_POINT('',(40.5,90.83,4.));
#2078 = SURFACE_CURVE('',#2079,(#2084,#2095),.PCURVE_S1.);
#2079 = CIRCLE('',#2080,2.);
#2080 = AXIS2_PLACEMENT_3D('',#2081,#2082,#2083);
#2081 = CARTESIAN_POINT('',(38.5,90.83,4.));
#2082 = DIRECTION('',(-0.,1.224646799147E-16,1.));
#2083 = DIRECTION('',(1.,0.,0.));
#2084 = PCURVE('',#72,#2085);
#2085 = DEFINITIONAL_REPRESENTATION('',(#2086),#2094);
#2086 = ( BOUNDED_CURVE() B_SPLINE_CURVE(2,(#2087,#2088,#2089,#2090,
#2091,#2092,#2093),.UNSPECIFIED.,.T.,.F.) B_SPLINE_CURVE_WITH_KNOTS((1,2
    ,2,2,2,1),(-2.094395102393,0.,2.094395102393,4.188790204786,
6.28318530718,8.377580409573),.UNSPECIFIED.) CURVE() 
GEOMETRIC_REPRESENTATION_ITEM() RATIONAL_B_SPLINE_CURVE((1.,0.5,1.,0.5,
1.,0.5,1.)) REPRESENTATION_ITEM('') );
#2087 = CARTESIAN_POINT('',(40.5,22.3));
#2088 = CARTESIAN_POINT('',(40.5,18.835898384862));
#2089 = CARTESIAN_POINT('',(37.5,20.567949192431));
#2090 = CARTESIAN_POINT('',(34.5,22.3));
#2091 = CARTESIAN_POINT('',(37.5,24.032050807569));
#2092 = CARTESIAN_POINT('',(40.5,25.764101615138));
#2093 = CARTESIAN_POINT('',(40.5,22.3));
#2094 = ( GEOMETRIC_REPRESENTATION_CONTEXT(2) 
PARAMETRIC_REPRESENTATION_CONTEXT() REPRESENTATION_CONTEXT('2D SPACE',''
  ) );
#2095 = PCURVE('',#321,#2096);
#2096 = DEFINITIONAL_REPRESENTATION('',(#2097),#2101);
#2097 = LINE('',#2098,#2099);
#2098 = CARTESIAN_POINT('',(-6.28318530718,-0.5));
#2099 = VECTOR('',#2100,1.);
#2100 = DIRECTION('',(1.,-0.));
#2101 = ( GEOMETRIC_REPRESENTATION_CONTEXT(2) 
PARAMETRIC_REPRESENTATION_CONTEXT() REPRESENTATION_CONTEXT('2D SPACE',''
  ) );
#2102 = FACE_BOUND('',#2103,.F.);
#2103 = EDGE_LOOP('',(#2104));
#2104 = ORIENTED_EDGE('',*,*,#2105,.T.);
#2105 = EDGE_CURVE('',#2106,#2106,#2108,.T.);
#2106 = VERTEX_POINT('',#2107);
#2107 = CARTESIAN_POINT('',(47.,90.83,4.));
#2108 = SURFACE_CURVE('',#2109,(#2114,#2125),.PCURVE_S1.);
#2109 = CIRCLE('',#2110,2.);
#2110 = AXIS2_PLACEMENT_3D('',#2111,#2112,#2113);
#2111 = CARTESIAN_POINT('',(45.,90.83,4.));
#2112 = DIRECTION('',(-0.,1.224646799147E-16,1.));
#2113 = DIRECTION('',(1.,0.,0.));
#2114 = PCURVE('',#72,#2115);
#2115 = DEFINITIONAL_REPRESENTATION('',(#2116),#2124);
#2116 = ( BOUNDED_CURVE() B_SPLINE_CURVE(2,(#2117,#2118,#2119,#2120,
#2121,#2122,#2123),.UNSPECIFIED.,.T.,.F.) B_SPLINE_CURVE_WITH_KNOTS((1,2
    ,2,2,2,1),(-2.094395102393,0.,2.094395102393,4.188790204786,
6.28318530718,8.377580409573),.UNSPECIFIED.) CURVE() 
GEOMETRIC_REPRESENTATION_ITEM() RATIONAL_B_SPLINE_CURVE((1.,0.5,1.,0.5,
1.,0.5,1.)) REPRESENTATION_ITEM('') );
#2117 = CARTESIAN_POINT('',(47.,22.3));
#2118 = CARTESIAN_POINT('',(47.,18.835898384862));
#2119 = CARTESIAN_POINT('',(44.,20.567949192431));
#2120 = CARTESIAN_POINT('',(41.,22.3));
#2121 = CARTESIAN_POINT('',(44.,24.032050807569));
#2122 = CARTESIAN_POINT('',(47.,25.764101615138));
#2123 = CARTESIAN_POINT('',(47.,22.3));
#2124 = ( GEOMETRIC_REPRESENTATION_CONTEXT(2) 
PARAMETRIC_REPRESENTATION_CONTEXT() REPRESENTATION_CONTEXT('2D SPACE',''
  ) );
#2125 = PCURVE('',#391,#2126);
#2126 = DEFINITIONAL_REPRESENTATION('',(#2127),#2131);
#2127 = LINE('',#2128,#2129);
#2128 = CARTESIAN_POINT('',(-6.28318530718,-0.5));
#2129 = VECTOR('',#2130,1.);
#2130 = DIRECTION('',(1.,-0.));
#2131 = ( GEOMETRIC_REPRESENTATION_CONTEXT(2) 
PARAMETRIC_REPRESENTATION_CONTEXT() REPRESENTATION_CONTEXT('2D SPACE',''
  ) );
#2132 = FACE_BOUND('',#2133,.F.);
#2133 = EDGE_LOOP('',(#2134));
#2134 = ORIENTED_EDGE('',*,*,#2135,.T.);
#2135 = EDGE_CURVE('',#2136,#2136,#2138,.T.);
#2136 = VERTEX_POINT('',#2137);
#2137 = CARTESIAN_POINT('',(40.5,84.33,4.));
#2138 = SURFACE_CURVE('',#2139,(#2144,#2155),.PCURVE_S1.);
#2139 = CIRCLE('',#2140,2.);
#2140 = AXIS2_PLACEMENT_3D('',#2141,#2142,#2143);
#2141 = CARTESIAN_POINT('',(38.5,84.33,4.));
#2142 = DIRECTION('',(-0.,1.224646799147E-16,1.));
#2143 = DIRECTION('',(1.,0.,0.));
#2144 = PCURVE('',#72,#2145);
#2145 = DEFINITIONAL_REPRESENTATION('',(#2146),#2154);
#2146 = ( BOUNDED_CURVE() B_SPLINE_CURVE(2,(#2147,#2148,#2149,#2150,
#2151,#2152,#2153),.UNSPECIFIED.,.T.,.F.) B_SPLINE_CURVE_WITH_KNOTS((1,2
    ,2,2,2,1),(-2.094395102393,0.,2.094395102393,4.188790204786,
6.28318530718,8.377580409573),.UNSPECIFIED.) CURVE() 
GEOMETRIC_REPRESENTATION_ITEM() RATIONAL_B_SPLINE_CURVE((1.,0.5,1.,0.5,
1.,0.5,1.)) REPRESENTATION_ITEM('') );
#2147 = CARTESIAN_POINT('',(40.5,28.8));
#2148 = CARTESIAN_POINT('',(40.5,25.335898384862));
#2149 = CARTESIAN_POINT('',(37.5,27.067949192431));
#2150 = CARTESIAN_POINT('',(34.5,28.8));
#2151 = CARTESIAN_POINT('',(37.5,30.532050807569));
#2152 = CARTESIAN_POINT('',(40.5,32.264101615138));
#2153 = CARTESIAN_POINT('',(40.5,28.8));
#2154 = ( GEOMETRIC_REPRESENTATION_CONTEXT(2) 
PARAMETRIC_REPRESENTATION_CONTEXT() REPRESENTATION_CONTEXT('2D SPACE',''
  ) );
#2155 = PCURVE('',#356,#2156);
#2156 = DEFINITIONAL_REPRESENTATION('',(#2157),#2161);
#2157 = LINE('',#2158,#2159);
#2158 = CARTESIAN_POINT('',(-6.28318530718,-0.5));
#2159 = VECTOR('',#2160,1.);
#2160 = DIRECTION('',(1.,-0.));
#2161 = ( GEOMETRIC_REPRESENTATION_CONTEXT(2) 
PARAMETRIC_REPRESENTATION_CONTEXT() REPRESENTATION_CONTEXT('2D SPACE',''
  ) );
#2162 = FACE_BOUND('',#2163,.F.);
#2163 = EDGE_LOOP('',(#2164));
#2164 = ORIENTED_EDGE('',*,*,#2165,.T.);
#2165 = EDGE_CURVE('',#2166,#2166,#2168,.T.);
#2166 = VERTEX_POINT('',#2167);
#2167 = CARTESIAN_POINT('',(47.,84.33,4.));
#2168 = SURFACE_CURVE('',#2169,(#2174,#2185),.PCURVE_S1.);
#2169 = CIRCLE('',#2170,2.);
#2170 = AXIS2_PLACEMENT_3D('',#2171,#2172,#2173);
#2171 = CARTESIAN_POINT('',(45.,84.33,4.));
#2172 = DIRECTION('',(-0.,1.224646799147E-16,1.));
#2173 = DIRECTION('',(1.,0.,0.));
#2174 = PCURVE('',#72,#2175);
#2175 = DEFINITIONAL_REPRESENTATION('',(#2176),#2184);
#2176 = ( BOUNDED_CURVE() B_SPLINE_CURVE(2,(#2177,#2178,#2179,#2180,
#2181,#2182,#2183),.UNSPECIFIED.,.T.,.F.) B_SPLINE_CURVE_WITH_KNOTS((1,2
    ,2,2,2,1),(-2.094395102393,0.,2.094395102393,4.188790204786,
6.28318530718,8.377580409573),.UNSPECIFIED.) CURVE() 
GEOMETRIC_REPRESENTATION_ITEM() RATIONAL_B_SPLINE_CURVE((1.,0.5,1.,0.5,
1.,0.5,1.)) REPRESENTATION_ITEM('') );
#2177 = CARTESIAN_POINT('',(47.,28.8));
#2178 = CARTESIAN_POINT('',(47.,25.335898384862));
#2179 = CARTESIAN_POINT('',(44.,27.067949192431));
#2180 = CARTESIAN_POINT('',(41.,28.8));
#2181 = CARTESIAN_POINT('',(44.,30.532050807569));
#2182 = CARTESIAN_POINT('',(47.,32.264101615138));
#2183 = CARTESIAN_POINT('',(47.,28.8));
#2184 = ( GEOMETRIC_REPRESENTATION_CONTEXT(2) 
PARAMETRIC_REPRESENTATION_CONTEXT() REPRESENTATION_CONTEXT('2D SPACE',''
  ) );
#2185 = PCURVE('',#426,#2186);
#2186 = DEFINITIONAL_REPRESENTATION('',(#2187),#2191);
#2187 = LINE('',#2188,#2189);
#2188 = CARTESIAN_POINT('',(-6.28318530718,-0.5));
#2189 = VECTOR('',#2190,1.);
#2190 = DIRECTION('',(1.,-0.));
#2191 = ( GEOMETRIC_REPRESENTATION_CONTEXT(2) 
PARAMETRIC_REPRESENTATION_CONTEXT() REPRESENTATION_CONTEXT('2D SPACE',''
  ) );
#2192 = FACE_BOUND('',#2193,.F.);
#2193 = EDGE_LOOP('',(#2194,#2224,#2252,#2280));
#2194 = ORIENTED_EDGE('',*,*,#2195,.T.);
#2195 = EDGE_CURVE('',#2196,#2198,#2200,.T.);
#2196 = VERTEX_POINT('',#2197);
#2197 = CARTESIAN_POINT('',(3.4,103.13,4.));
#2198 = VERTEX_POINT('',#2199);
#2199 = CARTESIAN_POINT('',(3.4,10.,4.));
#2200 = SURFACE_CURVE('',#2201,(#2205,#2212),.PCURVE_S1.);
#2201 = LINE('',#2202,#2203);
#2202 = CARTESIAN_POINT('',(3.4,103.13,4.));
#2203 = VECTOR('',#2204,1.);
#2204 = DIRECTION('',(0.,-1.,1.224646799147E-16));
#2205 = PCURVE('',#72,#2206);
#2206 = DEFINITIONAL_REPRESENTATION('',(#2207),#2211);
#2207 = LINE('',#2208,#2209);
#2208 = CARTESIAN_POINT('',(3.4,10.));
#2209 = VECTOR('',#2210,1.);
#2210 = DIRECTION('',(0.,1.));
#2211 = ( GEOMETRIC_REPRESENTATION_CONTEXT(2) 
PARAMETRIC_REPRESENTATION_CONTEXT() REPRESENTATION_CONTEXT('2D SPACE',''
  ) );
#2212 = PCURVE('',#2213,#2218);
#2213 = PLANE('',#2214);
#2214 = AXIS2_PLACEMENT_3D('',#2215,#2216,#2217);
#2215 = CARTESIAN_POINT('',(3.4,103.13,7.));
#2216 = DIRECTION('',(1.,0.,0.));
#2217 = DIRECTION('',(0.,-1.224646799147E-16,-1.));
#2218 = DEFINITIONAL_REPRESENTATION('',(#2219),#2223);
#2219 = LINE('',#2220,#2221);
#2220 = CARTESIAN_POINT('',(3.,3.673940397442E-16));
#2221 = VECTOR('',#2222,1.);
#2222 = DIRECTION('',(0.,-1.));
#2223 = ( GEOMETRIC_REPRESENTATION_CONTEXT(2) 
PARAMETRIC_REPRESENTATION_CONTEXT() REPRESENTATION_CONTEXT('2D SPACE',''
  ) );
#2224 = ORIENTED_EDGE('',*,*,#2225,.T.);
#2225 = EDGE_CURVE('',#2198,#2226,#2228,.T.);
#2226 = VERTEX_POINT('',#2227);
#2227 = CARTESIAN_POINT('',(5.,10.,4.));
#2228 = SURFACE_CURVE('',#2229,(#2233,#2240),.PCURVE_S1.);
#2229 = LINE('',#2230,#2231);
#2230 = CARTESIAN_POINT('',(3.4,10.,4.));
#2231 = VECTOR('',#2232,1.);
#2232 = DIRECTION('',(1.,0.,0.));
#2233 = PCURVE('',#72,#2234);
#2234 = DEFINITIONAL_REPRESENTATION('',(#2235),#2239);
#2235 = LINE('',#2236,#2237);
#2236 = CARTESIAN_POINT('',(3.4,103.13));
#2237 = VECTOR('',#2238,1.);
#2238 = DIRECTION('',(1.,0.));
#2239 = ( GEOMETRIC_REPRESENTATION_CONTEXT(2) 
PARAMETRIC_REPRESENTATION_CONTEXT() REPRESENTATION_CONTEXT('2D SPACE',''
  ) );
#2240 = PCURVE('',#2241,#2246);
#2241 = PLANE('',#2242);
#2242 = AXIS2_PLACEMENT_3D('',#2243,#2244,#2245);
#2243 = CARTESIAN_POINT('',(3.4,10.,7.));
#2244 = DIRECTION('',(0.,-1.,1.224646799147E-16));
#2245 = DIRECTION('',(0.,-1.224646799147E-16,-1.));
#2246 = DEFINITIONAL_REPRESENTATION('',(#2247),#2251);
#2247 = LINE('',#2248,#2249);
#2248 = CARTESIAN_POINT('',(3.,0.));
#2249 = VECTOR('',#2250,1.);
#2250 = DIRECTION('',(0.,1.));
#2251 = ( GEOMETRIC_REPRESENTATION_CONTEXT(2) 
PARAMETRIC_REPRESENTATION_CONTEXT() REPRESENTATION_CONTEXT('2D SPACE',''
  ) );
#2252 = ORIENTED_EDGE('',*,*,#2253,.F.);
#2253 = EDGE_CURVE('',#2254,#2226,#2256,.T.);
#2254 = VERTEX_POINT('',#2255);
#2255 = CARTESIAN_POINT('',(5.,103.13,4.));
#2256 = SURFACE_CURVE('',#2257,(#2261,#2268),.PCURVE_S1.);
#2257 = LINE('',#2258,#2259);
#2258 = CARTESIAN_POINT('',(5.,103.13,4.));
#2259 = VECTOR('',#2260,1.);
#2260 = DIRECTION('',(0.,-1.,1.224646799147E-16));
#2261 = PCURVE('',#72,#2262);
#2262 = DEFINITIONAL_REPRESENTATION('',(#2263),#2267);
#2263 = LINE('',#2264,#2265);
#2264 = CARTESIAN_POINT('',(5.,10.));
#2265 = VECTOR('',#2266,1.);
#2266 = DIRECTION('',(0.,1.));
#2267 = ( GEOMETRIC_REPRESENTATION_CONTEXT(2) 
PARAMETRIC_REPRESENTATION_CONTEXT() REPRESENTATION_CONTEXT('2D SPACE',''
  ) );
#2268 = PCURVE('',#2269,#2274);
#2269 = PLANE('',#2270);
#2270 = AXIS2_PLACEMENT_3D('',#2271,#2272,#2273);
#2271 = CARTESIAN_POINT('',(5.,103.13,7.));
#2272 = DIRECTION('',(1.,0.,0.));
#2273 = DIRECTION('',(0.,-1.224646799147E-16,-1.));
#2274 = DEFINITIONAL_REPRESENTATION('',(#2275),#2279);
#2275 = LINE('',#2276,#2277);
#2276 = CARTESIAN_POINT('',(3.,3.673940397442E-16));
#2277 = VECTOR('',#2278,1.);
#2278 = DIRECTION('',(0.,-1.));
#2279 = ( GEOMETRIC_REPRESENTATION_CONTEXT(2) 
PARAMETRIC_REPRESENTATION_CONTEXT() REPRESENTATION_CONTEXT('2D SPACE',''
  ) );
#2280 = ORIENTED_EDGE('',*,*,#2281,.F.);
#2281 = EDGE_CURVE('',#2196,#2254,#2282,.T.);
#2282 = SURFACE_CURVE('',#2283,(#2287,#2294),.PCURVE_S1.);
#2283 = LINE('',#2284,#2285);
#2284 = CARTESIAN_POINT('',(3.4,103.13,4.));
#2285 = VECTOR('',#2286,1.);
#2286 = DIRECTION('',(1.,0.,0.));
#2287 = PCURVE('',#72,#2288);
#2288 = DEFINITIONAL_REPRESENTATION('',(#2289),#2293);
#2289 = LINE('',#2290,#2291);
#2290 = CARTESIAN_POINT('',(3.4,10.));
#2291 = VECTOR('',#2292,1.);
#2292 = DIRECTION('',(1.,0.));
#2293 = ( GEOMETRIC_REPRESENTATION_CONTEXT(2) 
PARAMETRIC_REPRESENTATION_CONTEXT() REPRESENTATION_CONTEXT('2D SPACE',''
  ) );
#2294 = PCURVE('',#2295,#2300);
#2295 = PLANE('',#2296);
#2296 = AXIS2_PLACEMENT_3D('',#2297,#2298,#2299);
#2297 = CARTESIAN_POINT('',(3.4,103.13,7.));
#2298 = DIRECTION('',(0.,-1.,1.224646799147E-16));
#2299 = DIRECTION('',(0.,-1.224646799147E-16,-1.));
#2300 = DEFINITIONAL_REPRESENTATION('',(#2301),#2305);
#2301 = LINE('',#2302,#2303);
#2302 = CARTESIAN_POINT('',(3.,0.));
#2303 = VECTOR('',#2304,1.);
#2304 = DIRECTION('',(0.,1.));
#2305 = ( GEOMETRIC_REPRESENTATION_CONTEXT(2) 
PARAMETRIC_REPRESENTATION_CONTEXT() REPRESENTATION_CONTEXT('2D SPACE',''
  ) );
#2306 = FACE_BOUND('',#2307,.F.);
#2307 = EDGE_LOOP('',(#2308));
#2308 = ORIENTED_EDGE('',*,*,#2309,.T.);
#2309 = EDGE_CURVE('',#2310,#2310,#2312,.T.);
#2310 = VERTEX_POINT('',#2311);
#2311 = CARTESIAN_POINT('',(40.5,77.83,4.));
#2312 = SURFACE_CURVE('',#2313,(#2318,#2329),.PCURVE_S1.);
#2313 = CIRCLE('',#2314,2.);
#2314 = AXIS2_PLACEMENT_3D('',#2315,#2316,#2317);
#2315 = CARTESIAN_POINT('',(38.5,77.83,4.));
#2316 = DIRECTION('',(-0.,1.224646799147E-16,1.));
#2317 = DIRECTION('',(1.,0.,0.));
#2318 = PCURVE('',#72,#2319);
#2319 = DEFINITIONAL_REPRESENTATION('',(#2320),#2328);
#2320 = ( BOUNDED_CURVE() B_SPLINE_CURVE(2,(#2321,#2322,#2323,#2324,
#2325,#2326,#2327),.UNSPECIFIED.,.T.,.F.) B_SPLINE_CURVE_WITH_KNOTS((1,2
    ,2,2,2,1),(-2.094395102393,0.,2.094395102393,4.188790204786,
6.28318530718,8.377580409573),.UNSPECIFIED.) CURVE() 
GEOMETRIC_REPRESENTATION_ITEM() RATIONAL_B_SPLINE_CURVE((1.,0.5,1.,0.5,
1.,0.5,1.)) REPRESENTATION_ITEM('') );
#2321 = CARTESIAN_POINT('',(40.5,35.3));
#2322 = CARTESIAN_POINT('',(40.5,31.835898384862));
#2323 = CARTESIAN_POINT('',(37.5,33.567949192431));
#2324 = CARTESIAN_POINT('',(34.5,35.3));
#2325 = CARTESIAN_POINT('',(37.5,37.032050807569));
#2326 = CARTESIAN_POINT('',(40.5,38.764101615138));
#2327 = CARTESIAN_POINT('',(40.5,35.3));
#2328 = ( GEOMETRIC_REPRESENTATION_CONTEXT(2) 
PARAMETRIC_REPRESENTATION_CONTEXT() REPRESENTATION_CONTEXT('2D SPACE',''
  ) );
#2329 = PCURVE('',#461,#2330);
#2330 = DEFINITIONAL_REPRESENTATION('',(#2331),#2335);
#2331 = LINE('',#2332,#2333);
#2332 = CARTESIAN_POINT('',(-6.28318530718,-0.5));
#2333 = VECTOR('',#2334,1.);
#2334 = DIRECTION('',(1.,-0.));
#2335 = ( GEOMETRIC_REPRESENTATION_CONTEXT(2) 
PARAMETRIC_REPRESENTATION_CONTEXT() REPRESENTATION_CONTEXT('2D SPACE',''
  ) );
#2336 = FACE_BOUND('',#2337,.F.);
#2337 = EDGE_LOOP('',(#2338));
#2338 = ORIENTED_EDGE('',*,*,#2339,.T.);
#2339 = EDGE_CURVE('',#2340,#2340,#2342,.T.);
#2340 = VERTEX_POINT('',#2341);
#2341 = CARTESIAN_POINT('',(47.,77.83,4.));
#2342 = SURFACE_CURVE('',#2343,(#2348,#2359),.PCURVE_S1.);
#2343 = CIRCLE('',#2344,2.);
#2344 = AXIS2_PLACEMENT_3D('',#2345,#2346,#2347);
#2345 = CARTESIAN_POINT('',(45.,77.83,4.));
#2346 = DIRECTION('',(-0.,1.224646799147E-16,1.));
#2347 = DIRECTION('',(1.,0.,0.));
#2348 = PCURVE('',#72,#2349);
#2349 = DEFINITIONAL_REPRESENTATION('',(#2350),#2358);
#2350 = ( BOUNDED_CURVE() B_SPLINE_CURVE(2,(#2351,#2352,#2353,#2354,
#2355,#2356,#2357),.UNSPECIFIED.,.T.,.F.) B_SPLINE_CURVE_WITH_KNOTS((1,2
    ,2,2,2,1),(-2.094395102393,0.,2.094395102393,4.188790204786,
6.28318530718,8.377580409573),.UNSPECIFIED.) CURVE() 
GEOMETRIC_REPRESENTATION_ITEM() RATIONAL_B_SPLINE_CURVE((1.,0.5,1.,0.5,
1.,0.5,1.)) REPRESENTATION_ITEM('') );
#2351 = CARTESIAN_POINT('',(47.,35.3));
#2352 = CARTESIAN_POINT('',(47.,31.835898384862));
#2353 = CARTESIAN_POINT('',(44.,33.567949192431));
#2354 = CARTESIAN_POINT('',(41.,35.3));
#2355 = CARTESIAN_POINT('',(44.,37.032050807569));
#2356 = CARTESIAN_POINT('',(47.,38.764101615138));
#2357 = CARTESIAN_POINT('',(47.,35.3));
#2358 = ( GEOMETRIC_REPRESENTATION_CONTEXT(2) 
PARAMETRIC_REPRESENTATION_CONTEXT() REPRESENTATION_CONTEXT('2D SPACE',''
  ) );
#2359 = PCURVE('',#496,#2360);
#2360 = DEFINITIONAL_REPRESENTATION('',(#2361),#2365);
#2361 = LINE('',#2362,#2363);
#2362 = CARTESIAN_POINT('',(-6.28318530718,-0.5));
#2363 = VECTOR('',#2364,1.);
#2364 = DIRECTION('',(1.,-0.));
#2365 = ( GEOMETRIC_REPRESENTATION_CONTEXT(2) 
PARAMETRIC_REPRESENTATION_CONTEXT() REPRESENTATION_CONTEXT('2D SPACE',''
  ) );
#2366 = FACE_BOUND('',#2367,.F.);
#2367 = EDGE_LOOP('',(#2368));
#2368 = ORIENTED_EDGE('',*,*,#2369,.T.);
#2369 = EDGE_CURVE('',#2370,#2370,#2372,.T.);
#2370 = VERTEX_POINT('',#2371);
#2371 = CARTESIAN_POINT('',(40.5,71.33,4.));
#2372 = SURFACE_CURVE('',#2373,(#2378,#2389),.PCURVE_S1.);
#2373 = CIRCLE('',#2374,2.);
#2374 = AXIS2_PLACEMENT_3D('',#2375,#2376,#2377);
#2375 = CARTESIAN_POINT('',(38.5,71.33,4.));
#2376 = DIRECTION('',(-0.,1.224646799147E-16,1.));
#2377 = DIRECTION('',(1.,0.,0.));
#2378 = PCURVE('',#72,#2379);
#2379 = DEFINITIONAL_REPRESENTATION('',(#2380),#2388);
#2380 = ( BOUNDED_CURVE() B_SPLINE_CURVE(2,(#2381,#2382,#2383,#2384,
#2385,#2386,#2387),.UNSPECIFIED.,.T.,.F.) B_SPLINE_CURVE_WITH_KNOTS((1,2
    ,2,2,2,1),(-2.094395102393,0.,2.094395102393,4.188790204786,
6.28318530718,8.377580409573),.UNSPECIFIED.) CURVE() 
GEOMETRIC_REPRESENTATION_ITEM() RATIONAL_B_SPLINE_CURVE((1.,0.5,1.,0.5,
1.,0.5,1.)) REPRESENTATION_ITEM('') );
#2381 = CARTESIAN_POINT('',(40.5,41.8));
#2382 = CARTESIAN_POINT('',(40.5,38.335898384862));
#2383 = CARTESIAN_POINT('',(37.5,40.067949192431));
#2384 = CARTESIAN_POINT('',(34.5,41.8));
#2385 = CARTESIAN_POINT('',(37.5,43.532050807569));
#2386 = CARTESIAN_POINT('',(40.5,45.264101615138));
#2387 = CARTESIAN_POINT('',(40.5,41.8));
#2388 = ( GEOMETRIC_REPRESENTATION_CONTEXT(2) 
PARAMETRIC_REPRESENTATION_CONTEXT() REPRESENTATION_CONTEXT('2D SPACE',''
  ) );
#2389 = PCURVE('',#531,#2390);
#2390 = DEFINITIONAL_REPRESENTATION('',(#2391),#2395);
#2391 = LINE('',#2392,#2393);
#2392 = CARTESIAN_POINT('',(-6.28318530718,-0.5));
#2393 = VECTOR('',#2394,1.);
#2394 = DIRECTION('',(1.,-0.));
#2395 = ( GEOMETRIC_REPRESENTATION_CONTEXT(2) 
PARAMETRIC_REPRESENTATION_CONTEXT() REPRESENTATION_CONTEXT('2D SPACE',''
  ) );
#2396 = FACE_BOUND('',#2397,.F.);
#2397 = EDGE_LOOP('',(#2398));
#2398 = ORIENTED_EDGE('',*,*,#2399,.T.);
#2399 = EDGE_CURVE('',#2400,#2400,#2402,.T.);
#2400 = VERTEX_POINT('',#2401);
#2401 = CARTESIAN_POINT('',(47.,71.33,4.));
#2402 = SURFACE_CURVE('',#2403,(#2408,#2419),.PCURVE_S1.);
#2403 = CIRCLE('',#2404,2.);
#2404 = AXIS2_PLACEMENT_3D('',#2405,#2406,#2407);
#2405 = CARTESIAN_POINT('',(45.,71.33,4.));
#2406 = DIRECTION('',(-0.,1.224646799147E-16,1.));
#2407 = DIRECTION('',(1.,0.,0.));
#2408 = PCURVE('',#72,#2409);
#2409 = DEFINITIONAL_REPRESENTATION('',(#2410),#2418);
#2410 = ( BOUNDED_CURVE() B_SPLINE_CURVE(2,(#2411,#2412,#2413,#2414,
#2415,#2416,#2417),.UNSPECIFIED.,.T.,.F.) B_SPLINE_CURVE_WITH_KNOTS((1,2
    ,2,2,2,1),(-2.094395102393,0.,2.094395102393,4.188790204786,
6.28318530718,8.377580409573),.UNSPECIFIED.) CURVE() 
GEOMETRIC_REPRESENTATION_ITEM() RATIONAL_B_SPLINE_CURVE((1.,0.5,1.,0.5,
1.,0.5,1.)) REPRESENTATION_ITEM('') );
#2411 = CARTESIAN_POINT('',(47.,41.8));
#2412 = CARTESIAN_POINT('',(47.,38.335898384862));
#2413 = CARTESIAN_POINT('',(44.,40.067949192431));
#2414 = CARTESIAN_POINT('',(41.,41.8));
#2415 = CARTESIAN_POINT('',(44.,43.532050807569));
#2416 = CARTESIAN_POINT('',(47.,45.264101615138));
#2417 = CARTESIAN_POINT('',(47.,41.8));
#2418 = ( GEOMETRIC_REPRESENTATION_CONTEXT(2) 
PARAMETRIC_REPRESENTATION_CONTEXT() REPRESENTATION_CONTEXT('2D SPACE',''
  ) );
#2419 = PCURVE('',#566,#2420);
#2420 = DEFINITIONAL_REPRESENTATION('',(#2421),#2425);
#2421 = LINE('',#2422,#2423);
#2422 = CARTESIAN_POINT('',(-6.28318530718,-0.5));
#2423 = VECTOR('',#2424,1.);
#2424 = DIRECTION('',(1.,-0.));
#2425 = ( GEOMETRIC_REPRESENTATION_CONTEXT(2) 
PARAMETRIC_REPRESENTATION_CONTEXT() REPRESENTATION_CONTEXT('2D SPACE',''
  ) );
#2426 = FACE_BOUND('',#2427,.F.);
#2427 = EDGE_LOOP('',(#2428));
#2428 = ORIENTED_EDGE('',*,*,#2429,.T.);
#2429 = EDGE_CURVE('',#2430,#2430,#2432,.T.);
#2430 = VERTEX_POINT('',#2431);
#2431 = CARTESIAN_POINT('',(40.5,64.83,4.));
#2432 = SURFACE_CURVE('',#2433,(#2438,#2449),.PCURVE_S1.);
#2433 = CIRCLE('',#2434,2.);
#2434 = AXIS2_PLACEMENT_3D('',#2435,#2436,#2437);
#2435 = CARTESIAN_POINT('',(38.5,64.83,4.));
#2436 = DIRECTION('',(-0.,1.224646799147E-16,1.));
#2437 = DIRECTION('',(1.,0.,0.));
#2438 = PCURVE('',#72,#2439);
#2439 = DEFINITIONAL_REPRESENTATION('',(#2440),#2448);
#2440 = ( BOUNDED_CURVE() B_SPLINE_CURVE(2,(#2441,#2442,#2443,#2444,
#2445,#2446,#2447),.UNSPECIFIED.,.T.,.F.) B_SPLINE_CURVE_WITH_KNOTS((1,2
    ,2,2,2,1),(-2.094395102393,0.,2.094395102393,4.188790204786,
6.28318530718,8.377580409573),.UNSPECIFIED.) CURVE() 
GEOMETRIC_REPRESENTATION_ITEM() RATIONAL_B_SPLINE_CURVE((1.,0.5,1.,0.5,
1.,0.5,1.)) REPRESENTATION_ITEM('') );
#2441 = CARTESIAN_POINT('',(40.5,48.3));
#2442 = CARTESIAN_POINT('',(40.5,44.835898384862));
#2443 = CARTESIAN_POINT('',(37.5,46.567949192431));
#2444 = CARTESIAN_POINT('',(34.5,48.3));
#2445 = CARTESIAN_POINT('',(37.5,50.032050807569));
#2446 = CARTESIAN_POINT('',(40.5,51.764101615138));
#2447 = CARTESIAN_POINT('',(40.5,48.3));
#2448 = ( GEOMETRIC_REPRESENTATION_CONTEXT(2) 
PARAMETRIC_REPRESENTATION_CONTEXT() REPRESENTATION_CONTEXT('2D SPACE',''
  ) );
#2449 = PCURVE('',#601,#2450);
#2450 = DEFINITIONAL_REPRESENTATION('',(#2451),#2455);
#2451 = LINE('',#2452,#2453);
#2452 = CARTESIAN_POINT('',(-6.28318530718,-0.5));
#2453 = VECTOR('',#2454,1.);
#2454 = DIRECTION('',(1.,-0.));
#2455 = ( GEOMETRIC_REPRESENTATION_CONTEXT(2) 
PARAMETRIC_REPRESENTATION_CONTEXT() REPRESENTATION_CONTEXT('2D SPACE',''
  ) );
#2456 = FACE_BOUND('',#2457,.F.);
#2457 = EDGE_LOOP('',(#2458));
#2458 = ORIENTED_EDGE('',*,*,#2459,.T.);
#2459 = EDGE_CURVE('',#2460,#2460,#2462,.T.);
#2460 = VERTEX_POINT('',#2461);
#2461 = CARTESIAN_POINT('',(47.,64.83,4.));
#2462 = SURFACE_CURVE('',#2463,(#2468,#2479),.PCURVE_S1.);
#2463 = CIRCLE('',#2464,2.);
#2464 = AXIS2_PLACEMENT_3D('',#2465,#2466,#2467);
#2465 = CARTESIAN_POINT('',(45.,64.83,4.));
#2466 = DIRECTION('',(-0.,1.224646799147E-16,1.));
#2467 = DIRECTION('',(1.,0.,0.));
#2468 = PCURVE('',#72,#2469);
#2469 = DEFINITIONAL_REPRESENTATION('',(#2470),#2478);
#2470 = ( BOUNDED_CURVE() B_SPLINE_CURVE(2,(#2471,#2472,#2473,#2474,
#2475,#2476,#2477),.UNSPECIFIED.,.T.,.F.) B_SPLINE_CURVE_WITH_KNOTS((1,2
    ,2,2,2,1),(-2.094395102393,0.,2.094395102393,4.188790204786,
6.28318530718,8.377580409573),.UNSPECIFIED.) CURVE() 
GEOMETRIC_REPRESENTATION_ITEM() RATIONAL_B_SPLINE_CURVE((1.,0.5,1.,0.5,
1.,0.5,1.)) REPRESENTATION_ITEM('') );
#2471 = CARTESIAN_POINT('',(47.,48.3));
#2472 = CARTESIAN_POINT('',(47.,44.835898384862));
#2473 = CARTESIAN_POINT('',(44.,46.567949192431));
#2474 = CARTESIAN_POINT('',(41.,48.3));
#2475 = CARTESIAN_POINT('',(44.,50.032050807569));
#2476 = CARTESIAN_POINT('',(47.,51.764101615138));
#2477 = CARTESIAN_POINT('',(47.,48.3));
#2478 = ( GEOMETRIC_REPRESENTATION_CONTEXT(2) 
PARAMETRIC_REPRESENTATION_CONTEXT() REPRESENTATION_CONTEXT('2D SPACE',''
  ) );
#2479 = PCURVE('',#636,#2480);
#2480 = DEFINITIONAL_REPRESENTATION('',(#2481),#2485);
#2481 = LINE('',#2482,#2483);
#2482 = CARTESIAN_POINT('',(-6.28318530718,-0.5));
#2483 = VECTOR('',#2484,1.);
#2484 = DIRECTION('',(1.,-0.));
#2485 = ( GEOMETRIC_REPRESENTATION_CONTEXT(2) 
PARAMETRIC_REPRESENTATION_CONTEXT() REPRESENTATION_CONTEXT('2D SPACE',''
  ) );
#2486 = FACE_BOUND('',#2487,.F.);
#2487 = EDGE_LOOP('',(#2488));
#2488 = ORIENTED_EDGE('',*,*,#2489,.T.);
#2489 = EDGE_CURVE('',#2490,#2490,#2492,.T.);
#2490 = VERTEX_POINT('',#2491);
#2491 = CARTESIAN_POINT('',(53.5,90.83,4.));
#2492 = SURFACE_CURVE('',#2493,(#2498,#2509),.PCURVE_S1.);
#2493 = CIRCLE('',#2494,2.);
#2494 = AXIS2_PLACEMENT_3D('',#2495,#2496,#2497);
#2495 = CARTESIAN_POINT('',(51.5,90.83,4.));
#2496 = DIRECTION('',(-0.,1.224646799147E-16,1.));
#2497 = DIRECTION('',(1.,0.,0.));
#2498 = PCURVE('',#72,#2499);
#2499 = DEFINITIONAL_REPRESENTATION('',(#2500),#2508);
#2500 = ( BOUNDED_CURVE() B_SPLINE_CURVE(2,(#2501,#2502,#2503,#2504,
#2505,#2506,#2507),.UNSPECIFIED.,.T.,.F.) B_SPLINE_CURVE_WITH_KNOTS((1,2
    ,2,2,2,1),(-2.094395102393,0.,2.094395102393,4.188790204786,
6.28318530718,8.377580409573),.UNSPECIFIED.) CURVE() 
GEOMETRIC_REPRESENTATION_ITEM() RATIONAL_B_SPLINE_CURVE((1.,0.5,1.,0.5,
1.,0.5,1.)) REPRESENTATION_ITEM('') );
#2501 = CARTESIAN_POINT('',(53.5,22.3));
#2502 = CARTESIAN_POINT('',(53.5,18.835898384862));
#2503 = CARTESIAN_POINT('',(50.5,20.567949192431));
#2504 = CARTESIAN_POINT('',(47.5,22.3));
#2505 = CARTESIAN_POINT('',(50.5,24.032050807569));
#2506 = CARTESIAN_POINT('',(53.5,25.764101615138));
#2507 = CARTESIAN_POINT('',(53.5,22.3));
#2508 = ( GEOMETRIC_REPRESENTATION_CONTEXT(2) 
PARAMETRIC_REPRESENTATION_CONTEXT() REPRESENTATION_CONTEXT('2D SPACE',''
  ) );
#2509 = PCURVE('',#671,#2510);
#2510 = DEFINITIONAL_REPRESENTATION('',(#2511),#2515);
#2511 = LINE('',#2512,#2513);
#2512 = CARTESIAN_POINT('',(-6.28318530718,-0.5));
#2513 = VECTOR('',#2514,1.);
#2514 = DIRECTION('',(1.,-0.));
#2515 = ( GEOMETRIC_REPRESENTATION_CONTEXT(2) 
PARAMETRIC_REPRESENTATION_CONTEXT() REPRESENTATION_CONTEXT('2D SPACE',''
  ) );
#2516 = FACE_BOUND('',#2517,.F.);
#2517 = EDGE_LOOP('',(#2518));
#2518 = ORIENTED_EDGE('',*,*,#2519,.T.);
#2519 = EDGE_CURVE('',#2520,#2520,#2522,.T.);
#2520 = VERTEX_POINT('',#2521);
#2521 = CARTESIAN_POINT('',(60.,90.83,4.));
#2522 = SURFACE_CURVE('',#2523,(#2528,#2539),.PCURVE_S1.);
#2523 = CIRCLE('',#2524,2.);
#2524 = AXIS2_PLACEMENT_3D('',#2525,#2526,#2527);
#2525 = CARTESIAN_POINT('',(58.,90.83,4.));
#2526 = DIRECTION('',(-0.,1.224646799147E-16,1.));
#2527 = DIRECTION('',(1.,0.,0.));
#2528 = PCURVE('',#72,#2529);
#2529 = DEFINITIONAL_REPRESENTATION('',(#2530),#2538);
#2530 = ( BOUNDED_CURVE() B_SPLINE_CURVE(2,(#2531,#2532,#2533,#2534,
#2535,#2536,#2537),.UNSPECIFIED.,.T.,.F.) B_SPLINE_CURVE_WITH_KNOTS((1,2
    ,2,2,2,1),(-2.094395102393,0.,2.094395102393,4.188790204786,
6.28318530718,8.377580409573),.UNSPECIFIED.) CURVE() 
GEOMETRIC_REPRESENTATION_ITEM() RATIONAL_B_SPLINE_CURVE((1.,0.5,1.,0.5,
1.,0.5,1.)) REPRESENTATION_ITEM('') );
#2531 = CARTESIAN_POINT('',(60.,22.3));
#2532 = CARTESIAN_POINT('',(60.,18.835898384862));
#2533 = CARTESIAN_POINT('',(57.,20.567949192431));
#2534 = CARTESIAN_POINT('',(54.,22.3));
#2535 = CARTESIAN_POINT('',(57.,24.032050807569));
#2536 = CARTESIAN_POINT('',(60.,25.764101615138));
#2537 = CARTESIAN_POINT('',(60.,22.3));
#2538 = ( GEOMETRIC_REPRESENTATION_CONTEXT(2) 
PARAMETRIC_REPRESENTATION_CONTEXT() REPRESENTATION_CONTEXT('2D SPACE',''
  ) );
#2539 = PCURVE('',#741,#2540);
#2540 = DEFINITIONAL_REPRESENTATION('',(#2541),#2545);
#2541 = LINE('',#2542,#2543);
#2542 = CARTESIAN_POINT('',(-6.28318530718,-0.5));
#2543 = VECTOR('',#2544,1.);
#2544 = DIRECTION('',(1.,-0.));
#2545 = ( GEOMETRIC_REPRESENTATION_CONTEXT(2) 
PARAMETRIC_REPRESENTATION_CONTEXT() REPRESENTATION_CONTEXT('2D SPACE',''
  ) );
#2546 = FACE_BOUND('',#2547,.F.);
#2547 = EDGE_LOOP('',(#2548));
#2548 = ORIENTED_EDGE('',*,*,#2549,.T.);
#2549 = EDGE_CURVE('',#2550,#2550,#2552,.T.);
#2550 = VERTEX_POINT('',#2551);
#2551 = CARTESIAN_POINT('',(53.5,84.33,4.));
#2552 = SURFACE_CURVE('',#2553,(#2558,#2569),.PCURVE_S1.);
#2553 = CIRCLE('',#2554,2.);
#2554 = AXIS2_PLACEMENT_3D('',#2555,#2556,#2557);
#2555 = CARTESIAN_POINT('',(51.5,84.33,4.));
#2556 = DIRECTION('',(-0.,1.224646799147E-16,1.));
#2557 = DIRECTION('',(1.,0.,0.));
#2558 = PCURVE('',#72,#2559);
#2559 = DEFINITIONAL_REPRESENTATION('',(#2560),#2568);
#2560 = ( BOUNDED_CURVE() B_SPLINE_CURVE(2,(#2561,#2562,#2563,#2564,
#2565,#2566,#2567),.UNSPECIFIED.,.T.,.F.) B_SPLINE_CURVE_WITH_KNOTS((1,2
    ,2,2,2,1),(-2.094395102393,0.,2.094395102393,4.188790204786,
6.28318530718,8.377580409573),.UNSPECIFIED.) CURVE() 
GEOMETRIC_REPRESENTATION_ITEM() RATIONAL_B_SPLINE_CURVE((1.,0.5,1.,0.5,
1.,0.5,1.)) REPRESENTATION_ITEM('') );
#2561 = CARTESIAN_POINT('',(53.5,28.8));
#2562 = CARTESIAN_POINT('',(53.5,25.335898384862));
#2563 = CARTESIAN_POINT('',(50.5,27.067949192431));
#2564 = CARTESIAN_POINT('',(47.5,28.8));
#2565 = CARTESIAN_POINT('',(50.5,30.532050807569));
#2566 = CARTESIAN_POINT('',(53.5,32.264101615138));
#2567 = CARTESIAN_POINT('',(53.5,28.8));
#2568 = ( GEOMETRIC_REPRESENTATION_CONTEXT(2) 
PARAMETRIC_REPRESENTATION_CONTEXT() REPRESENTATION_CONTEXT('2D SPACE',''
  ) );
#2569 = PCURVE('',#706,#2570);
#2570 = DEFINITIONAL_REPRESENTATION('',(#2571),#2575);
#2571 = LINE('',#2572,#2573);
#2572 = CARTESIAN_POINT('',(-6.28318530718,-0.5));
#2573 = VECTOR('',#2574,1.);
#2574 = DIRECTION('',(1.,-0.));
#2575 = ( GEOMETRIC_REPRESENTATION_CONTEXT(2) 
PARAMETRIC_REPRESENTATION_CONTEXT() REPRESENTATION_CONTEXT('2D SPACE',''
  ) );
#2576 = FACE_BOUND('',#2577,.F.);
#2577 = EDGE_LOOP('',(#2578));
#2578 = ORIENTED_EDGE('',*,*,#2579,.T.);
#2579 = EDGE_CURVE('',#2580,#2580,#2582,.T.);
#2580 = VERTEX_POINT('',#2581);
#2581 = CARTESIAN_POINT('',(60.,84.33,4.));
#2582 = SURFACE_CURVE('',#2583,(#2588,#2599),.PCURVE_S1.);
#2583 = CIRCLE('',#2584,2.);
#2584 = AXIS2_PLACEMENT_3D('',#2585,#2586,#2587);
#2585 = CARTESIAN_POINT('',(58.,84.33,4.));
#2586 = DIRECTION('',(-0.,1.224646799147E-16,1.));
#2587 = DIRECTION('',(1.,0.,0.));
#2588 = PCURVE('',#72,#2589);
#2589 = DEFINITIONAL_REPRESENTATION('',(#2590),#2598);
#2590 = ( BOUNDED_CURVE() B_SPLINE_CURVE(2,(#2591,#2592,#2593,#2594,
#2595,#2596,#2597),.UNSPECIFIED.,.T.,.F.) B_SPLINE_CURVE_WITH_KNOTS((1,2
    ,2,2,2,1),(-2.094395102393,0.,2.094395102393,4.188790204786,
6.28318530718,8.377580409573),.UNSPECIFIED.) CURVE() 
GEOMETRIC_REPRESENTATION_ITEM() RATIONAL_B_SPLINE_CURVE((1.,0.5,1.,0.5,
1.,0.5,1.)) REPRESENTATION_ITEM('') );
#2591 = CARTESIAN_POINT('',(60.,28.8));
#2592 = CARTESIAN_POINT('',(60.,25.335898384862));
#2593 = CARTESIAN_POINT('',(57.,27.067949192431));
#2594 = CARTESIAN_POINT('',(54.,28.8));
#2595 = CARTESIAN_POINT('',(57.,30.532050807569));
#2596 = CARTESIAN_POINT('',(60.,32.264101615138));
#2597 = CARTESIAN_POINT('',(60.,28.8));
#2598 = ( GEOMETRIC_REPRESENTATION_CONTEXT(2) 
PARAMETRIC_REPRESENTATION_CONTEXT() REPRESENTATION_CONTEXT('2D SPACE',''
  ) );
#2599 = PCURVE('',#776,#2600);
#2600 = DEFINITIONAL_REPRESENTATION('',(#2601),#2605);
#2601 = LINE('',#2602,#2603);
#2602 = CARTESIAN_POINT('',(-6.28318530718,-0.5));
#2603 = VECTOR('',#2604,1.);
#2604 = DIRECTION('',(1.,-0.));
#2605 = ( GEOMETRIC_REPRESENTATION_CONTEXT(2) 
PARAMETRIC_REPRESENTATION_CONTEXT() REPRESENTATION_CONTEXT('2D SPACE',''
  ) );
#2606 = FACE_BOUND('',#2607,.F.);
#2607 = EDGE_LOOP('',(#2608));
#2608 = ORIENTED_EDGE('',*,*,#2609,.T.);
#2609 = EDGE_CURVE('',#2610,#2610,#2612,.T.);
#2610 = VERTEX_POINT('',#2611);
#2611 = CARTESIAN_POINT('',(66.5,90.83,4.));
#2612 = SURFACE_CURVE('',#2613,(#2618,#2629),.PCURVE_S1.);
#2613 = CIRCLE('',#2614,2.);
#2614 = AXIS2_PLACEMENT_3D('',#2615,#2616,#2617);
#2615 = CARTESIAN_POINT('',(64.5,90.83,4.));
#2616 = DIRECTION('',(-0.,1.224646799147E-16,1.));
#2617 = DIRECTION('',(1.,0.,0.));
#2618 = PCURVE('',#72,#2619);
#2619 = DEFINITIONAL_REPRESENTATION('',(#2620),#2628);
#2620 = ( BOUNDED_CURVE() B_SPLINE_CURVE(2,(#2621,#2622,#2623,#2624,
#2625,#2626,#2627),.UNSPECIFIED.,.T.,.F.) B_SPLINE_CURVE_WITH_KNOTS((1,2
    ,2,2,2,1),(-2.094395102393,0.,2.094395102393,4.188790204786,
6.28318530718,8.377580409573),.UNSPECIFIED.) CURVE() 
GEOMETRIC_REPRESENTATION_ITEM() RATIONAL_B_SPLINE_CURVE((1.,0.5,1.,0.5,
1.,0.5,1.)) REPRESENTATION_ITEM('') );
#2621 = CARTESIAN_POINT('',(66.5,22.3));
#2622 = CARTESIAN_POINT('',(66.5,18.835898384862));
#2623 = CARTESIAN_POINT('',(63.5,20.567949192431));
#2624 = CARTESIAN_POINT('',(60.5,22.3));
#2625 = CARTESIAN_POINT('',(63.5,24.032050807569));
#2626 = CARTESIAN_POINT('',(66.5,25.764101615138));
#2627 = CARTESIAN_POINT('',(66.5,22.3));
#2628 = ( GEOMETRIC_REPRESENTATION_CONTEXT(2) 
PARAMETRIC_REPRESENTATION_CONTEXT() REPRESENTATION_CONTEXT('2D SPACE',''
  ) );
#2629 = PCURVE('',#811,#2630);
#2630 = DEFINITIONAL_REPRESENTATION('',(#2631),#2635);
#2631 = LINE('',#2632,#2633);
#2632 = CARTESIAN_POINT('',(-6.28318530718,-0.5));
#2633 = VECTOR('',#2634,1.);
#2634 = DIRECTION('',(1.,-0.));
#2635 = ( GEOMETRIC_REPRESENTATION_CONTEXT(2) 
PARAMETRIC_REPRESENTATION_CONTEXT() REPRESENTATION_CONTEXT('2D SPACE',''
  ) );
#2636 = FACE_BOUND('',#2637,.F.);
#2637 = EDGE_LOOP('',(#2638));
#2638 = ORIENTED_EDGE('',*,*,#2639,.T.);
#2639 = EDGE_CURVE('',#2640,#2640,#2642,.T.);
#2640 = VERTEX_POINT('',#2641);
#2641 = CARTESIAN_POINT('',(66.5,84.33,4.));
#2642 = SURFACE_CURVE('',#2643,(#2648,#2659),.PCURVE_S1.);
#2643 = CIRCLE('',#2644,2.);
#2644 = AXIS2_PLACEMENT_3D('',#2645,#2646,#2647);
#2645 = CARTESIAN_POINT('',(64.5,84.33,4.));
#2646 = DIRECTION('',(-0.,1.224646799147E-16,1.));
#2647 = DIRECTION('',(1.,0.,0.));
#2648 = PCURVE('',#72,#2649);
#2649 = DEFINITIONAL_REPRESENTATION('',(#2650),#2658);
#2650 = ( BOUNDED_CURVE() B_SPLINE_CURVE(2,(#2651,#2652,#2653,#2654,
#2655,#2656,#2657),.UNSPECIFIED.,.T.,.F.) B_SPLINE_CURVE_WITH_KNOTS((1,2
    ,2,2,2,1),(-2.094395102393,0.,2.094395102393,4.188790204786,
6.28318530718,8.377580409573),.UNSPECIFIED.) CURVE() 
GEOMETRIC_REPRESENTATION_ITEM() RATIONAL_B_SPLINE_CURVE((1.,0.5,1.,0.5,
1.,0.5,1.)) REPRESENTATION_ITEM('') );
#2651 = CARTESIAN_POINT('',(66.5,28.8));
#2652 = CARTESIAN_POINT('',(66.5,25.335898384862));
#2653 = CARTESIAN_POINT('',(63.5,27.067949192431));
#2654 = CARTESIAN_POINT('',(60.5,28.8));
#2655 = CARTESIAN_POINT('',(63.5,30.532050807569));
#2656 = CARTESIAN_POINT('',(66.5,32.264101615138));
#2657 = CARTESIAN_POINT('',(66.5,28.8));
#2658 = ( GEOMETRIC_REPRESENTATION_CONTEXT(2) 
PARAMETRIC_REPRESENTATION_CONTEXT() REPRESENTATION_CONTEXT('2D SPACE',''
  ) );
#2659 = PCURVE('',#846,#2660);
#2660 = DEFINITIONAL_REPRESENTATION('',(#2661),#2665);
#2661 = LINE('',#2662,#2663);
#2662 = CARTESIAN_POINT('',(-6.28318530718,-0.5));
#2663 = VECTOR('',#2664,1.);
#2664 = DIRECTION('',(1.,-0.));
#2665 = ( GEOMETRIC_REPRESENTATION_CONTEXT(2) 
PARAMETRIC_REPRESENTATION_CONTEXT() REPRESENTATION_CONTEXT('2D SPACE',''
  ) );
#2666 = FACE_BOUND('',#2667,.F.);
#2667 = EDGE_LOOP('',(#2668));
#2668 = ORIENTED_EDGE('',*,*,#2669,.T.);
#2669 = EDGE_CURVE('',#2670,#2670,#2672,.T.);
#2670 = VERTEX_POINT('',#2671);
#2671 = CARTESIAN_POINT('',(94.4,109.13,4.));
#2672 = SURFACE_CURVE('',#2673,(#2678,#2689),.PCURVE_S1.);
#2673 = CIRCLE('',#2674,1.4);
#2674 = AXIS2_PLACEMENT_3D('',#2675,#2676,#2677);
#2675 = CARTESIAN_POINT('',(93.,109.13,4.));
#2676 = DIRECTION('',(-0.,1.224646799147E-16,1.));
#2677 = DIRECTION('',(1.,0.,0.));
#2678 = PCURVE('',#72,#2679);
#2679 = DEFINITIONAL_REPRESENTATION('',(#2680),#2688);
#2680 = ( BOUNDED_CURVE() B_SPLINE_CURVE(2,(#2681,#2682,#2683,#2684,
#2685,#2686,#2687),.UNSPECIFIED.,.T.,.F.) B_SPLINE_CURVE_WITH_KNOTS((1,2
    ,2,2,2,1),(-2.094395102393,0.,2.094395102393,4.188790204786,
6.28318530718,8.377580409573),.UNSPECIFIED.) CURVE() 
GEOMETRIC_REPRESENTATION_ITEM() RATIONAL_B_SPLINE_CURVE((1.,0.5,1.,0.5,
1.,0.5,1.)) REPRESENTATION_ITEM('') );
#2681 = CARTESIAN_POINT('',(94.4,4.));
#2682 = CARTESIAN_POINT('',(94.4,1.575128869404));
#2683 = CARTESIAN_POINT('',(92.3,2.787564434702));
#2684 = CARTESIAN_POINT('',(90.2,4.));
#2685 = CARTESIAN_POINT('',(92.3,5.212435565298));
#2686 = CARTESIAN_POINT('',(94.4,6.424871130596));
#2687 = CARTESIAN_POINT('',(94.4,4.));
#2688 = ( GEOMETRIC_REPRESENTATION_CONTEXT(2) 
PARAMETRIC_REPRESENTATION_CONTEXT() REPRESENTATION_CONTEXT('2D SPACE',''
  ) );
#2689 = PCURVE('',#2690,#2695);
#2690 = CYLINDRICAL_SURFACE('',#2691,1.4);
#2691 = AXIS2_PLACEMENT_3D('',#2692,#2693,#2694);
#2692 = CARTESIAN_POINT('',(93.,109.13,4.5));
#2693 = DIRECTION('',(-0.,1.224646799147E-16,1.));
#2694 = DIRECTION('',(1.,0.,0.));
#2695 = DEFINITIONAL_REPRESENTATION('',(#2696),#2700);
#2696 = LINE('',#2697,#2698);
#2697 = CARTESIAN_POINT('',(-6.28318530718,-0.5));
#2698 = VECTOR('',#2699,1.);
#2699 = DIRECTION('',(1.,-0.));
#2700 = ( GEOMETRIC_REPRESENTATION_CONTEXT(2) 
PARAMETRIC_REPRESENTATION_CONTEXT() REPRESENTATION_CONTEXT('2D SPACE',''
  ) );
#2701 = FACE_BOUND('',#2702,.F.);
#2702 = EDGE_LOOP('',(#2703));
#2703 = ORIENTED_EDGE('',*,*,#2704,.T.);
#2704 = EDGE_CURVE('',#2705,#2705,#2707,.T.);
#2705 = VERTEX_POINT('',#2706);
#2706 = CARTESIAN_POINT('',(53.5,77.83,4.));
#2707 = SURFACE_CURVE('',#2708,(#2713,#2724),.PCURVE_S1.);
#2708 = CIRCLE('',#2709,2.);
#2709 = AXIS2_PLACEMENT_3D('',#2710,#2711,#2712);
#2710 = CARTESIAN_POINT('',(51.5,77.83,4.));
#2711 = DIRECTION('',(-0.,1.224646799147E-16,1.));
#2712 = DIRECTION('',(1.,0.,0.));
#2713 = PCURVE('',#72,#2714);
#2714 = DEFINITIONAL_REPRESENTATION('',(#2715),#2723);
#2715 = ( BOUNDED_CURVE() B_SPLINE_CURVE(2,(#2716,#2717,#2718,#2719,
#2720,#2721,#2722),.UNSPECIFIED.,.T.,.F.) B_SPLINE_CURVE_WITH_KNOTS((1,2
    ,2,2,2,1),(-2.094395102393,0.,2.094395102393,4.188790204786,
6.28318530718,8.377580409573),.UNSPECIFIED.) CURVE() 
GEOMETRIC_REPRESENTATION_ITEM() RATIONAL_B_SPLINE_CURVE((1.,0.5,1.,0.5,
1.,0.5,1.)) REPRESENTATION_ITEM('') );
#2716 = CARTESIAN_POINT('',(53.5,35.3));
#2717 = CARTESIAN_POINT('',(53.5,31.835898384862));
#2718 = CARTESIAN_POINT('',(50.5,33.567949192431));
#2719 = CARTESIAN_POINT('',(47.5,35.3));
#2720 = CARTESIAN_POINT('',(50.5,37.032050807569));
#2721 = CARTESIAN_POINT('',(53.5,38.764101615138));
#2722 = CARTESIAN_POINT('',(53.5,35.3));
#2723 = ( GEOMETRIC_REPRESENTATION_CONTEXT(2) 
PARAMETRIC_REPRESENTATION_CONTEXT() REPRESENTATION_CONTEXT('2D SPACE',''
  ) );
#2724 = PCURVE('',#916,#2725);
#2725 = DEFINITIONAL_REPRESENTATION('',(#2726),#2730);
#2726 = LINE('',#2727,#2728);
#2727 = CARTESIAN_POINT('',(-6.28318530718,-0.5));
#2728 = VECTOR('',#2729,1.);
#2729 = DIRECTION('',(1.,-0.));
#2730 = ( GEOMETRIC_REPRESENTATION_CONTEXT(2) 
PARAMETRIC_REPRESENTATION_CONTEXT() REPRESENTATION_CONTEXT('2D SPACE',''
  ) );
#2731 = FACE_BOUND('',#2732,.F.);
#2732 = EDGE_LOOP('',(#2733));
#2733 = ORIENTED_EDGE('',*,*,#2734,.T.);
#2734 = EDGE_CURVE('',#2735,#2735,#2737,.T.);
#2735 = VERTEX_POINT('',#2736);
#2736 = CARTESIAN_POINT('',(60.,77.83,4.));
#2737 = SURFACE_CURVE('',#2738,(#2743,#2754),.PCURVE_S1.);
#2738 = CIRCLE('',#2739,2.);
#2739 = AXIS2_PLACEMENT_3D('',#2740,#2741,#2742);
#2740 = CARTESIAN_POINT('',(58.,77.83,4.));
#2741 = DIRECTION('',(-0.,1.224646799147E-16,1.));
#2742 = DIRECTION('',(1.,0.,0.));
#2743 = PCURVE('',#72,#2744);
#2744 = DEFINITIONAL_REPRESENTATION('',(#2745),#2753);
#2745 = ( BOUNDED_CURVE() B_SPLINE_CURVE(2,(#2746,#2747,#2748,#2749,
#2750,#2751,#2752),.UNSPECIFIED.,.T.,.F.) B_SPLINE_CURVE_WITH_KNOTS((1,2
    ,2,2,2,1),(-2.094395102393,0.,2.094395102393,4.188790204786,
6.28318530718,8.377580409573),.UNSPECIFIED.) CURVE() 
GEOMETRIC_REPRESENTATION_ITEM() RATIONAL_B_SPLINE_CURVE((1.,0.5,1.,0.5,
1.,0.5,1.)) REPRESENTATION_ITEM('') );
#2746 = CARTESIAN_POINT('',(60.,35.3));
#2747 = CARTESIAN_POINT('',(60.,31.835898384862));
#2748 = CARTESIAN_POINT('',(57.,33.567949192431));
#2749 = CARTESIAN_POINT('',(54.,35.3));
#2750 = CARTESIAN_POINT('',(57.,37.032050807569));
#2751 = CARTESIAN_POINT('',(60.,38.764101615138));
#2752 = CARTESIAN_POINT('',(60.,35.3));
#2753 = ( GEOMETRIC_REPRESENTATION_CONTEXT(2) 
PARAMETRIC_REPRESENTATION_CONTEXT() REPRESENTATION_CONTEXT('2D SPACE',''
  ) );
#2754 = PCURVE('',#951,#2755);
#2755 = DEFINITIONAL_REPRESENTATION('',(#2756),#2760);
#2756 = LINE('',#2757,#2758);
#2757 = CARTESIAN_POINT('',(-6.28318530718,-0.5));
#2758 = VECTOR('',#2759,1.);
#2759 = DIRECTION('',(1.,-0.));
#2760 = ( GEOMETRIC_REPRESENTATION_CONTEXT(2) 
PARAMETRIC_REPRESENTATION_CONTEXT() REPRESENTATION_CONTEXT('2D SPACE',''
  ) );
#2761 = FACE_BOUND('',#2762,.F.);
#2762 = EDGE_LOOP('',(#2763));
#2763 = ORIENTED_EDGE('',*,*,#2764,.T.);
#2764 = EDGE_CURVE('',#2765,#2765,#2767,.T.);
#2765 = VERTEX_POINT('',#2766);
#2766 = CARTESIAN_POINT('',(53.5,71.33,4.));
#2767 = SURFACE_CURVE('',#2768,(#2773,#2784),.PCURVE_S1.);
#2768 = CIRCLE('',#2769,2.);
#2769 = AXIS2_PLACEMENT_3D('',#2770,#2771,#2772);
#2770 = CARTESIAN_POINT('',(51.5,71.33,4.));
#2771 = DIRECTION('',(-0.,1.224646799147E-16,1.));
#2772 = DIRECTION('',(1.,0.,0.));
#2773 = PCURVE('',#72,#2774);
#2774 = DEFINITIONAL_REPRESENTATION('',(#2775),#2783);
#2775 = ( BOUNDED_CURVE() B_SPLINE_CURVE(2,(#2776,#2777,#2778,#2779,
#2780,#2781,#2782),.UNSPECIFIED.,.T.,.F.) B_SPLINE_CURVE_WITH_KNOTS((1,2
    ,2,2,2,1),(-2.094395102393,0.,2.094395102393,4.188790204786,
6.28318530718,8.377580409573),.UNSPECIFIED.) CURVE() 
GEOMETRIC_REPRESENTATION_ITEM() RATIONAL_B_SPLINE_CURVE((1.,0.5,1.,0.5,
1.,0.5,1.)) REPRESENTATION_ITEM('') );
#2776 = CARTESIAN_POINT('',(53.5,41.8));
#2777 = CARTESIAN_POINT('',(53.5,38.335898384862));
#2778 = CARTESIAN_POINT('',(50.5,40.067949192431));
#2779 = CARTESIAN_POINT('',(47.5,41.8));
#2780 = CARTESIAN_POINT('',(50.5,43.532050807569));
#2781 = CARTESIAN_POINT('',(53.5,45.264101615138));
#2782 = CARTESIAN_POINT('',(53.5,41.8));
#2783 = ( GEOMETRIC_REPRESENTATION_CONTEXT(2) 
PARAMETRIC_REPRESENTATION_CONTEXT() REPRESENTATION_CONTEXT('2D SPACE',''
  ) );
#2784 = PCURVE('',#986,#2785);
#2785 = DEFINITIONAL_REPRESENTATION('',(#2786),#2790);
#2786 = LINE('',#2787,#2788);
#2787 = CARTESIAN_POINT('',(-6.28318530718,-0.5));
#2788 = VECTOR('',#2789,1.);
#2789 = DIRECTION('',(1.,-0.));
#2790 = ( GEOMETRIC_REPRESENTATION_CONTEXT(2) 
PARAMETRIC_REPRESENTATION_CONTEXT() REPRESENTATION_CONTEXT('2D SPACE',''
  ) );
#2791 = FACE_BOUND('',#2792,.F.);
#2792 = EDGE_LOOP('',(#2793));
#2793 = ORIENTED_EDGE('',*,*,#2794,.T.);
#2794 = EDGE_CURVE('',#2795,#2795,#2797,.T.);
#2795 = VERTEX_POINT('',#2796);
#2796 = CARTESIAN_POINT('',(60.,71.33,4.));
#2797 = SURFACE_CURVE('',#2798,(#2803,#2814),.PCURVE_S1.);
#2798 = CIRCLE('',#2799,2.);
#2799 = AXIS2_PLACEMENT_3D('',#2800,#2801,#2802);
#2800 = CARTESIAN_POINT('',(58.,71.33,4.));
#2801 = DIRECTION('',(-0.,1.224646799147E-16,1.));
#2802 = DIRECTION('',(1.,0.,0.));
#2803 = PCURVE('',#72,#2804);
#2804 = DEFINITIONAL_REPRESENTATION('',(#2805),#2813);
#2805 = ( BOUNDED_CURVE() B_SPLINE_CURVE(2,(#2806,#2807,#2808,#2809,
#2810,#2811,#2812),.UNSPECIFIED.,.T.,.F.) B_SPLINE_CURVE_WITH_KNOTS((1,2
    ,2,2,2,1),(-2.094395102393,0.,2.094395102393,4.188790204786,
6.28318530718,8.377580409573),.UNSPECIFIED.) CURVE() 
GEOMETRIC_REPRESENTATION_ITEM() RATIONAL_B_SPLINE_CURVE((1.,0.5,1.,0.5,
1.,0.5,1.)) REPRESENTATION_ITEM('') );
#2806 = CARTESIAN_POINT('',(60.,41.8));
#2807 = CARTESIAN_POINT('',(60.,38.335898384862));
#2808 = CARTESIAN_POINT('',(57.,40.067949192431));
#2809 = CARTESIAN_POINT('',(54.,41.8));
#2810 = CARTESIAN_POINT('',(57.,43.532050807569));
#2811 = CARTESIAN_POINT('',(60.,45.264101615138));
#2812 = CARTESIAN_POINT('',(60.,41.8));
#2813 = ( GEOMETRIC_REPRESENTATION_CONTEXT(2) 
PARAMETRIC_REPRESENTATION_CONTEXT() REPRESENTATION_CONTEXT('2D SPACE',''
  ) );
#2814 = PCURVE('',#1021,#2815);
#2815 = DEFINITIONAL_REPRESENTATION('',(#2816),#2820);
#2816 = LINE('',#2817,#2818);
#2817 = CARTESIAN_POINT('',(-6.28318530718,-0.5));
#2818 = VECTOR('',#2819,1.);
#2819 = DIRECTION('',(1.,-0.));
#2820 = ( GEOMETRIC_REPRESENTATION_CONTEXT(2) 
PARAMETRIC_REPRESENTATION_CONTEXT() REPRESENTATION_CONTEXT('2D SPACE',''
  ) );
#2821 = FACE_BOUND('',#2822,.F.);
#2822 = EDGE_LOOP('',(#2823));
#2823 = ORIENTED_EDGE('',*,*,#2824,.T.);
#2824 = EDGE_CURVE('',#2825,#2825,#2827,.T.);
#2825 = VERTEX_POINT('',#2826);
#2826 = CARTESIAN_POINT('',(66.5,77.83,4.));
#2827 = SURFACE_CURVE('',#2828,(#2833,#2844),.PCURVE_S1.);
#2828 = CIRCLE('',#2829,2.);
#2829 = AXIS2_PLACEMENT_3D('',#2830,#2831,#2832);
#2830 = CARTESIAN_POINT('',(64.5,77.83,4.));
#2831 = DIRECTION('',(-0.,1.224646799147E-16,1.));
#2832 = DIRECTION('',(1.,0.,0.));
#2833 = PCURVE('',#72,#2834);
#2834 = DEFINITIONAL_REPRESENTATION('',(#2835),#2843);
#2835 = ( BOUNDED_CURVE() B_SPLINE_CURVE(2,(#2836,#2837,#2838,#2839,
#2840,#2841,#2842),.UNSPECIFIED.,.T.,.F.) B_SPLINE_CURVE_WITH_KNOTS((1,2
    ,2,2,2,1),(-2.094395102393,0.,2.094395102393,4.188790204786,
6.28318530718,8.377580409573),.UNSPECIFIED.) CURVE() 
GEOMETRIC_REPRESENTATION_ITEM() RATIONAL_B_SPLINE_CURVE((1.,0.5,1.,0.5,
1.,0.5,1.)) REPRESENTATION_ITEM('') );
#2836 = CARTESIAN_POINT('',(66.5,35.3));
#2837 = CARTESIAN_POINT('',(66.5,31.835898384862));
#2838 = CARTESIAN_POINT('',(63.5,33.567949192431));
#2839 = CARTESIAN_POINT('',(60.5,35.3));
#2840 = CARTESIAN_POINT('',(63.5,37.032050807569));
#2841 = CARTESIAN_POINT('',(66.5,38.764101615138));
#2842 = CARTESIAN_POINT('',(66.5,35.3));
#2843 = ( GEOMETRIC_REPRESENTATION_CONTEXT(2) 
PARAMETRIC_REPRESENTATION_CONTEXT() REPRESENTATION_CONTEXT('2D SPACE',''
  ) );
#2844 = PCURVE('',#1056,#2845);
#2845 = DEFINITIONAL_REPRESENTATION('',(#2846),#2850);
#2846 = LINE('',#2847,#2848);
#2847 = CARTESIAN_POINT('',(-6.28318530718,-0.5));
#2848 = VECTOR('',#2849,1.);
#2849 = DIRECTION('',(1.,-0.));
#2850 = ( GEOMETRIC_REPRESENTATION_CONTEXT(2) 
PARAMETRIC_REPRESENTATION_CONTEXT() REPRESENTATION_CONTEXT('2D SPACE',''
  ) );
#2851 = FACE_BOUND('',#2852,.F.);
#2852 = EDGE_LOOP('',(#2853));
#2853 = ORIENTED_EDGE('',*,*,#2854,.T.);
#2854 = EDGE_CURVE('',#2855,#2855,#2857,.T.);
#2855 = VERTEX_POINT('',#2856);
#2856 = CARTESIAN_POINT('',(66.5,71.33,4.));
#2857 = SURFACE_CURVE('',#2858,(#2863,#2874),.PCURVE_S1.);
#2858 = CIRCLE('',#2859,2.);
#2859 = AXIS2_PLACEMENT_3D('',#2860,#2861,#2862);
#2860 = CARTESIAN_POINT('',(64.5,71.33,4.));
#2861 = DIRECTION('',(-0.,1.224646799147E-16,1.));
#2862 = DIRECTION('',(1.,0.,0.));
#2863 = PCURVE('',#72,#2864);
#2864 = DEFINITIONAL_REPRESENTATION('',(#2865),#2873);
#2865 = ( BOUNDED_CURVE() B_SPLINE_CURVE(2,(#2866,#2867,#2868,#2869,
#2870,#2871,#2872),.UNSPECIFIED.,.T.,.F.) B_SPLINE_CURVE_WITH_KNOTS((1,2
    ,2,2,2,1),(-2.094395102393,0.,2.094395102393,4.188790204786,
6.28318530718,8.377580409573),.UNSPECIFIED.) CURVE() 
GEOMETRIC_REPRESENTATION_ITEM() RATIONAL_B_SPLINE_CURVE((1.,0.5,1.,0.5,
1.,0.5,1.)) REPRESENTATION_ITEM('') );
#2866 = CARTESIAN_POINT('',(66.5,41.8));
#2867 = CARTESIAN_POINT('',(66.5,38.335898384862));
#2868 = CARTESIAN_POINT('',(63.5,40.067949192431));
#2869 = CARTESIAN_POINT('',(60.5,41.8));
#2870 = CARTESIAN_POINT('',(63.5,43.532050807569));
#2871 = CARTESIAN_POINT('',(66.5,45.264101615138));
#2872 = CARTESIAN_POINT('',(66.5,41.8));
#2873 = ( GEOMETRIC_REPRESENTATION_CONTEXT(2) 
PARAMETRIC_REPRESENTATION_CONTEXT() REPRESENTATION_CONTEXT('2D SPACE',''
  ) );
#2874 = PCURVE('',#1091,#2875);
#2875 = DEFINITIONAL_REPRESENTATION('',(#2876),#2880);
#2876 = LINE('',#2877,#2878);
#2877 = CARTESIAN_POINT('',(-6.28318530718,-0.5));
#2878 = VECTOR('',#2879,1.);
#2879 = DIRECTION('',(1.,-0.));
#2880 = ( GEOMETRIC_REPRESENTATION_CONTEXT(2) 
PARAMETRIC_REPRESENTATION_CONTEXT() REPRESENTATION_CONTEXT('2D SPACE',''
  ) );
#2881 = FACE_BOUND('',#2882,.F.);
#2882 = EDGE_LOOP('',(#2883));
#2883 = ORIENTED_EDGE('',*,*,#2884,.T.);
#2884 = EDGE_CURVE('',#2885,#2885,#2887,.T.);
#2885 = VERTEX_POINT('',#2886);
#2886 = CARTESIAN_POINT('',(53.5,64.83,4.));
#2887 = SURFACE_CURVE('',#2888,(#2893,#2904),.PCURVE_S1.);
#2888 = CIRCLE('',#2889,2.);
#2889 = AXIS2_PLACEMENT_3D('',#2890,#2891,#2892);
#2890 = CARTESIAN_POINT('',(51.5,64.83,4.));
#2891 = DIRECTION('',(-0.,1.224646799147E-16,1.));
#2892 = DIRECTION('',(1.,0.,0.));
#2893 = PCURVE('',#72,#2894);
#2894 = DEFINITIONAL_REPRESENTATION('',(#2895),#2903);
#2895 = ( BOUNDED_CURVE() B_SPLINE_CURVE(2,(#2896,#2897,#2898,#2899,
#2900,#2901,#2902),.UNSPECIFIED.,.T.,.F.) B_SPLINE_CURVE_WITH_KNOTS((1,2
    ,2,2,2,1),(-2.094395102393,0.,2.094395102393,4.188790204786,
6.28318530718,8.377580409573),.UNSPECIFIED.) CURVE() 
GEOMETRIC_REPRESENTATION_ITEM() RATIONAL_B_SPLINE_CURVE((1.,0.5,1.,0.5,
1.,0.5,1.)) REPRESENTATION_ITEM('') );
#2896 = CARTESIAN_POINT('',(53.5,48.3));
#2897 = CARTESIAN_POINT('',(53.5,44.835898384862));
#2898 = CARTESIAN_POINT('',(50.5,46.567949192431));
#2899 = CARTESIAN_POINT('',(47.5,48.3));
#2900 = CARTESIAN_POINT('',(50.5,50.032050807569));
#2901 = CARTESIAN_POINT('',(53.5,51.764101615138));
#2902 = CARTESIAN_POINT('',(53.5,48.3));
#2903 = ( GEOMETRIC_REPRESENTATION_CONTEXT(2) 
PARAMETRIC_REPRESENTATION_CONTEXT() REPRESENTATION_CONTEXT('2D SPACE',''
  ) );
#2904 = PCURVE('',#1126,#2905);
#2905 = DEFINITIONAL_REPRESENTATION('',(#2906),#2910);
#2906 = LINE('',#2907,#2908);
#2907 = CARTESIAN_POINT('',(-6.28318530718,-0.5));
#2908 = VECTOR('',#2909,1.);
#2909 = DIRECTION('',(1.,-0.));
#2910 = ( GEOMETRIC_REPRESENTATION_CONTEXT(2) 
PARAMETRIC_REPRESENTATION_CONTEXT() REPRESENTATION_CONTEXT('2D SPACE',''
  ) );
#2911 = FACE_BOUND('',#2912,.F.);
#2912 = EDGE_LOOP('',(#2913));
#2913 = ORIENTED_EDGE('',*,*,#2914,.T.);
#2914 = EDGE_CURVE('',#2915,#2915,#2917,.T.);
#2915 = VERTEX_POINT('',#2916);
#2916 = CARTESIAN_POINT('',(60.,64.83,4.));
#2917 = SURFACE_CURVE('',#2918,(#2923,#2934),.PCURVE_S1.);
#2918 = CIRCLE('',#2919,2.);
#2919 = AXIS2_PLACEMENT_3D('',#2920,#2921,#2922);
#2920 = CARTESIAN_POINT('',(58.,64.83,4.));
#2921 = DIRECTION('',(-0.,1.224646799147E-16,1.));
#2922 = DIRECTION('',(1.,0.,0.));
#2923 = PCURVE('',#72,#2924);
#2924 = DEFINITIONAL_REPRESENTATION('',(#2925),#2933);
#2925 = ( BOUNDED_CURVE() B_SPLINE_CURVE(2,(#2926,#2927,#2928,#2929,
#2930,#2931,#2932),.UNSPECIFIED.,.T.,.F.) B_SPLINE_CURVE_WITH_KNOTS((1,2
    ,2,2,2,1),(-2.094395102393,0.,2.094395102393,4.188790204786,
6.28318530718,8.377580409573),.UNSPECIFIED.) CURVE() 
GEOMETRIC_REPRESENTATION_ITEM() RATIONAL_B_SPLINE_CURVE((1.,0.5,1.,0.5,
1.,0.5,1.)) REPRESENTATION_ITEM('') );
#2926 = CARTESIAN_POINT('',(60.,48.3));
#2927 = CARTESIAN_POINT('',(60.,44.835898384862));
#2928 = CARTESIAN_POINT('',(57.,46.567949192431));
#2929 = CARTESIAN_POINT('',(54.,48.3));
#2930 = CARTESIAN_POINT('',(57.,50.032050807569));
#2931 = CARTESIAN_POINT('',(60.,51.764101615138));
#2932 = CARTESIAN_POINT('',(60.,48.3));
#2933 = ( GEOMETRIC_REPRESENTATION_CONTEXT(2) 
PARAMETRIC_REPRESENTATION_CONTEXT() REPRESENTATION_CONTEXT('2D SPACE',''
  ) );
#2934 = PCURVE('',#1161,#2935);
#2935 = DEFINITIONAL_REPRESENTATION('',(#2936),#2940);
#2936 = LINE('',#2937,#2938);
#2937 = CARTESIAN_POINT('',(-6.28318530718,-0.5));
#2938 = VECTOR('',#2939,1.);
#2939 = DIRECTION('',(1.,-0.));
#2940 = ( GEOMETRIC_REPRESENTATION_CONTEXT(2) 
PARAMETRIC_REPRESENTATION_CONTEXT() REPRESENTATION_CONTEXT('2D SPACE',''
  ) );
#2941 = FACE_BOUND('',#2942,.F.);
#2942 = EDGE_LOOP('',(#2943));
#2943 = ORIENTED_EDGE('',*,*,#2944,.T.);
#2944 = EDGE_CURVE('',#2945,#2945,#2947,.T.);
#2945 = VERTEX_POINT('',#2946);
#2946 = CARTESIAN_POINT('',(66.5,64.83,4.));
#2947 = SURFACE_CURVE('',#2948,(#2953,#2964),.PCURVE_S1.);
#2948 = CIRCLE('',#2949,2.);
#2949 = AXIS2_PLACEMENT_3D('',#2950,#2951,#2952);
#2950 = CARTESIAN_POINT('',(64.5,64.83,4.));
#2951 = DIRECTION('',(-0.,1.224646799147E-16,1.));
#2952 = DIRECTION('',(1.,0.,0.));
#2953 = PCURVE('',#72,#2954);
#2954 = DEFINITIONAL_REPRESENTATION('',(#2955),#2963);
#2955 = ( BOUNDED_CURVE() B_SPLINE_CURVE(2,(#2956,#2957,#2958,#2959,
#2960,#2961,#2962),.UNSPECIFIED.,.T.,.F.) B_SPLINE_CURVE_WITH_KNOTS((1,2
    ,2,2,2,1),(-2.094395102393,0.,2.094395102393,4.188790204786,
6.28318530718,8.377580409573),.UNSPECIFIED.) CURVE() 
GEOMETRIC_REPRESENTATION_ITEM() RATIONAL_B_SPLINE_CURVE((1.,0.5,1.,0.5,
1.,0.5,1.)) REPRESENTATION_ITEM('') );
#2956 = CARTESIAN_POINT('',(66.5,48.3));
#2957 = CARTESIAN_POINT('',(66.5,44.835898384862));
#2958 = CARTESIAN_POINT('',(63.5,46.567949192431));
#2959 = CARTESIAN_POINT('',(60.5,48.3));
#2960 = CARTESIAN_POINT('',(63.5,50.032050807569));
#2961 = CARTESIAN_POINT('',(66.5,51.764101615138));
#2962 = CARTESIAN_POINT('',(66.5,48.3));
#2963 = ( GEOMETRIC_REPRESENTATION_CONTEXT(2) 
PARAMETRIC_REPRESENTATION_CONTEXT() REPRESENTATION_CONTEXT('2D SPACE',''
  ) );
#2964 = PCURVE('',#1196,#2965);
#2965 = DEFINITIONAL_REPRESENTATION('',(#2966),#2970);
#2966 = LINE('',#2967,#2968);
#2967 = CARTESIAN_POINT('',(-6.28318530718,-0.5));
#2968 = VECTOR('',#2969,1.);
#2969 = DIRECTION('',(1.,-0.));
#2970 = ( GEOMETRIC_REPRESENTATION_CONTEXT(2) 
PARAMETRIC_REPRESENTATION_CONTEXT() REPRESENTATION_CONTEXT('2D SPACE',''
  ) );
#2971 = FACE_BOUND('',#2972,.F.);
#2972 = EDGE_LOOP('',(#2973,#3003,#3031,#3059));
#2973 = ORIENTED_EDGE('',*,*,#2974,.T.);
#2974 = EDGE_CURVE('',#2975,#2977,#2979,.T.);
#2975 = VERTEX_POINT('',#2976);
#2976 = CARTESIAN_POINT('',(92.,103.13,4.));
#2977 = VERTEX_POINT('',#2978);
#2978 = CARTESIAN_POINT('',(92.,10.,4.));
#2979 = SURFACE_CURVE('',#2980,(#2984,#2991),.PCURVE_S1.);
#2980 = LINE('',#2981,#2982);
#2981 = CARTESIAN_POINT('',(92.,103.13,4.));
#2982 = VECTOR('',#2983,1.);
#2983 = DIRECTION('',(0.,-1.,1.224646799147E-16));
#2984 = PCURVE('',#72,#2985);
#2985 = DEFINITIONAL_REPRESENTATION('',(#2986),#2990);
#2986 = LINE('',#2987,#2988);
#2987 = CARTESIAN_POINT('',(92.,10.));
#2988 = VECTOR('',#2989,1.);
#2989 = DIRECTION('',(0.,1.));
#2990 = ( GEOMETRIC_REPRESENTATION_CONTEXT(2) 
PARAMETRIC_REPRESENTATION_CONTEXT() REPRESENTATION_CONTEXT('2D SPACE',''
  ) );
#2991 = PCURVE('',#2992,#2997);
#2992 = PLANE('',#2993);
#2993 = AXIS2_PLACEMENT_3D('',#2994,#2995,#2996);
#2994 = CARTESIAN_POINT('',(92.,103.13,7.));
#2995 = DIRECTION('',(1.,0.,0.));
#2996 = DIRECTION('',(0.,-1.224646799147E-16,-1.));
#2997 = DEFINITIONAL_REPRESENTATION('',(#2998),#3002);
#2998 = LINE('',#2999,#3000);
#2999 = CARTESIAN_POINT('',(3.,3.673940397442E-16));
#3000 = VECTOR('',#3001,1.);
#3001 = DIRECTION('',(0.,-1.));
#3002 = ( GEOMETRIC_REPRESENTATION_CONTEXT(2) 
PARAMETRIC_REPRESENTATION_CONTEXT() REPRESENTATION_CONTEXT('2D SPACE',''
  ) );
#3003 = ORIENTED_EDGE('',*,*,#3004,.T.);
#3004 = EDGE_CURVE('',#2977,#3005,#3007,.T.);
#3005 = VERTEX_POINT('',#3006);
#3006 = CARTESIAN_POINT('',(93.6,10.,4.));
#3007 = SURFACE_CURVE('',#3008,(#3012,#3019),.PCURVE_S1.);
#3008 = LINE('',#3009,#3010);
#3009 = CARTESIAN_POINT('',(92.,10.,4.));
#3010 = VECTOR('',#3011,1.);
#3011 = DIRECTION('',(1.,0.,0.));
#3012 = PCURVE('',#72,#3013);
#3013 = DEFINITIONAL_REPRESENTATION('',(#3014),#3018);
#3014 = LINE('',#3015,#3016);
#3015 = CARTESIAN_POINT('',(92.,103.13));
#3016 = VECTOR('',#3017,1.);
#3017 = DIRECTION('',(1.,0.));
#3018 = ( GEOMETRIC_REPRESENTATION_CONTEXT(2) 
PARAMETRIC_REPRESENTATION_CONTEXT() REPRESENTATION_CONTEXT('2D SPACE',''
  ) );
#3019 = PCURVE('',#3020,#3025);
#3020 = PLANE('',#3021);
#3021 = AXIS2_PLACEMENT_3D('',#3022,#3023,#3024);
#3022 = CARTESIAN_POINT('',(92.,10.,7.));
#3023 = DIRECTION('',(0.,-1.,1.224646799147E-16));
#3024 = DIRECTION('',(0.,-1.224646799147E-16,-1.));
#3025 = DEFINITIONAL_REPRESENTATION('',(#3026),#3030);
#3026 = LINE('',#3027,#3028);
#3027 = CARTESIAN_POINT('',(3.,0.));
#3028 = VECTOR('',#3029,1.);
#3029 = DIRECTION('',(0.,1.));
#3030 = ( GEOMETRIC_REPRESENTATION_CONTEXT(2) 
PARAMETRIC_REPRESENTATION_CONTEXT() REPRESENTATION_CONTEXT('2D SPACE',''
  ) );
#3031 = ORIENTED_EDGE('',*,*,#3032,.F.);
#3032 = EDGE_CURVE('',#3033,#3005,#3035,.T.);
#3033 = VERTEX_POINT('',#3034);
#3034 = CARTESIAN_POINT('',(93.6,103.13,4.));
#3035 = SURFACE_CURVE('',#3036,(#3040,#3047),.PCURVE_S1.);
#3036 = LINE('',#3037,#3038);
#3037 = CARTESIAN_POINT('',(93.6,103.13,4.));
#3038 = VECTOR('',#3039,1.);
#3039 = DIRECTION('',(0.,-1.,1.224646799147E-16));
#3040 = PCURVE('',#72,#3041);
#3041 = DEFINITIONAL_REPRESENTATION('',(#3042),#3046);
#3042 = LINE('',#3043,#3044);
#3043 = CARTESIAN_POINT('',(93.6,10.));
#3044 = VECTOR('',#3045,1.);
#3045 = DIRECTION('',(0.,1.));
#3046 = ( GEOMETRIC_REPRESENTATION_CONTEXT(2) 
PARAMETRIC_REPRESENTATION_CONTEXT() REPRESENTATION_CONTEXT('2D SPACE',''
  ) );
#3047 = PCURVE('',#3048,#3053);
#3048 = PLANE('',#3049);
#3049 = AXIS2_PLACEMENT_3D('',#3050,#3051,#3052);
#3050 = CARTESIAN_POINT('',(93.6,103.13,7.));
#3051 = DIRECTION('',(1.,0.,0.));
#3052 = DIRECTION('',(0.,-1.224646799147E-16,-1.));
#3053 = DEFINITIONAL_REPRESENTATION('',(#3054),#3058);
#3054 = LINE('',#3055,#3056);
#3055 = CARTESIAN_POINT('',(3.,3.673940397442E-16));
#3056 = VECTOR('',#3057,1.);
#3057 = DIRECTION('',(0.,-1.));
#3058 = ( GEOMETRIC_REPRESENTATION_CONTEXT(2) 
PARAMETRIC_REPRESENTATION_CONTEXT() REPRESENTATION_CONTEXT('2D SPACE',''
  ) );
#3059 = ORIENTED_EDGE('',*,*,#3060,.F.);
#3060 = EDGE_CURVE('',#2975,#3033,#3061,.T.);
#3061 = SURFACE_CURVE('',#3062,(#3066,#3073),.PCURVE_S1.);
#3062 = LINE('',#3063,#3064);
#3063 = CARTESIAN_POINT('',(92.,103.13,4.));
#3064 = VECTOR('',#3065,1.);
#3065 = DIRECTION('',(1.,0.,0.));
#3066 = PCURVE('',#72,#3067);
#3067 = DEFINITIONAL_REPRESENTATION('',(#3068),#3072);
#3068 = LINE('',#3069,#3070);
#3069 = CARTESIAN_POINT('',(92.,10.));
#3070 = VECTOR('',#3071,1.);
#3071 = DIRECTION('',(1.,0.));
#3072 = ( GEOMETRIC_REPRESENTATION_CONTEXT(2) 
PARAMETRIC_REPRESENTATION_CONTEXT() REPRESENTATION_CONTEXT('2D SPACE',''
  ) );
#3073 = PCURVE('',#3074,#3079);
#3074 = PLANE('',#3075);
#3075 = AXIS2_PLACEMENT_3D('',#3076,#3077,#3078);
#3076 = CARTESIAN_POINT('',(92.,103.13,7.));
#3077 = DIRECTION('',(0.,-1.,1.224646799147E-16));
#3078 = DIRECTION('',(0.,-1.224646799147E-16,-1.));
#3079 = DEFINITIONAL_REPRESENTATION('',(#3080),#3084);
#3080 = LINE('',#3081,#3082);
#3081 = CARTESIAN_POINT('',(3.,0.));
#3082 = VECTOR('',#3083,1.);
#3083 = DIRECTION('',(0.,1.));
#3084 = ( GEOMETRIC_REPRESENTATION_CONTEXT(2) 
PARAMETRIC_REPRESENTATION_CONTEXT() REPRESENTATION_CONTEXT('2D SPACE',''
  ) );
#3085 = FACE_BOUND('',#3086,.F.);
#3086 = EDGE_LOOP('',(#3087));
#3087 = ORIENTED_EDGE('',*,*,#3088,.T.);
#3088 = EDGE_CURVE('',#3089,#3089,#3091,.T.);
#3089 = VERTEX_POINT('',#3090);
#3090 = CARTESIAN_POINT('',(5.4,4.,4.));
#3091 = SURFACE_CURVE('',#3092,(#3097,#3108),.PCURVE_S1.);
#3092 = CIRCLE('',#3093,1.4);
#3093 = AXIS2_PLACEMENT_3D('',#3094,#3095,#3096);
#3094 = CARTESIAN_POINT('',(4.,4.,4.));
#3095 = DIRECTION('',(-0.,1.224646799147E-16,1.));
#3096 = DIRECTION('',(1.,0.,0.));
#3097 = PCURVE('',#72,#3098);
#3098 = DEFINITIONAL_REPRESENTATION('',(#3099),#3107);
#3099 = ( BOUNDED_CURVE() B_SPLINE_CURVE(2,(#3100,#3101,#3102,#3103,
#3104,#3105,#3106),.UNSPECIFIED.,.T.,.F.) B_SPLINE_CURVE_WITH_KNOTS((1,2
    ,2,2,2,1),(-2.094395102393,0.,2.094395102393,4.188790204786,
6.28318530718,8.377580409573),.UNSPECIFIED.) CURVE() 
GEOMETRIC_REPRESENTATION_ITEM() RATIONAL_B_SPLINE_CURVE((1.,0.5,1.,0.5,
1.,0.5,1.)) REPRESENTATION_ITEM('') );
#3100 = CARTESIAN_POINT('',(5.4,109.13));
#3101 = CARTESIAN_POINT('',(5.4,106.7051288694));
#3102 = CARTESIAN_POINT('',(3.3,107.9175644347));
#3103 = CARTESIAN_POINT('',(1.2,109.13));
#3104 = CARTESIAN_POINT('',(3.3,110.34243556529));
#3105 = CARTESIAN_POINT('',(5.4,111.55487113059));
#3106 = CARTESIAN_POINT('',(5.4,109.13));
#3107 = ( GEOMETRIC_REPRESENTATION_CONTEXT(2) 
PARAMETRIC_REPRESENTATION_CONTEXT() REPRESENTATION_CONTEXT('2D SPACE',''
  ) );
#3108 = PCURVE('',#3109,#3114);
#3109 = CYLINDRICAL_SURFACE('',#3110,1.4);
#3110 = AXIS2_PLACEMENT_3D('',#3111,#3112,#3113);
#3111 = CARTESIAN_POINT('',(4.,4.,4.5));
#3112 = DIRECTION('',(-0.,1.224646799147E-16,1.));
#3113 = DIRECTION('',(1.,0.,0.));
#3114 = DEFINITIONAL_REPRESENTATION('',(#3115),#3119);
#3115 = LINE('',#3116,#3117);
#3116 = CARTESIAN_POINT('',(-6.28318530718,-0.5));
#3117 = VECTOR('',#3118,1.);
#3118 = DIRECTION('',(1.,-0.));
#3119 = ( GEOMETRIC_REPRESENTATION_CONTEXT(2) 
PARAMETRIC_REPRESENTATION_CONTEXT() REPRESENTATION_CONTEXT('2D SPACE',''
  ) );
#3120 = FACE_BOUND('',#3121,.F.);
#3121 = EDGE_LOOP('',(#3122,#3147,#3170,#3193));
#3122 = ORIENTED_EDGE('',*,*,#3123,.T.);
#3123 = EDGE_CURVE('',#3124,#3126,#3128,.T.);
#3124 = VERTEX_POINT('',#3125);
#3125 = CARTESIAN_POINT('',(32.,38.415,4.));
#3126 = VERTEX_POINT('',#3127);
#3127 = CARTESIAN_POINT('',(29.,38.415,4.));
#3128 = SURFACE_CURVE('',#3129,(#3133,#3140),.PCURVE_S1.);
#3129 = LINE('',#3130,#3131);
#3130 = CARTESIAN_POINT('',(14.5,38.415,4.));
#3131 = VECTOR('',#3132,1.);
#3132 = DIRECTION('',(-1.,-0.,0.));
#3133 = PCURVE('',#72,#3134);
#3134 = DEFINITIONAL_REPRESENTATION('',(#3135),#3139);
#3135 = LINE('',#3136,#3137);
#3136 = CARTESIAN_POINT('',(14.5,74.715));
#3137 = VECTOR('',#3138,1.);
#3138 = DIRECTION('',(-1.,0.));
#3139 = ( GEOMETRIC_REPRESENTATION_CONTEXT(2) 
PARAMETRIC_REPRESENTATION_CONTEXT() REPRESENTATION_CONTEXT('2D SPACE',''
  ) );
#3140 = PCURVE('',#1263,#3141);
#3141 = DEFINITIONAL_REPRESENTATION('',(#3142),#3146);
#3142 = LINE('',#3143,#3144);
#3143 = CARTESIAN_POINT('',(0.5,-14.5));
#3144 = VECTOR('',#3145,1.);
#3145 = DIRECTION('',(-0.,-1.));
#3146 = ( GEOMETRIC_REPRESENTATION_CONTEXT(2) 
PARAMETRIC_REPRESENTATION_CONTEXT() REPRESENTATION_CONTEXT('2D SPACE',''
  ) );
#3147 = ORIENTED_EDGE('',*,*,#3148,.T.);
#3148 = EDGE_CURVE('',#3126,#3149,#3151,.T.);
#3149 = VERTEX_POINT('',#3150);
#3150 = CARTESIAN_POINT('',(29.,16.415,4.));
#3151 = SURFACE_CURVE('',#3152,(#3156,#3163),.PCURVE_S1.);
#3152 = LINE('',#3153,#3154);
#3153 = CARTESIAN_POINT('',(29.,75.7725,4.));
#3154 = VECTOR('',#3155,1.);
#3155 = DIRECTION('',(0.,-1.,1.224646799147E-16));
#3156 = PCURVE('',#72,#3157);
#3157 = DEFINITIONAL_REPRESENTATION('',(#3158),#3162);
#3158 = LINE('',#3159,#3160);
#3159 = CARTESIAN_POINT('',(29.,37.3575));
#3160 = VECTOR('',#3161,1.);
#3161 = DIRECTION('',(0.,1.));
#3162 = ( GEOMETRIC_REPRESENTATION_CONTEXT(2) 
PARAMETRIC_REPRESENTATION_CONTEXT() REPRESENTATION_CONTEXT('2D SPACE',''
  ) );
#3163 = PCURVE('',#1291,#3164);
#3164 = DEFINITIONAL_REPRESENTATION('',(#3165),#3169);
#3165 = LINE('',#3166,#3167);
#3166 = CARTESIAN_POINT('',(0.5,37.3575));
#3167 = VECTOR('',#3168,1.);
#3168 = DIRECTION('',(0.,-1.));
#3169 = ( GEOMETRIC_REPRESENTATION_CONTEXT(2) 
PARAMETRIC_REPRESENTATION_CONTEXT() REPRESENTATION_CONTEXT('2D SPACE',''
  ) );
#3170 = ORIENTED_EDGE('',*,*,#3171,.F.);
#3171 = EDGE_CURVE('',#3172,#3149,#3174,.T.);
#3172 = VERTEX_POINT('',#3173);
#3173 = CARTESIAN_POINT('',(32.,16.415,4.));
#3174 = SURFACE_CURVE('',#3175,(#3179,#3186),.PCURVE_S1.);
#3175 = LINE('',#3176,#3177);
#3176 = CARTESIAN_POINT('',(14.5,16.415,4.));
#3177 = VECTOR('',#3178,1.);
#3178 = DIRECTION('',(-1.,-0.,0.));
#3179 = PCURVE('',#72,#3180);
#3180 = DEFINITIONAL_REPRESENTATION('',(#3181),#3185);
#3181 = LINE('',#3182,#3183);
#3182 = CARTESIAN_POINT('',(14.5,96.715));
#3183 = VECTOR('',#3184,1.);
#3184 = DIRECTION('',(-1.,0.));
#3185 = ( GEOMETRIC_REPRESENTATION_CONTEXT(2) 
PARAMETRIC_REPRESENTATION_CONTEXT() REPRESENTATION_CONTEXT('2D SPACE',''
  ) );
#3186 = PCURVE('',#1319,#3187);
#3187 = DEFINITIONAL_REPRESENTATION('',(#3188),#3192);
#3188 = LINE('',#3189,#3190);
#3189 = CARTESIAN_POINT('',(0.5,-14.5));
#3190 = VECTOR('',#3191,1.);
#3191 = DIRECTION('',(-0.,-1.));
#3192 = ( GEOMETRIC_REPRESENTATION_CONTEXT(2) 
PARAMETRIC_REPRESENTATION_CONTEXT() REPRESENTATION_CONTEXT('2D SPACE',''
  ) );
#3193 = ORIENTED_EDGE('',*,*,#3194,.F.);
#3194 = EDGE_CURVE('',#3124,#3172,#3195,.T.);
#3195 = SURFACE_CURVE('',#3196,(#3200,#3207),.PCURVE_S1.);
#3196 = LINE('',#3197,#3198);
#3197 = CARTESIAN_POINT('',(32.,75.7725,4.));
#3198 = VECTOR('',#3199,1.);
#3199 = DIRECTION('',(0.,-1.,1.224646799147E-16));
#3200 = PCURVE('',#72,#3201);
#3201 = DEFINITIONAL_REPRESENTATION('',(#3202),#3206);
#3202 = LINE('',#3203,#3204);
#3203 = CARTESIAN_POINT('',(32.,37.3575));
#3204 = VECTOR('',#3205,1.);
#3205 = DIRECTION('',(0.,1.));
#3206 = ( GEOMETRIC_REPRESENTATION_CONTEXT(2) 
PARAMETRIC_REPRESENTATION_CONTEXT() REPRESENTATION_CONTEXT('2D SPACE',''
  ) );
#3207 = PCURVE('',#1345,#3208);
#3208 = DEFINITIONAL_REPRESENTATION('',(#3209),#3213);
#3209 = LINE('',#3210,#3211);
#3210 = CARTESIAN_POINT('',(0.5,37.3575));
#3211 = VECTOR('',#3212,1.);
#3212 = DIRECTION('',(0.,-1.));
#3213 = ( GEOMETRIC_REPRESENTATION_CONTEXT(2) 
PARAMETRIC_REPRESENTATION_CONTEXT() REPRESENTATION_CONTEXT('2D SPACE',''
  ) );
#3214 = FACE_BOUND('',#3215,.F.);
#3215 = EDGE_LOOP('',(#3216,#3241,#3264,#3287));
#3216 = ORIENTED_EDGE('',*,*,#3217,.T.);
#3217 = EDGE_CURVE('',#3218,#3220,#3222,.T.);
#3218 = VERTEX_POINT('',#3219);
#3219 = CARTESIAN_POINT('',(41.,38.415,4.));
#3220 = VERTEX_POINT('',#3221);
#3221 = CARTESIAN_POINT('',(38.,38.415,4.));
#3222 = SURFACE_CURVE('',#3223,(#3227,#3234),.PCURVE_S1.);
#3223 = LINE('',#3224,#3225);
#3224 = CARTESIAN_POINT('',(19.,38.415,4.));
#3225 = VECTOR('',#3226,1.);
#3226 = DIRECTION('',(-1.,-0.,0.));
#3227 = PCURVE('',#72,#3228);
#3228 = DEFINITIONAL_REPRESENTATION('',(#3229),#3233);
#3229 = LINE('',#3230,#3231);
#3230 = CARTESIAN_POINT('',(19.,74.715));
#3231 = VECTOR('',#3232,1.);
#3232 = DIRECTION('',(-1.,0.));
#3233 = ( GEOMETRIC_REPRESENTATION_CONTEXT(2) 
PARAMETRIC_REPRESENTATION_CONTEXT() REPRESENTATION_CONTEXT('2D SPACE',''
  ) );
#3234 = PCURVE('',#1377,#3235);
#3235 = DEFINITIONAL_REPRESENTATION('',(#3236),#3240);
#3236 = LINE('',#3237,#3238);
#3237 = CARTESIAN_POINT('',(0.5,-19.));
#3238 = VECTOR('',#3239,1.);
#3239 = DIRECTION('',(-0.,-1.));
#3240 = ( GEOMETRIC_REPRESENTATION_CONTEXT(2) 
PARAMETRIC_REPRESENTATION_CONTEXT() REPRESENTATION_CONTEXT('2D SPACE',''
  ) );
#3241 = ORIENTED_EDGE('',*,*,#3242,.T.);
#3242 = EDGE_CURVE('',#3220,#3243,#3245,.T.);
#3243 = VERTEX_POINT('',#3244);
#3244 = CARTESIAN_POINT('',(38.,16.415,4.));
#3245 = SURFACE_CURVE('',#3246,(#3250,#3257),.PCURVE_S1.);
#3246 = LINE('',#3247,#3248);
#3247 = CARTESIAN_POINT('',(38.,75.7725,4.));
#3248 = VECTOR('',#3249,1.);
#3249 = DIRECTION('',(0.,-1.,1.224646799147E-16));
#3250 = PCURVE('',#72,#3251);
#3251 = DEFINITIONAL_REPRESENTATION('',(#3252),#3256);
#3252 = LINE('',#3253,#3254);
#3253 = CARTESIAN_POINT('',(38.,37.3575));
#3254 = VECTOR('',#3255,1.);
#3255 = DIRECTION('',(0.,1.));
#3256 = ( GEOMETRIC_REPRESENTATION_CONTEXT(2) 
PARAMETRIC_REPRESENTATION_CONTEXT() REPRESENTATION_CONTEXT('2D SPACE',''
  ) );
#3257 = PCURVE('',#1405,#3258);
#3258 = DEFINITIONAL_REPRESENTATION('',(#3259),#3263);
#3259 = LINE('',#3260,#3261);
#3260 = CARTESIAN_POINT('',(0.5,37.3575));
#3261 = VECTOR('',#3262,1.);
#3262 = DIRECTION('',(0.,-1.));
#3263 = ( GEOMETRIC_REPRESENTATION_CONTEXT(2) 
PARAMETRIC_REPRESENTATION_CONTEXT() REPRESENTATION_CONTEXT('2D SPACE',''
  ) );
#3264 = ORIENTED_EDGE('',*,*,#3265,.F.);
#3265 = EDGE_CURVE('',#3266,#3243,#3268,.T.);
#3266 = VERTEX_POINT('',#3267);
#3267 = CARTESIAN_POINT('',(41.,16.415,4.));
#3268 = SURFACE_CURVE('',#3269,(#3273,#3280),.PCURVE_S1.);
#3269 = LINE('',#3270,#3271);
#3270 = CARTESIAN_POINT('',(19.,16.415,4.));
#3271 = VECTOR('',#3272,1.);
#3272 = DIRECTION('',(-1.,-0.,0.));
#3273 = PCURVE('',#72,#3274);
#3274 = DEFINITIONAL_REPRESENTATION('',(#3275),#3279);
#3275 = LINE('',#3276,#3277);
#3276 = CARTESIAN_POINT('',(19.,96.715));
#3277 = VECTOR('',#3278,1.);
#3278 = DIRECTION('',(-1.,0.));
#3279 = ( GEOMETRIC_REPRESENTATION_CONTEXT(2) 
PARAMETRIC_REPRESENTATION_CONTEXT() REPRESENTATION_CONTEXT('2D SPACE',''
  ) );
#3280 = PCURVE('',#1433,#3281);
#3281 = DEFINITIONAL_REPRESENTATION('',(#3282),#3286);
#3282 = LINE('',#3283,#3284);
#3283 = CARTESIAN_POINT('',(0.5,-19.));
#3284 = VECTOR('',#3285,1.);
#3285 = DIRECTION('',(-0.,-1.));
#3286 = ( GEOMETRIC_REPRESENTATION_CONTEXT(2) 
PARAMETRIC_REPRESENTATION_CONTEXT() REPRESENTATION_CONTEXT('2D SPACE',''
  ) );
#3287 = ORIENTED_EDGE('',*,*,#3288,.F.);
#3288 = EDGE_CURVE('',#3218,#3266,#3289,.T.);
#3289 = SURFACE_CURVE('',#3290,(#3294,#3301),.PCURVE_S1.);
#3290 = LINE('',#3291,#3292);
#3291 = CARTESIAN_POINT('',(41.,75.7725,4.));
#3292 = VECTOR('',#3293,1.);
#3293 = DIRECTION('',(0.,-1.,1.224646799147E-16));
#3294 = PCURVE('',#72,#3295);
#3295 = DEFINITIONAL_REPRESENTATION('',(#3296),#3300);
#3296 = LINE('',#3297,#3298);
#3297 = CARTESIAN_POINT('',(41.,37.3575));
#3298 = VECTOR('',#3299,1.);
#3299 = DIRECTION('',(0.,1.));
#3300 = ( GEOMETRIC_REPRESENTATION_CONTEXT(2) 
PARAMETRIC_REPRESENTATION_CONTEXT() REPRESENTATION_CONTEXT('2D SPACE',''
  ) );
#3301 = PCURVE('',#1459,#3302);
#3302 = DEFINITIONAL_REPRESENTATION('',(#3303),#3307);
#3303 = LINE('',#3304,#3305);
#3304 = CARTESIAN_POINT('',(0.5,37.3575));
#3305 = VECTOR('',#3306,1.);
#3306 = DIRECTION('',(0.,-1.));
#3307 = ( GEOMETRIC_REPRESENTATION_CONTEXT(2) 
PARAMETRIC_REPRESENTATION_CONTEXT() REPRESENTATION_CONTEXT('2D SPACE',''
  ) );
#3308 = FACE_BOUND('',#3309,.F.);
#3309 = EDGE_LOOP('',(#3310,#3335,#3358,#3381));
#3310 = ORIENTED_EDGE('',*,*,#3311,.T.);
#3311 = EDGE_CURVE('',#3312,#3314,#3316,.T.);
#3312 = VERTEX_POINT('',#3313);
#3313 = CARTESIAN_POINT('',(50.,38.415,4.));
#3314 = VERTEX_POINT('',#3315);
#3315 = CARTESIAN_POINT('',(47.,38.415,4.));
#3316 = SURFACE_CURVE('',#3317,(#3321,#3328),.PCURVE_S1.);
#3317 = LINE('',#3318,#3319);
#3318 = CARTESIAN_POINT('',(23.5,38.415,4.));
#3319 = VECTOR('',#3320,1.);
#3320 = DIRECTION('',(-1.,-0.,0.));
#3321 = PCURVE('',#72,#3322);
#3322 = DEFINITIONAL_REPRESENTATION('',(#3323),#3327);
#3323 = LINE('',#3324,#3325);
#3324 = CARTESIAN_POINT('',(23.5,74.715));
#3325 = VECTOR('',#3326,1.);
#3326 = DIRECTION('',(-1.,0.));
#3327 = ( GEOMETRIC_REPRESENTATION_CONTEXT(2) 
PARAMETRIC_REPRESENTATION_CONTEXT() REPRESENTATION_CONTEXT('2D SPACE',''
  ) );
#3328 = PCURVE('',#1491,#3329);
#3329 = DEFINITIONAL_REPRESENTATION('',(#3330),#3334);
#3330 = LINE('',#3331,#3332);
#3331 = CARTESIAN_POINT('',(0.5,-23.5));
#3332 = VECTOR('',#3333,1.);
#3333 = DIRECTION('',(-0.,-1.));
#3334 = ( GEOMETRIC_REPRESENTATION_CONTEXT(2) 
PARAMETRIC_REPRESENTATION_CONTEXT() REPRESENTATION_CONTEXT('2D SPACE',''
  ) );
#3335 = ORIENTED_EDGE('',*,*,#3336,.T.);
#3336 = EDGE_CURVE('',#3314,#3337,#3339,.T.);
#3337 = VERTEX_POINT('',#3338);
#3338 = CARTESIAN_POINT('',(47.,16.415,4.));
#3339 = SURFACE_CURVE('',#3340,(#3344,#3351),.PCURVE_S1.);
#3340 = LINE('',#3341,#3342);
#3341 = CARTESIAN_POINT('',(47.,75.7725,4.));
#3342 = VECTOR('',#3343,1.);
#3343 = DIRECTION('',(0.,-1.,1.224646799147E-16));
#3344 = PCURVE('',#72,#3345);
#3345 = DEFINITIONAL_REPRESENTATION('',(#3346),#3350);
#3346 = LINE('',#3347,#3348);
#3347 = CARTESIAN_POINT('',(47.,37.3575));
#3348 = VECTOR('',#3349,1.);
#3349 = DIRECTION('',(0.,1.));
#3350 = ( GEOMETRIC_REPRESENTATION_CONTEXT(2) 
PARAMETRIC_REPRESENTATION_CONTEXT() REPRESENTATION_CONTEXT('2D SPACE',''
  ) );
#3351 = PCURVE('',#1519,#3352);
#3352 = DEFINITIONAL_REPRESENTATION('',(#3353),#3357);
#3353 = LINE('',#3354,#3355);
#3354 = CARTESIAN_POINT('',(0.5,37.3575));
#3355 = VECTOR('',#3356,1.);
#3356 = DIRECTION('',(0.,-1.));
#3357 = ( GEOMETRIC_REPRESENTATION_CONTEXT(2) 
PARAMETRIC_REPRESENTATION_CONTEXT() REPRESENTATION_CONTEXT('2D SPACE',''
  ) );
#3358 = ORIENTED_EDGE('',*,*,#3359,.F.);
#3359 = EDGE_CURVE('',#3360,#3337,#3362,.T.);
#3360 = VERTEX_POINT('',#3361);
#3361 = CARTESIAN_POINT('',(50.,16.415,4.));
#3362 = SURFACE_CURVE('',#3363,(#3367,#3374),.PCURVE_S1.);
#3363 = LINE('',#3364,#3365);
#3364 = CARTESIAN_POINT('',(23.5,16.415,4.));
#3365 = VECTOR('',#3366,1.);
#3366 = DIRECTION('',(-1.,-0.,0.));
#3367 = PCURVE('',#72,#3368);
#3368 = DEFINITIONAL_REPRESENTATION('',(#3369),#3373);
#3369 = LINE('',#3370,#3371);
#3370 = CARTESIAN_POINT('',(23.5,96.715));
#3371 = VECTOR('',#3372,1.);
#3372 = DIRECTION('',(-1.,0.));
#3373 = ( GEOMETRIC_REPRESENTATION_CONTEXT(2) 
PARAMETRIC_REPRESENTATION_CONTEXT() REPRESENTATION_CONTEXT('2D SPACE',''
  ) );
#3374 = PCURVE('',#1547,#3375);
#3375 = DEFINITIONAL_REPRESENTATION('',(#3376),#3380);
#3376 = LINE('',#3377,#3378);
#3377 = CARTESIAN_POINT('',(0.5,-23.5));
#3378 = VECTOR('',#3379,1.);
#3379 = DIRECTION('',(-0.,-1.));
#3380 = ( GEOMETRIC_REPRESENTATION_CONTEXT(2) 
PARAMETRIC_REPRESENTATION_CONTEXT() REPRESENTATION_CONTEXT('2D SPACE',''
  ) );
#3381 = ORIENTED_EDGE('',*,*,#3382,.F.);
#3382 = EDGE_CURVE('',#3312,#3360,#3383,.T.);
#3383 = SURFACE_CURVE('',#3384,(#3388,#3395),.PCURVE_S1.);
#3384 = LINE('',#3385,#3386);
#3385 = CARTESIAN_POINT('',(50.,75.7725,4.));
#3386 = VECTOR('',#3387,1.);
#3387 = DIRECTION('',(0.,-1.,1.224646799147E-16));
#3388 = PCURVE('',#72,#3389);
#3389 = DEFINITIONAL_REPRESENTATION('',(#3390),#3394);
#3390 = LINE('',#3391,#3392);
#3391 = CARTESIAN_POINT('',(50.,37.3575));
#3392 = VECTOR('',#3393,1.);
#3393 = DIRECTION('',(0.,1.));
#3394 = ( GEOMETRIC_REPRESENTATION_CONTEXT(2) 
PARAMETRIC_REPRESENTATION_CONTEXT() REPRESENTATION_CONTEXT('2D SPACE',''
  ) );
#3395 = PCURVE('',#1573,#3396);
#3396 = DEFINITIONAL_REPRESENTATION('',(#3397),#3401);
#3397 = LINE('',#3398,#3399);
#3398 = CARTESIAN_POINT('',(0.5,37.3575));
#3399 = VECTOR('',#3400,1.);
#3400 = DIRECTION('',(0.,-1.));
#3401 = ( GEOMETRIC_REPRESENTATION_CONTEXT(2) 
PARAMETRIC_REPRESENTATION_CONTEXT() REPRESENTATION_CONTEXT('2D SPACE',''
  ) );
#3402 = FACE_BOUND('',#3403,.F.);
#3403 = EDGE_LOOP('',(#3404,#3434,#3462,#3490));
#3404 = ORIENTED_EDGE('',*,*,#3405,.T.);
#3405 = EDGE_CURVE('',#3406,#3408,#3410,.T.);
#3406 = VERTEX_POINT('',#3407);
#3407 = CARTESIAN_POINT('',(10.,5.,4.));
#3408 = VERTEX_POINT('',#3409);
#3409 = CARTESIAN_POINT('',(10.,3.4,4.));
#3410 = SURFACE_CURVE('',#3411,(#3415,#3422),.PCURVE_S1.);
#3411 = LINE('',#3412,#3413);
#3412 = CARTESIAN_POINT('',(10.,5.,4.));
#3413 = VECTOR('',#3414,1.);
#3414 = DIRECTION('',(0.,-1.,1.224646799147E-16));
#3415 = PCURVE('',#72,#3416);
#3416 = DEFINITIONAL_REPRESENTATION('',(#3417),#3421);
#3417 = LINE('',#3418,#3419);
#3418 = CARTESIAN_POINT('',(10.,108.13));
#3419 = VECTOR('',#3420,1.);
#3420 = DIRECTION('',(0.,1.));
#3421 = ( GEOMETRIC_REPRESENTATION_CONTEXT(2) 
PARAMETRIC_REPRESENTATION_CONTEXT() REPRESENTATION_CONTEXT('2D SPACE',''
  ) );
#3422 = PCURVE('',#3423,#3428);
#3423 = PLANE('',#3424);
#3424 = AXIS2_PLACEMENT_3D('',#3425,#3426,#3427);
#3425 = CARTESIAN_POINT('',(10.,5.,7.));
#3426 = DIRECTION('',(1.,0.,0.));
#3427 = DIRECTION('',(0.,-1.224646799147E-16,-1.));
#3428 = DEFINITIONAL_REPRESENTATION('',(#3429),#3433);
#3429 = LINE('',#3430,#3431);
#3430 = CARTESIAN_POINT('',(3.,3.673940397442E-16));
#3431 = VECTOR('',#3432,1.);
#3432 = DIRECTION('',(0.,-1.));
#3433 = ( GEOMETRIC_REPRESENTATION_CONTEXT(2) 
PARAMETRIC_REPRESENTATION_CONTEXT() REPRESENTATION_CONTEXT('2D SPACE',''
  ) );
#3434 = ORIENTED_EDGE('',*,*,#3435,.T.);
#3435 = EDGE_CURVE('',#3408,#3436,#3438,.T.);
#3436 = VERTEX_POINT('',#3437);
#3437 = CARTESIAN_POINT('',(87.,3.4,4.));
#3438 = SURFACE_CURVE('',#3439,(#3443,#3450),.PCURVE_S1.);
#3439 = LINE('',#3440,#3441);
#3440 = CARTESIAN_POINT('',(10.,3.4,4.));
#3441 = VECTOR('',#3442,1.);
#3442 = DIRECTION('',(1.,0.,0.));
#3443 = PCURVE('',#72,#3444);
#3444 = DEFINITIONAL_REPRESENTATION('',(#3445),#3449);
#3445 = LINE('',#3446,#3447);
#3446 = CARTESIAN_POINT('',(10.,109.73));
#3447 = VECTOR('',#3448,1.);
#3448 = DIRECTION('',(1.,0.));
#3449 = ( GEOMETRIC_REPRESENTATION_CONTEXT(2) 
PARAMETRIC_REPRESENTATION_CONTEXT() REPRESENTATION_CONTEXT('2D SPACE',''
  ) );
#3450 = PCURVE('',#3451,#3456);
#3451 = PLANE('',#3452);
#3452 = AXIS2_PLACEMENT_3D('',#3453,#3454,#3455);
#3453 = CARTESIAN_POINT('',(10.,3.4,7.));
#3454 = DIRECTION('',(0.,-1.,1.224646799147E-16));
#3455 = DIRECTION('',(0.,-1.224646799147E-16,-1.));
#3456 = DEFINITIONAL_REPRESENTATION('',(#3457),#3461);
#3457 = LINE('',#3458,#3459);
#3458 = CARTESIAN_POINT('',(3.,0.));
#3459 = VECTOR('',#3460,1.);
#3460 = DIRECTION('',(0.,1.));
#3461 = ( GEOMETRIC_REPRESENTATION_CONTEXT(2) 
PARAMETRIC_REPRESENTATION_CONTEXT() REPRESENTATION_CONTEXT('2D SPACE',''
  ) );
#3462 = ORIENTED_EDGE('',*,*,#3463,.F.);
#3463 = EDGE_CURVE('',#3464,#3436,#3466,.T.);
#3464 = VERTEX_POINT('',#3465);
#3465 = CARTESIAN_POINT('',(87.,5.,4.));
#3466 = SURFACE_CURVE('',#3467,(#3471,#3478),.PCURVE_S1.);
#3467 = LINE('',#3468,#3469);
#3468 = CARTESIAN_POINT('',(87.,5.,4.));
#3469 = VECTOR('',#3470,1.);
#3470 = DIRECTION('',(0.,-1.,1.224646799147E-16));
#3471 = PCURVE('',#72,#3472);
#3472 = DEFINITIONAL_REPRESENTATION('',(#3473),#3477);
#3473 = LINE('',#3474,#3475);
#3474 = CARTESIAN_POINT('',(87.,108.13));
#3475 = VECTOR('',#3476,1.);
#3476 = DIRECTION('',(0.,1.));
#3477 = ( GEOMETRIC_REPRESENTATION_CONTEXT(2) 
PARAMETRIC_REPRESENTATION_CONTEXT() REPRESENTATION_CONTEXT('2D SPACE',''
  ) );
#3478 = PCURVE('',#3479,#3484);
#3479 = PLANE('',#3480);
#3480 = AXIS2_PLACEMENT_3D('',#3481,#3482,#3483);
#3481 = CARTESIAN_POINT('',(87.,5.,7.));
#3482 = DIRECTION('',(1.,0.,0.));
#3483 = DIRECTION('',(0.,-1.224646799147E-16,-1.));
#3484 = DEFINITIONAL_REPRESENTATION('',(#3485),#3489);
#3485 = LINE('',#3486,#3487);
#3486 = CARTESIAN_POINT('',(3.,3.673940397442E-16));
#3487 = VECTOR('',#3488,1.);
#3488 = DIRECTION('',(0.,-1.));
#3489 = ( GEOMETRIC_REPRESENTATION_CONTEXT(2) 
PARAMETRIC_REPRESENTATION_CONTEXT() REPRESENTATION_CONTEXT('2D SPACE',''
  ) );
#3490 = ORIENTED_EDGE('',*,*,#3491,.F.);
#3491 = EDGE_CURVE('',#3406,#3464,#3492,.T.);
#3492 = SURFACE_CURVE('',#3493,(#3497,#3504),.PCURVE_S1.);
#3493 = LINE('',#3494,#3495);
#3494 = CARTESIAN_POINT('',(10.,5.,4.));
#3495 = VECTOR('',#3496,1.);
#3496 = DIRECTION('',(1.,0.,0.));
#3497 = PCURVE('',#72,#3498);
#3498 = DEFINITIONAL_REPRESENTATION('',(#3499),#3503);
#3499 = LINE('',#3500,#3501);
#3500 = CARTESIAN_POINT('',(10.,108.13));
#3501 = VECTOR('',#3502,1.);
#3502 = DIRECTION('',(1.,0.));
#3503 = ( GEOMETRIC_REPRESENTATION_CONTEXT(2) 
PARAMETRIC_REPRESENTATION_CONTEXT() REPRESENTATION_CONTEXT('2D SPACE',''
  ) );
#3504 = PCURVE('',#3505,#3510);
#3505 = PLANE('',#3506);
#3506 = AXIS2_PLACEMENT_3D('',#3507,#3508,#3509);
#3507 = CARTESIAN_POINT('',(10.,5.,7.));
#3508 = DIRECTION('',(0.,-1.,1.224646799147E-16));
#3509 = DIRECTION('',(0.,-1.224646799147E-16,-1.));
#3510 = DEFINITIONAL_REPRESENTATION('',(#3511),#3515);
#3511 = LINE('',#3512,#3513);
#3512 = CARTESIAN_POINT('',(3.,0.));
#3513 = VECTOR('',#3514,1.);
#3514 = DIRECTION('',(0.,1.));
#3515 = ( GEOMETRIC_REPRESENTATION_CONTEXT(2) 
PARAMETRIC_REPRESENTATION_CONTEXT() REPRESENTATION_CONTEXT('2D SPACE',''
  ) );
#3516 = FACE_BOUND('',#3517,.F.);
#3517 = EDGE_LOOP('',(#3518,#3543,#3566,#3589));
#3518 = ORIENTED_EDGE('',*,*,#3519,.T.);
#3519 = EDGE_CURVE('',#3520,#3522,#3524,.T.);
#3520 = VERTEX_POINT('',#3521);
#3521 = CARTESIAN_POINT('',(59.,38.415,4.));
#3522 = VERTEX_POINT('',#3523);
#3523 = CARTESIAN_POINT('',(56.,38.415,4.));
#3524 = SURFACE_CURVE('',#3525,(#3529,#3536),.PCURVE_S1.);
#3525 = LINE('',#3526,#3527);
#3526 = CARTESIAN_POINT('',(28.,38.415,4.));
#3527 = VECTOR('',#3528,1.);
#3528 = DIRECTION('',(-1.,-0.,0.));
#3529 = PCURVE('',#72,#3530);
#3530 = DEFINITIONAL_REPRESENTATION('',(#3531),#3535);
#3531 = LINE('',#3532,#3533);
#3532 = CARTESIAN_POINT('',(28.,74.715));
#3533 = VECTOR('',#3534,1.);
#3534 = DIRECTION('',(-1.,0.));
#3535 = ( GEOMETRIC_REPRESENTATION_CONTEXT(2) 
PARAMETRIC_REPRESENTATION_CONTEXT() REPRESENTATION_CONTEXT('2D SPACE',''
  ) );
#3536 = PCURVE('',#1605,#3537);
#3537 = DEFINITIONAL_REPRESENTATION('',(#3538),#3542);
#3538 = LINE('',#3539,#3540);
#3539 = CARTESIAN_POINT('',(0.5,-28.));
#3540 = VECTOR('',#3541,1.);
#3541 = DIRECTION('',(-0.,-1.));
#3542 = ( GEOMETRIC_REPRESENTATION_CONTEXT(2) 
PARAMETRIC_REPRESENTATION_CONTEXT() REPRESENTATION_CONTEXT('2D SPACE',''
  ) );
#3543 = ORIENTED_EDGE('',*,*,#3544,.T.);
#3544 = EDGE_CURVE('',#3522,#3545,#3547,.T.);
#3545 = VERTEX_POINT('',#3546);
#3546 = CARTESIAN_POINT('',(56.,16.415,4.));
#3547 = SURFACE_CURVE('',#3548,(#3552,#3559),.PCURVE_S1.);
#3548 = LINE('',#3549,#3550);
#3549 = CARTESIAN_POINT('',(56.,75.7725,4.));
#3550 = VECTOR('',#3551,1.);
#3551 = DIRECTION('',(0.,-1.,1.224646799147E-16));
#3552 = PCURVE('',#72,#3553);
#3553 = DEFINITIONAL_REPRESENTATION('',(#3554),#3558);
#3554 = LINE('',#3555,#3556);
#3555 = CARTESIAN_POINT('',(56.,37.3575));
#3556 = VECTOR('',#3557,1.);
#3557 = DIRECTION('',(0.,1.));
#3558 = ( GEOMETRIC_REPRESENTATION_CONTEXT(2) 
PARAMETRIC_REPRESENTATION_CONTEXT() REPRESENTATION_CONTEXT('2D SPACE',''
  ) );
#3559 = PCURVE('',#1633,#3560);
#3560 = DEFINITIONAL_REPRESENTATION('',(#3561),#3565);
#3561 = LINE('',#3562,#3563);
#3562 = CARTESIAN_POINT('',(0.5,37.3575));
#3563 = VECTOR('',#3564,1.);
#3564 = DIRECTION('',(0.,-1.));
#3565 = ( GEOMETRIC_REPRESENTATION_CONTEXT(2) 
PARAMETRIC_REPRESENTATION_CONTEXT() REPRESENTATION_CONTEXT('2D SPACE',''
  ) );
#3566 = ORIENTED_EDGE('',*,*,#3567,.F.);
#3567 = EDGE_CURVE('',#3568,#3545,#3570,.T.);
#3568 = VERTEX_POINT('',#3569);
#3569 = CARTESIAN_POINT('',(59.,16.415,4.));
#3570 = SURFACE_CURVE('',#3571,(#3575,#3582),.PCURVE_S1.);
#3571 = LINE('',#3572,#3573);
#3572 = CARTESIAN_POINT('',(28.,16.415,4.));
#3573 = VECTOR('',#3574,1.);
#3574 = DIRECTION('',(-1.,-0.,0.));
#3575 = PCURVE('',#72,#3576);
#3576 = DEFINITIONAL_REPRESENTATION('',(#3577),#3581);
#3577 = LINE('',#3578,#3579);
#3578 = CARTESIAN_POINT('',(28.,96.715));
#3579 = VECTOR('',#3580,1.);
#3580 = DIRECTION('',(-1.,0.));
#3581 = ( GEOMETRIC_REPRESENTATION_CONTEXT(2) 
PARAMETRIC_REPRESENTATION_CONTEXT() REPRESENTATION_CONTEXT('2D SPACE',''
  ) );
#3582 = PCURVE('',#1661,#3583);
#3583 = DEFINITIONAL_REPRESENTATION('',(#3584),#3588);
#3584 = LINE('',#3585,#3586);
#3585 = CARTESIAN_POINT('',(0.5,-28.));
#3586 = VECTOR('',#3587,1.);
#3587 = DIRECTION('',(-0.,-1.));
#3588 = ( GEOMETRIC_REPRESENTATION_CONTEXT(2) 
PARAMETRIC_REPRESENTATION_CONTEXT() REPRESENTATION_CONTEXT('2D SPACE',''
  ) );
#3589 = ORIENTED_EDGE('',*,*,#3590,.F.);
#3590 = EDGE_CURVE('',#3520,#3568,#3591,.T.);
#3591 = SURFACE_CURVE('',#3592,(#3596,#3603),.PCURVE_S1.);
#3592 = LINE('',#3593,#3594);
#3593 = CARTESIAN_POINT('',(59.,75.7725,4.));
#3594 = VECTOR('',#3595,1.);
#3595 = DIRECTION('',(0.,-1.,1.224646799147E-16));
#3596 = PCURVE('',#72,#3597);
#3597 = DEFINITIONAL_REPRESENTATION('',(#3598),#3602);
#3598 = LINE('',#3599,#3600);
#3599 = CARTESIAN_POINT('',(59.,37.3575));
#3600 = VECTOR('',#3601,1.);
#3601 = DIRECTION('',(0.,1.));
#3602 = ( GEOMETRIC_REPRESENTATION_CONTEXT(2) 
PARAMETRIC_REPRESENTATION_CONTEXT() REPRESENTATION_CONTEXT('2D SPACE',''
  ) );
#3603 = PCURVE('',#1687,#3604);
#3604 = DEFINITIONAL_REPRESENTATION('',(#3605),#3609);
#3605 = LINE('',#3606,#3607);
#3606 = CARTESIAN_POINT('',(0.5,37.3575));
#3607 = VECTOR('',#3608,1.);
#3608 = DIRECTION('',(0.,-1.));
#3609 = ( GEOMETRIC_REPRESENTATION_CONTEXT(2) 
PARAMETRIC_REPRESENTATION_CONTEXT() REPRESENTATION_CONTEXT('2D SPACE',''
  ) );
#3610 = FACE_BOUND('',#3611,.F.);
#3611 = EDGE_LOOP('',(#3612,#3637,#3660,#3683));
#3612 = ORIENTED_EDGE('',*,*,#3613,.T.);
#3613 = EDGE_CURVE('',#3614,#3616,#3618,.T.);
#3614 = VERTEX_POINT('',#3615);
#3615 = CARTESIAN_POINT('',(68.,38.415,4.));
#3616 = VERTEX_POINT('',#3617);
#3617 = CARTESIAN_POINT('',(65.,38.415,4.));
#3618 = SURFACE_CURVE('',#3619,(#3623,#3630),.PCURVE_S1.);
#3619 = LINE('',#3620,#3621);
#3620 = CARTESIAN_POINT('',(32.5,38.415,4.));
#3621 = VECTOR('',#3622,1.);
#3622 = DIRECTION('',(-1.,-0.,0.));
#3623 = PCURVE('',#72,#3624);
#3624 = DEFINITIONAL_REPRESENTATION('',(#3625),#3629);
#3625 = LINE('',#3626,#3627);
#3626 = CARTESIAN_POINT('',(32.5,74.715));
#3627 = VECTOR('',#3628,1.);
#3628 = DIRECTION('',(-1.,0.));
#3629 = ( GEOMETRIC_REPRESENTATION_CONTEXT(2) 
PARAMETRIC_REPRESENTATION_CONTEXT() REPRESENTATION_CONTEXT('2D SPACE',''
  ) );
#3630 = PCURVE('',#1719,#3631);
#3631 = DEFINITIONAL_REPRESENTATION('',(#3632),#3636);
#3632 = LINE('',#3633,#3634);
#3633 = CARTESIAN_POINT('',(0.5,-32.5));
#3634 = VECTOR('',#3635,1.);
#3635 = DIRECTION('',(-0.,-1.));
#3636 = ( GEOMETRIC_REPRESENTATION_CONTEXT(2) 
PARAMETRIC_REPRESENTATION_CONTEXT() REPRESENTATION_CONTEXT('2D SPACE',''
  ) );
#3637 = ORIENTED_EDGE('',*,*,#3638,.T.);
#3638 = EDGE_CURVE('',#3616,#3639,#3641,.T.);
#3639 = VERTEX_POINT('',#3640);
#3640 = CARTESIAN_POINT('',(65.,16.415,4.));
#3641 = SURFACE_CURVE('',#3642,(#3646,#3653),.PCURVE_S1.);
#3642 = LINE('',#3643,#3644);
#3643 = CARTESIAN_POINT('',(65.,75.7725,4.));
#3644 = VECTOR('',#3645,1.);
#3645 = DIRECTION('',(0.,-1.,1.224646799147E-16));
#3646 = PCURVE('',#72,#3647);
#3647 = DEFINITIONAL_REPRESENTATION('',(#3648),#3652);
#3648 = LINE('',#3649,#3650);
#3649 = CARTESIAN_POINT('',(65.,37.3575));
#3650 = VECTOR('',#3651,1.);
#3651 = DIRECTION('',(0.,1.));
#3652 = ( GEOMETRIC_REPRESENTATION_CONTEXT(2) 
PARAMETRIC_REPRESENTATION_CONTEXT() REPRESENTATION_CONTEXT('2D SPACE',''
  ) );
#3653 = PCURVE('',#1747,#3654);
#3654 = DEFINITIONAL_REPRESENTATION('',(#3655),#3659);
#3655 = LINE('',#3656,#3657);
#3656 = CARTESIAN_POINT('',(0.5,37.3575));
#3657 = VECTOR('',#3658,1.);
#3658 = DIRECTION('',(0.,-1.));
#3659 = ( GEOMETRIC_REPRESENTATION_CONTEXT(2) 
PARAMETRIC_REPRESENTATION_CONTEXT() REPRESENTATION_CONTEXT('2D SPACE',''
  ) );
#3660 = ORIENTED_EDGE('',*,*,#3661,.F.);
#3661 = EDGE_CURVE('',#3662,#3639,#3664,.T.);
#3662 = VERTEX_POINT('',#3663);
#3663 = CARTESIAN_POINT('',(68.,16.415,4.));
#3664 = SURFACE_CURVE('',#3665,(#3669,#3676),.PCURVE_S1.);
#3665 = LINE('',#3666,#3667);
#3666 = CARTESIAN_POINT('',(32.5,16.415,4.));
#3667 = VECTOR('',#3668,1.);
#3668 = DIRECTION('',(-1.,-0.,0.));
#3669 = PCURVE('',#72,#3670);
#3670 = DEFINITIONAL_REPRESENTATION('',(#3671),#3675);
#3671 = LINE('',#3672,#3673);
#3672 = CARTESIAN_POINT('',(32.5,96.715));
#3673 = VECTOR('',#3674,1.);
#3674 = DIRECTION('',(-1.,0.));
#3675 = ( GEOMETRIC_REPRESENTATION_CONTEXT(2) 
PARAMETRIC_REPRESENTATION_CONTEXT() REPRESENTATION_CONTEXT('2D SPACE',''
  ) );
#3676 = PCURVE('',#1775,#3677);
#3677 = DEFINITIONAL_REPRESENTATION('',(#3678),#3682);
#3678 = LINE('',#3679,#3680);
#3679 = CARTESIAN_POINT('',(0.5,-32.5));
#3680 = VECTOR('',#3681,1.);
#3681 = DIRECTION('',(-0.,-1.));
#3682 = ( GEOMETRIC_REPRESENTATION_CONTEXT(2) 
PARAMETRIC_REPRESENTATION_CONTEXT() REPRESENTATION_CONTEXT('2D SPACE',''
  ) );
#3683 = ORIENTED_EDGE('',*,*,#3684,.F.);
#3684 = EDGE_CURVE('',#3614,#3662,#3685,.T.);
#3685 = SURFACE_CURVE('',#3686,(#3690,#3697),.PCURVE_S1.);
#3686 = LINE('',#3687,#3688);
#3687 = CARTESIAN_POINT('',(68.,75.7725,4.));
#3688 = VECTOR('',#3689,1.);
#3689 = DIRECTION('',(0.,-1.,1.224646799147E-16));
#3690 = PCURVE('',#72,#3691);
#3691 = DEFINITIONAL_REPRESENTATION('',(#3692),#3696);
#3692 = LINE('',#3693,#3694);
#3693 = CARTESIAN_POINT('',(68.,37.3575));
#3694 = VECTOR('',#3695,1.);
#3695 = DIRECTION('',(0.,1.));
#3696 = ( GEOMETRIC_REPRESENTATION_CONTEXT(2) 
PARAMETRIC_REPRESENTATION_CONTEXT() REPRESENTATION_CONTEXT('2D SPACE',''
  ) );
#3697 = PCURVE('',#1801,#3698);
#3698 = DEFINITIONAL_REPRESENTATION('',(#3699),#3703);
#3699 = LINE('',#3700,#3701);
#3700 = CARTESIAN_POINT('',(0.5,37.3575));
#3701 = VECTOR('',#3702,1.);
#3702 = DIRECTION('',(0.,-1.));
#3703 = ( GEOMETRIC_REPRESENTATION_CONTEXT(2) 
PARAMETRIC_REPRESENTATION_CONTEXT() REPRESENTATION_CONTEXT('2D SPACE',''
  ) );
#3704 = FACE_BOUND('',#3705,.F.);
#3705 = EDGE_LOOP('',(#3706));
#3706 = ORIENTED_EDGE('',*,*,#3707,.T.);
#3707 = EDGE_CURVE('',#3708,#3708,#3710,.T.);
#3708 = VERTEX_POINT('',#3709);
#3709 = CARTESIAN_POINT('',(94.4,4.,4.));
#3710 = SURFACE_CURVE('',#3711,(#3716,#3727),.PCURVE_S1.);
#3711 = CIRCLE('',#3712,1.4);
#3712 = AXIS2_PLACEMENT_3D('',#3713,#3714,#3715);
#3713 = CARTESIAN_POINT('',(93.,4.,4.));
#3714 = DIRECTION('',(-0.,1.224646799147E-16,1.));
#3715 = DIRECTION('',(1.,0.,0.));
#3716 = PCURVE('',#72,#3717);
#3717 = DEFINITIONAL_REPRESENTATION('',(#3718),#3726);
#3718 = ( BOUNDED_CURVE() B_SPLINE_CURVE(2,(#3719,#3720,#3721,#3722,
#3723,#3724,#3725),.UNSPECIFIED.,.T.,.F.) B_SPLINE_CURVE_WITH_KNOTS((1,2
    ,2,2,2,1),(-2.094395102393,0.,2.094395102393,4.188790204786,
6.28318530718,8.377580409573),.UNSPECIFIED.) CURVE() 
GEOMETRIC_REPRESENTATION_ITEM() RATIONAL_B_SPLINE_CURVE((1.,0.5,1.,0.5,
1.,0.5,1.)) REPRESENTATION_ITEM('') );
#3719 = CARTESIAN_POINT('',(94.4,109.13));
#3720 = CARTESIAN_POINT('',(94.4,106.7051288694));
#3721 = CARTESIAN_POINT('',(92.3,107.9175644347));
#3722 = CARTESIAN_POINT('',(90.2,109.13));
#3723 = CARTESIAN_POINT('',(92.3,110.34243556529));
#3724 = CARTESIAN_POINT('',(94.4,111.55487113059));
#3725 = CARTESIAN_POINT('',(94.4,109.13));
#3726 = ( GEOMETRIC_REPRESENTATION_CONTEXT(2) 
PARAMETRIC_REPRESENTATION_CONTEXT() REPRESENTATION_CONTEXT('2D SPACE',''
  ) );
#3727 = PCURVE('',#3728,#3733);
#3728 = CYLINDRICAL_SURFACE('',#3729,1.4);
#3729 = AXIS2_PLACEMENT_3D('',#3730,#3731,#3732);
#3730 = CARTESIAN_POINT('',(93.,4.,4.5));
#3731 = DIRECTION('',(-0.,1.224646799147E-16,1.));
#3732 = DIRECTION('',(1.,0.,0.));
#3733 = DEFINITIONAL_REPRESENTATION('',(#3734),#3738);
#3734 = LINE('',#3735,#3736);
#3735 = CARTESIAN_POINT('',(-6.28318530718,-0.5));
#3736 = VECTOR('',#3737,1.);
#3737 = DIRECTION('',(1.,-0.));
#3738 = ( GEOMETRIC_REPRESENTATION_CONTEXT(2) 
PARAMETRIC_REPRESENTATION_CONTEXT() REPRESENTATION_CONTEXT('2D SPACE',''
  ) );
#3739 = ADVANCED_FACE('',(#3740),#202,.T.);
#3740 = FACE_BOUND('',#3741,.T.);
#3741 = EDGE_LOOP('',(#3742,#3743,#3744,#3745));
#3742 = ORIENTED_EDGE('',*,*,#188,.F.);
#3743 = ORIENTED_EDGE('',*,*,#1902,.T.);
#3744 = ORIENTED_EDGE('',*,*,#1876,.T.);
#3745 = ORIENTED_EDGE('',*,*,#219,.F.);
#3746 = ADVANCED_FACE('',(#3747),#286,.F.);
#3747 = FACE_BOUND('',#3748,.T.);
#3748 = EDGE_LOOP('',(#3749,#3778,#3799,#3800));
#3749 = ORIENTED_EDGE('',*,*,#3750,.F.);
#3750 = EDGE_CURVE('',#3751,#3751,#3753,.T.);
#3751 = VERTEX_POINT('',#3752);
#3752 = CARTESIAN_POINT('',(6.5,109.13,2.6));
#3753 = SURFACE_CURVE('',#3754,(#3759,#3766),.PCURVE_S1.);
#3754 = CIRCLE('',#3755,2.5);
#3755 = AXIS2_PLACEMENT_3D('',#3756,#3757,#3758);
#3756 = CARTESIAN_POINT('',(4.,109.13,2.6));
#3757 = DIRECTION('',(0.,-1.224646799147E-16,-1.));
#3758 = DIRECTION('',(1.,0.,0.));
#3759 = PCURVE('',#286,#3760);
#3760 = DEFINITIONAL_REPRESENTATION('',(#3761),#3765);
#3761 = LINE('',#3762,#3763);
#3762 = CARTESIAN_POINT('',(-0.,0.));
#3763 = VECTOR('',#3764,1.);
#3764 = DIRECTION('',(-1.,0.));
#3765 = ( GEOMETRIC_REPRESENTATION_CONTEXT(2) 
PARAMETRIC_REPRESENTATION_CONTEXT() REPRESENTATION_CONTEXT('2D SPACE',''
  ) );
#3766 = PCURVE('',#3767,#3772);
#3767 = PLANE('',#3768);
#3768 = AXIS2_PLACEMENT_3D('',#3769,#3770,#3771);
#3769 = CARTESIAN_POINT('',(4.,109.13,2.6));
#3770 = DIRECTION('',(0.,-1.224646799147E-16,-1.));
#3771 = DIRECTION('',(1.,0.,0.));
#3772 = DEFINITIONAL_REPRESENTATION('',(#3773),#3777);
#3773 = CIRCLE('',#3774,2.5);
#3774 = AXIS2_PLACEMENT_2D('',#3775,#3776);
#3775 = CARTESIAN_POINT('',(4.440892098501E-16,0.));
#3776 = DIRECTION('',(1.,0.));
#3777 = ( GEOMETRIC_REPRESENTATION_CONTEXT(2) 
PARAMETRIC_REPRESENTATION_CONTEXT() REPRESENTATION_CONTEXT('2D SPACE',''
  ) );
#3778 = ORIENTED_EDGE('',*,*,#3779,.T.);
#3779 = EDGE_CURVE('',#3751,#266,#3780,.T.);
#3780 = SEAM_CURVE('',#3781,(#3785,#3792),.PCURVE_S1.);
#3781 = LINE('',#3782,#3783);
#3782 = CARTESIAN_POINT('',(6.5,109.13,2.6));
#3783 = VECTOR('',#3784,1.);
#3784 = DIRECTION('',(0.,-1.224646799147E-16,-1.));
#3785 = PCURVE('',#286,#3786);
#3786 = DEFINITIONAL_REPRESENTATION('',(#3787),#3791);
#3787 = LINE('',#3788,#3789);
#3788 = CARTESIAN_POINT('',(-6.28318530718,0.));
#3789 = VECTOR('',#3790,1.);
#3790 = DIRECTION('',(-0.,-1.));
#3791 = ( GEOMETRIC_REPRESENTATION_CONTEXT(2) 
PARAMETRIC_REPRESENTATION_CONTEXT() REPRESENTATION_CONTEXT('2D SPACE',''
  ) );
#3792 = PCURVE('',#286,#3793);
#3793 = DEFINITIONAL_REPRESENTATION('',(#3794),#3798);
#3794 = LINE('',#3795,#3796);
#3795 = CARTESIAN_POINT('',(-0.,0.));
#3796 = VECTOR('',#3797,1.);
#3797 = DIRECTION('',(-0.,-1.));
#3798 = ( GEOMETRIC_REPRESENTATION_CONTEXT(2) 
PARAMETRIC_REPRESENTATION_CONTEXT() REPRESENTATION_CONTEXT('2D SPACE',''
  ) );
#3799 = ORIENTED_EDGE('',*,*,#265,.F.);
#3800 = ORIENTED_EDGE('',*,*,#3779,.F.);
#3801 = ADVANCED_FACE('',(#3802),#321,.F.);
#3802 = FACE_BOUND('',#3803,.T.);
#3803 = EDGE_LOOP('',(#3804,#3805,#3826,#3827));
#3804 = ORIENTED_EDGE('',*,*,#2075,.T.);
#3805 = ORIENTED_EDGE('',*,*,#3806,.T.);
#3806 = EDGE_CURVE('',#2076,#301,#3807,.T.);
#3807 = SEAM_CURVE('',#3808,(#3812,#3819),.PCURVE_S1.);
#3808 = LINE('',#3809,#3810);
#3809 = CARTESIAN_POINT('',(40.5,90.83,4.5));
#3810 = VECTOR('',#3811,1.);
#3811 = DIRECTION('',(0.,-1.224646799147E-16,-1.));
#3812 = PCURVE('',#321,#3813);
#3813 = DEFINITIONAL_REPRESENTATION('',(#3814),#3818);
#3814 = LINE('',#3815,#3816);
#3815 = CARTESIAN_POINT('',(-6.28318530718,0.));
#3816 = VECTOR('',#3817,1.);
#3817 = DIRECTION('',(-0.,-1.));
#3818 = ( GEOMETRIC_REPRESENTATION_CONTEXT(2) 
PARAMETRIC_REPRESENTATION_CONTEXT() REPRESENTATION_CONTEXT('2D SPACE',''
  ) );
#3819 = PCURVE('',#321,#3820);
#3820 = DEFINITIONAL_REPRESENTATION('',(#3821),#3825);
#3821 = LINE('',#3822,#3823);
#3822 = CARTESIAN_POINT('',(-0.,0.));
#3823 = VECTOR('',#3824,1.);
#3824 = DIRECTION('',(-0.,-1.));
#3825 = ( GEOMETRIC_REPRESENTATION_CONTEXT(2) 
PARAMETRIC_REPRESENTATION_CONTEXT() REPRESENTATION_CONTEXT('2D SPACE',''
  ) );
#3826 = ORIENTED_EDGE('',*,*,#300,.F.);
#3827 = ORIENTED_EDGE('',*,*,#3806,.F.);
#3828 = ADVANCED_FACE('',(#3829),#356,.F.);
#3829 = FACE_BOUND('',#3830,.T.);
#3830 = EDGE_LOOP('',(#3831,#3832,#3853,#3854));
#3831 = ORIENTED_EDGE('',*,*,#2135,.T.);
#3832 = ORIENTED_EDGE('',*,*,#3833,.T.);
#3833 = EDGE_CURVE('',#2136,#336,#3834,.T.);
#3834 = SEAM_CURVE('',#3835,(#3839,#3846),.PCURVE_S1.);
#3835 = LINE('',#3836,#3837);
#3836 = CARTESIAN_POINT('',(40.5,84.33,4.5));
#3837 = VECTOR('',#3838,1.);
#3838 = DIRECTION('',(0.,-1.224646799147E-16,-1.));
#3839 = PCURVE('',#356,#3840);
#3840 = DEFINITIONAL_REPRESENTATION('',(#3841),#3845);
#3841 = LINE('',#3842,#3843);
#3842 = CARTESIAN_POINT('',(-6.28318530718,0.));
#3843 = VECTOR('',#3844,1.);
#3844 = DIRECTION('',(-0.,-1.));
#3845 = ( GEOMETRIC_REPRESENTATION_CONTEXT(2) 
PARAMETRIC_REPRESENTATION_CONTEXT() REPRESENTATION_CONTEXT('2D SPACE',''
  ) );
#3846 = PCURVE('',#356,#3847);
#3847 = DEFINITIONAL_REPRESENTATION('',(#3848),#3852);
#3848 = LINE('',#3849,#3850);
#3849 = CARTESIAN_POINT('',(-0.,0.));
#3850 = VECTOR('',#3851,1.);
#3851 = DIRECTION('',(-0.,-1.));
#3852 = ( GEOMETRIC_REPRESENTATION_CONTEXT(2) 
PARAMETRIC_REPRESENTATION_CONTEXT() REPRESENTATION_CONTEXT('2D SPACE',''
  ) );
#3853 = ORIENTED_EDGE('',*,*,#335,.F.);
#3854 = ORIENTED_EDGE('',*,*,#3833,.F.);
#3855 = ADVANCED_FACE('',(#3856),#391,.F.);
#3856 = FACE_BOUND('',#3857,.T.);
#3857 = EDGE_LOOP('',(#3858,#3859,#3880,#3881));
#3858 = ORIENTED_EDGE('',*,*,#2105,.T.);
#3859 = ORIENTED_EDGE('',*,*,#3860,.T.);
#3860 = EDGE_CURVE('',#2106,#371,#3861,.T.);
#3861 = SEAM_CURVE('',#3862,(#3866,#3873),.PCURVE_S1.);
#3862 = LINE('',#3863,#3864);
#3863 = CARTESIAN_POINT('',(47.,90.83,4.5));
#3864 = VECTOR('',#3865,1.);
#3865 = DIRECTION('',(0.,-1.224646799147E-16,-1.));
#3866 = PCURVE('',#391,#3867);
#3867 = DEFINITIONAL_REPRESENTATION('',(#3868),#3872);
#3868 = LINE('',#3869,#3870);
#3869 = CARTESIAN_POINT('',(-6.28318530718,0.));
#3870 = VECTOR('',#3871,1.);
#3871 = DIRECTION('',(-0.,-1.));
#3872 = ( GEOMETRIC_REPRESENTATION_CONTEXT(2) 
PARAMETRIC_REPRESENTATION_CONTEXT() REPRESENTATION_CONTEXT('2D SPACE',''
  ) );
#3873 = PCURVE('',#391,#3874);
#3874 = DEFINITIONAL_REPRESENTATION('',(#3875),#3879);
#3875 = LINE('',#3876,#3877);
#3876 = CARTESIAN_POINT('',(-0.,0.));
#3877 = VECTOR('',#3878,1.);
#3878 = DIRECTION('',(-0.,-1.));
#3879 = ( GEOMETRIC_REPRESENTATION_CONTEXT(2) 
PARAMETRIC_REPRESENTATION_CONTEXT() REPRESENTATION_CONTEXT('2D SPACE',''
  ) );
#3880 = ORIENTED_EDGE('',*,*,#370,.F.);
#3881 = ORIENTED_EDGE('',*,*,#3860,.F.);
#3882 = ADVANCED_FACE('',(#3883),#426,.F.);
#3883 = FACE_BOUND('',#3884,.T.);
#3884 = EDGE_LOOP('',(#3885,#3886,#3907,#3908));
#3885 = ORIENTED_EDGE('',*,*,#2165,.T.);
#3886 = ORIENTED_EDGE('',*,*,#3887,.T.);
#3887 = EDGE_CURVE('',#2166,#406,#3888,.T.);
#3888 = SEAM_CURVE('',#3889,(#3893,#3900),.PCURVE_S1.);
#3889 = LINE('',#3890,#3891);
#3890 = CARTESIAN_POINT('',(47.,84.33,4.5));
#3891 = VECTOR('',#3892,1.);
#3892 = DIRECTION('',(0.,-1.224646799147E-16,-1.));
#3893 = PCURVE('',#426,#3894);
#3894 = DEFINITIONAL_REPRESENTATION('',(#3895),#3899);
#3895 = LINE('',#3896,#3897);
#3896 = CARTESIAN_POINT('',(-6.28318530718,0.));
#3897 = VECTOR('',#3898,1.);
#3898 = DIRECTION('',(-0.,-1.));
#3899 = ( GEOMETRIC_REPRESENTATION_CONTEXT(2) 
PARAMETRIC_REPRESENTATION_CONTEXT() REPRESENTATION_CONTEXT('2D SPACE',''
  ) );
#3900 = PCURVE('',#426,#3901);
#3901 = DEFINITIONAL_REPRESENTATION('',(#3902),#3906);
#3902 = LINE('',#3903,#3904);
#3903 = CARTESIAN_POINT('',(-0.,0.));
#3904 = VECTOR('',#3905,1.);
#3905 = DIRECTION('',(-0.,-1.));
#3906 = ( GEOMETRIC_REPRESENTATION_CONTEXT(2) 
PARAMETRIC_REPRESENTATION_CONTEXT() REPRESENTATION_CONTEXT('2D SPACE',''
  ) );
#3907 = ORIENTED_EDGE('',*,*,#405,.F.);
#3908 = ORIENTED_EDGE('',*,*,#3887,.F.);
#3909 = ADVANCED_FACE('',(#3910),#461,.F.);
#3910 = FACE_BOUND('',#3911,.T.);
#3911 = EDGE_LOOP('',(#3912,#3913,#3934,#3935));
#3912 = ORIENTED_EDGE('',*,*,#2309,.T.);
#3913 = ORIENTED_EDGE('',*,*,#3914,.T.);
#3914 = EDGE_CURVE('',#2310,#441,#3915,.T.);
#3915 = SEAM_CURVE('',#3916,(#3920,#3927),.PCURVE_S1.);
#3916 = LINE('',#3917,#3918);
#3917 = CARTESIAN_POINT('',(40.5,77.83,4.5));
#3918 = VECTOR('',#3919,1.);
#3919 = DIRECTION('',(0.,-1.224646799147E-16,-1.));
#3920 = PCURVE('',#461,#3921);
#3921 = DEFINITIONAL_REPRESENTATION('',(#3922),#3926);
#3922 = LINE('',#3923,#3924);
#3923 = CARTESIAN_POINT('',(-6.28318530718,0.));
#3924 = VECTOR('',#3925,1.);
#3925 = DIRECTION('',(-0.,-1.));
#3926 = ( GEOMETRIC_REPRESENTATION_CONTEXT(2) 
PARAMETRIC_REPRESENTATION_CONTEXT() REPRESENTATION_CONTEXT('2D SPACE',''
  ) );
#3927 = PCURVE('',#461,#3928);
#3928 = DEFINITIONAL_REPRESENTATION('',(#3929),#3933);
#3929 = LINE('',#3930,#3931);
#3930 = CARTESIAN_POINT('',(-0.,0.));
#3931 = VECTOR('',#3932,1.);
#3932 = DIRECTION('',(-0.,-1.));
#3933 = ( GEOMETRIC_REPRESENTATION_CONTEXT(2) 
PARAMETRIC_REPRESENTATION_CONTEXT() REPRESENTATION_CONTEXT('2D SPACE',''
  ) );
#3934 = ORIENTED_EDGE('',*,*,#440,.F.);
#3935 = ORIENTED_EDGE('',*,*,#3914,.F.);
#3936 = ADVANCED_FACE('',(#3937),#496,.F.);
#3937 = FACE_BOUND('',#3938,.T.);
#3938 = EDGE_LOOP('',(#3939,#3940,#3961,#3962));
#3939 = ORIENTED_EDGE('',*,*,#2339,.T.);
#3940 = ORIENTED_EDGE('',*,*,#3941,.T.);
#3941 = EDGE_CURVE('',#2340,#476,#3942,.T.);
#3942 = SEAM_CURVE('',#3943,(#3947,#3954),.PCURVE_S1.);
#3943 = LINE('',#3944,#3945);
#3944 = CARTESIAN_POINT('',(47.,77.83,4.5));
#3945 = VECTOR('',#3946,1.);
#3946 = DIRECTION('',(0.,-1.224646799147E-16,-1.));
#3947 = PCURVE('',#496,#3948);
#3948 = DEFINITIONAL_REPRESENTATION('',(#3949),#3953);
#3949 = LINE('',#3950,#3951);
#3950 = CARTESIAN_POINT('',(-6.28318530718,0.));
#3951 = VECTOR('',#3952,1.);
#3952 = DIRECTION('',(-0.,-1.));
#3953 = ( GEOMETRIC_REPRESENTATION_CONTEXT(2) 
PARAMETRIC_REPRESENTATION_CONTEXT() REPRESENTATION_CONTEXT('2D SPACE',''
  ) );
#3954 = PCURVE('',#496,#3955);
#3955 = DEFINITIONAL_REPRESENTATION('',(#3956),#3960);
#3956 = LINE('',#3957,#3958);
#3957 = CARTESIAN_POINT('',(-0.,0.));
#3958 = VECTOR('',#3959,1.);
#3959 = DIRECTION('',(-0.,-1.));
#3960 = ( GEOMETRIC_REPRESENTATION_CONTEXT(2) 
PARAMETRIC_REPRESENTATION_CONTEXT() REPRESENTATION_CONTEXT('2D SPACE',''
  ) );
#3961 = ORIENTED_EDGE('',*,*,#475,.F.);
#3962 = ORIENTED_EDGE('',*,*,#3941,.F.);
#3963 = ADVANCED_FACE('',(#3964),#531,.F.);
#3964 = FACE_BOUND('',#3965,.T.);
#3965 = EDGE_LOOP('',(#3966,#3967,#3988,#3989));
#3966 = ORIENTED_EDGE('',*,*,#2369,.T.);
#3967 = ORIENTED_EDGE('',*,*,#3968,.T.);
#3968 = EDGE_CURVE('',#2370,#511,#3969,.T.);
#3969 = SEAM_CURVE('',#3970,(#3974,#3981),.PCURVE_S1.);
#3970 = LINE('',#3971,#3972);
#3971 = CARTESIAN_POINT('',(40.5,71.33,4.5));
#3972 = VECTOR('',#3973,1.);
#3973 = DIRECTION('',(0.,-1.224646799147E-16,-1.));
#3974 = PCURVE('',#531,#3975);
#3975 = DEFINITIONAL_REPRESENTATION('',(#3976),#3980);
#3976 = LINE('',#3977,#3978);
#3977 = CARTESIAN_POINT('',(-6.28318530718,0.));
#3978 = VECTOR('',#3979,1.);
#3979 = DIRECTION('',(-0.,-1.));
#3980 = ( GEOMETRIC_REPRESENTATION_CONTEXT(2) 
PARAMETRIC_REPRESENTATION_CONTEXT() REPRESENTATION_CONTEXT('2D SPACE',''
  ) );
#3981 = PCURVE('',#531,#3982);
#3982 = DEFINITIONAL_REPRESENTATION('',(#3983),#3987);
#3983 = LINE('',#3984,#3985);
#3984 = CARTESIAN_POINT('',(-0.,0.));
#3985 = VECTOR('',#3986,1.);
#3986 = DIRECTION('',(-0.,-1.));
#3987 = ( GEOMETRIC_REPRESENTATION_CONTEXT(2) 
PARAMETRIC_REPRESENTATION_CONTEXT() REPRESENTATION_CONTEXT('2D SPACE',''
  ) );
#3988 = ORIENTED_EDGE('',*,*,#510,.F.);
#3989 = ORIENTED_EDGE('',*,*,#3968,.F.);
#3990 = ADVANCED_FACE('',(#3991),#566,.F.);
#3991 = FACE_BOUND('',#3992,.T.);
#3992 = EDGE_LOOP('',(#3993,#3994,#4015,#4016));
#3993 = ORIENTED_EDGE('',*,*,#2399,.T.);
#3994 = ORIENTED_EDGE('',*,*,#3995,.T.);
#3995 = EDGE_CURVE('',#2400,#546,#3996,.T.);
#3996 = SEAM_CURVE('',#3997,(#4001,#4008),.PCURVE_S1.);
#3997 = LINE('',#3998,#3999);
#3998 = CARTESIAN_POINT('',(47.,71.33,4.5));
#3999 = VECTOR('',#4000,1.);
#4000 = DIRECTION('',(0.,-1.224646799147E-16,-1.));
#4001 = PCURVE('',#566,#4002);
#4002 = DEFINITIONAL_REPRESENTATION('',(#4003),#4007);
#4003 = LINE('',#4004,#4005);
#4004 = CARTESIAN_POINT('',(-6.28318530718,0.));
#4005 = VECTOR('',#4006,1.);
#4006 = DIRECTION('',(-0.,-1.));
#4007 = ( GEOMETRIC_REPRESENTATION_CONTEXT(2) 
PARAMETRIC_REPRESENTATION_CONTEXT() REPRESENTATION_CONTEXT('2D SPACE',''
  ) );
#4008 = PCURVE('',#566,#4009);
#4009 = DEFINITIONAL_REPRESENTATION('',(#4010),#4014);
#4010 = LINE('',#4011,#4012);
#4011 = CARTESIAN_POINT('',(-0.,0.));
#4012 = VECTOR('',#4013,1.);
#4013 = DIRECTION('',(-0.,-1.));
#4014 = ( GEOMETRIC_REPRESENTATION_CONTEXT(2) 
PARAMETRIC_REPRESENTATION_CONTEXT() REPRESENTATION_CONTEXT('2D SPACE',''
  ) );
#4015 = ORIENTED_EDGE('',*,*,#545,.F.);
#4016 = ORIENTED_EDGE('',*,*,#3995,.F.);
#4017 = ADVANCED_FACE('',(#4018),#601,.F.);
#4018 = FACE_BOUND('',#4019,.T.);
#4019 = EDGE_LOOP('',(#4020,#4021,#4042,#4043));
#4020 = ORIENTED_EDGE('',*,*,#2429,.T.);
#4021 = ORIENTED_EDGE('',*,*,#4022,.T.);
#4022 = EDGE_CURVE('',#2430,#581,#4023,.T.);
#4023 = SEAM_CURVE('',#4024,(#4028,#4035),.PCURVE_S1.);
#4024 = LINE('',#4025,#4026);
#4025 = CARTESIAN_POINT('',(40.5,64.83,4.5));
#4026 = VECTOR('',#4027,1.);
#4027 = DIRECTION('',(0.,-1.224646799147E-16,-1.));
#4028 = PCURVE('',#601,#4029);
#4029 = DEFINITIONAL_REPRESENTATION('',(#4030),#4034);
#4030 = LINE('',#4031,#4032);
#4031 = CARTESIAN_POINT('',(-6.28318530718,0.));
#4032 = VECTOR('',#4033,1.);
#4033 = DIRECTION('',(-0.,-1.));
#4034 = ( GEOMETRIC_REPRESENTATION_CONTEXT(2) 
PARAMETRIC_REPRESENTATION_CONTEXT() REPRESENTATION_CONTEXT('2D SPACE',''
  ) );
#4035 = PCURVE('',#601,#4036);
#4036 = DEFINITIONAL_REPRESENTATION('',(#4037),#4041);
#4037 = LINE('',#4038,#4039);
#4038 = CARTESIAN_POINT('',(-0.,0.));
#4039 = VECTOR('',#4040,1.);
#4040 = DIRECTION('',(-0.,-1.));
#4041 = ( GEOMETRIC_REPRESENTATION_CONTEXT(2) 
PARAMETRIC_REPRESENTATION_CONTEXT() REPRESENTATION_CONTEXT('2D SPACE',''
  ) );
#4042 = ORIENTED_EDGE('',*,*,#580,.F.);
#4043 = ORIENTED_EDGE('',*,*,#4022,.F.);
#4044 = ADVANCED_FACE('',(#4045),#636,.F.);
#4045 = FACE_BOUND('',#4046,.T.);
#4046 = EDGE_LOOP('',(#4047,#4048,#4069,#4070));
#4047 = ORIENTED_EDGE('',*,*,#2459,.T.);
#4048 = ORIENTED_EDGE('',*,*,#4049,.T.);
#4049 = EDGE_CURVE('',#2460,#616,#4050,.T.);
#4050 = SEAM_CURVE('',#4051,(#4055,#4062),.PCURVE_S1.);
#4051 = LINE('',#4052,#4053);
#4052 = CARTESIAN_POINT('',(47.,64.83,4.5));
#4053 = VECTOR('',#4054,1.);
#4054 = DIRECTION('',(0.,-1.224646799147E-16,-1.));
#4055 = PCURVE('',#636,#4056);
#4056 = DEFINITIONAL_REPRESENTATION('',(#4057),#4061);
#4057 = LINE('',#4058,#4059);
#4058 = CARTESIAN_POINT('',(-6.28318530718,0.));
#4059 = VECTOR('',#4060,1.);
#4060 = DIRECTION('',(-0.,-1.));
#4061 = ( GEOMETRIC_REPRESENTATION_CONTEXT(2) 
PARAMETRIC_REPRESENTATION_CONTEXT() REPRESENTATION_CONTEXT('2D SPACE',''
  ) );
#4062 = PCURVE('',#636,#4063);
#4063 = DEFINITIONAL_REPRESENTATION('',(#4064),#4068);
#4064 = LINE('',#4065,#4066);
#4065 = CARTESIAN_POINT('',(-0.,0.));
#4066 = VECTOR('',#4067,1.);
#4067 = DIRECTION('',(-0.,-1.));
#4068 = ( GEOMETRIC_REPRESENTATION_CONTEXT(2) 
PARAMETRIC_REPRESENTATION_CONTEXT() REPRESENTATION_CONTEXT('2D SPACE',''
  ) );
#4069 = ORIENTED_EDGE('',*,*,#615,.F.);
#4070 = ORIENTED_EDGE('',*,*,#4049,.F.);
#4071 = ADVANCED_FACE('',(#4072),#671,.F.);
#4072 = FACE_BOUND('',#4073,.T.);
#4073 = EDGE_LOOP('',(#4074,#4075,#4096,#4097));
#4074 = ORIENTED_EDGE('',*,*,#2489,.T.);
#4075 = ORIENTED_EDGE('',*,*,#4076,.T.);
#4076 = EDGE_CURVE('',#2490,#651,#4077,.T.);
#4077 = SEAM_CURVE('',#4078,(#4082,#4089),.PCURVE_S1.);
#4078 = LINE('',#4079,#4080);
#4079 = CARTESIAN_POINT('',(53.5,90.83,4.5));
#4080 = VECTOR('',#4081,1.);
#4081 = DIRECTION('',(0.,-1.224646799147E-16,-1.));
#4082 = PCURVE('',#671,#4083);
#4083 = DEFINITIONAL_REPRESENTATION('',(#4084),#4088);
#4084 = LINE('',#4085,#4086);
#4085 = CARTESIAN_POINT('',(-6.28318530718,0.));
#4086 = VECTOR('',#4087,1.);
#4087 = DIRECTION('',(-0.,-1.));
#4088 = ( GEOMETRIC_REPRESENTATION_CONTEXT(2) 
PARAMETRIC_REPRESENTATION_CONTEXT() REPRESENTATION_CONTEXT('2D SPACE',''
  ) );
#4089 = PCURVE('',#671,#4090);
#4090 = DEFINITIONAL_REPRESENTATION('',(#4091),#4095);
#4091 = LINE('',#4092,#4093);
#4092 = CARTESIAN_POINT('',(-0.,0.));
#4093 = VECTOR('',#4094,1.);
#4094 = DIRECTION('',(-0.,-1.));
#4095 = ( GEOMETRIC_REPRESENTATION_CONTEXT(2) 
PARAMETRIC_REPRESENTATION_CONTEXT() REPRESENTATION_CONTEXT('2D SPACE',''
  ) );
#4096 = ORIENTED_EDGE('',*,*,#650,.F.);
#4097 = ORIENTED_EDGE('',*,*,#4076,.F.);
#4098 = ADVANCED_FACE('',(#4099),#706,.F.);
#4099 = FACE_BOUND('',#4100,.T.);
#4100 = EDGE_LOOP('',(#4101,#4102,#4123,#4124));
#4101 = ORIENTED_EDGE('',*,*,#2549,.T.);
#4102 = ORIENTED_EDGE('',*,*,#4103,.T.);
#4103 = EDGE_CURVE('',#2550,#686,#4104,.T.);
#4104 = SEAM_CURVE('',#4105,(#4109,#4116),.PCURVE_S1.);
#4105 = LINE('',#4106,#4107);
#4106 = CARTESIAN_POINT('',(53.5,84.33,4.5));
#4107 = VECTOR('',#4108,1.);
#4108 = DIRECTION('',(0.,-1.224646799147E-16,-1.));
#4109 = PCURVE('',#706,#4110);
#4110 = DEFINITIONAL_REPRESENTATION('',(#4111),#4115);
#4111 = LINE('',#4112,#4113);
#4112 = CARTESIAN_POINT('',(-6.28318530718,0.));
#4113 = VECTOR('',#4114,1.);
#4114 = DIRECTION('',(-0.,-1.));
#4115 = ( GEOMETRIC_REPRESENTATION_CONTEXT(2) 
PARAMETRIC_REPRESENTATION_CONTEXT() REPRESENTATION_CONTEXT('2D SPACE',''
  ) );
#4116 = PCURVE('',#706,#4117);
#4117 = DEFINITIONAL_REPRESENTATION('',(#4118),#4122);
#4118 = LINE('',#4119,#4120);
#4119 = CARTESIAN_POINT('',(-0.,0.));
#4120 = VECTOR('',#4121,1.);
#4121 = DIRECTION('',(-0.,-1.));
#4122 = ( GEOMETRIC_REPRESENTATION_CONTEXT(2) 
PARAMETRIC_REPRESENTATION_CONTEXT() REPRESENTATION_CONTEXT('2D SPACE',''
  ) );
#4123 = ORIENTED_EDGE('',*,*,#685,.F.);
#4124 = ORIENTED_EDGE('',*,*,#4103,.F.);
#4125 = ADVANCED_FACE('',(#4126),#741,.F.);
#4126 = FACE_BOUND('',#4127,.T.);
#4127 = EDGE_LOOP('',(#4128,#4129,#4150,#4151));
#4128 = ORIENTED_EDGE('',*,*,#2519,.T.);
#4129 = ORIENTED_EDGE('',*,*,#4130,.T.);
#4130 = EDGE_CURVE('',#2520,#721,#4131,.T.);
#4131 = SEAM_CURVE('',#4132,(#4136,#4143),.PCURVE_S1.);
#4132 = LINE('',#4133,#4134);
#4133 = CARTESIAN_POINT('',(60.,90.83,4.5));
#4134 = VECTOR('',#4135,1.);
#4135 = DIRECTION('',(0.,-1.224646799147E-16,-1.));
#4136 = PCURVE('',#741,#4137);
#4137 = DEFINITIONAL_REPRESENTATION('',(#4138),#4142);
#4138 = LINE('',#4139,#4140);
#4139 = CARTESIAN_POINT('',(-6.28318530718,0.));
#4140 = VECTOR('',#4141,1.);
#4141 = DIRECTION('',(-0.,-1.));
#4142 = ( GEOMETRIC_REPRESENTATION_CONTEXT(2) 
PARAMETRIC_REPRESENTATION_CONTEXT() REPRESENTATION_CONTEXT('2D SPACE',''
  ) );
#4143 = PCURVE('',#741,#4144);
#4144 = DEFINITIONAL_REPRESENTATION('',(#4145),#4149);
#4145 = LINE('',#4146,#4147);
#4146 = CARTESIAN_POINT('',(-0.,0.));
#4147 = VECTOR('',#4148,1.);
#4148 = DIRECTION('',(-0.,-1.));
#4149 = ( GEOMETRIC_REPRESENTATION_CONTEXT(2) 
PARAMETRIC_REPRESENTATION_CONTEXT() REPRESENTATION_CONTEXT('2D SPACE',''
  ) );
#4150 = ORIENTED_EDGE('',*,*,#720,.F.);
#4151 = ORIENTED_EDGE('',*,*,#4130,.F.);
#4152 = ADVANCED_FACE('',(#4153),#776,.F.);
#4153 = FACE_BOUND('',#4154,.T.);
#4154 = EDGE_LOOP('',(#4155,#4156,#4177,#4178));
#4155 = ORIENTED_EDGE('',*,*,#2579,.T.);
#4156 = ORIENTED_EDGE('',*,*,#4157,.T.);
#4157 = EDGE_CURVE('',#2580,#756,#4158,.T.);
#4158 = SEAM_CURVE('',#4159,(#4163,#4170),.PCURVE_S1.);
#4159 = LINE('',#4160,#4161);
#4160 = CARTESIAN_POINT('',(60.,84.33,4.5));
#4161 = VECTOR('',#4162,1.);
#4162 = DIRECTION('',(0.,-1.224646799147E-16,-1.));
#4163 = PCURVE('',#776,#4164);
#4164 = DEFINITIONAL_REPRESENTATION('',(#4165),#4169);
#4165 = LINE('',#4166,#4167);
#4166 = CARTESIAN_POINT('',(-6.28318530718,0.));
#4167 = VECTOR('',#4168,1.);
#4168 = DIRECTION('',(-0.,-1.));
#4169 = ( GEOMETRIC_REPRESENTATION_CONTEXT(2) 
PARAMETRIC_REPRESENTATION_CONTEXT() REPRESENTATION_CONTEXT('2D SPACE',''
  ) );
#4170 = PCURVE('',#776,#4171);
#4171 = DEFINITIONAL_REPRESENTATION('',(#4172),#4176);
#4172 = LINE('',#4173,#4174);
#4173 = CARTESIAN_POINT('',(-0.,0.));
#4174 = VECTOR('',#4175,1.);
#4175 = DIRECTION('',(-0.,-1.));
#4176 = ( GEOMETRIC_REPRESENTATION_CONTEXT(2) 
PARAMETRIC_REPRESENTATION_CONTEXT() REPRESENTATION_CONTEXT('2D SPACE',''
  ) );
#4177 = ORIENTED_EDGE('',*,*,#755,.F.);
#4178 = ORIENTED_EDGE('',*,*,#4157,.F.);
#4179 = ADVANCED_FACE('',(#4180),#811,.F.);
#4180 = FACE_BOUND('',#4181,.T.);
#4181 = EDGE_LOOP('',(#4182,#4183,#4204,#4205));
#4182 = ORIENTED_EDGE('',*,*,#2609,.T.);
#4183 = ORIENTED_EDGE('',*,*,#4184,.T.);
#4184 = EDGE_CURVE('',#2610,#791,#4185,.T.);
#4185 = SEAM_CURVE('',#4186,(#4190,#4197),.PCURVE_S1.);
#4186 = LINE('',#4187,#4188);
#4187 = CARTESIAN_POINT('',(66.5,90.83,4.5));
#4188 = VECTOR('',#4189,1.);
#4189 = DIRECTION('',(0.,-1.224646799147E-16,-1.));
#4190 = PCURVE('',#811,#4191);
#4191 = DEFINITIONAL_REPRESENTATION('',(#4192),#4196);
#4192 = LINE('',#4193,#4194);
#4193 = CARTESIAN_POINT('',(-6.28318530718,0.));
#4194 = VECTOR('',#4195,1.);
#4195 = DIRECTION('',(-0.,-1.));
#4196 = ( GEOMETRIC_REPRESENTATION_CONTEXT(2) 
PARAMETRIC_REPRESENTATION_CONTEXT() REPRESENTATION_CONTEXT('2D SPACE',''
  ) );
#4197 = PCURVE('',#811,#4198);
#4198 = DEFINITIONAL_REPRESENTATION('',(#4199),#4203);
#4199 = LINE('',#4200,#4201);
#4200 = CARTESIAN_POINT('',(-0.,0.));
#4201 = VECTOR('',#4202,1.);
#4202 = DIRECTION('',(-0.,-1.));
#4203 = ( GEOMETRIC_REPRESENTATION_CONTEXT(2) 
PARAMETRIC_REPRESENTATION_CONTEXT() REPRESENTATION_CONTEXT('2D SPACE',''
  ) );
#4204 = ORIENTED_EDGE('',*,*,#790,.F.);
#4205 = ORIENTED_EDGE('',*,*,#4184,.F.);
#4206 = ADVANCED_FACE('',(#4207),#846,.F.);
#4207 = FACE_BOUND('',#4208,.T.);
#4208 = EDGE_LOOP('',(#4209,#4210,#4231,#4232));
#4209 = ORIENTED_EDGE('',*,*,#2639,.T.);
#4210 = ORIENTED_EDGE('',*,*,#4211,.T.);
#4211 = EDGE_CURVE('',#2640,#826,#4212,.T.);
#4212 = SEAM_CURVE('',#4213,(#4217,#4224),.PCURVE_S1.);
#4213 = LINE('',#4214,#4215);
#4214 = CARTESIAN_POINT('',(66.5,84.33,4.5));
#4215 = VECTOR('',#4216,1.);
#4216 = DIRECTION('',(0.,-1.224646799147E-16,-1.));
#4217 = PCURVE('',#846,#4218);
#4218 = DEFINITIONAL_REPRESENTATION('',(#4219),#4223);
#4219 = LINE('',#4220,#4221);
#4220 = CARTESIAN_POINT('',(-6.28318530718,0.));
#4221 = VECTOR('',#4222,1.);
#4222 = DIRECTION('',(-0.,-1.));
#4223 = ( GEOMETRIC_REPRESENTATION_CONTEXT(2) 
PARAMETRIC_REPRESENTATION_CONTEXT() REPRESENTATION_CONTEXT('2D SPACE',''
  ) );
#4224 = PCURVE('',#846,#4225);
#4225 = DEFINITIONAL_REPRESENTATION('',(#4226),#4230);
#4226 = LINE('',#4227,#4228);
#4227 = CARTESIAN_POINT('',(-0.,0.));
#4228 = VECTOR('',#4229,1.);
#4229 = DIRECTION('',(-0.,-1.));
#4230 = ( GEOMETRIC_REPRESENTATION_CONTEXT(2) 
PARAMETRIC_REPRESENTATION_CONTEXT() REPRESENTATION_CONTEXT('2D SPACE',''
  ) );
#4231 = ORIENTED_EDGE('',*,*,#825,.F.);
#4232 = ORIENTED_EDGE('',*,*,#4211,.F.);
#4233 = ADVANCED_FACE('',(#4234),#881,.F.);
#4234 = FACE_BOUND('',#4235,.T.);
#4235 = EDGE_LOOP('',(#4236,#4265,#4286,#4287));
#4236 = ORIENTED_EDGE('',*,*,#4237,.F.);
#4237 = EDGE_CURVE('',#4238,#4238,#4240,.T.);
#4238 = VERTEX_POINT('',#4239);
#4239 = CARTESIAN_POINT('',(95.5,109.13,2.6));
#4240 = SURFACE_CURVE('',#4241,(#4246,#4253),.PCURVE_S1.);
#4241 = CIRCLE('',#4242,2.5);
#4242 = AXIS2_PLACEMENT_3D('',#4243,#4244,#4245);
#4243 = CARTESIAN_POINT('',(93.,109.13,2.6));
#4244 = DIRECTION('',(0.,-1.224646799147E-16,-1.));
#4245 = DIRECTION('',(1.,0.,0.));
#4246 = PCURVE('',#881,#4247);
#4247 = DEFINITIONAL_REPRESENTATION('',(#4248),#4252);
#4248 = LINE('',#4249,#4250);
#4249 = CARTESIAN_POINT('',(-0.,0.));
#4250 = VECTOR('',#4251,1.);
#4251 = DIRECTION('',(-1.,0.));
#4252 = ( GEOMETRIC_REPRESENTATION_CONTEXT(2) 
PARAMETRIC_REPRESENTATION_CONTEXT() REPRESENTATION_CONTEXT('2D SPACE',''
  ) );
#4253 = PCURVE('',#4254,#4259);
#4254 = PLANE('',#4255);
#4255 = AXIS2_PLACEMENT_3D('',#4256,#4257,#4258);
#4256 = CARTESIAN_POINT('',(4.,109.13,2.6));
#4257 = DIRECTION('',(0.,-1.224646799147E-16,-1.));
#4258 = DIRECTION('',(1.,0.,0.));
#4259 = DEFINITIONAL_REPRESENTATION('',(#4260),#4264);
#4260 = CIRCLE('',#4261,2.5);
#4261 = AXIS2_PLACEMENT_2D('',#4262,#4263);
#4262 = CARTESIAN_POINT('',(89.,0.));
#4263 = DIRECTION('',(1.,0.));
#4264 = ( GEOMETRIC_REPRESENTATION_CONTEXT(2) 
PARAMETRIC_REPRESENTATION_CONTEXT() REPRESENTATION_CONTEXT('2D SPACE',''
  ) );
#4265 = ORIENTED_EDGE('',*,*,#4266,.T.);
#4266 = EDGE_CURVE('',#4238,#861,#4267,.T.);
#4267 = SEAM_CURVE('',#4268,(#4272,#4279),.PCURVE_S1.);
#4268 = LINE('',#4269,#4270);
#4269 = CARTESIAN_POINT('',(95.5,109.13,2.6));
#4270 = VECTOR('',#4271,1.);
#4271 = DIRECTION('',(0.,-1.224646799147E-16,-1.));
#4272 = PCURVE('',#881,#4273);
#4273 = DEFINITIONAL_REPRESENTATION('',(#4274),#4278);
#4274 = LINE('',#4275,#4276);
#4275 = CARTESIAN_POINT('',(-6.28318530718,0.));
#4276 = VECTOR('',#4277,1.);
#4277 = DIRECTION('',(-0.,-1.));
#4278 = ( GEOMETRIC_REPRESENTATION_CONTEXT(2) 
PARAMETRIC_REPRESENTATION_CONTEXT() REPRESENTATION_CONTEXT('2D SPACE',''
  ) );
#4279 = PCURVE('',#881,#4280);
#4280 = DEFINITIONAL_REPRESENTATION('',(#4281),#4285);
#4281 = LINE('',#4282,#4283);
#4282 = CARTESIAN_POINT('',(-0.,0.));
#4283 = VECTOR('',#4284,1.);
#4284 = DIRECTION('',(-0.,-1.));
#4285 = ( GEOMETRIC_REPRESENTATION_CONTEXT(2) 
PARAMETRIC_REPRESENTATION_CONTEXT() REPRESENTATION_CONTEXT('2D SPACE',''
  ) );
#4286 = ORIENTED_EDGE('',*,*,#860,.F.);
#4287 = ORIENTED_EDGE('',*,*,#4266,.F.);
#4288 = ADVANCED_FACE('',(#4289),#916,.F.);
#4289 = FACE_BOUND('',#4290,.T.);
#4290 = EDGE_LOOP('',(#4291,#4292,#4313,#4314));
#4291 = ORIENTED_EDGE('',*,*,#2704,.T.);
#4292 = ORIENTED_EDGE('',*,*,#4293,.T.);
#4293 = EDGE_CURVE('',#2705,#896,#4294,.T.);
#4294 = SEAM_CURVE('',#4295,(#4299,#4306),.PCURVE_S1.);
#4295 = LINE('',#4296,#4297);
#4296 = CARTESIAN_POINT('',(53.5,77.83,4.5));
#4297 = VECTOR('',#4298,1.);
#4298 = DIRECTION('',(0.,-1.224646799147E-16,-1.));
#4299 = PCURVE('',#916,#4300);
#4300 = DEFINITIONAL_REPRESENTATION('',(#4301),#4305);
#4301 = LINE('',#4302,#4303);
#4302 = CARTESIAN_POINT('',(-6.28318530718,0.));
#4303 = VECTOR('',#4304,1.);
#4304 = DIRECTION('',(-0.,-1.));
#4305 = ( GEOMETRIC_REPRESENTATION_CONTEXT(2) 
PARAMETRIC_REPRESENTATION_CONTEXT() REPRESENTATION_CONTEXT('2D SPACE',''
  ) );
#4306 = PCURVE('',#916,#4307);
#4307 = DEFINITIONAL_REPRESENTATION('',(#4308),#4312);
#4308 = LINE('',#4309,#4310);
#4309 = CARTESIAN_POINT('',(-0.,0.));
#4310 = VECTOR('',#4311,1.);
#4311 = DIRECTION('',(-0.,-1.));
#4312 = ( GEOMETRIC_REPRESENTATION_CONTEXT(2) 
PARAMETRIC_REPRESENTATION_CONTEXT() REPRESENTATION_CONTEXT('2D SPACE',''
  ) );
#4313 = ORIENTED_EDGE('',*,*,#895,.F.);
#4314 = ORIENTED_EDGE('',*,*,#4293,.F.);
#4315 = ADVANCED_FACE('',(#4316),#951,.F.);
#4316 = FACE_BOUND('',#4317,.T.);
#4317 = EDGE_LOOP('',(#4318,#4319,#4340,#4341));
#4318 = ORIENTED_EDGE('',*,*,#2734,.T.);
#4319 = ORIENTED_EDGE('',*,*,#4320,.T.);
#4320 = EDGE_CURVE('',#2735,#931,#4321,.T.);
#4321 = SEAM_CURVE('',#4322,(#4326,#4333),.PCURVE_S1.);
#4322 = LINE('',#4323,#4324);
#4323 = CARTESIAN_POINT('',(60.,77.83,4.5));
#4324 = VECTOR('',#4325,1.);
#4325 = DIRECTION('',(0.,-1.224646799147E-16,-1.));
#4326 = PCURVE('',#951,#4327);
#4327 = DEFINITIONAL_REPRESENTATION('',(#4328),#4332);
#4328 = LINE('',#4329,#4330);
#4329 = CARTESIAN_POINT('',(-6.28318530718,0.));
#4330 = VECTOR('',#4331,1.);
#4331 = DIRECTION('',(-0.,-1.));
#4332 = ( GEOMETRIC_REPRESENTATION_CONTEXT(2) 
PARAMETRIC_REPRESENTATION_CONTEXT() REPRESENTATION_CONTEXT('2D SPACE',''
  ) );
#4333 = PCURVE('',#951,#4334);
#4334 = DEFINITIONAL_REPRESENTATION('',(#4335),#4339);
#4335 = LINE('',#4336,#4337);
#4336 = CARTESIAN_POINT('',(-0.,0.));
#4337 = VECTOR('',#4338,1.);
#4338 = DIRECTION('',(-0.,-1.));
#4339 = ( GEOMETRIC_REPRESENTATION_CONTEXT(2) 
PARAMETRIC_REPRESENTATION_CONTEXT() REPRESENTATION_CONTEXT('2D SPACE',''
  ) );
#4340 = ORIENTED_EDGE('',*,*,#930,.F.);
#4341 = ORIENTED_EDGE('',*,*,#4320,.F.);
#4342 = ADVANCED_FACE('',(#4343),#986,.F.);
#4343 = FACE_BOUND('',#4344,.T.);
#4344 = EDGE_LOOP('',(#4345,#4346,#4367,#4368));
#4345 = ORIENTED_EDGE('',*,*,#2764,.T.);
#4346 = ORIENTED_EDGE('',*,*,#4347,.T.);
#4347 = EDGE_CURVE('',#2765,#966,#4348,.T.);
#4348 = SEAM_CURVE('',#4349,(#4353,#4360),.PCURVE_S1.);
#4349 = LINE('',#4350,#4351);
#4350 = CARTESIAN_POINT('',(53.5,71.33,4.5));
#4351 = VECTOR('',#4352,1.);
#4352 = DIRECTION('',(0.,-1.224646799147E-16,-1.));
#4353 = PCURVE('',#986,#4354);
#4354 = DEFINITIONAL_REPRESENTATION('',(#4355),#4359);
#4355 = LINE('',#4356,#4357);
#4356 = CARTESIAN_POINT('',(-6.28318530718,0.));
#4357 = VECTOR('',#4358,1.);
#4358 = DIRECTION('',(-0.,-1.));
#4359 = ( GEOMETRIC_REPRESENTATION_CONTEXT(2) 
PARAMETRIC_REPRESENTATION_CONTEXT() REPRESENTATION_CONTEXT('2D SPACE',''
  ) );
#4360 = PCURVE('',#986,#4361);
#4361 = DEFINITIONAL_REPRESENTATION('',(#4362),#4366);
#4362 = LINE('',#4363,#4364);
#4363 = CARTESIAN_POINT('',(-0.,0.));
#4364 = VECTOR('',#4365,1.);
#4365 = DIRECTION('',(-0.,-1.));
#4366 = ( GEOMETRIC_REPRESENTATION_CONTEXT(2) 
PARAMETRIC_REPRESENTATION_CONTEXT() REPRESENTATION_CONTEXT('2D SPACE',''
  ) );
#4367 = ORIENTED_EDGE('',*,*,#965,.F.);
#4368 = ORIENTED_EDGE('',*,*,#4347,.F.);
#4369 = ADVANCED_FACE('',(#4370),#1021,.F.);
#4370 = FACE_BOUND('',#4371,.T.);
#4371 = EDGE_LOOP('',(#4372,#4373,#4394,#4395));
#4372 = ORIENTED_EDGE('',*,*,#2794,.T.);
#4373 = ORIENTED_EDGE('',*,*,#4374,.T.);
#4374 = EDGE_CURVE('',#2795,#1001,#4375,.T.);
#4375 = SEAM_CURVE('',#4376,(#4380,#4387),.PCURVE_S1.);
#4376 = LINE('',#4377,#4378);
#4377 = CARTESIAN_POINT('',(60.,71.33,4.5));
#4378 = VECTOR('',#4379,1.);
#4379 = DIRECTION('',(0.,-1.224646799147E-16,-1.));
#4380 = PCURVE('',#1021,#4381);
#4381 = DEFINITIONAL_REPRESENTATION('',(#4382),#4386);
#4382 = LINE('',#4383,#4384);
#4383 = CARTESIAN_POINT('',(-6.28318530718,0.));
#4384 = VECTOR('',#4385,1.);
#4385 = DIRECTION('',(-0.,-1.));
#4386 = ( GEOMETRIC_REPRESENTATION_CONTEXT(2) 
PARAMETRIC_REPRESENTATION_CONTEXT() REPRESENTATION_CONTEXT('2D SPACE',''
  ) );
#4387 = PCURVE('',#1021,#4388);
#4388 = DEFINITIONAL_REPRESENTATION('',(#4389),#4393);
#4389 = LINE('',#4390,#4391);
#4390 = CARTESIAN_POINT('',(-0.,0.));
#4391 = VECTOR('',#4392,1.);
#4392 = DIRECTION('',(-0.,-1.));
#4393 = ( GEOMETRIC_REPRESENTATION_CONTEXT(2) 
PARAMETRIC_REPRESENTATION_CONTEXT() REPRESENTATION_CONTEXT('2D SPACE',''
  ) );
#4394 = ORIENTED_EDGE('',*,*,#1000,.F.);
#4395 = ORIENTED_EDGE('',*,*,#4374,.F.);
#4396 = ADVANCED_FACE('',(#4397),#1056,.F.);
#4397 = FACE_BOUND('',#4398,.T.);
#4398 = EDGE_LOOP('',(#4399,#4400,#4421,#4422));
#4399 = ORIENTED_EDGE('',*,*,#2824,.T.);
#4400 = ORIENTED_EDGE('',*,*,#4401,.T.);
#4401 = EDGE_CURVE('',#2825,#1036,#4402,.T.);
#4402 = SEAM_CURVE('',#4403,(#4407,#4414),.PCURVE_S1.);
#4403 = LINE('',#4404,#4405);
#4404 = CARTESIAN_POINT('',(66.5,77.83,4.5));
#4405 = VECTOR('',#4406,1.);
#4406 = DIRECTION('',(0.,-1.224646799147E-16,-1.));
#4407 = PCURVE('',#1056,#4408);
#4408 = DEFINITIONAL_REPRESENTATION('',(#4409),#4413);
#4409 = LINE('',#4410,#4411);
#4410 = CARTESIAN_POINT('',(-6.28318530718,0.));
#4411 = VECTOR('',#4412,1.);
#4412 = DIRECTION('',(-0.,-1.));
#4413 = ( GEOMETRIC_REPRESENTATION_CONTEXT(2) 
PARAMETRIC_REPRESENTATION_CONTEXT() REPRESENTATION_CONTEXT('2D SPACE',''
  ) );
#4414 = PCURVE('',#1056,#4415);
#4415 = DEFINITIONAL_REPRESENTATION('',(#4416),#4420);
#4416 = LINE('',#4417,#4418);
#4417 = CARTESIAN_POINT('',(-0.,0.));
#4418 = VECTOR('',#4419,1.);
#4419 = DIRECTION('',(-0.,-1.));
#4420 = ( GEOMETRIC_REPRESENTATION_CONTEXT(2) 
PARAMETRIC_REPRESENTATION_CONTEXT() REPRESENTATION_CONTEXT('2D SPACE',''
  ) );
#4421 = ORIENTED_EDGE('',*,*,#1035,.F.);
#4422 = ORIENTED_EDGE('',*,*,#4401,.F.);
#4423 = ADVANCED_FACE('',(#4424),#1091,.F.);
#4424 = FACE_BOUND('',#4425,.T.);
#4425 = EDGE_LOOP('',(#4426,#4427,#4448,#4449));
#4426 = ORIENTED_EDGE('',*,*,#2854,.T.);
#4427 = ORIENTED_EDGE('',*,*,#4428,.T.);
#4428 = EDGE_CURVE('',#2855,#1071,#4429,.T.);
#4429 = SEAM_CURVE('',#4430,(#4434,#4441),.PCURVE_S1.);
#4430 = LINE('',#4431,#4432);
#4431 = CARTESIAN_POINT('',(66.5,71.33,4.5));
#4432 = VECTOR('',#4433,1.);
#4433 = DIRECTION('',(0.,-1.224646799147E-16,-1.));
#4434 = PCURVE('',#1091,#4435);
#4435 = DEFINITIONAL_REPRESENTATION('',(#4436),#4440);
#4436 = LINE('',#4437,#4438);
#4437 = CARTESIAN_POINT('',(-6.28318530718,0.));
#4438 = VECTOR('',#4439,1.);
#4439 = DIRECTION('',(-0.,-1.));
#4440 = ( GEOMETRIC_REPRESENTATION_CONTEXT(2) 
PARAMETRIC_REPRESENTATION_CONTEXT() REPRESENTATION_CONTEXT('2D SPACE',''
  ) );
#4441 = PCURVE('',#1091,#4442);
#4442 = DEFINITIONAL_REPRESENTATION('',(#4443),#4447);
#4443 = LINE('',#4444,#4445);
#4444 = CARTESIAN_POINT('',(-0.,0.));
#4445 = VECTOR('',#4446,1.);
#4446 = DIRECTION('',(-0.,-1.));
#4447 = ( GEOMETRIC_REPRESENTATION_CONTEXT(2) 
PARAMETRIC_REPRESENTATION_CONTEXT() REPRESENTATION_CONTEXT('2D SPACE',''
  ) );
#4448 = ORIENTED_EDGE('',*,*,#1070,.F.);
#4449 = ORIENTED_EDGE('',*,*,#4428,.F.);
#4450 = ADVANCED_FACE('',(#4451),#1126,.F.);
#4451 = FACE_BOUND('',#4452,.T.);
#4452 = EDGE_LOOP('',(#4453,#4454,#4475,#4476));
#4453 = ORIENTED_EDGE('',*,*,#2884,.T.);
#4454 = ORIENTED_EDGE('',*,*,#4455,.T.);
#4455 = EDGE_CURVE('',#2885,#1106,#4456,.T.);
#4456 = SEAM_CURVE('',#4457,(#4461,#4468),.PCURVE_S1.);
#4457 = LINE('',#4458,#4459);
#4458 = CARTESIAN_POINT('',(53.5,64.83,4.5));
#4459 = VECTOR('',#4460,1.);
#4460 = DIRECTION('',(0.,-1.224646799147E-16,-1.));
#4461 = PCURVE('',#1126,#4462);
#4462 = DEFINITIONAL_REPRESENTATION('',(#4463),#4467);
#4463 = LINE('',#4464,#4465);
#4464 = CARTESIAN_POINT('',(-6.28318530718,0.));
#4465 = VECTOR('',#4466,1.);
#4466 = DIRECTION('',(-0.,-1.));
#4467 = ( GEOMETRIC_REPRESENTATION_CONTEXT(2) 
PARAMETRIC_REPRESENTATION_CONTEXT() REPRESENTATION_CONTEXT('2D SPACE',''
  ) );
#4468 = PCURVE('',#1126,#4469);
#4469 = DEFINITIONAL_REPRESENTATION('',(#4470),#4474);
#4470 = LINE('',#4471,#4472);
#4471 = CARTESIAN_POINT('',(-0.,0.));
#4472 = VECTOR('',#4473,1.);
#4473 = DIRECTION('',(-0.,-1.));
#4474 = ( GEOMETRIC_REPRESENTATION_CONTEXT(2) 
PARAMETRIC_REPRESENTATION_CONTEXT() REPRESENTATION_CONTEXT('2D SPACE',''
  ) );
#4475 = ORIENTED_EDGE('',*,*,#1105,.F.);
#4476 = ORIENTED_EDGE('',*,*,#4455,.F.);
#4477 = ADVANCED_FACE('',(#4478),#1161,.F.);
#4478 = FACE_BOUND('',#4479,.T.);
#4479 = EDGE_LOOP('',(#4480,#4481,#4502,#4503));
#4480 = ORIENTED_EDGE('',*,*,#2914,.T.);
#4481 = ORIENTED_EDGE('',*,*,#4482,.T.);
#4482 = EDGE_CURVE('',#2915,#1141,#4483,.T.);
#4483 = SEAM_CURVE('',#4484,(#4488,#4495),.PCURVE_S1.);
#4484 = LINE('',#4485,#4486);
#4485 = CARTESIAN_POINT('',(60.,64.83,4.5));
#4486 = VECTOR('',#4487,1.);
#4487 = DIRECTION('',(0.,-1.224646799147E-16,-1.));
#4488 = PCURVE('',#1161,#4489);
#4489 = DEFINITIONAL_REPRESENTATION('',(#4490),#4494);
#4490 = LINE('',#4491,#4492);
#4491 = CARTESIAN_POINT('',(-6.28318530718,0.));
#4492 = VECTOR('',#4493,1.);
#4493 = DIRECTION('',(-0.,-1.));
#4494 = ( GEOMETRIC_REPRESENTATION_CONTEXT(2) 
PARAMETRIC_REPRESENTATION_CONTEXT() REPRESENTATION_CONTEXT('2D SPACE',''
  ) );
#4495 = PCURVE('',#1161,#4496);
#4496 = DEFINITIONAL_REPRESENTATION('',(#4497),#4501);
#4497 = LINE('',#4498,#4499);
#4498 = CARTESIAN_POINT('',(-0.,0.));
#4499 = VECTOR('',#4500,1.);
#4500 = DIRECTION('',(-0.,-1.));
#4501 = ( GEOMETRIC_REPRESENTATION_CONTEXT(2) 
PARAMETRIC_REPRESENTATION_CONTEXT() REPRESENTATION_CONTEXT('2D SPACE',''
  ) );
#4502 = ORIENTED_EDGE('',*,*,#1140,.F.);
#4503 = ORIENTED_EDGE('',*,*,#4482,.F.);
#4504 = ADVANCED_FACE('',(#4505),#1196,.F.);
#4505 = FACE_BOUND('',#4506,.T.);
#4506 = EDGE_LOOP('',(#4507,#4508,#4529,#4530));
#4507 = ORIENTED_EDGE('',*,*,#2944,.T.);
#4508 = ORIENTED_EDGE('',*,*,#4509,.T.);
#4509 = EDGE_CURVE('',#2945,#1176,#4510,.T.);
#4510 = SEAM_CURVE('',#4511,(#4515,#4522),.PCURVE_S1.);
#4511 = LINE('',#4512,#4513);
#4512 = CARTESIAN_POINT('',(66.5,64.83,4.5));
#4513 = VECTOR('',#4514,1.);
#4514 = DIRECTION('',(0.,-1.224646799147E-16,-1.));
#4515 = PCURVE('',#1196,#4516);
#4516 = DEFINITIONAL_REPRESENTATION('',(#4517),#4521);
#4517 = LINE('',#4518,#4519);
#4518 = CARTESIAN_POINT('',(-6.28318530718,0.));
#4519 = VECTOR('',#4520,1.);
#4520 = DIRECTION('',(-0.,-1.));
#4521 = ( GEOMETRIC_REPRESENTATION_CONTEXT(2) 
PARAMETRIC_REPRESENTATION_CONTEXT() REPRESENTATION_CONTEXT('2D SPACE',''
  ) );
#4522 = PCURVE('',#1196,#4523);
#4523 = DEFINITIONAL_REPRESENTATION('',(#4524),#4528);
#4524 = LINE('',#4525,#4526);
#4525 = CARTESIAN_POINT('',(-0.,0.));
#4526 = VECTOR('',#4527,1.);
#4527 = DIRECTION('',(-0.,-1.));
#4528 = ( GEOMETRIC_REPRESENTATION_CONTEXT(2) 
PARAMETRIC_REPRESENTATION_CONTEXT() REPRESENTATION_CONTEXT('2D SPACE',''
  ) );
#4529 = ORIENTED_EDGE('',*,*,#1175,.F.);
#4530 = ORIENTED_EDGE('',*,*,#4509,.F.);
#4531 = ADVANCED_FACE('',(#4532),#1231,.F.);
#4532 = FACE_BOUND('',#4533,.T.);
#4533 = EDGE_LOOP('',(#4534,#4563,#4584,#4585));
#4534 = ORIENTED_EDGE('',*,*,#4535,.F.);
#4535 = EDGE_CURVE('',#4536,#4536,#4538,.T.);
#4536 = VERTEX_POINT('',#4537);
#4537 = CARTESIAN_POINT('',(6.5,4.,2.6));
#4538 = SURFACE_CURVE('',#4539,(#4544,#4551),.PCURVE_S1.);
#4539 = CIRCLE('',#4540,2.5);
#4540 = AXIS2_PLACEMENT_3D('',#4541,#4542,#4543);
#4541 = CARTESIAN_POINT('',(4.,4.,2.6));
#4542 = DIRECTION('',(0.,-1.224646799147E-16,-1.));
#4543 = DIRECTION('',(1.,0.,0.));
#4544 = PCURVE('',#1231,#4545);
#4545 = DEFINITIONAL_REPRESENTATION('',(#4546),#4550);
#4546 = LINE('',#4547,#4548);
#4547 = CARTESIAN_POINT('',(-0.,0.));
#4548 = VECTOR('',#4549,1.);
#4549 = DIRECTION('',(-1.,0.));
#4550 = ( GEOMETRIC_REPRESENTATION_CONTEXT(2) 
PARAMETRIC_REPRESENTATION_CONTEXT() REPRESENTATION_CONTEXT('2D SPACE',''
  ) );
#4551 = PCURVE('',#4552,#4557);
#4552 = PLANE('',#4553);
#4553 = AXIS2_PLACEMENT_3D('',#4554,#4555,#4556);
#4554 = CARTESIAN_POINT('',(4.,109.13,2.6));
#4555 = DIRECTION('',(0.,-1.224646799147E-16,-1.));
#4556 = DIRECTION('',(1.,0.,0.));
#4557 = DEFINITIONAL_REPRESENTATION('',(#4558),#4562);
#4558 = CIRCLE('',#4559,2.5);
#4559 = AXIS2_PLACEMENT_2D('',#4560,#4561);
#4560 = CARTESIAN_POINT('',(4.440892098501E-16,105.13));
#4561 = DIRECTION('',(1.,0.));
#4562 = ( GEOMETRIC_REPRESENTATION_CONTEXT(2) 
PARAMETRIC_REPRESENTATION_CONTEXT() REPRESENTATION_CONTEXT('2D SPACE',''
  ) );
#4563 = ORIENTED_EDGE('',*,*,#4564,.T.);
#4564 = EDGE_CURVE('',#4536,#1211,#4565,.T.);
#4565 = SEAM_CURVE('',#4566,(#4570,#4577),.PCURVE_S1.);
#4566 = LINE('',#4567,#4568);
#4567 = CARTESIAN_POINT('',(6.5,4.,2.6));
#4568 = VECTOR('',#4569,1.);
#4569 = DIRECTION('',(0.,-1.224646799147E-16,-1.));
#4570 = PCURVE('',#1231,#4571);
#4571 = DEFINITIONAL_REPRESENTATION('',(#4572),#4576);
#4572 = LINE('',#4573,#4574);
#4573 = CARTESIAN_POINT('',(-6.28318530718,0.));
#4574 = VECTOR('',#4575,1.);
#4575 = DIRECTION('',(-0.,-1.));
#4576 = ( GEOMETRIC_REPRESENTATION_CONTEXT(2) 
PARAMETRIC_REPRESENTATION_CONTEXT() REPRESENTATION_CONTEXT('2D SPACE',''
  ) );
#4577 = PCURVE('',#1231,#4578);
#4578 = DEFINITIONAL_REPRESENTATION('',(#4579),#4583);
#4579 = LINE('',#4580,#4581);
#4580 = CARTESIAN_POINT('',(-0.,0.));
#4581 = VECTOR('',#4582,1.);
#4582 = DIRECTION('',(-0.,-1.));
#4583 = ( GEOMETRIC_REPRESENTATION_CONTEXT(2) 
PARAMETRIC_REPRESENTATION_CONTEXT() REPRESENTATION_CONTEXT('2D SPACE',''
  ) );
#4584 = ORIENTED_EDGE('',*,*,#1210,.F.);
#4585 = ORIENTED_EDGE('',*,*,#4564,.F.);
#4586 = ADVANCED_FACE('',(#4587),#1263,.T.);
#4587 = FACE_BOUND('',#4588,.T.);
#4588 = EDGE_LOOP('',(#4589,#4610,#4611,#4632));
#4589 = ORIENTED_EDGE('',*,*,#4590,.F.);
#4590 = EDGE_CURVE('',#3124,#1246,#4591,.T.);
#4591 = SURFACE_CURVE('',#4592,(#4596,#4603),.PCURVE_S1.);
#4592 = LINE('',#4593,#4594);
#4593 = CARTESIAN_POINT('',(32.,38.415,4.5));
#4594 = VECTOR('',#4595,1.);
#4595 = DIRECTION('',(0.,-1.224646799147E-16,-1.));
#4596 = PCURVE('',#1263,#4597);
#4597 = DEFINITIONAL_REPRESENTATION('',(#4598),#4602);
#4598 = LINE('',#4599,#4600);
#4599 = CARTESIAN_POINT('',(0.,3.));
#4600 = VECTOR('',#4601,1.);
#4601 = DIRECTION('',(1.,0.));
#4602 = ( GEOMETRIC_REPRESENTATION_CONTEXT(2) 
PARAMETRIC_REPRESENTATION_CONTEXT() REPRESENTATION_CONTEXT('2D SPACE',''
  ) );
#4603 = PCURVE('',#1345,#4604);
#4604 = DEFINITIONAL_REPRESENTATION('',(#4605),#4609);
#4605 = LINE('',#4606,#4607);
#4606 = CARTESIAN_POINT('',(0.,0.));
#4607 = VECTOR('',#4608,1.);
#4608 = DIRECTION('',(1.,0.));
#4609 = ( GEOMETRIC_REPRESENTATION_CONTEXT(2) 
PARAMETRIC_REPRESENTATION_CONTEXT() REPRESENTATION_CONTEXT('2D SPACE',''
  ) );
#4610 = ORIENTED_EDGE('',*,*,#3123,.T.);
#4611 = ORIENTED_EDGE('',*,*,#4612,.T.);
#4612 = EDGE_CURVE('',#3126,#1248,#4613,.T.);
#4613 = SURFACE_CURVE('',#4614,(#4618,#4625),.PCURVE_S1.);
#4614 = LINE('',#4615,#4616);
#4615 = CARTESIAN_POINT('',(29.,38.415,4.5));
#4616 = VECTOR('',#4617,1.);
#4617 = DIRECTION('',(0.,-1.224646799147E-16,-1.));
#4618 = PCURVE('',#1263,#4619);
#4619 = DEFINITIONAL_REPRESENTATION('',(#4620),#4624);
#4620 = LINE('',#4621,#4622);
#4621 = CARTESIAN_POINT('',(0.,0.));
#4622 = VECTOR('',#4623,1.);
#4623 = DIRECTION('',(1.,0.));
#4624 = ( GEOMETRIC_REPRESENTATION_CONTEXT(2) 
PARAMETRIC_REPRESENTATION_CONTEXT() REPRESENTATION_CONTEXT('2D SPACE',''
  ) );
#4625 = PCURVE('',#1291,#4626);
#4626 = DEFINITIONAL_REPRESENTATION('',(#4627),#4631);
#4627 = LINE('',#4628,#4629);
#4628 = CARTESIAN_POINT('',(0.,0.));
#4629 = VECTOR('',#4630,1.);
#4630 = DIRECTION('',(1.,0.));
#4631 = ( GEOMETRIC_REPRESENTATION_CONTEXT(2) 
PARAMETRIC_REPRESENTATION_CONTEXT() REPRESENTATION_CONTEXT('2D SPACE',''
  ) );
#4632 = ORIENTED_EDGE('',*,*,#1245,.F.);
#4633 = ADVANCED_FACE('',(#4634),#1345,.F.);
#4634 = FACE_BOUND('',#4635,.F.);
#4635 = EDGE_LOOP('',(#4636,#4637,#4638,#4659));
#4636 = ORIENTED_EDGE('',*,*,#4590,.F.);
#4637 = ORIENTED_EDGE('',*,*,#3194,.T.);
#4638 = ORIENTED_EDGE('',*,*,#4639,.T.);
#4639 = EDGE_CURVE('',#3172,#1304,#4640,.T.);
#4640 = SURFACE_CURVE('',#4641,(#4645,#4652),.PCURVE_S1.);
#4641 = LINE('',#4642,#4643);
#4642 = CARTESIAN_POINT('',(32.,16.415,4.5));
#4643 = VECTOR('',#4644,1.);
#4644 = DIRECTION('',(0.,-1.224646799147E-16,-1.));
#4645 = PCURVE('',#1345,#4646);
#4646 = DEFINITIONAL_REPRESENTATION('',(#4647),#4651);
#4647 = LINE('',#4648,#4649);
#4648 = CARTESIAN_POINT('',(2.694222958124E-15,-22.));
#4649 = VECTOR('',#4650,1.);
#4650 = DIRECTION('',(1.,0.));
#4651 = ( GEOMETRIC_REPRESENTATION_CONTEXT(2) 
PARAMETRIC_REPRESENTATION_CONTEXT() REPRESENTATION_CONTEXT('2D SPACE',''
  ) );
#4652 = PCURVE('',#1319,#4653);
#4653 = DEFINITIONAL_REPRESENTATION('',(#4654),#4658);
#4654 = LINE('',#4655,#4656);
#4655 = CARTESIAN_POINT('',(0.,3.));
#4656 = VECTOR('',#4657,1.);
#4657 = DIRECTION('',(1.,0.));
#4658 = ( GEOMETRIC_REPRESENTATION_CONTEXT(2) 
PARAMETRIC_REPRESENTATION_CONTEXT() REPRESENTATION_CONTEXT('2D SPACE',''
  ) );
#4659 = ORIENTED_EDGE('',*,*,#1331,.F.);
#4660 = ADVANCED_FACE('',(#4661),#1291,.T.);
#4661 = FACE_BOUND('',#4662,.T.);
#4662 = EDGE_LOOP('',(#4663,#4664,#4665,#4686));
#4663 = ORIENTED_EDGE('',*,*,#4612,.F.);
#4664 = ORIENTED_EDGE('',*,*,#3148,.T.);
#4665 = ORIENTED_EDGE('',*,*,#4666,.T.);
#4666 = EDGE_CURVE('',#3149,#1276,#4667,.T.);
#4667 = SURFACE_CURVE('',#4668,(#4672,#4679),.PCURVE_S1.);
#4668 = LINE('',#4669,#4670);
#4669 = CARTESIAN_POINT('',(29.,16.415,4.5));
#4670 = VECTOR('',#4671,1.);
#4671 = DIRECTION('',(0.,-1.224646799147E-16,-1.));
#4672 = PCURVE('',#1291,#4673);
#4673 = DEFINITIONAL_REPRESENTATION('',(#4674),#4678);
#4674 = LINE('',#4675,#4676);
#4675 = CARTESIAN_POINT('',(2.694222958124E-15,-22.));
#4676 = VECTOR('',#4677,1.);
#4677 = DIRECTION('',(1.,0.));
#4678 = ( GEOMETRIC_REPRESENTATION_CONTEXT(2) 
PARAMETRIC_REPRESENTATION_CONTEXT() REPRESENTATION_CONTEXT('2D SPACE',''
  ) );
#4679 = PCURVE('',#1319,#4680);
#4680 = DEFINITIONAL_REPRESENTATION('',(#4681),#4685);
#4681 = LINE('',#4682,#4683);
#4682 = CARTESIAN_POINT('',(0.,0.));
#4683 = VECTOR('',#4684,1.);
#4684 = DIRECTION('',(1.,0.));
#4685 = ( GEOMETRIC_REPRESENTATION_CONTEXT(2) 
PARAMETRIC_REPRESENTATION_CONTEXT() REPRESENTATION_CONTEXT('2D SPACE',''
  ) );
#4686 = ORIENTED_EDGE('',*,*,#1275,.F.);
#4687 = ADVANCED_FACE('',(#4688),#1319,.F.);
#4688 = FACE_BOUND('',#4689,.F.);
#4689 = EDGE_LOOP('',(#4690,#4691,#4692,#4693));
#4690 = ORIENTED_EDGE('',*,*,#4639,.F.);
#4691 = ORIENTED_EDGE('',*,*,#3171,.T.);
#4692 = ORIENTED_EDGE('',*,*,#4666,.T.);
#4693 = ORIENTED_EDGE('',*,*,#1303,.F.);
#4694 = ADVANCED_FACE('',(#4695),#1377,.T.);
#4695 = FACE_BOUND('',#4696,.T.);
#4696 = EDGE_LOOP('',(#4697,#4718,#4719,#4740));
#4697 = ORIENTED_EDGE('',*,*,#4698,.F.);
#4698 = EDGE_CURVE('',#3218,#1360,#4699,.T.);
#4699 = SURFACE_CURVE('',#4700,(#4704,#4711),.PCURVE_S1.);
#4700 = LINE('',#4701,#4702);
#4701 = CARTESIAN_POINT('',(41.,38.415,4.5));
#4702 = VECTOR('',#4703,1.);
#4703 = DIRECTION('',(0.,-1.224646799147E-16,-1.));
#4704 = PCURVE('',#1377,#4705);
#4705 = DEFINITIONAL_REPRESENTATION('',(#4706),#4710);
#4706 = LINE('',#4707,#4708);
#4707 = CARTESIAN_POINT('',(0.,3.));
#4708 = VECTOR('',#4709,1.);
#4709 = DIRECTION('',(1.,0.));
#4710 = ( GEOMETRIC_REPRESENTATION_CONTEXT(2) 
PARAMETRIC_REPRESENTATION_CONTEXT() REPRESENTATION_CONTEXT('2D SPACE',''
  ) );
#4711 = PCURVE('',#1459,#4712);
#4712 = DEFINITIONAL_REPRESENTATION('',(#4713),#4717);
#4713 = LINE('',#4714,#4715);
#4714 = CARTESIAN_POINT('',(0.,0.));
#4715 = VECTOR('',#4716,1.);
#4716 = DIRECTION('',(1.,0.));
#4717 = ( GEOMETRIC_REPRESENTATION_CONTEXT(2) 
PARAMETRIC_REPRESENTATION_CONTEXT() REPRESENTATION_CONTEXT('2D SPACE',''
  ) );
#4718 = ORIENTED_EDGE('',*,*,#3217,.T.);
#4719 = ORIENTED_EDGE('',*,*,#4720,.T.);
#4720 = EDGE_CURVE('',#3220,#1362,#4721,.T.);
#4721 = SURFACE_CURVE('',#4722,(#4726,#4733),.PCURVE_S1.);
#4722 = LINE('',#4723,#4724);
#4723 = CARTESIAN_POINT('',(38.,38.415,4.5));
#4724 = VECTOR('',#4725,1.);
#4725 = DIRECTION('',(0.,-1.224646799147E-16,-1.));
#4726 = PCURVE('',#1377,#4727);
#4727 = DEFINITIONAL_REPRESENTATION('',(#4728),#4732);
#4728 = LINE('',#4729,#4730);
#4729 = CARTESIAN_POINT('',(0.,0.));
#4730 = VECTOR('',#4731,1.);
#4731 = DIRECTION('',(1.,0.));
#4732 = ( GEOMETRIC_REPRESENTATION_CONTEXT(2) 
PARAMETRIC_REPRESENTATION_CONTEXT() REPRESENTATION_CONTEXT('2D SPACE',''
  ) );
#4733 = PCURVE('',#1405,#4734);
#4734 = DEFINITIONAL_REPRESENTATION('',(#4735),#4739);
#4735 = LINE('',#4736,#4737);
#4736 = CARTESIAN_POINT('',(0.,0.));
#4737 = VECTOR('',#4738,1.);
#4738 = DIRECTION('',(1.,0.));
#4739 = ( GEOMETRIC_REPRESENTATION_CONTEXT(2) 
PARAMETRIC_REPRESENTATION_CONTEXT() REPRESENTATION_CONTEXT('2D SPACE',''
  ) );
#4740 = ORIENTED_EDGE('',*,*,#1359,.F.);
#4741 = ADVANCED_FACE('',(#4742),#1459,.F.);
#4742 = FACE_BOUND('',#4743,.F.);
#4743 = EDGE_LOOP('',(#4744,#4745,#4746,#4767));
#4744 = ORIENTED_EDGE('',*,*,#4698,.F.);
#4745 = ORIENTED_EDGE('',*,*,#3288,.T.);
#4746 = ORIENTED_EDGE('',*,*,#4747,.T.);
#4747 = EDGE_CURVE('',#3266,#1418,#4748,.T.);
#4748 = SURFACE_CURVE('',#4749,(#4753,#4760),.PCURVE_S1.);
#4749 = LINE('',#4750,#4751);
#4750 = CARTESIAN_POINT('',(41.,16.415,4.5));
#4751 = VECTOR('',#4752,1.);
#4752 = DIRECTION('',(0.,-1.224646799147E-16,-1.));
#4753 = PCURVE('',#1459,#4754);
#4754 = DEFINITIONAL_REPRESENTATION('',(#4755),#4759);
#4755 = LINE('',#4756,#4757);
#4756 = CARTESIAN_POINT('',(2.694222958124E-15,-22.));
#4757 = VECTOR('',#4758,1.);
#4758 = DIRECTION('',(1.,0.));
#4759 = ( GEOMETRIC_REPRESENTATION_CONTEXT(2) 
PARAMETRIC_REPRESENTATION_CONTEXT() REPRESENTATION_CONTEXT('2D SPACE',''
  ) );
#4760 = PCURVE('',#1433,#4761);
#4761 = DEFINITIONAL_REPRESENTATION('',(#4762),#4766);
#4762 = LINE('',#4763,#4764);
#4763 = CARTESIAN_POINT('',(0.,3.));
#4764 = VECTOR('',#4765,1.);
#4765 = DIRECTION('',(1.,0.));
#4766 = ( GEOMETRIC_REPRESENTATION_CONTEXT(2) 
PARAMETRIC_REPRESENTATION_CONTEXT() REPRESENTATION_CONTEXT('2D SPACE',''
  ) );
#4767 = ORIENTED_EDGE('',*,*,#1445,.F.);
#4768 = ADVANCED_FACE('',(#4769),#1405,.T.);
#4769 = FACE_BOUND('',#4770,.T.);
#4770 = EDGE_LOOP('',(#4771,#4772,#4773,#4794));
#4771 = ORIENTED_EDGE('',*,*,#4720,.F.);
#4772 = ORIENTED_EDGE('',*,*,#3242,.T.);
#4773 = ORIENTED_EDGE('',*,*,#4774,.T.);
#4774 = EDGE_CURVE('',#3243,#1390,#4775,.T.);
#4775 = SURFACE_CURVE('',#4776,(#4780,#4787),.PCURVE_S1.);
#4776 = LINE('',#4777,#4778);
#4777 = CARTESIAN_POINT('',(38.,16.415,4.5));
#4778 = VECTOR('',#4779,1.);
#4779 = DIRECTION('',(0.,-1.224646799147E-16,-1.));
#4780 = PCURVE('',#1405,#4781);
#4781 = DEFINITIONAL_REPRESENTATION('',(#4782),#4786);
#4782 = LINE('',#4783,#4784);
#4783 = CARTESIAN_POINT('',(2.694222958124E-15,-22.));
#4784 = VECTOR('',#4785,1.);
#4785 = DIRECTION('',(1.,0.));
#4786 = ( GEOMETRIC_REPRESENTATION_CONTEXT(2) 
PARAMETRIC_REPRESENTATION_CONTEXT() REPRESENTATION_CONTEXT('2D SPACE',''
  ) );
#4787 = PCURVE('',#1433,#4788);
#4788 = DEFINITIONAL_REPRESENTATION('',(#4789),#4793);
#4789 = LINE('',#4790,#4791);
#4790 = CARTESIAN_POINT('',(0.,0.));
#4791 = VECTOR('',#4792,1.);
#4792 = DIRECTION('',(1.,0.));
#4793 = ( GEOMETRIC_REPRESENTATION_CONTEXT(2) 
PARAMETRIC_REPRESENTATION_CONTEXT() REPRESENTATION_CONTEXT('2D SPACE',''
  ) );
#4794 = ORIENTED_EDGE('',*,*,#1389,.F.);
#4795 = ADVANCED_FACE('',(#4796),#1433,.F.);
#4796 = FACE_BOUND('',#4797,.F.);
#4797 = EDGE_LOOP('',(#4798,#4799,#4800,#4801));
#4798 = ORIENTED_EDGE('',*,*,#4747,.F.);
#4799 = ORIENTED_EDGE('',*,*,#3265,.T.);
#4800 = ORIENTED_EDGE('',*,*,#4774,.T.);
#4801 = ORIENTED_EDGE('',*,*,#1417,.F.);
#4802 = ADVANCED_FACE('',(#4803),#1491,.T.);
#4803 = FACE_BOUND('',#4804,.T.);
#4804 = EDGE_LOOP('',(#4805,#4826,#4827,#4848));
#4805 = ORIENTED_EDGE('',*,*,#4806,.F.);
#4806 = EDGE_CURVE('',#3312,#1474,#4807,.T.);
#4807 = SURFACE_CURVE('',#4808,(#4812,#4819),.PCURVE_S1.);
#4808 = LINE('',#4809,#4810);
#4809 = CARTESIAN_POINT('',(50.,38.415,4.5));
#4810 = VECTOR('',#4811,1.);
#4811 = DIRECTION('',(0.,-1.224646799147E-16,-1.));
#4812 = PCURVE('',#1491,#4813);
#4813 = DEFINITIONAL_REPRESENTATION('',(#4814),#4818);
#4814 = LINE('',#4815,#4816);
#4815 = CARTESIAN_POINT('',(0.,3.));
#4816 = VECTOR('',#4817,1.);
#4817 = DIRECTION('',(1.,0.));
#4818 = ( GEOMETRIC_REPRESENTATION_CONTEXT(2) 
PARAMETRIC_REPRESENTATION_CONTEXT() REPRESENTATION_CONTEXT('2D SPACE',''
  ) );
#4819 = PCURVE('',#1573,#4820);
#4820 = DEFINITIONAL_REPRESENTATION('',(#4821),#4825);
#4821 = LINE('',#4822,#4823);
#4822 = CARTESIAN_POINT('',(0.,0.));
#4823 = VECTOR('',#4824,1.);
#4824 = DIRECTION('',(1.,0.));
#4825 = ( GEOMETRIC_REPRESENTATION_CONTEXT(2) 
PARAMETRIC_REPRESENTATION_CONTEXT() REPRESENTATION_CONTEXT('2D SPACE',''
  ) );
#4826 = ORIENTED_EDGE('',*,*,#3311,.T.);
#4827 = ORIENTED_EDGE('',*,*,#4828,.T.);
#4828 = EDGE_CURVE('',#3314,#1476,#4829,.T.);
#4829 = SURFACE_CURVE('',#4830,(#4834,#4841),.PCURVE_S1.);
#4830 = LINE('',#4831,#4832);
#4831 = CARTESIAN_POINT('',(47.,38.415,4.5));
#4832 = VECTOR('',#4833,1.);
#4833 = DIRECTION('',(0.,-1.224646799147E-16,-1.));
#4834 = PCURVE('',#1491,#4835);
#4835 = DEFINITIONAL_REPRESENTATION('',(#4836),#4840);
#4836 = LINE('',#4837,#4838);
#4837 = CARTESIAN_POINT('',(0.,0.));
#4838 = VECTOR('',#4839,1.);
#4839 = DIRECTION('',(1.,0.));
#4840 = ( GEOMETRIC_REPRESENTATION_CONTEXT(2) 
PARAMETRIC_REPRESENTATION_CONTEXT() REPRESENTATION_CONTEXT('2D SPACE',''
  ) );
#4841 = PCURVE('',#1519,#4842);
#4842 = DEFINITIONAL_REPRESENTATION('',(#4843),#4847);
#4843 = LINE('',#4844,#4845);
#4844 = CARTESIAN_POINT('',(0.,0.));
#4845 = VECTOR('',#4846,1.);
#4846 = DIRECTION('',(1.,0.));
#4847 = ( GEOMETRIC_REPRESENTATION_CONTEXT(2) 
PARAMETRIC_REPRESENTATION_CONTEXT() REPRESENTATION_CONTEXT('2D SPACE',''
  ) );
#4848 = ORIENTED_EDGE('',*,*,#1473,.F.);
#4849 = ADVANCED_FACE('',(#4850),#1573,.F.);
#4850 = FACE_BOUND('',#4851,.F.);
#4851 = EDGE_LOOP('',(#4852,#4853,#4854,#4875));
#4852 = ORIENTED_EDGE('',*,*,#4806,.F.);
#4853 = ORIENTED_EDGE('',*,*,#3382,.T.);
#4854 = ORIENTED_EDGE('',*,*,#4855,.T.);
#4855 = EDGE_CURVE('',#3360,#1532,#4856,.T.);
#4856 = SURFACE_CURVE('',#4857,(#4861,#4868),.PCURVE_S1.);
#4857 = LINE('',#4858,#4859);
#4858 = CARTESIAN_POINT('',(50.,16.415,4.5));
#4859 = VECTOR('',#4860,1.);
#4860 = DIRECTION('',(0.,-1.224646799147E-16,-1.));
#4861 = PCURVE('',#1573,#4862);
#4862 = DEFINITIONAL_REPRESENTATION('',(#4863),#4867);
#4863 = LINE('',#4864,#4865);
#4864 = CARTESIAN_POINT('',(2.694222958124E-15,-22.));
#4865 = VECTOR('',#4866,1.);
#4866 = DIRECTION('',(1.,0.));
#4867 = ( GEOMETRIC_REPRESENTATION_CONTEXT(2) 
PARAMETRIC_REPRESENTATION_CONTEXT() REPRESENTATION_CONTEXT('2D SPACE',''
  ) );
#4868 = PCURVE('',#1547,#4869);
#4869 = DEFINITIONAL_REPRESENTATION('',(#4870),#4874);
#4870 = LINE('',#4871,#4872);
#4871 = CARTESIAN_POINT('',(0.,3.));
#4872 = VECTOR('',#4873,1.);
#4873 = DIRECTION('',(1.,0.));
#4874 = ( GEOMETRIC_REPRESENTATION_CONTEXT(2) 
PARAMETRIC_REPRESENTATION_CONTEXT() REPRESENTATION_CONTEXT('2D SPACE',''
  ) );
#4875 = ORIENTED_EDGE('',*,*,#1559,.F.);
#4876 = ADVANCED_FACE('',(#4877),#1519,.T.);
#4877 = FACE_BOUND('',#4878,.T.);
#4878 = EDGE_LOOP('',(#4879,#4880,#4881,#4902));
#4879 = ORIENTED_EDGE('',*,*,#4828,.F.);
#4880 = ORIENTED_EDGE('',*,*,#3336,.T.);
#4881 = ORIENTED_EDGE('',*,*,#4882,.T.);
#4882 = EDGE_CURVE('',#3337,#1504,#4883,.T.);
#4883 = SURFACE_CURVE('',#4884,(#4888,#4895),.PCURVE_S1.);
#4884 = LINE('',#4885,#4886);
#4885 = CARTESIAN_POINT('',(47.,16.415,4.5));
#4886 = VECTOR('',#4887,1.);
#4887 = DIRECTION('',(0.,-1.224646799147E-16,-1.));
#4888 = PCURVE('',#1519,#4889);
#4889 = DEFINITIONAL_REPRESENTATION('',(#4890),#4894);
#4890 = LINE('',#4891,#4892);
#4891 = CARTESIAN_POINT('',(2.694222958124E-15,-22.));
#4892 = VECTOR('',#4893,1.);
#4893 = DIRECTION('',(1.,0.));
#4894 = ( GEOMETRIC_REPRESENTATION_CONTEXT(2) 
PARAMETRIC_REPRESENTATION_CONTEXT() REPRESENTATION_CONTEXT('2D SPACE',''
  ) );
#4895 = PCURVE('',#1547,#4896);
#4896 = DEFINITIONAL_REPRESENTATION('',(#4897),#4901);
#4897 = LINE('',#4898,#4899);
#4898 = CARTESIAN_POINT('',(0.,0.));
#4899 = VECTOR('',#4900,1.);
#4900 = DIRECTION('',(1.,0.));
#4901 = ( GEOMETRIC_REPRESENTATION_CONTEXT(2) 
PARAMETRIC_REPRESENTATION_CONTEXT() REPRESENTATION_CONTEXT('2D SPACE',''
  ) );
#4902 = ORIENTED_EDGE('',*,*,#1503,.F.);
#4903 = ADVANCED_FACE('',(#4904),#1547,.F.);
#4904 = FACE_BOUND('',#4905,.F.);
#4905 = EDGE_LOOP('',(#4906,#4907,#4908,#4909));
#4906 = ORIENTED_EDGE('',*,*,#4855,.F.);
#4907 = ORIENTED_EDGE('',*,*,#3359,.T.);
#4908 = ORIENTED_EDGE('',*,*,#4882,.T.);
#4909 = ORIENTED_EDGE('',*,*,#1531,.F.);
#4910 = ADVANCED_FACE('',(#4911),#1605,.T.);
#4911 = FACE_BOUND('',#4912,.T.);
#4912 = EDGE_LOOP('',(#4913,#4934,#4935,#4956));
#4913 = ORIENTED_EDGE('',*,*,#4914,.F.);
#4914 = EDGE_CURVE('',#3520,#1588,#4915,.T.);
#4915 = SURFACE_CURVE('',#4916,(#4920,#4927),.PCURVE_S1.);
#4916 = LINE('',#4917,#4918);
#4917 = CARTESIAN_POINT('',(59.,38.415,4.5));
#4918 = VECTOR('',#4919,1.);
#4919 = DIRECTION('',(0.,-1.224646799147E-16,-1.));
#4920 = PCURVE('',#1605,#4921);
#4921 = DEFINITIONAL_REPRESENTATION('',(#4922),#4926);
#4922 = LINE('',#4923,#4924);
#4923 = CARTESIAN_POINT('',(0.,3.));
#4924 = VECTOR('',#4925,1.);
#4925 = DIRECTION('',(1.,0.));
#4926 = ( GEOMETRIC_REPRESENTATION_CONTEXT(2) 
PARAMETRIC_REPRESENTATION_CONTEXT() REPRESENTATION_CONTEXT('2D SPACE',''
  ) );
#4927 = PCURVE('',#1687,#4928);
#4928 = DEFINITIONAL_REPRESENTATION('',(#4929),#4933);
#4929 = LINE('',#4930,#4931);
#4930 = CARTESIAN_POINT('',(0.,0.));
#4931 = VECTOR('',#4932,1.);
#4932 = DIRECTION('',(1.,0.));
#4933 = ( GEOMETRIC_REPRESENTATION_CONTEXT(2) 
PARAMETRIC_REPRESENTATION_CONTEXT() REPRESENTATION_CONTEXT('2D SPACE',''
  ) );
#4934 = ORIENTED_EDGE('',*,*,#3519,.T.);
#4935 = ORIENTED_EDGE('',*,*,#4936,.T.);
#4936 = EDGE_CURVE('',#3522,#1590,#4937,.T.);
#4937 = SURFACE_CURVE('',#4938,(#4942,#4949),.PCURVE_S1.);
#4938 = LINE('',#4939,#4940);
#4939 = CARTESIAN_POINT('',(56.,38.415,4.5));
#4940 = VECTOR('',#4941,1.);
#4941 = DIRECTION('',(0.,-1.224646799147E-16,-1.));
#4942 = PCURVE('',#1605,#4943);
#4943 = DEFINITIONAL_REPRESENTATION('',(#4944),#4948);
#4944 = LINE('',#4945,#4946);
#4945 = CARTESIAN_POINT('',(0.,0.));
#4946 = VECTOR('',#4947,1.);
#4947 = DIRECTION('',(1.,0.));
#4948 = ( GEOMETRIC_REPRESENTATION_CONTEXT(2) 
PARAMETRIC_REPRESENTATION_CONTEXT() REPRESENTATION_CONTEXT('2D SPACE',''
  ) );
#4949 = PCURVE('',#1633,#4950);
#4950 = DEFINITIONAL_REPRESENTATION('',(#4951),#4955);
#4951 = LINE('',#4952,#4953);
#4952 = CARTESIAN_POINT('',(0.,0.));
#4953 = VECTOR('',#4954,1.);
#4954 = DIRECTION('',(1.,0.));
#4955 = ( GEOMETRIC_REPRESENTATION_CONTEXT(2) 
PARAMETRIC_REPRESENTATION_CONTEXT() REPRESENTATION_CONTEXT('2D SPACE',''
  ) );
#4956 = ORIENTED_EDGE('',*,*,#1587,.F.);
#4957 = ADVANCED_FACE('',(#4958),#1687,.F.);
#4958 = FACE_BOUND('',#4959,.F.);
#4959 = EDGE_LOOP('',(#4960,#4961,#4962,#4983));
#4960 = ORIENTED_EDGE('',*,*,#4914,.F.);
#4961 = ORIENTED_EDGE('',*,*,#3590,.T.);
#4962 = ORIENTED_EDGE('',*,*,#4963,.T.);
#4963 = EDGE_CURVE('',#3568,#1646,#4964,.T.);
#4964 = SURFACE_CURVE('',#4965,(#4969,#4976),.PCURVE_S1.);
#4965 = LINE('',#4966,#4967);
#4966 = CARTESIAN_POINT('',(59.,16.415,4.5));
#4967 = VECTOR('',#4968,1.);
#4968 = DIRECTION('',(0.,-1.224646799147E-16,-1.));
#4969 = PCURVE('',#1687,#4970);
#4970 = DEFINITIONAL_REPRESENTATION('',(#4971),#4975);
#4971 = LINE('',#4972,#4973);
#4972 = CARTESIAN_POINT('',(2.694222958124E-15,-22.));
#4973 = VECTOR('',#4974,1.);
#4974 = DIRECTION('',(1.,0.));
#4975 = ( GEOMETRIC_REPRESENTATION_CONTEXT(2) 
PARAMETRIC_REPRESENTATION_CONTEXT() REPRESENTATION_CONTEXT('2D SPACE',''
  ) );
#4976 = PCURVE('',#1661,#4977);
#4977 = DEFINITIONAL_REPRESENTATION('',(#4978),#4982);
#4978 = LINE('',#4979,#4980);
#4979 = CARTESIAN_POINT('',(0.,3.));
#4980 = VECTOR('',#4981,1.);
#4981 = DIRECTION('',(1.,0.));
#4982 = ( GEOMETRIC_REPRESENTATION_CONTEXT(2) 
PARAMETRIC_REPRESENTATION_CONTEXT() REPRESENTATION_CONTEXT('2D SPACE',''
  ) );
#4983 = ORIENTED_EDGE('',*,*,#1673,.F.);
#4984 = ADVANCED_FACE('',(#4985),#1633,.T.);
#4985 = FACE_BOUND('',#4986,.T.);
#4986 = EDGE_LOOP('',(#4987,#4988,#4989,#5010));
#4987 = ORIENTED_EDGE('',*,*,#4936,.F.);
#4988 = ORIENTED_EDGE('',*,*,#3544,.T.);
#4989 = ORIENTED_EDGE('',*,*,#4990,.T.);
#4990 = EDGE_CURVE('',#3545,#1618,#4991,.T.);
#4991 = SURFACE_CURVE('',#4992,(#4996,#5003),.PCURVE_S1.);
#4992 = LINE('',#4993,#4994);
#4993 = CARTESIAN_POINT('',(56.,16.415,4.5));
#4994 = VECTOR('',#4995,1.);
#4995 = DIRECTION('',(0.,-1.224646799147E-16,-1.));
#4996 = PCURVE('',#1633,#4997);
#4997 = DEFINITIONAL_REPRESENTATION('',(#4998),#5002);
#4998 = LINE('',#4999,#5000);
#4999 = CARTESIAN_POINT('',(2.694222958124E-15,-22.));
#5000 = VECTOR('',#5001,1.);
#5001 = DIRECTION('',(1.,0.));
#5002 = ( GEOMETRIC_REPRESENTATION_CONTEXT(2) 
PARAMETRIC_REPRESENTATION_CONTEXT() REPRESENTATION_CONTEXT('2D SPACE',''
  ) );
#5003 = PCURVE('',#1661,#5004);
#5004 = DEFINITIONAL_REPRESENTATION('',(#5005),#5009);
#5005 = LINE('',#5006,#5007);
#5006 = CARTESIAN_POINT('',(0.,0.));
#5007 = VECTOR('',#5008,1.);
#5008 = DIRECTION('',(1.,0.));
#5009 = ( GEOMETRIC_REPRESENTATION_CONTEXT(2) 
PARAMETRIC_REPRESENTATION_CONTEXT() REPRESENTATION_CONTEXT('2D SPACE',''
  ) );
#5010 = ORIENTED_EDGE('',*,*,#1617,.F.);
#5011 = ADVANCED_FACE('',(#5012),#1661,.F.);
#5012 = FACE_BOUND('',#5013,.F.);
#5013 = EDGE_LOOP('',(#5014,#5015,#5016,#5017));
#5014 = ORIENTED_EDGE('',*,*,#4963,.F.);
#5015 = ORIENTED_EDGE('',*,*,#3567,.T.);
#5016 = ORIENTED_EDGE('',*,*,#4990,.T.);
#5017 = ORIENTED_EDGE('',*,*,#1645,.F.);
#5018 = ADVANCED_FACE('',(#5019),#1719,.T.);
#5019 = FACE_BOUND('',#5020,.T.);
#5020 = EDGE_LOOP('',(#5021,#5042,#5043,#5064));
#5021 = ORIENTED_EDGE('',*,*,#5022,.F.);
#5022 = EDGE_CURVE('',#3614,#1702,#5023,.T.);
#5023 = SURFACE_CURVE('',#5024,(#5028,#5035),.PCURVE_S1.);
#5024 = LINE('',#5025,#5026);
#5025 = CARTESIAN_POINT('',(68.,38.415,4.5));
#5026 = VECTOR('',#5027,1.);
#5027 = DIRECTION('',(0.,-1.224646799147E-16,-1.));
#5028 = PCURVE('',#1719,#5029);
#5029 = DEFINITIONAL_REPRESENTATION('',(#5030),#5034);
#5030 = LINE('',#5031,#5032);
#5031 = CARTESIAN_POINT('',(0.,3.));
#5032 = VECTOR('',#5033,1.);
#5033 = DIRECTION('',(1.,0.));
#5034 = ( GEOMETRIC_REPRESENTATION_CONTEXT(2) 
PARAMETRIC_REPRESENTATION_CONTEXT() REPRESENTATION_CONTEXT('2D SPACE',''
  ) );
#5035 = PCURVE('',#1801,#5036);
#5036 = DEFINITIONAL_REPRESENTATION('',(#5037),#5041);
#5037 = LINE('',#5038,#5039);
#5038 = CARTESIAN_POINT('',(0.,0.));
#5039 = VECTOR('',#5040,1.);
#5040 = DIRECTION('',(1.,0.));
#5041 = ( GEOMETRIC_REPRESENTATION_CONTEXT(2) 
PARAMETRIC_REPRESENTATION_CONTEXT() REPRESENTATION_CONTEXT('2D SPACE',''
  ) );
#5042 = ORIENTED_EDGE('',*,*,#3613,.T.);
#5043 = ORIENTED_EDGE('',*,*,#5044,.T.);
#5044 = EDGE_CURVE('',#3616,#1704,#5045,.T.);
#5045 = SURFACE_CURVE('',#5046,(#5050,#5057),.PCURVE_S1.);
#5046 = LINE('',#5047,#5048);
#5047 = CARTESIAN_POINT('',(65.,38.415,4.5));
#5048 = VECTOR('',#5049,1.);
#5049 = DIRECTION('',(0.,-1.224646799147E-16,-1.));
#5050 = PCURVE('',#1719,#5051);
#5051 = DEFINITIONAL_REPRESENTATION('',(#5052),#5056);
#5052 = LINE('',#5053,#5054);
#5053 = CARTESIAN_POINT('',(0.,0.));
#5054 = VECTOR('',#5055,1.);
#5055 = DIRECTION('',(1.,0.));
#5056 = ( GEOMETRIC_REPRESENTATION_CONTEXT(2) 
PARAMETRIC_REPRESENTATION_CONTEXT() REPRESENTATION_CONTEXT('2D SPACE',''
  ) );
#5057 = PCURVE('',#1747,#5058);
#5058 = DEFINITIONAL_REPRESENTATION('',(#5059),#5063);
#5059 = LINE('',#5060,#5061);
#5060 = CARTESIAN_POINT('',(0.,0.));
#5061 = VECTOR('',#5062,1.);
#5062 = DIRECTION('',(1.,0.));
#5063 = ( GEOMETRIC_REPRESENTATION_CONTEXT(2) 
PARAMETRIC_REPRESENTATION_CONTEXT() REPRESENTATION_CONTEXT('2D SPACE',''
  ) );
#5064 = ORIENTED_EDGE('',*,*,#1701,.F.);
#5065 = ADVANCED_FACE('',(#5066),#1801,.F.);
#5066 = FACE_BOUND('',#5067,.F.);
#5067 = EDGE_LOOP('',(#5068,#5069,#5070,#5091));
#5068 = ORIENTED_EDGE('',*,*,#5022,.F.);
#5069 = ORIENTED_EDGE('',*,*,#3684,.T.);
#5070 = ORIENTED_EDGE('',*,*,#5071,.T.);
#5071 = EDGE_CURVE('',#3662,#1760,#5072,.T.);
#5072 = SURFACE_CURVE('',#5073,(#5077,#5084),.PCURVE_S1.);
#5073 = LINE('',#5074,#5075);
#5074 = CARTESIAN_POINT('',(68.,16.415,4.5));
#5075 = VECTOR('',#5076,1.);
#5076 = DIRECTION('',(0.,-1.224646799147E-16,-1.));
#5077 = PCURVE('',#1801,#5078);
#5078 = DEFINITIONAL_REPRESENTATION('',(#5079),#5083);
#5079 = LINE('',#5080,#5081);
#5080 = CARTESIAN_POINT('',(2.694222958124E-15,-22.));
#5081 = VECTOR('',#5082,1.);
#5082 = DIRECTION('',(1.,0.));
#5083 = ( GEOMETRIC_REPRESENTATION_CONTEXT(2) 
PARAMETRIC_REPRESENTATION_CONTEXT() REPRESENTATION_CONTEXT('2D SPACE',''
  ) );
#5084 = PCURVE('',#1775,#5085);
#5085 = DEFINITIONAL_REPRESENTATION('',(#5086),#5090);
#5086 = LINE('',#5087,#5088);
#5087 = CARTESIAN_POINT('',(0.,3.));
#5088 = VECTOR('',#5089,1.);
#5089 = DIRECTION('',(1.,0.));
#5090 = ( GEOMETRIC_REPRESENTATION_CONTEXT(2) 
PARAMETRIC_REPRESENTATION_CONTEXT() REPRESENTATION_CONTEXT('2D SPACE',''
  ) );
#5091 = ORIENTED_EDGE('',*,*,#1787,.F.);
#5092 = ADVANCED_FACE('',(#5093),#1775,.F.);
#5093 = FACE_BOUND('',#5094,.F.);
#5094 = EDGE_LOOP('',(#5095,#5096,#5097,#5118));
#5095 = ORIENTED_EDGE('',*,*,#5071,.F.);
#5096 = ORIENTED_EDGE('',*,*,#3661,.T.);
#5097 = ORIENTED_EDGE('',*,*,#5098,.T.);
#5098 = EDGE_CURVE('',#3639,#1732,#5099,.T.);
#5099 = SURFACE_CURVE('',#5100,(#5104,#5111),.PCURVE_S1.);
#5100 = LINE('',#5101,#5102);
#5101 = CARTESIAN_POINT('',(65.,16.415,4.5));
#5102 = VECTOR('',#5103,1.);
#5103 = DIRECTION('',(0.,-1.224646799147E-16,-1.));
#5104 = PCURVE('',#1775,#5105);
#5105 = DEFINITIONAL_REPRESENTATION('',(#5106),#5110);
#5106 = LINE('',#5107,#5108);
#5107 = CARTESIAN_POINT('',(0.,0.));
#5108 = VECTOR('',#5109,1.);
#5109 = DIRECTION('',(1.,0.));
#5110 = ( GEOMETRIC_REPRESENTATION_CONTEXT(2) 
PARAMETRIC_REPRESENTATION_CONTEXT() REPRESENTATION_CONTEXT('2D SPACE',''
  ) );
#5111 = PCURVE('',#1747,#5112);
#5112 = DEFINITIONAL_REPRESENTATION('',(#5113),#5117);
#5113 = LINE('',#5114,#5115);
#5114 = CARTESIAN_POINT('',(2.694222958124E-15,-22.));
#5115 = VECTOR('',#5116,1.);
#5116 = DIRECTION('',(1.,0.));
#5117 = ( GEOMETRIC_REPRESENTATION_CONTEXT(2) 
PARAMETRIC_REPRESENTATION_CONTEXT() REPRESENTATION_CONTEXT('2D SPACE',''
  ) );
#5118 = ORIENTED_EDGE('',*,*,#1759,.F.);
#5119 = ADVANCED_FACE('',(#5120),#1747,.T.);
#5120 = FACE_BOUND('',#5121,.T.);
#5121 = EDGE_LOOP('',(#5122,#5123,#5124,#5125));
#5122 = ORIENTED_EDGE('',*,*,#5044,.F.);
#5123 = ORIENTED_EDGE('',*,*,#3638,.T.);
#5124 = ORIENTED_EDGE('',*,*,#5098,.T.);
#5125 = ORIENTED_EDGE('',*,*,#1731,.F.);
#5126 = ADVANCED_FACE('',(#5127),#1836,.F.);
#5127 = FACE_BOUND('',#5128,.T.);
#5128 = EDGE_LOOP('',(#5129,#5158,#5179,#5180));
#5129 = ORIENTED_EDGE('',*,*,#5130,.F.);
#5130 = EDGE_CURVE('',#5131,#5131,#5133,.T.);
#5131 = VERTEX_POINT('',#5132);
#5132 = CARTESIAN_POINT('',(95.5,4.,2.6));
#5133 = SURFACE_CURVE('',#5134,(#5139,#5146),.PCURVE_S1.);
#5134 = CIRCLE('',#5135,2.5);
#5135 = AXIS2_PLACEMENT_3D('',#5136,#5137,#5138);
#5136 = CARTESIAN_POINT('',(93.,4.,2.6));
#5137 = DIRECTION('',(0.,-1.224646799147E-16,-1.));
#5138 = DIRECTION('',(1.,0.,0.));
#5139 = PCURVE('',#1836,#5140);
#5140 = DEFINITIONAL_REPRESENTATION('',(#5141),#5145);
#5141 = LINE('',#5142,#5143);
#5142 = CARTESIAN_POINT('',(-0.,0.));
#5143 = VECTOR('',#5144,1.);
#5144 = DIRECTION('',(-1.,0.));
#5145 = ( GEOMETRIC_REPRESENTATION_CONTEXT(2) 
PARAMETRIC_REPRESENTATION_CONTEXT() REPRESENTATION_CONTEXT('2D SPACE',''
  ) );
#5146 = PCURVE('',#5147,#5152);
#5147 = PLANE('',#5148);
#5148 = AXIS2_PLACEMENT_3D('',#5149,#5150,#5151);
#5149 = CARTESIAN_POINT('',(4.,109.13,2.6));
#5150 = DIRECTION('',(0.,-1.224646799147E-16,-1.));
#5151 = DIRECTION('',(1.,0.,0.));
#5152 = DEFINITIONAL_REPRESENTATION('',(#5153),#5157);
#5153 = CIRCLE('',#5154,2.5);
#5154 = AXIS2_PLACEMENT_2D('',#5155,#5156);
#5155 = CARTESIAN_POINT('',(89.,105.13));
#5156 = DIRECTION('',(1.,0.));
#5157 = ( GEOMETRIC_REPRESENTATION_CONTEXT(2) 
PARAMETRIC_REPRESENTATION_CONTEXT() REPRESENTATION_CONTEXT('2D SPACE',''
  ) );
#5158 = ORIENTED_EDGE('',*,*,#5159,.T.);
#5159 = EDGE_CURVE('',#5131,#1816,#5160,.T.);
#5160 = SEAM_CURVE('',#5161,(#5165,#5172),.PCURVE_S1.);
#5161 = LINE('',#5162,#5163);
#5162 = CARTESIAN_POINT('',(95.5,4.,2.6));
#5163 = VECTOR('',#5164,1.);
#5164 = DIRECTION('',(0.,-1.224646799147E-16,-1.));
#5165 = PCURVE('',#1836,#5166);
#5166 = DEFINITIONAL_REPRESENTATION('',(#5167),#5171);
#5167 = LINE('',#5168,#5169);
#5168 = CARTESIAN_POINT('',(-6.28318530718,0.));
#5169 = VECTOR('',#5170,1.);
#5170 = DIRECTION('',(-0.,-1.));
#5171 = ( GEOMETRIC_REPRESENTATION_CONTEXT(2) 
PARAMETRIC_REPRESENTATION_CONTEXT() REPRESENTATION_CONTEXT('2D SPACE',''
  ) );
#5172 = PCURVE('',#1836,#5173);
#5173 = DEFINITIONAL_REPRESENTATION('',(#5174),#5178);
#5174 = LINE('',#5175,#5176);
#5175 = CARTESIAN_POINT('',(-0.,0.));
#5176 = VECTOR('',#5177,1.);
#5177 = DIRECTION('',(-0.,-1.));
#5178 = ( GEOMETRIC_REPRESENTATION_CONTEXT(2) 
PARAMETRIC_REPRESENTATION_CONTEXT() REPRESENTATION_CONTEXT('2D SPACE',''
  ) );
#5179 = ORIENTED_EDGE('',*,*,#1815,.F.);
#5180 = ORIENTED_EDGE('',*,*,#5159,.F.);
#5181 = ADVANCED_FACE('',(#5182),#1947,.F.);
#5182 = FACE_BOUND('',#5183,.T.);
#5183 = EDGE_LOOP('',(#5184,#5207,#5208,#5209));
#5184 = ORIENTED_EDGE('',*,*,#5185,.F.);
#5185 = EDGE_CURVE('',#1927,#5186,#5188,.T.);
#5186 = VERTEX_POINT('',#5187);
#5187 = CARTESIAN_POINT('',(5.4,109.13,2.6));
#5188 = SEAM_CURVE('',#5189,(#5193,#5200),.PCURVE_S1.);
#5189 = LINE('',#5190,#5191);
#5190 = CARTESIAN_POINT('',(5.4,109.13,4.5));
#5191 = VECTOR('',#5192,1.);
#5192 = DIRECTION('',(0.,-1.224646799147E-16,-1.));
#5193 = PCURVE('',#1947,#5194);
#5194 = DEFINITIONAL_REPRESENTATION('',(#5195),#5199);
#5195 = LINE('',#5196,#5197);
#5196 = CARTESIAN_POINT('',(-6.28318530718,0.));
#5197 = VECTOR('',#5198,1.);
#5198 = DIRECTION('',(-0.,-1.));
#5199 = ( GEOMETRIC_REPRESENTATION_CONTEXT(2) 
PARAMETRIC_REPRESENTATION_CONTEXT() REPRESENTATION_CONTEXT('2D SPACE',''
  ) );
#5200 = PCURVE('',#1947,#5201);
#5201 = DEFINITIONAL_REPRESENTATION('',(#5202),#5206);
#5202 = LINE('',#5203,#5204);
#5203 = CARTESIAN_POINT('',(-0.,0.));
#5204 = VECTOR('',#5205,1.);
#5205 = DIRECTION('',(-0.,-1.));
#5206 = ( GEOMETRIC_REPRESENTATION_CONTEXT(2) 
PARAMETRIC_REPRESENTATION_CONTEXT() REPRESENTATION_CONTEXT('2D SPACE',''
  ) );
#5207 = ORIENTED_EDGE('',*,*,#1926,.T.);
#5208 = ORIENTED_EDGE('',*,*,#5185,.T.);
#5209 = ORIENTED_EDGE('',*,*,#5210,.F.);
#5210 = EDGE_CURVE('',#5186,#5186,#5211,.T.);
#5211 = SURFACE_CURVE('',#5212,(#5217,#5224),.PCURVE_S1.);
#5212 = CIRCLE('',#5213,1.4);
#5213 = AXIS2_PLACEMENT_3D('',#5214,#5215,#5216);
#5214 = CARTESIAN_POINT('',(4.,109.13,2.6));
#5215 = DIRECTION('',(-0.,1.224646799147E-16,1.));
#5216 = DIRECTION('',(1.,0.,0.));
#5217 = PCURVE('',#1947,#5218);
#5218 = DEFINITIONAL_REPRESENTATION('',(#5219),#5223);
#5219 = LINE('',#5220,#5221);
#5220 = CARTESIAN_POINT('',(-6.28318530718,-1.9));
#5221 = VECTOR('',#5222,1.);
#5222 = DIRECTION('',(1.,-0.));
#5223 = ( GEOMETRIC_REPRESENTATION_CONTEXT(2) 
PARAMETRIC_REPRESENTATION_CONTEXT() REPRESENTATION_CONTEXT('2D SPACE',''
  ) );
#5224 = PCURVE('',#3767,#5225);
#5225 = DEFINITIONAL_REPRESENTATION('',(#5226),#5234);
#5226 = ( BOUNDED_CURVE() B_SPLINE_CURVE(2,(#5227,#5228,#5229,#5230,
#5231,#5232,#5233),.UNSPECIFIED.,.T.,.F.) B_SPLINE_CURVE_WITH_KNOTS((1,2
    ,2,2,2,1),(-2.094395102393,0.,2.094395102393,4.188790204786,
6.28318530718,8.377580409573),.UNSPECIFIED.) CURVE() 
GEOMETRIC_REPRESENTATION_ITEM() RATIONAL_B_SPLINE_CURVE((1.,0.5,1.,0.5,
1.,0.5,1.)) REPRESENTATION_ITEM('') );
#5227 = CARTESIAN_POINT('',(1.4,0.));
#5228 = CARTESIAN_POINT('',(1.4,-2.424871130596));
#5229 = CARTESIAN_POINT('',(-0.7,-1.212435565298));
#5230 = CARTESIAN_POINT('',(-2.8,-3.429011037613E-16));
#5231 = CARTESIAN_POINT('',(-0.7,1.212435565298));
#5232 = CARTESIAN_POINT('',(1.4,2.424871130596));
#5233 = CARTESIAN_POINT('',(1.4,0.));
#5234 = ( GEOMETRIC_REPRESENTATION_CONTEXT(2) 
PARAMETRIC_REPRESENTATION_CONTEXT() REPRESENTATION_CONTEXT('2D SPACE',''
  ) );
#5235 = ADVANCED_FACE('',(#5236),#1979,.F.);
#5236 = FACE_BOUND('',#5237,.F.);
#5237 = EDGE_LOOP('',(#5238,#5261,#5289,#5310));
#5238 = ORIENTED_EDGE('',*,*,#5239,.F.);
#5239 = EDGE_CURVE('',#5240,#1962,#5242,.T.);
#5240 = VERTEX_POINT('',#5241);
#5241 = CARTESIAN_POINT('',(10.,109.73,7.));
#5242 = SURFACE_CURVE('',#5243,(#5247,#5254),.PCURVE_S1.);
#5243 = LINE('',#5244,#5245);
#5244 = CARTESIAN_POINT('',(10.,109.73,7.));
#5245 = VECTOR('',#5246,1.);
#5246 = DIRECTION('',(0.,-1.224646799147E-16,-1.));
#5247 = PCURVE('',#1979,#5248);
#5248 = DEFINITIONAL_REPRESENTATION('',(#5249),#5253);
#5249 = LINE('',#5250,#5251);
#5250 = CARTESIAN_POINT('',(0.,0.));
#5251 = VECTOR('',#5252,1.);
#5252 = DIRECTION('',(1.,0.));
#5253 = ( GEOMETRIC_REPRESENTATION_CONTEXT(2) 
PARAMETRIC_REPRESENTATION_CONTEXT() REPRESENTATION_CONTEXT('2D SPACE',''
  ) );
#5254 = PCURVE('',#2061,#5255);
#5255 = DEFINITIONAL_REPRESENTATION('',(#5256),#5260);
#5256 = LINE('',#5257,#5258);
#5257 = CARTESIAN_POINT('',(0.,0.));
#5258 = VECTOR('',#5259,1.);
#5259 = DIRECTION('',(1.,0.));
#5260 = ( GEOMETRIC_REPRESENTATION_CONTEXT(2) 
PARAMETRIC_REPRESENTATION_CONTEXT() REPRESENTATION_CONTEXT('2D SPACE',''
  ) );
#5261 = ORIENTED_EDGE('',*,*,#5262,.T.);
#5262 = EDGE_CURVE('',#5240,#5263,#5265,.T.);
#5263 = VERTEX_POINT('',#5264);
#5264 = CARTESIAN_POINT('',(10.,108.13,7.));
#5265 = SURFACE_CURVE('',#5266,(#5270,#5277),.PCURVE_S1.);
#5266 = LINE('',#5267,#5268);
#5267 = CARTESIAN_POINT('',(10.,109.73,7.));
#5268 = VECTOR('',#5269,1.);
#5269 = DIRECTION('',(0.,-1.,1.224646799147E-16));
#5270 = PCURVE('',#1979,#5271);
#5271 = DEFINITIONAL_REPRESENTATION('',(#5272),#5276);
#5272 = LINE('',#5273,#5274);
#5273 = CARTESIAN_POINT('',(0.,0.));
#5274 = VECTOR('',#5275,1.);
#5275 = DIRECTION('',(0.,-1.));
#5276 = ( GEOMETRIC_REPRESENTATION_CONTEXT(2) 
PARAMETRIC_REPRESENTATION_CONTEXT() REPRESENTATION_CONTEXT('2D SPACE',''
  ) );
#5277 = PCURVE('',#5278,#5283);
#5278 = PLANE('',#5279);
#5279 = AXIS2_PLACEMENT_3D('',#5280,#5281,#5282);
#5280 = CARTESIAN_POINT('',(10.,109.73,7.));
#5281 = DIRECTION('',(0.,-1.224646799147E-16,-1.));
#5282 = DIRECTION('',(1.,0.,0.));
#5283 = DEFINITIONAL_REPRESENTATION('',(#5284),#5288);
#5284 = LINE('',#5285,#5286);
#5285 = CARTESIAN_POINT('',(0.,0.));
#5286 = VECTOR('',#5287,1.);
#5287 = DIRECTION('',(0.,1.));
#5288 = ( GEOMETRIC_REPRESENTATION_CONTEXT(2) 
PARAMETRIC_REPRESENTATION_CONTEXT() REPRESENTATION_CONTEXT('2D SPACE',''
  ) );
#5289 = ORIENTED_EDGE('',*,*,#5290,.T.);
#5290 = EDGE_CURVE('',#5263,#1964,#5291,.T.);
#5291 = SURFACE_CURVE('',#5292,(#5296,#5303),.PCURVE_S1.);
#5292 = LINE('',#5293,#5294);
#5293 = CARTESIAN_POINT('',(10.,108.13,7.));
#5294 = VECTOR('',#5295,1.);
#5295 = DIRECTION('',(0.,-1.224646799147E-16,-1.));
#5296 = PCURVE('',#1979,#5297);
#5297 = DEFINITIONAL_REPRESENTATION('',(#5298),#5302);
#5298 = LINE('',#5299,#5300);
#5299 = CARTESIAN_POINT('',(1.959434878636E-16,-1.6));
#5300 = VECTOR('',#5301,1.);
#5301 = DIRECTION('',(1.,0.));
#5302 = ( GEOMETRIC_REPRESENTATION_CONTEXT(2) 
PARAMETRIC_REPRESENTATION_CONTEXT() REPRESENTATION_CONTEXT('2D SPACE',''
  ) );
#5303 = PCURVE('',#2007,#5304);
#5304 = DEFINITIONAL_REPRESENTATION('',(#5305),#5309);
#5305 = LINE('',#5306,#5307);
#5306 = CARTESIAN_POINT('',(0.,0.));
#5307 = VECTOR('',#5308,1.);
#5308 = DIRECTION('',(1.,0.));
#5309 = ( GEOMETRIC_REPRESENTATION_CONTEXT(2) 
PARAMETRIC_REPRESENTATION_CONTEXT() REPRESENTATION_CONTEXT('2D SPACE',''
  ) );
#5310 = ORIENTED_EDGE('',*,*,#1961,.F.);
#5311 = ADVANCED_FACE('',(#5312),#2007,.T.);
#5312 = FACE_BOUND('',#5313,.T.);
#5313 = EDGE_LOOP('',(#5314,#5337,#5338,#5339));
#5314 = ORIENTED_EDGE('',*,*,#5315,.F.);
#5315 = EDGE_CURVE('',#5263,#5316,#5318,.T.);
#5316 = VERTEX_POINT('',#5317);
#5317 = CARTESIAN_POINT('',(87.,108.13,7.));
#5318 = SURFACE_CURVE('',#5319,(#5323,#5330),.PCURVE_S1.);
#5319 = LINE('',#5320,#5321);
#5320 = CARTESIAN_POINT('',(10.,108.13,7.));
#5321 = VECTOR('',#5322,1.);
#5322 = DIRECTION('',(1.,0.,0.));
#5323 = PCURVE('',#2007,#5324);
#5324 = DEFINITIONAL_REPRESENTATION('',(#5325),#5329);
#5325 = LINE('',#5326,#5327);
#5326 = CARTESIAN_POINT('',(0.,0.));
#5327 = VECTOR('',#5328,1.);
#5328 = DIRECTION('',(0.,1.));
#5329 = ( GEOMETRIC_REPRESENTATION_CONTEXT(2) 
PARAMETRIC_REPRESENTATION_CONTEXT() REPRESENTATION_CONTEXT('2D SPACE',''
  ) );
#5330 = PCURVE('',#5278,#5331);
#5331 = DEFINITIONAL_REPRESENTATION('',(#5332),#5336);
#5332 = LINE('',#5333,#5334);
#5333 = CARTESIAN_POINT('',(0.,1.6));
#5334 = VECTOR('',#5335,1.);
#5335 = DIRECTION('',(1.,0.));
#5336 = ( GEOMETRIC_REPRESENTATION_CONTEXT(2) 
PARAMETRIC_REPRESENTATION_CONTEXT() REPRESENTATION_CONTEXT('2D SPACE',''
  ) );
#5337 = ORIENTED_EDGE('',*,*,#5290,.T.);
#5338 = ORIENTED_EDGE('',*,*,#1991,.T.);
#5339 = ORIENTED_EDGE('',*,*,#5340,.F.);
#5340 = EDGE_CURVE('',#5316,#1992,#5341,.T.);
#5341 = SURFACE_CURVE('',#5342,(#5346,#5353),.PCURVE_S1.);
#5342 = LINE('',#5343,#5344);
#5343 = CARTESIAN_POINT('',(87.,108.13,7.));
#5344 = VECTOR('',#5345,1.);
#5345 = DIRECTION('',(0.,-1.224646799147E-16,-1.));
#5346 = PCURVE('',#2007,#5347);
#5347 = DEFINITIONAL_REPRESENTATION('',(#5348),#5352);
#5348 = LINE('',#5349,#5350);
#5349 = CARTESIAN_POINT('',(0.,77.));
#5350 = VECTOR('',#5351,1.);
#5351 = DIRECTION('',(1.,0.));
#5352 = ( GEOMETRIC_REPRESENTATION_CONTEXT(2) 
PARAMETRIC_REPRESENTATION_CONTEXT() REPRESENTATION_CONTEXT('2D SPACE',''
  ) );
#5353 = PCURVE('',#2035,#5354);
#5354 = DEFINITIONAL_REPRESENTATION('',(#5355),#5359);
#5355 = LINE('',#5356,#5357);
#5356 = CARTESIAN_POINT('',(1.959434878636E-16,-1.6));
#5357 = VECTOR('',#5358,1.);
#5358 = DIRECTION('',(1.,0.));
#5359 = ( GEOMETRIC_REPRESENTATION_CONTEXT(2) 
PARAMETRIC_REPRESENTATION_CONTEXT() REPRESENTATION_CONTEXT('2D SPACE',''
  ) );
#5360 = ADVANCED_FACE('',(#5361),#2061,.F.);
#5361 = FACE_BOUND('',#5362,.F.);
#5362 = EDGE_LOOP('',(#5363,#5386,#5387,#5388));
#5363 = ORIENTED_EDGE('',*,*,#5364,.F.);
#5364 = EDGE_CURVE('',#5240,#5365,#5367,.T.);
#5365 = VERTEX_POINT('',#5366);
#5366 = CARTESIAN_POINT('',(87.,109.73,7.));
#5367 = SURFACE_CURVE('',#5368,(#5372,#5379),.PCURVE_S1.);
#5368 = LINE('',#5369,#5370);
#5369 = CARTESIAN_POINT('',(10.,109.73,7.));
#5370 = VECTOR('',#5371,1.);
#5371 = DIRECTION('',(1.,0.,0.));
#5372 = PCURVE('',#2061,#5373);
#5373 = DEFINITIONAL_REPRESENTATION('',(#5374),#5378);
#5374 = LINE('',#5375,#5376);
#5375 = CARTESIAN_POINT('',(0.,0.));
#5376 = VECTOR('',#5377,1.);
#5377 = DIRECTION('',(0.,1.));
#5378 = ( GEOMETRIC_REPRESENTATION_CONTEXT(2) 
PARAMETRIC_REPRESENTATION_CONTEXT() REPRESENTATION_CONTEXT('2D SPACE',''
  ) );
#5379 = PCURVE('',#5278,#5380);
#5380 = DEFINITIONAL_REPRESENTATION('',(#5381),#5385);
#5381 = LINE('',#5382,#5383);
#5382 = CARTESIAN_POINT('',(0.,0.));
#5383 = VECTOR('',#5384,1.);
#5384 = DIRECTION('',(1.,0.));
#5385 = ( GEOMETRIC_REPRESENTATION_CONTEXT(2) 
PARAMETRIC_REPRESENTATION_CONTEXT() REPRESENTATION_CONTEXT('2D SPACE',''
  ) );
#5386 = ORIENTED_EDGE('',*,*,#5239,.T.);
#5387 = ORIENTED_EDGE('',*,*,#2047,.T.);
#5388 = ORIENTED_EDGE('',*,*,#5389,.F.);
#5389 = EDGE_CURVE('',#5365,#2020,#5390,.T.);
#5390 = SURFACE_CURVE('',#5391,(#5395,#5402),.PCURVE_S1.);
#5391 = LINE('',#5392,#5393);
#5392 = CARTESIAN_POINT('',(87.,109.73,7.));
#5393 = VECTOR('',#5394,1.);
#5394 = DIRECTION('',(0.,-1.224646799147E-16,-1.));
#5395 = PCURVE('',#2061,#5396);
#5396 = DEFINITIONAL_REPRESENTATION('',(#5397),#5401);
#5397 = LINE('',#5398,#5399);
#5398 = CARTESIAN_POINT('',(0.,77.));
#5399 = VECTOR('',#5400,1.);
#5400 = DIRECTION('',(1.,0.));
#5401 = ( GEOMETRIC_REPRESENTATION_CONTEXT(2) 
PARAMETRIC_REPRESENTATION_CONTEXT() REPRESENTATION_CONTEXT('2D SPACE',''
  ) );
#5402 = PCURVE('',#2035,#5403);
#5403 = DEFINITIONAL_REPRESENTATION('',(#5404),#5408);
#5404 = LINE('',#5405,#5406);
#5405 = CARTESIAN_POINT('',(0.,0.));
#5406 = VECTOR('',#5407,1.);
#5407 = DIRECTION('',(1.,0.));
#5408 = ( GEOMETRIC_REPRESENTATION_CONTEXT(2) 
PARAMETRIC_REPRESENTATION_CONTEXT() REPRESENTATION_CONTEXT('2D SPACE',''
  ) );
#5409 = ADVANCED_FACE('',(#5410),#2035,.T.);
#5410 = FACE_BOUND('',#5411,.T.);
#5411 = EDGE_LOOP('',(#5412,#5413,#5434,#5435));
#5412 = ORIENTED_EDGE('',*,*,#5389,.F.);
#5413 = ORIENTED_EDGE('',*,*,#5414,.T.);
#5414 = EDGE_CURVE('',#5365,#5316,#5415,.T.);
#5415 = SURFACE_CURVE('',#5416,(#5420,#5427),.PCURVE_S1.);
#5416 = LINE('',#5417,#5418);
#5417 = CARTESIAN_POINT('',(87.,109.73,7.));
#5418 = VECTOR('',#5419,1.);
#5419 = DIRECTION('',(0.,-1.,1.224646799147E-16));
#5420 = PCURVE('',#2035,#5421);
#5421 = DEFINITIONAL_REPRESENTATION('',(#5422),#5426);
#5422 = LINE('',#5423,#5424);
#5423 = CARTESIAN_POINT('',(0.,0.));
#5424 = VECTOR('',#5425,1.);
#5425 = DIRECTION('',(0.,-1.));
#5426 = ( GEOMETRIC_REPRESENTATION_CONTEXT(2) 
PARAMETRIC_REPRESENTATION_CONTEXT() REPRESENTATION_CONTEXT('2D SPACE',''
  ) );
#5427 = PCURVE('',#5278,#5428);
#5428 = DEFINITIONAL_REPRESENTATION('',(#5429),#5433);
#5429 = LINE('',#5430,#5431);
#5430 = CARTESIAN_POINT('',(77.,0.));
#5431 = VECTOR('',#5432,1.);
#5432 = DIRECTION('',(0.,1.));
#5433 = ( GEOMETRIC_REPRESENTATION_CONTEXT(2) 
PARAMETRIC_REPRESENTATION_CONTEXT() REPRESENTATION_CONTEXT('2D SPACE',''
  ) );
#5434 = ORIENTED_EDGE('',*,*,#5340,.T.);
#5435 = ORIENTED_EDGE('',*,*,#2019,.F.);
#5436 = ADVANCED_FACE('',(#5437),#2213,.F.);
#5437 = FACE_BOUND('',#5438,.F.);
#5438 = EDGE_LOOP('',(#5439,#5462,#5490,#5511));
#5439 = ORIENTED_EDGE('',*,*,#5440,.F.);
#5440 = EDGE_CURVE('',#5441,#2196,#5443,.T.);
#5441 = VERTEX_POINT('',#5442);
#5442 = CARTESIAN_POINT('',(3.4,103.13,7.));
#5443 = SURFACE_CURVE('',#5444,(#5448,#5455),.PCURVE_S1.);
#5444 = LINE('',#5445,#5446);
#5445 = CARTESIAN_POINT('',(3.4,103.13,7.));
#5446 = VECTOR('',#5447,1.);
#5447 = DIRECTION('',(0.,-1.224646799147E-16,-1.));
#5448 = PCURVE('',#2213,#5449);
#5449 = DEFINITIONAL_REPRESENTATION('',(#5450),#5454);
#5450 = LINE('',#5451,#5452);
#5451 = CARTESIAN_POINT('',(0.,0.));
#5452 = VECTOR('',#5453,1.);
#5453 = DIRECTION('',(1.,0.));
#5454 = ( GEOMETRIC_REPRESENTATION_CONTEXT(2) 
PARAMETRIC_REPRESENTATION_CONTEXT() REPRESENTATION_CONTEXT('2D SPACE',''
  ) );
#5455 = PCURVE('',#2295,#5456);
#5456 = DEFINITIONAL_REPRESENTATION('',(#5457),#5461);
#5457 = LINE('',#5458,#5459);
#5458 = CARTESIAN_POINT('',(0.,0.));
#5459 = VECTOR('',#5460,1.);
#5460 = DIRECTION('',(1.,0.));
#5461 = ( GEOMETRIC_REPRESENTATION_CONTEXT(2) 
PARAMETRIC_REPRESENTATION_CONTEXT() REPRESENTATION_CONTEXT('2D SPACE',''
  ) );
#5462 = ORIENTED_EDGE('',*,*,#5463,.T.);
#5463 = EDGE_CURVE('',#5441,#5464,#5466,.T.);
#5464 = VERTEX_POINT('',#5465);
#5465 = CARTESIAN_POINT('',(3.4,10.,7.));
#5466 = SURFACE_CURVE('',#5467,(#5471,#5478),.PCURVE_S1.);
#5467 = LINE('',#5468,#5469);
#5468 = CARTESIAN_POINT('',(3.4,103.13,7.));
#5469 = VECTOR('',#5470,1.);
#5470 = DIRECTION('',(0.,-1.,1.224646799147E-16));
#5471 = PCURVE('',#2213,#5472);
#5472 = DEFINITIONAL_REPRESENTATION('',(#5473),#5477);
#5473 = LINE('',#5474,#5475);
#5474 = CARTESIAN_POINT('',(0.,0.));
#5475 = VECTOR('',#5476,1.);
#5476 = DIRECTION('',(0.,-1.));
#5477 = ( GEOMETRIC_REPRESENTATION_CONTEXT(2) 
PARAMETRIC_REPRESENTATION_CONTEXT() REPRESENTATION_CONTEXT('2D SPACE',''
  ) );
#5478 = PCURVE('',#5479,#5484);
#5479 = PLANE('',#5480);
#5480 = AXIS2_PLACEMENT_3D('',#5481,#5482,#5483);
#5481 = CARTESIAN_POINT('',(3.4,103.13,7.));
#5482 = DIRECTION('',(0.,-1.224646799147E-16,-1.));
#5483 = DIRECTION('',(1.,0.,0.));
#5484 = DEFINITIONAL_REPRESENTATION('',(#5485),#5489);
#5485 = LINE('',#5486,#5487);
#5486 = CARTESIAN_POINT('',(0.,0.));
#5487 = VECTOR('',#5488,1.);
#5488 = DIRECTION('',(0.,1.));
#5489 = ( GEOMETRIC_REPRESENTATION_CONTEXT(2) 
PARAMETRIC_REPRESENTATION_CONTEXT() REPRESENTATION_CONTEXT('2D SPACE',''
  ) );
#5490 = ORIENTED_EDGE('',*,*,#5491,.T.);
#5491 = EDGE_CURVE('',#5464,#2198,#5492,.T.);
#5492 = SURFACE_CURVE('',#5493,(#5497,#5504),.PCURVE_S1.);
#5493 = LINE('',#5494,#5495);
#5494 = CARTESIAN_POINT('',(3.4,10.,7.));
#5495 = VECTOR('',#5496,1.);
#5496 = DIRECTION('',(0.,-1.224646799147E-16,-1.));
#5497 = PCURVE('',#2213,#5498);
#5498 = DEFINITIONAL_REPRESENTATION('',(#5499),#5503);
#5499 = LINE('',#5500,#5501);
#5500 = CARTESIAN_POINT('',(-2.805719074743E-15,-93.13));
#5501 = VECTOR('',#5502,1.);
#5502 = DIRECTION('',(1.,0.));
#5503 = ( GEOMETRIC_REPRESENTATION_CONTEXT(2) 
PARAMETRIC_REPRESENTATION_CONTEXT() REPRESENTATION_CONTEXT('2D SPACE',''
  ) );
#5504 = PCURVE('',#2241,#5505);
#5505 = DEFINITIONAL_REPRESENTATION('',(#5506),#5510);
#5506 = LINE('',#5507,#5508);
#5507 = CARTESIAN_POINT('',(0.,0.));
#5508 = VECTOR('',#5509,1.);
#5509 = DIRECTION('',(1.,0.));
#5510 = ( GEOMETRIC_REPRESENTATION_CONTEXT(2) 
PARAMETRIC_REPRESENTATION_CONTEXT() REPRESENTATION_CONTEXT('2D SPACE',''
  ) );
#5511 = ORIENTED_EDGE('',*,*,#2195,.F.);
#5512 = ADVANCED_FACE('',(#5513),#2241,.T.);
#5513 = FACE_BOUND('',#5514,.T.);
#5514 = EDGE_LOOP('',(#5515,#5538,#5539,#5540));
#5515 = ORIENTED_EDGE('',*,*,#5516,.F.);
#5516 = EDGE_CURVE('',#5464,#5517,#5519,.T.);
#5517 = VERTEX_POINT('',#5518);
#5518 = CARTESIAN_POINT('',(5.,10.,7.));
#5519 = SURFACE_CURVE('',#5520,(#5524,#5531),.PCURVE_S1.);
#5520 = LINE('',#5521,#5522);
#5521 = CARTESIAN_POINT('',(3.4,10.,7.));
#5522 = VECTOR('',#5523,1.);
#5523 = DIRECTION('',(1.,0.,0.));
#5524 = PCURVE('',#2241,#5525);
#5525 = DEFINITIONAL_REPRESENTATION('',(#5526),#5530);
#5526 = LINE('',#5527,#5528);
#5527 = CARTESIAN_POINT('',(0.,0.));
#5528 = VECTOR('',#5529,1.);
#5529 = DIRECTION('',(0.,1.));
#5530 = ( GEOMETRIC_REPRESENTATION_CONTEXT(2) 
PARAMETRIC_REPRESENTATION_CONTEXT() REPRESENTATION_CONTEXT('2D SPACE',''
  ) );
#5531 = PCURVE('',#5479,#5532);
#5532 = DEFINITIONAL_REPRESENTATION('',(#5533),#5537);
#5533 = LINE('',#5534,#5535);
#5534 = CARTESIAN_POINT('',(0.,93.13));
#5535 = VECTOR('',#5536,1.);
#5536 = DIRECTION('',(1.,0.));
#5537 = ( GEOMETRIC_REPRESENTATION_CONTEXT(2) 
PARAMETRIC_REPRESENTATION_CONTEXT() REPRESENTATION_CONTEXT('2D SPACE',''
  ) );
#5538 = ORIENTED_EDGE('',*,*,#5491,.T.);
#5539 = ORIENTED_EDGE('',*,*,#2225,.T.);
#5540 = ORIENTED_EDGE('',*,*,#5541,.F.);
#5541 = EDGE_CURVE('',#5517,#2226,#5542,.T.);
#5542 = SURFACE_CURVE('',#5543,(#5547,#5554),.PCURVE_S1.);
#5543 = LINE('',#5544,#5545);
#5544 = CARTESIAN_POINT('',(5.,10.,7.));
#5545 = VECTOR('',#5546,1.);
#5546 = DIRECTION('',(0.,-1.224646799147E-16,-1.));
#5547 = PCURVE('',#2241,#5548);
#5548 = DEFINITIONAL_REPRESENTATION('',(#5549),#5553);
#5549 = LINE('',#5550,#5551);
#5550 = CARTESIAN_POINT('',(0.,1.6));
#5551 = VECTOR('',#5552,1.);
#5552 = DIRECTION('',(1.,0.));
#5553 = ( GEOMETRIC_REPRESENTATION_CONTEXT(2) 
PARAMETRIC_REPRESENTATION_CONTEXT() REPRESENTATION_CONTEXT('2D SPACE',''
  ) );
#5554 = PCURVE('',#2269,#5555);
#5555 = DEFINITIONAL_REPRESENTATION('',(#5556),#5560);
#5556 = LINE('',#5557,#5558);
#5557 = CARTESIAN_POINT('',(-2.805719074743E-15,-93.13));
#5558 = VECTOR('',#5559,1.);
#5559 = DIRECTION('',(1.,0.));
#5560 = ( GEOMETRIC_REPRESENTATION_CONTEXT(2) 
PARAMETRIC_REPRESENTATION_CONTEXT() REPRESENTATION_CONTEXT('2D SPACE',''
  ) );
#5561 = ADVANCED_FACE('',(#5562),#2295,.F.);
#5562 = FACE_BOUND('',#5563,.F.);
#5563 = EDGE_LOOP('',(#5564,#5587,#5588,#5589));
#5564 = ORIENTED_EDGE('',*,*,#5565,.F.);
#5565 = EDGE_CURVE('',#5441,#5566,#5568,.T.);
#5566 = VERTEX_POINT('',#5567);
#5567 = CARTESIAN_POINT('',(5.,103.13,7.));
#5568 = SURFACE_CURVE('',#5569,(#5573,#5580),.PCURVE_S1.);
#5569 = LINE('',#5570,#5571);
#5570 = CARTESIAN_POINT('',(3.4,103.13,7.));
#5571 = VECTOR('',#5572,1.);
#5572 = DIRECTION('',(1.,0.,0.));
#5573 = PCURVE('',#2295,#5574);
#5574 = DEFINITIONAL_REPRESENTATION('',(#5575),#5579);
#5575 = LINE('',#5576,#5577);
#5576 = CARTESIAN_POINT('',(0.,0.));
#5577 = VECTOR('',#5578,1.);
#5578 = DIRECTION('',(0.,1.));
#5579 = ( GEOMETRIC_REPRESENTATION_CONTEXT(2) 
PARAMETRIC_REPRESENTATION_CONTEXT() REPRESENTATION_CONTEXT('2D SPACE',''
  ) );
#5580 = PCURVE('',#5479,#5581);
#5581 = DEFINITIONAL_REPRESENTATION('',(#5582),#5586);
#5582 = LINE('',#5583,#5584);
#5583 = CARTESIAN_POINT('',(0.,0.));
#5584 = VECTOR('',#5585,1.);
#5585 = DIRECTION('',(1.,0.));
#5586 = ( GEOMETRIC_REPRESENTATION_CONTEXT(2) 
PARAMETRIC_REPRESENTATION_CONTEXT() REPRESENTATION_CONTEXT('2D SPACE',''
  ) );
#5587 = ORIENTED_EDGE('',*,*,#5440,.T.);
#5588 = ORIENTED_EDGE('',*,*,#2281,.T.);
#5589 = ORIENTED_EDGE('',*,*,#5590,.F.);
#5590 = EDGE_CURVE('',#5566,#2254,#5591,.T.);
#5591 = SURFACE_CURVE('',#5592,(#5596,#5603),.PCURVE_S1.);
#5592 = LINE('',#5593,#5594);
#5593 = CARTESIAN_POINT('',(5.,103.13,7.));
#5594 = VECTOR('',#5595,1.);
#5595 = DIRECTION('',(0.,-1.224646799147E-16,-1.));
#5596 = PCURVE('',#2295,#5597);
#5597 = DEFINITIONAL_REPRESENTATION('',(#5598),#5602);
#5598 = LINE('',#5599,#5600);
#5599 = CARTESIAN_POINT('',(0.,1.6));
#5600 = VECTOR('',#5601,1.);
#5601 = DIRECTION('',(1.,0.));
#5602 = ( GEOMETRIC_REPRESENTATION_CONTEXT(2) 
PARAMETRIC_REPRESENTATION_CONTEXT() REPRESENTATION_CONTEXT('2D SPACE',''
  ) );
#5603 = PCURVE('',#2269,#5604);
#5604 = DEFINITIONAL_REPRESENTATION('',(#5605),#5609);
#5605 = LINE('',#5606,#5607);
#5606 = CARTESIAN_POINT('',(0.,0.));
#5607 = VECTOR('',#5608,1.);
#5608 = DIRECTION('',(1.,0.));
#5609 = ( GEOMETRIC_REPRESENTATION_CONTEXT(2) 
PARAMETRIC_REPRESENTATION_CONTEXT() REPRESENTATION_CONTEXT('2D SPACE',''
  ) );
#5610 = ADVANCED_FACE('',(#5611),#2269,.T.);
#5611 = FACE_BOUND('',#5612,.T.);
#5612 = EDGE_LOOP('',(#5613,#5614,#5635,#5636));
#5613 = ORIENTED_EDGE('',*,*,#5590,.F.);
#5614 = ORIENTED_EDGE('',*,*,#5615,.T.);
#5615 = EDGE_CURVE('',#5566,#5517,#5616,.T.);
#5616 = SURFACE_CURVE('',#5617,(#5621,#5628),.PCURVE_S1.);
#5617 = LINE('',#5618,#5619);
#5618 = CARTESIAN_POINT('',(5.,103.13,7.));
#5619 = VECTOR('',#5620,1.);
#5620 = DIRECTION('',(0.,-1.,1.224646799147E-16));
#5621 = PCURVE('',#2269,#5622);
#5622 = DEFINITIONAL_REPRESENTATION('',(#5623),#5627);
#5623 = LINE('',#5624,#5625);
#5624 = CARTESIAN_POINT('',(0.,0.));
#5625 = VECTOR('',#5626,1.);
#5626 = DIRECTION('',(0.,-1.));
#5627 = ( GEOMETRIC_REPRESENTATION_CONTEXT(2) 
PARAMETRIC_REPRESENTATION_CONTEXT() REPRESENTATION_CONTEXT('2D SPACE',''
  ) );
#5628 = PCURVE('',#5479,#5629);
#5629 = DEFINITIONAL_REPRESENTATION('',(#5630),#5634);
#5630 = LINE('',#5631,#5632);
#5631 = CARTESIAN_POINT('',(1.6,0.));
#5632 = VECTOR('',#5633,1.);
#5633 = DIRECTION('',(0.,1.));
#5634 = ( GEOMETRIC_REPRESENTATION_CONTEXT(2) 
PARAMETRIC_REPRESENTATION_CONTEXT() REPRESENTATION_CONTEXT('2D SPACE',''
  ) );
#5635 = ORIENTED_EDGE('',*,*,#5541,.T.);
#5636 = ORIENTED_EDGE('',*,*,#2253,.F.);
#5637 = ADVANCED_FACE('',(#5638),#2690,.F.);
#5638 = FACE_BOUND('',#5639,.T.);
#5639 = EDGE_LOOP('',(#5640,#5663,#5664,#5665));
#5640 = ORIENTED_EDGE('',*,*,#5641,.F.);
#5641 = EDGE_CURVE('',#2670,#5642,#5644,.T.);
#5642 = VERTEX_POINT('',#5643);
#5643 = CARTESIAN_POINT('',(94.4,109.13,2.6));
#5644 = SEAM_CURVE('',#5645,(#5649,#5656),.PCURVE_S1.);
#5645 = LINE('',#5646,#5647);
#5646 = CARTESIAN_POINT('',(94.4,109.13,4.5));
#5647 = VECTOR('',#5648,1.);
#5648 = DIRECTION('',(0.,-1.224646799147E-16,-1.));
#5649 = PCURVE('',#2690,#5650);
#5650 = DEFINITIONAL_REPRESENTATION('',(#5651),#5655);
#5651 = LINE('',#5652,#5653);
#5652 = CARTESIAN_POINT('',(-6.28318530718,0.));
#5653 = VECTOR('',#5654,1.);
#5654 = DIRECTION('',(-0.,-1.));
#5655 = ( GEOMETRIC_REPRESENTATION_CONTEXT(2) 
PARAMETRIC_REPRESENTATION_CONTEXT() REPRESENTATION_CONTEXT('2D SPACE',''
  ) );
#5656 = PCURVE('',#2690,#5657);
#5657 = DEFINITIONAL_REPRESENTATION('',(#5658),#5662);
#5658 = LINE('',#5659,#5660);
#5659 = CARTESIAN_POINT('',(-0.,0.));
#5660 = VECTOR('',#5661,1.);
#5661 = DIRECTION('',(-0.,-1.));
#5662 = ( GEOMETRIC_REPRESENTATION_CONTEXT(2) 
PARAMETRIC_REPRESENTATION_CONTEXT() REPRESENTATION_CONTEXT('2D SPACE',''
  ) );
#5663 = ORIENTED_EDGE('',*,*,#2669,.T.);
#5664 = ORIENTED_EDGE('',*,*,#5641,.T.);
#5665 = ORIENTED_EDGE('',*,*,#5666,.F.);
#5666 = EDGE_CURVE('',#5642,#5642,#5667,.T.);
#5667 = SURFACE_CURVE('',#5668,(#5673,#5680),.PCURVE_S1.);
#5668 = CIRCLE('',#5669,1.4);
#5669 = AXIS2_PLACEMENT_3D('',#5670,#5671,#5672);
#5670 = CARTESIAN_POINT('',(93.,109.13,2.6));
#5671 = DIRECTION('',(-0.,1.224646799147E-16,1.));
#5672 = DIRECTION('',(1.,0.,0.));
#5673 = PCURVE('',#2690,#5674);
#5674 = DEFINITIONAL_REPRESENTATION('',(#5675),#5679);
#5675 = LINE('',#5676,#5677);
#5676 = CARTESIAN_POINT('',(-6.28318530718,-1.9));
#5677 = VECTOR('',#5678,1.);
#5678 = DIRECTION('',(1.,-0.));
#5679 = ( GEOMETRIC_REPRESENTATION_CONTEXT(2) 
PARAMETRIC_REPRESENTATION_CONTEXT() REPRESENTATION_CONTEXT('2D SPACE',''
  ) );
#5680 = PCURVE('',#4254,#5681);
#5681 = DEFINITIONAL_REPRESENTATION('',(#5682),#5690);
#5682 = ( BOUNDED_CURVE() B_SPLINE_CURVE(2,(#5683,#5684,#5685,#5686,
#5687,#5688,#5689),.UNSPECIFIED.,.T.,.F.) B_SPLINE_CURVE_WITH_KNOTS((1,2
    ,2,2,2,1),(-2.094395102393,0.,2.094395102393,4.188790204786,
6.28318530718,8.377580409573),.UNSPECIFIED.) CURVE() 
GEOMETRIC_REPRESENTATION_ITEM() RATIONAL_B_SPLINE_CURVE((1.,0.5,1.,0.5,
1.,0.5,1.)) REPRESENTATION_ITEM('') );
#5683 = CARTESIAN_POINT('',(90.4,0.));
#5684 = CARTESIAN_POINT('',(90.4,-2.424871130596));
#5685 = CARTESIAN_POINT('',(88.3,-1.212435565298));
#5686 = CARTESIAN_POINT('',(86.2,-3.429011037613E-16));
#5687 = CARTESIAN_POINT('',(88.3,1.212435565298));
#5688 = CARTESIAN_POINT('',(90.4,2.424871130596));
#5689 = CARTESIAN_POINT('',(90.4,0.));
#5690 = ( GEOMETRIC_REPRESENTATION_CONTEXT(2) 
PARAMETRIC_REPRESENTATION_CONTEXT() REPRESENTATION_CONTEXT('2D SPACE',''
  ) );
#5691 = ADVANCED_FACE('',(#5692),#2992,.F.);
#5692 = FACE_BOUND('',#5693,.F.);
#5693 = EDGE_LOOP('',(#5694,#5717,#5745,#5766));
#5694 = ORIENTED_EDGE('',*,*,#5695,.F.);
#5695 = EDGE_CURVE('',#5696,#2975,#5698,.T.);
#5696 = VERTEX_POINT('',#5697);
#5697 = CARTESIAN_POINT('',(92.,103.13,7.));
#5698 = SURFACE_CURVE('',#5699,(#5703,#5710),.PCURVE_S1.);
#5699 = LINE('',#5700,#5701);
#5700 = CARTESIAN_POINT('',(92.,103.13,7.));
#5701 = VECTOR('',#5702,1.);
#5702 = DIRECTION('',(0.,-1.224646799147E-16,-1.));
#5703 = PCURVE('',#2992,#5704);
#5704 = DEFINITIONAL_REPRESENTATION('',(#5705),#5709);
#5705 = LINE('',#5706,#5707);
#5706 = CARTESIAN_POINT('',(0.,0.));
#5707 = VECTOR('',#5708,1.);
#5708 = DIRECTION('',(1.,0.));
#5709 = ( GEOMETRIC_REPRESENTATION_CONTEXT(2) 
PARAMETRIC_REPRESENTATION_CONTEXT() REPRESENTATION_CONTEXT('2D SPACE',''
  ) );
#5710 = PCURVE('',#3074,#5711);
#5711 = DEFINITIONAL_REPRESENTATION('',(#5712),#5716);
#5712 = LINE('',#5713,#5714);
#5713 = CARTESIAN_POINT('',(0.,0.));
#5714 = VECTOR('',#5715,1.);
#5715 = DIRECTION('',(1.,0.));
#5716 = ( GEOMETRIC_REPRESENTATION_CONTEXT(2) 
PARAMETRIC_REPRESENTATION_CONTEXT() REPRESENTATION_CONTEXT('2D SPACE',''
  ) );
#5717 = ORIENTED_EDGE('',*,*,#5718,.T.);
#5718 = EDGE_CURVE('',#5696,#5719,#5721,.T.);
#5719 = VERTEX_POINT('',#5720);
#5720 = CARTESIAN_POINT('',(92.,10.,7.));
#5721 = SURFACE_CURVE('',#5722,(#5726,#5733),.PCURVE_S1.);
#5722 = LINE('',#5723,#5724);
#5723 = CARTESIAN_POINT('',(92.,103.13,7.));
#5724 = VECTOR('',#5725,1.);
#5725 = DIRECTION('',(0.,-1.,1.224646799147E-16));
#5726 = PCURVE('',#2992,#5727);
#5727 = DEFINITIONAL_REPRESENTATION('',(#5728),#5732);
#5728 = LINE('',#5729,#5730);
#5729 = CARTESIAN_POINT('',(0.,0.));
#5730 = VECTOR('',#5731,1.);
#5731 = DIRECTION('',(0.,-1.));
#5732 = ( GEOMETRIC_REPRESENTATION_CONTEXT(2) 
PARAMETRIC_REPRESENTATION_CONTEXT() REPRESENTATION_CONTEXT('2D SPACE',''
  ) );
#5733 = PCURVE('',#5734,#5739);
#5734 = PLANE('',#5735);
#5735 = AXIS2_PLACEMENT_3D('',#5736,#5737,#5738);
#5736 = CARTESIAN_POINT('',(92.,103.13,7.));
#5737 = DIRECTION('',(0.,-1.224646799147E-16,-1.));
#5738 = DIRECTION('',(1.,0.,0.));
#5739 = DEFINITIONAL_REPRESENTATION('',(#5740),#5744);
#5740 = LINE('',#5741,#5742);
#5741 = CARTESIAN_POINT('',(0.,0.));
#5742 = VECTOR('',#5743,1.);
#5743 = DIRECTION('',(0.,1.));
#5744 = ( GEOMETRIC_REPRESENTATION_CONTEXT(2) 
PARAMETRIC_REPRESENTATION_CONTEXT() REPRESENTATION_CONTEXT('2D SPACE',''
  ) );
#5745 = ORIENTED_EDGE('',*,*,#5746,.T.);
#5746 = EDGE_CURVE('',#5719,#2977,#5747,.T.);
#5747 = SURFACE_CURVE('',#5748,(#5752,#5759),.PCURVE_S1.);
#5748 = LINE('',#5749,#5750);
#5749 = CARTESIAN_POINT('',(92.,10.,7.));
#5750 = VECTOR('',#5751,1.);
#5751 = DIRECTION('',(0.,-1.224646799147E-16,-1.));
#5752 = PCURVE('',#2992,#5753);
#5753 = DEFINITIONAL_REPRESENTATION('',(#5754),#5758);
#5754 = LINE('',#5755,#5756);
#5755 = CARTESIAN_POINT('',(-2.805719074743E-15,-93.13));
#5756 = VECTOR('',#5757,1.);
#5757 = DIRECTION('',(1.,0.));
#5758 = ( GEOMETRIC_REPRESENTATION_CONTEXT(2) 
PARAMETRIC_REPRESENTATION_CONTEXT() REPRESENTATION_CONTEXT('2D SPACE',''
  ) );
#5759 = PCURVE('',#3020,#5760);
#5760 = DEFINITIONAL_REPRESENTATION('',(#5761),#5765);
#5761 = LINE('',#5762,#5763);
#5762 = CARTESIAN_POINT('',(0.,0.));
#5763 = VECTOR('',#5764,1.);
#5764 = DIRECTION('',(1.,0.));
#5765 = ( GEOMETRIC_REPRESENTATION_CONTEXT(2) 
PARAMETRIC_REPRESENTATION_CONTEXT() REPRESENTATION_CONTEXT('2D SPACE',''
  ) );
#5766 = ORIENTED_EDGE('',*,*,#2974,.F.);
#5767 = ADVANCED_FACE('',(#5768),#3020,.T.);
#5768 = FACE_BOUND('',#5769,.T.);
#5769 = EDGE_LOOP('',(#5770,#5793,#5794,#5795));
#5770 = ORIENTED_EDGE('',*,*,#5771,.F.);
#5771 = EDGE_CURVE('',#5719,#5772,#5774,.T.);
#5772 = VERTEX_POINT('',#5773);
#5773 = CARTESIAN_POINT('',(93.6,10.,7.));
#5774 = SURFACE_CURVE('',#5775,(#5779,#5786),.PCURVE_S1.);
#5775 = LINE('',#5776,#5777);
#5776 = CARTESIAN_POINT('',(92.,10.,7.));
#5777 = VECTOR('',#5778,1.);
#5778 = DIRECTION('',(1.,0.,0.));
#5779 = PCURVE('',#3020,#5780);
#5780 = DEFINITIONAL_REPRESENTATION('',(#5781),#5785);
#5781 = LINE('',#5782,#5783);
#5782 = CARTESIAN_POINT('',(0.,0.));
#5783 = VECTOR('',#5784,1.);
#5784 = DIRECTION('',(0.,1.));
#5785 = ( GEOMETRIC_REPRESENTATION_CONTEXT(2) 
PARAMETRIC_REPRESENTATION_CONTEXT() REPRESENTATION_CONTEXT('2D SPACE',''
  ) );
#5786 = PCURVE('',#5734,#5787);
#5787 = DEFINITIONAL_REPRESENTATION('',(#5788),#5792);
#5788 = LINE('',#5789,#5790);
#5789 = CARTESIAN_POINT('',(0.,93.13));
#5790 = VECTOR('',#5791,1.);
#5791 = DIRECTION('',(1.,0.));
#5792 = ( GEOMETRIC_REPRESENTATION_CONTEXT(2) 
PARAMETRIC_REPRESENTATION_CONTEXT() REPRESENTATION_CONTEXT('2D SPACE',''
  ) );
#5793 = ORIENTED_EDGE('',*,*,#5746,.T.);
#5794 = ORIENTED_EDGE('',*,*,#3004,.T.);
#5795 = ORIENTED_EDGE('',*,*,#5796,.F.);
#5796 = EDGE_CURVE('',#5772,#3005,#5797,.T.);
#5797 = SURFACE_CURVE('',#5798,(#5802,#5809),.PCURVE_S1.);
#5798 = LINE('',#5799,#5800);
#5799 = CARTESIAN_POINT('',(93.6,10.,7.));
#5800 = VECTOR('',#5801,1.);
#5801 = DIRECTION('',(0.,-1.224646799147E-16,-1.));
#5802 = PCURVE('',#3020,#5803);
#5803 = DEFINITIONAL_REPRESENTATION('',(#5804),#5808);
#5804 = LINE('',#5805,#5806);
#5805 = CARTESIAN_POINT('',(0.,1.6));
#5806 = VECTOR('',#5807,1.);
#5807 = DIRECTION('',(1.,0.));
#5808 = ( GEOMETRIC_REPRESENTATION_CONTEXT(2) 
PARAMETRIC_REPRESENTATION_CONTEXT() REPRESENTATION_CONTEXT('2D SPACE',''
  ) );
#5809 = PCURVE('',#3048,#5810);
#5810 = DEFINITIONAL_REPRESENTATION('',(#5811),#5815);
#5811 = LINE('',#5812,#5813);
#5812 = CARTESIAN_POINT('',(-2.805719074743E-15,-93.13));
#5813 = VECTOR('',#5814,1.);
#5814 = DIRECTION('',(1.,0.));
#5815 = ( GEOMETRIC_REPRESENTATION_CONTEXT(2) 
PARAMETRIC_REPRESENTATION_CONTEXT() REPRESENTATION_CONTEXT('2D SPACE',''
  ) );
#5816 = ADVANCED_FACE('',(#5817),#3074,.F.);
#5817 = FACE_BOUND('',#5818,.F.);
#5818 = EDGE_LOOP('',(#5819,#5842,#5843,#5844));
#5819 = ORIENTED_EDGE('',*,*,#5820,.F.);
#5820 = EDGE_CURVE('',#5696,#5821,#5823,.T.);
#5821 = VERTEX_POINT('',#5822);
#5822 = CARTESIAN_POINT('',(93.6,103.13,7.));
#5823 = SURFACE_CURVE('',#5824,(#5828,#5835),.PCURVE_S1.);
#5824 = LINE('',#5825,#5826);
#5825 = CARTESIAN_POINT('',(92.,103.13,7.));
#5826 = VECTOR('',#5827,1.);
#5827 = DIRECTION('',(1.,0.,0.));
#5828 = PCURVE('',#3074,#5829);
#5829 = DEFINITIONAL_REPRESENTATION('',(#5830),#5834);
#5830 = LINE('',#5831,#5832);
#5831 = CARTESIAN_POINT('',(0.,0.));
#5832 = VECTOR('',#5833,1.);
#5833 = DIRECTION('',(0.,1.));
#5834 = ( GEOMETRIC_REPRESENTATION_CONTEXT(2) 
PARAMETRIC_REPRESENTATION_CONTEXT() REPRESENTATION_CONTEXT('2D SPACE',''
  ) );
#5835 = PCURVE('',#5734,#5836);
#5836 = DEFINITIONAL_REPRESENTATION('',(#5837),#5841);
#5837 = LINE('',#5838,#5839);
#5838 = CARTESIAN_POINT('',(0.,0.));
#5839 = VECTOR('',#5840,1.);
#5840 = DIRECTION('',(1.,0.));
#5841 = ( GEOMETRIC_REPRESENTATION_CONTEXT(2) 
PARAMETRIC_REPRESENTATION_CONTEXT() REPRESENTATION_CONTEXT('2D SPACE',''
  ) );
#5842 = ORIENTED_EDGE('',*,*,#5695,.T.);
#5843 = ORIENTED_EDGE('',*,*,#3060,.T.);
#5844 = ORIENTED_EDGE('',*,*,#5845,.F.);
#5845 = EDGE_CURVE('',#5821,#3033,#5846,.T.);
#5846 = SURFACE_CURVE('',#5847,(#5851,#5858),.PCURVE_S1.);
#5847 = LINE('',#5848,#5849);
#5848 = CARTESIAN_POINT('',(93.6,103.13,7.));
#5849 = VECTOR('',#5850,1.);
#5850 = DIRECTION('',(0.,-1.224646799147E-16,-1.));
#5851 = PCURVE('',#3074,#5852);
#5852 = DEFINITIONAL_REPRESENTATION('',(#5853),#5857);
#5853 = LINE('',#5854,#5855);
#5854 = CARTESIAN_POINT('',(0.,1.6));
#5855 = VECTOR('',#5856,1.);
#5856 = DIRECTION('',(1.,0.));
#5857 = ( GEOMETRIC_REPRESENTATION_CONTEXT(2) 
PARAMETRIC_REPRESENTATION_CONTEXT() REPRESENTATION_CONTEXT('2D SPACE',''
  ) );
#5858 = PCURVE('',#3048,#5859);
#5859 = DEFINITIONAL_REPRESENTATION('',(#5860),#5864);
#5860 = LINE('',#5861,#5862);
#5861 = CARTESIAN_POINT('',(0.,0.));
#5862 = VECTOR('',#5863,1.);
#5863 = DIRECTION('',(1.,0.));
#5864 = ( GEOMETRIC_REPRESENTATION_CONTEXT(2) 
PARAMETRIC_REPRESENTATION_CONTEXT() REPRESENTATION_CONTEXT('2D SPACE',''
  ) );
#5865 = ADVANCED_FACE('',(#5866),#3048,.T.);
#5866 = FACE_BOUND('',#5867,.T.);
#5867 = EDGE_LOOP('',(#5868,#5869,#5890,#5891));
#5868 = ORIENTED_EDGE('',*,*,#5845,.F.);
#5869 = ORIENTED_EDGE('',*,*,#5870,.T.);
#5870 = EDGE_CURVE('',#5821,#5772,#5871,.T.);
#5871 = SURFACE_CURVE('',#5872,(#5876,#5883),.PCURVE_S1.);
#5872 = LINE('',#5873,#5874);
#5873 = CARTESIAN_POINT('',(93.6,103.13,7.));
#5874 = VECTOR('',#5875,1.);
#5875 = DIRECTION('',(0.,-1.,1.224646799147E-16));
#5876 = PCURVE('',#3048,#5877);
#5877 = DEFINITIONAL_REPRESENTATION('',(#5878),#5882);
#5878 = LINE('',#5879,#5880);
#5879 = CARTESIAN_POINT('',(0.,0.));
#5880 = VECTOR('',#5881,1.);
#5881 = DIRECTION('',(0.,-1.));
#5882 = ( GEOMETRIC_REPRESENTATION_CONTEXT(2) 
PARAMETRIC_REPRESENTATION_CONTEXT() REPRESENTATION_CONTEXT('2D SPACE',''
  ) );
#5883 = PCURVE('',#5734,#5884);
#5884 = DEFINITIONAL_REPRESENTATION('',(#5885),#5889);
#5885 = LINE('',#5886,#5887);
#5886 = CARTESIAN_POINT('',(1.6,0.));
#5887 = VECTOR('',#5888,1.);
#5888 = DIRECTION('',(0.,1.));
#5889 = ( GEOMETRIC_REPRESENTATION_CONTEXT(2) 
PARAMETRIC_REPRESENTATION_CONTEXT() REPRESENTATION_CONTEXT('2D SPACE',''
  ) );
#5890 = ORIENTED_EDGE('',*,*,#5796,.T.);
#5891 = ORIENTED_EDGE('',*,*,#3032,.F.);
#5892 = ADVANCED_FACE('',(#5893),#3109,.F.);
#5893 = FACE_BOUND('',#5894,.T.);
#5894 = EDGE_LOOP('',(#5895,#5918,#5919,#5920));
#5895 = ORIENTED_EDGE('',*,*,#5896,.F.);
#5896 = EDGE_CURVE('',#3089,#5897,#5899,.T.);
#5897 = VERTEX_POINT('',#5898);
#5898 = CARTESIAN_POINT('',(5.4,4.,2.6));
#5899 = SEAM_CURVE('',#5900,(#5904,#5911),.PCURVE_S1.);
#5900 = LINE('',#5901,#5902);
#5901 = CARTESIAN_POINT('',(5.4,4.,4.5));
#5902 = VECTOR('',#5903,1.);
#5903 = DIRECTION('',(0.,-1.224646799147E-16,-1.));
#5904 = PCURVE('',#3109,#5905);
#5905 = DEFINITIONAL_REPRESENTATION('',(#5906),#5910);
#5906 = LINE('',#5907,#5908);
#5907 = CARTESIAN_POINT('',(-6.28318530718,0.));
#5908 = VECTOR('',#5909,1.);
#5909 = DIRECTION('',(-0.,-1.));
#5910 = ( GEOMETRIC_REPRESENTATION_CONTEXT(2) 
PARAMETRIC_REPRESENTATION_CONTEXT() REPRESENTATION_CONTEXT('2D SPACE',''
  ) );
#5911 = PCURVE('',#3109,#5912);
#5912 = DEFINITIONAL_REPRESENTATION('',(#5913),#5917);
#5913 = LINE('',#5914,#5915);
#5914 = CARTESIAN_POINT('',(-0.,0.));
#5915 = VECTOR('',#5916,1.);
#5916 = DIRECTION('',(-0.,-1.));
#5917 = ( GEOMETRIC_REPRESENTATION_CONTEXT(2) 
PARAMETRIC_REPRESENTATION_CONTEXT() REPRESENTATION_CONTEXT('2D SPACE',''
  ) );
#5918 = ORIENTED_EDGE('',*,*,#3088,.T.);
#5919 = ORIENTED_EDGE('',*,*,#5896,.T.);
#5920 = ORIENTED_EDGE('',*,*,#5921,.F.);
#5921 = EDGE_CURVE('',#5897,#5897,#5922,.T.);
#5922 = SURFACE_CURVE('',#5923,(#5928,#5935),.PCURVE_S1.);
#5923 = CIRCLE('',#5924,1.4);
#5924 = AXIS2_PLACEMENT_3D('',#5925,#5926,#5927);
#5925 = CARTESIAN_POINT('',(4.,4.,2.6));
#5926 = DIRECTION('',(-0.,1.224646799147E-16,1.));
#5927 = DIRECTION('',(1.,0.,0.));
#5928 = PCURVE('',#3109,#5929);
#5929 = DEFINITIONAL_REPRESENTATION('',(#5930),#5934);
#5930 = LINE('',#5931,#5932);
#5931 = CARTESIAN_POINT('',(-6.28318530718,-1.9));
#5932 = VECTOR('',#5933,1.);
#5933 = DIRECTION('',(1.,-0.));
#5934 = ( GEOMETRIC_REPRESENTATION_CONTEXT(2) 
PARAMETRIC_REPRESENTATION_CONTEXT() REPRESENTATION_CONTEXT('2D SPACE',''
  ) );
#5935 = PCURVE('',#4552,#5936);
#5936 = DEFINITIONAL_REPRESENTATION('',(#5937),#5945);
#5937 = ( BOUNDED_CURVE() B_SPLINE_CURVE(2,(#5938,#5939,#5940,#5941,
#5942,#5943,#5944),.UNSPECIFIED.,.T.,.F.) B_SPLINE_CURVE_WITH_KNOTS((1,2
    ,2,2,2,1),(-2.094395102393,0.,2.094395102393,4.188790204786,
6.28318530718,8.377580409573),.UNSPECIFIED.) CURVE() 
GEOMETRIC_REPRESENTATION_ITEM() RATIONAL_B_SPLINE_CURVE((1.,0.5,1.,0.5,
1.,0.5,1.)) REPRESENTATION_ITEM('') );
#5938 = CARTESIAN_POINT('',(1.4,105.13));
#5939 = CARTESIAN_POINT('',(1.4,102.7051288694));
#5940 = CARTESIAN_POINT('',(-0.7,103.9175644347));
#5941 = CARTESIAN_POINT('',(-2.8,105.13));
#5942 = CARTESIAN_POINT('',(-0.7,106.34243556529));
#5943 = CARTESIAN_POINT('',(1.4,107.55487113059));
#5944 = CARTESIAN_POINT('',(1.4,105.13));
#5945 = ( GEOMETRIC_REPRESENTATION_CONTEXT(2) 
PARAMETRIC_REPRESENTATION_CONTEXT() REPRESENTATION_CONTEXT('2D SPACE',''
  ) );
#5946 = ADVANCED_FACE('',(#5947),#3423,.F.);
#5947 = FACE_BOUND('',#5948,.F.);
#5948 = EDGE_LOOP('',(#5949,#5972,#6000,#6021));
#5949 = ORIENTED_EDGE('',*,*,#5950,.F.);
#5950 = EDGE_CURVE('',#5951,#3406,#5953,.T.);
#5951 = VERTEX_POINT('',#5952);
#5952 = CARTESIAN_POINT('',(10.,5.,7.));
#5953 = SURFACE_CURVE('',#5954,(#5958,#5965),.PCURVE_S1.);
#5954 = LINE('',#5955,#5956);
#5955 = CARTESIAN_POINT('',(10.,5.,7.));
#5956 = VECTOR('',#5957,1.);
#5957 = DIRECTION('',(0.,-1.224646799147E-16,-1.));
#5958 = PCURVE('',#3423,#5959);
#5959 = DEFINITIONAL_REPRESENTATION('',(#5960),#5964);
#5960 = LINE('',#5961,#5962);
#5961 = CARTESIAN_POINT('',(0.,0.));
#5962 = VECTOR('',#5963,1.);
#5963 = DIRECTION('',(1.,0.));
#5964 = ( GEOMETRIC_REPRESENTATION_CONTEXT(2) 
PARAMETRIC_REPRESENTATION_CONTEXT() REPRESENTATION_CONTEXT('2D SPACE',''
  ) );
#5965 = PCURVE('',#3505,#5966);
#5966 = DEFINITIONAL_REPRESENTATION('',(#5967),#5971);
#5967 = LINE('',#5968,#5969);
#5968 = CARTESIAN_POINT('',(0.,0.));
#5969 = VECTOR('',#5970,1.);
#5970 = DIRECTION('',(1.,0.));
#5971 = ( GEOMETRIC_REPRESENTATION_CONTEXT(2) 
PARAMETRIC_REPRESENTATION_CONTEXT() REPRESENTATION_CONTEXT('2D SPACE',''
  ) );
#5972 = ORIENTED_EDGE('',*,*,#5973,.T.);
#5973 = EDGE_CURVE('',#5951,#5974,#5976,.T.);
#5974 = VERTEX_POINT('',#5975);
#5975 = CARTESIAN_POINT('',(10.,3.4,7.));
#5976 = SURFACE_CURVE('',#5977,(#5981,#5988),.PCURVE_S1.);
#5977 = LINE('',#5978,#5979);
#5978 = CARTESIAN_POINT('',(10.,5.,7.));
#5979 = VECTOR('',#5980,1.);
#5980 = DIRECTION('',(0.,-1.,1.224646799147E-16));
#5981 = PCURVE('',#3423,#5982);
#5982 = DEFINITIONAL_REPRESENTATION('',(#5983),#5987);
#5983 = LINE('',#5984,#5985);
#5984 = CARTESIAN_POINT('',(0.,0.));
#5985 = VECTOR('',#5986,1.);
#5986 = DIRECTION('',(0.,-1.));
#5987 = ( GEOMETRIC_REPRESENTATION_CONTEXT(2) 
PARAMETRIC_REPRESENTATION_CONTEXT() REPRESENTATION_CONTEXT('2D SPACE',''
  ) );
#5988 = PCURVE('',#5989,#5994);
#5989 = PLANE('',#5990);
#5990 = AXIS2_PLACEMENT_3D('',#5991,#5992,#5993);
#5991 = CARTESIAN_POINT('',(10.,5.,7.));
#5992 = DIRECTION('',(0.,-1.224646799147E-16,-1.));
#5993 = DIRECTION('',(1.,0.,0.));
#5994 = DEFINITIONAL_REPRESENTATION('',(#5995),#5999);
#5995 = LINE('',#5996,#5997);
#5996 = CARTESIAN_POINT('',(0.,0.));
#5997 = VECTOR('',#5998,1.);
#5998 = DIRECTION('',(0.,1.));
#5999 = ( GEOMETRIC_REPRESENTATION_CONTEXT(2) 
PARAMETRIC_REPRESENTATION_CONTEXT() REPRESENTATION_CONTEXT('2D SPACE',''
  ) );
#6000 = ORIENTED_EDGE('',*,*,#6001,.T.);
#6001 = EDGE_CURVE('',#5974,#3408,#6002,.T.);
#6002 = SURFACE_CURVE('',#6003,(#6007,#6014),.PCURVE_S1.);
#6003 = LINE('',#6004,#6005);
#6004 = CARTESIAN_POINT('',(10.,3.4,7.));
#6005 = VECTOR('',#6006,1.);
#6006 = DIRECTION('',(0.,-1.224646799147E-16,-1.));
#6007 = PCURVE('',#3423,#6008);
#6008 = DEFINITIONAL_REPRESENTATION('',(#6009),#6013);
#6009 = LINE('',#6010,#6011);
#6010 = CARTESIAN_POINT('',(1.959434878636E-16,-1.6));
#6011 = VECTOR('',#6012,1.);
#6012 = DIRECTION('',(1.,0.));
#6013 = ( GEOMETRIC_REPRESENTATION_CONTEXT(2) 
PARAMETRIC_REPRESENTATION_CONTEXT() REPRESENTATION_CONTEXT('2D SPACE',''
  ) );
#6014 = PCURVE('',#3451,#6015);
#6015 = DEFINITIONAL_REPRESENTATION('',(#6016),#6020);
#6016 = LINE('',#6017,#6018);
#6017 = CARTESIAN_POINT('',(0.,0.));
#6018 = VECTOR('',#6019,1.);
#6019 = DIRECTION('',(1.,0.));
#6020 = ( GEOMETRIC_REPRESENTATION_CONTEXT(2) 
PARAMETRIC_REPRESENTATION_CONTEXT() REPRESENTATION_CONTEXT('2D SPACE',''
  ) );
#6021 = ORIENTED_EDGE('',*,*,#3405,.F.);
#6022 = ADVANCED_FACE('',(#6023),#3451,.T.);
#6023 = FACE_BOUND('',#6024,.T.);
#6024 = EDGE_LOOP('',(#6025,#6048,#6049,#6050));
#6025 = ORIENTED_EDGE('',*,*,#6026,.F.);
#6026 = EDGE_CURVE('',#5974,#6027,#6029,.T.);
#6027 = VERTEX_POINT('',#6028);
#6028 = CARTESIAN_POINT('',(87.,3.4,7.));
#6029 = SURFACE_CURVE('',#6030,(#6034,#6041),.PCURVE_S1.);
#6030 = LINE('',#6031,#6032);
#6031 = CARTESIAN_POINT('',(10.,3.4,7.));
#6032 = VECTOR('',#6033,1.);
#6033 = DIRECTION('',(1.,0.,0.));
#6034 = PCURVE('',#3451,#6035);
#6035 = DEFINITIONAL_REPRESENTATION('',(#6036),#6040);
#6036 = LINE('',#6037,#6038);
#6037 = CARTESIAN_POINT('',(0.,0.));
#6038 = VECTOR('',#6039,1.);
#6039 = DIRECTION('',(0.,1.));
#6040 = ( GEOMETRIC_REPRESENTATION_CONTEXT(2) 
PARAMETRIC_REPRESENTATION_CONTEXT() REPRESENTATION_CONTEXT('2D SPACE',''
  ) );
#6041 = PCURVE('',#5989,#6042);
#6042 = DEFINITIONAL_REPRESENTATION('',(#6043),#6047);
#6043 = LINE('',#6044,#6045);
#6044 = CARTESIAN_POINT('',(0.,1.6));
#6045 = VECTOR('',#6046,1.);
#6046 = DIRECTION('',(1.,0.));
#6047 = ( GEOMETRIC_REPRESENTATION_CONTEXT(2) 
PARAMETRIC_REPRESENTATION_CONTEXT() REPRESENTATION_CONTEXT('2D SPACE',''
  ) );
#6048 = ORIENTED_EDGE('',*,*,#6001,.T.);
#6049 = ORIENTED_EDGE('',*,*,#3435,.T.);
#6050 = ORIENTED_EDGE('',*,*,#6051,.F.);
#6051 = EDGE_CURVE('',#6027,#3436,#6052,.T.);
#6052 = SURFACE_CURVE('',#6053,(#6057,#6064),.PCURVE_S1.);
#6053 = LINE('',#6054,#6055);
#6054 = CARTESIAN_POINT('',(87.,3.4,7.));
#6055 = VECTOR('',#6056,1.);
#6056 = DIRECTION('',(0.,-1.224646799147E-16,-1.));
#6057 = PCURVE('',#3451,#6058);
#6058 = DEFINITIONAL_REPRESENTATION('',(#6059),#6063);
#6059 = LINE('',#6060,#6061);
#6060 = CARTESIAN_POINT('',(0.,77.));
#6061 = VECTOR('',#6062,1.);
#6062 = DIRECTION('',(1.,0.));
#6063 = ( GEOMETRIC_REPRESENTATION_CONTEXT(2) 
PARAMETRIC_REPRESENTATION_CONTEXT() REPRESENTATION_CONTEXT('2D SPACE',''
  ) );
#6064 = PCURVE('',#3479,#6065);
#6065 = DEFINITIONAL_REPRESENTATION('',(#6066),#6070);
#6066 = LINE('',#6067,#6068);
#6067 = CARTESIAN_POINT('',(1.959434878636E-16,-1.6));
#6068 = VECTOR('',#6069,1.);
#6069 = DIRECTION('',(1.,0.));
#6070 = ( GEOMETRIC_REPRESENTATION_CONTEXT(2) 
PARAMETRIC_REPRESENTATION_CONTEXT() REPRESENTATION_CONTEXT('2D SPACE',''
  ) );
#6071 = ADVANCED_FACE('',(#6072),#3505,.F.);
#6072 = FACE_BOUND('',#6073,.F.);
#6073 = EDGE_LOOP('',(#6074,#6097,#6098,#6099));
#6074 = ORIENTED_EDGE('',*,*,#6075,.F.);
#6075 = EDGE_CURVE('',#5951,#6076,#6078,.T.);
#6076 = VERTEX_POINT('',#6077);
#6077 = CARTESIAN_POINT('',(87.,5.,7.));
#6078 = SURFACE_CURVE('',#6079,(#6083,#6090),.PCURVE_S1.);
#6079 = LINE('',#6080,#6081);
#6080 = CARTESIAN_POINT('',(10.,5.,7.));
#6081 = VECTOR('',#6082,1.);
#6082 = DIRECTION('',(1.,0.,0.));
#6083 = PCURVE('',#3505,#6084);
#6084 = DEFINITIONAL_REPRESENTATION('',(#6085),#6089);
#6085 = LINE('',#6086,#6087);
#6086 = CARTESIAN_POINT('',(0.,0.));
#6087 = VECTOR('',#6088,1.);
#6088 = DIRECTION('',(0.,1.));
#6089 = ( GEOMETRIC_REPRESENTATION_CONTEXT(2) 
PARAMETRIC_REPRESENTATION_CONTEXT() REPRESENTATION_CONTEXT('2D SPACE',''
  ) );
#6090 = PCURVE('',#5989,#6091);
#6091 = DEFINITIONAL_REPRESENTATION('',(#6092),#6096);
#6092 = LINE('',#6093,#6094);
#6093 = CARTESIAN_POINT('',(0.,0.));
#6094 = VECTOR('',#6095,1.);
#6095 = DIRECTION('',(1.,0.));
#6096 = ( GEOMETRIC_REPRESENTATION_CONTEXT(2) 
PARAMETRIC_REPRESENTATION_CONTEXT() REPRESENTATION_CONTEXT('2D SPACE',''
  ) );
#6097 = ORIENTED_EDGE('',*,*,#5950,.T.);
#6098 = ORIENTED_EDGE('',*,*,#3491,.T.);
#6099 = ORIENTED_EDGE('',*,*,#6100,.F.);
#6100 = EDGE_CURVE('',#6076,#3464,#6101,.T.);
#6101 = SURFACE_CURVE('',#6102,(#6106,#6113),.PCURVE_S1.);
#6102 = LINE('',#6103,#6104);
#6103 = CARTESIAN_POINT('',(87.,5.,7.));
#6104 = VECTOR('',#6105,1.);
#6105 = DIRECTION('',(0.,-1.224646799147E-16,-1.));
#6106 = PCURVE('',#3505,#6107);
#6107 = DEFINITIONAL_REPRESENTATION('',(#6108),#6112);
#6108 = LINE('',#6109,#6110);
#6109 = CARTESIAN_POINT('',(0.,77.));
#6110 = VECTOR('',#6111,1.);
#6111 = DIRECTION('',(1.,0.));
#6112 = ( GEOMETRIC_REPRESENTATION_CONTEXT(2) 
PARAMETRIC_REPRESENTATION_CONTEXT() REPRESENTATION_CONTEXT('2D SPACE',''
  ) );
#6113 = PCURVE('',#3479,#6114);
#6114 = DEFINITIONAL_REPRESENTATION('',(#6115),#6119);
#6115 = LINE('',#6116,#6117);
#6116 = CARTESIAN_POINT('',(0.,0.));
#6117 = VECTOR('',#6118,1.);
#6118 = DIRECTION('',(1.,0.));
#6119 = ( GEOMETRIC_REPRESENTATION_CONTEXT(2) 
PARAMETRIC_REPRESENTATION_CONTEXT() REPRESENTATION_CONTEXT('2D SPACE',''
  ) );
#6120 = ADVANCED_FACE('',(#6121),#3479,.T.);
#6121 = FACE_BOUND('',#6122,.T.);
#6122 = EDGE_LOOP('',(#6123,#6124,#6145,#6146));
#6123 = ORIENTED_EDGE('',*,*,#6100,.F.);
#6124 = ORIENTED_EDGE('',*,*,#6125,.T.);
#6125 = EDGE_CURVE('',#6076,#6027,#6126,.T.);
#6126 = SURFACE_CURVE('',#6127,(#6131,#6138),.PCURVE_S1.);
#6127 = LINE('',#6128,#6129);
#6128 = CARTESIAN_POINT('',(87.,5.,7.));
#6129 = VECTOR('',#6130,1.);
#6130 = DIRECTION('',(0.,-1.,1.224646799147E-16));
#6131 = PCURVE('',#3479,#6132);
#6132 = DEFINITIONAL_REPRESENTATION('',(#6133),#6137);
#6133 = LINE('',#6134,#6135);
#6134 = CARTESIAN_POINT('',(0.,0.));
#6135 = VECTOR('',#6136,1.);
#6136 = DIRECTION('',(0.,-1.));
#6137 = ( GEOMETRIC_REPRESENTATION_CONTEXT(2) 
PARAMETRIC_REPRESENTATION_CONTEXT() REPRESENTATION_CONTEXT('2D SPACE',''
  ) );
#6138 = PCURVE('',#5989,#6139);
#6139 = DEFINITIONAL_REPRESENTATION('',(#6140),#6144);
#6140 = LINE('',#6141,#6142);
#6141 = CARTESIAN_POINT('',(77.,0.));
#6142 = VECTOR('',#6143,1.);
#6143 = DIRECTION('',(0.,1.));
#6144 = ( GEOMETRIC_REPRESENTATION_CONTEXT(2) 
PARAMETRIC_REPRESENTATION_CONTEXT() REPRESENTATION_CONTEXT('2D SPACE',''
  ) );
#6145 = ORIENTED_EDGE('',*,*,#6051,.T.);
#6146 = ORIENTED_EDGE('',*,*,#3463,.F.);
#6147 = ADVANCED_FACE('',(#6148),#3728,.F.);
#6148 = FACE_BOUND('',#6149,.T.);
#6149 = EDGE_LOOP('',(#6150,#6173,#6174,#6175));
#6150 = ORIENTED_EDGE('',*,*,#6151,.F.);
#6151 = EDGE_CURVE('',#3708,#6152,#6154,.T.);
#6152 = VERTEX_POINT('',#6153);
#6153 = CARTESIAN_POINT('',(94.4,4.,2.6));
#6154 = SEAM_CURVE('',#6155,(#6159,#6166),.PCURVE_S1.);
#6155 = LINE('',#6156,#6157);
#6156 = CARTESIAN_POINT('',(94.4,4.,4.5));
#6157 = VECTOR('',#6158,1.);
#6158 = DIRECTION('',(0.,-1.224646799147E-16,-1.));
#6159 = PCURVE('',#3728,#6160);
#6160 = DEFINITIONAL_REPRESENTATION('',(#6161),#6165);
#6161 = LINE('',#6162,#6163);
#6162 = CARTESIAN_POINT('',(-6.28318530718,0.));
#6163 = VECTOR('',#6164,1.);
#6164 = DIRECTION('',(-0.,-1.));
#6165 = ( GEOMETRIC_REPRESENTATION_CONTEXT(2) 
PARAMETRIC_REPRESENTATION_CONTEXT() REPRESENTATION_CONTEXT('2D SPACE',''
  ) );
#6166 = PCURVE('',#3728,#6167);
#6167 = DEFINITIONAL_REPRESENTATION('',(#6168),#6172);
#6168 = LINE('',#6169,#6170);
#6169 = CARTESIAN_POINT('',(-0.,0.));
#6170 = VECTOR('',#6171,1.);
#6171 = DIRECTION('',(-0.,-1.));
#6172 = ( GEOMETRIC_REPRESENTATION_CONTEXT(2) 
PARAMETRIC_REPRESENTATION_CONTEXT() REPRESENTATION_CONTEXT('2D SPACE',''
  ) );
#6173 = ORIENTED_EDGE('',*,*,#3707,.T.);
#6174 = ORIENTED_EDGE('',*,*,#6151,.T.);
#6175 = ORIENTED_EDGE('',*,*,#6176,.F.);
#6176 = EDGE_CURVE('',#6152,#6152,#6177,.T.);
#6177 = SURFACE_CURVE('',#6178,(#6183,#6190),.PCURVE_S1.);
#6178 = CIRCLE('',#6179,1.4);
#6179 = AXIS2_PLACEMENT_3D('',#6180,#6181,#6182);
#6180 = CARTESIAN_POINT('',(93.,4.,2.6));
#6181 = DIRECTION('',(-0.,1.224646799147E-16,1.));
#6182 = DIRECTION('',(1.,0.,0.));
#6183 = PCURVE('',#3728,#6184);
#6184 = DEFINITIONAL_REPRESENTATION('',(#6185),#6189);
#6185 = LINE('',#6186,#6187);
#6186 = CARTESIAN_POINT('',(-6.28318530718,-1.9));
#6187 = VECTOR('',#6188,1.);
#6188 = DIRECTION('',(1.,-0.));
#6189 = ( GEOMETRIC_REPRESENTATION_CONTEXT(2) 
PARAMETRIC_REPRESENTATION_CONTEXT() REPRESENTATION_CONTEXT('2D SPACE',''
  ) );
#6190 = PCURVE('',#5147,#6191);
#6191 = DEFINITIONAL_REPRESENTATION('',(#6192),#6200);
#6192 = ( BOUNDED_CURVE() B_SPLINE_CURVE(2,(#6193,#6194,#6195,#6196,
#6197,#6198,#6199),.UNSPECIFIED.,.T.,.F.) B_SPLINE_CURVE_WITH_KNOTS((1,2
    ,2,2,2,1),(-2.094395102393,0.,2.094395102393,4.188790204786,
6.28318530718,8.377580409573),.UNSPECIFIED.) CURVE() 
GEOMETRIC_REPRESENTATION_ITEM() RATIONAL_B_SPLINE_CURVE((1.,0.5,1.,0.5,
1.,0.5,1.)) REPRESENTATION_ITEM('') );
#6193 = CARTESIAN_POINT('',(90.4,105.13));
#6194 = CARTESIAN_POINT('',(90.4,102.7051288694));
#6195 = CARTESIAN_POINT('',(88.3,103.9175644347));
#6196 = CARTESIAN_POINT('',(86.2,105.13));
#6197 = CARTESIAN_POINT('',(88.3,106.34243556529));
#6198 = CARTESIAN_POINT('',(90.4,107.55487113059));
#6199 = CARTESIAN_POINT('',(90.4,105.13));
#6200 = ( GEOMETRIC_REPRESENTATION_CONTEXT(2) 
PARAMETRIC_REPRESENTATION_CONTEXT() REPRESENTATION_CONTEXT('2D SPACE',''
  ) );
#6201 = ADVANCED_FACE('',(#6202,#6205),#3767,.T.);
#6202 = FACE_BOUND('',#6203,.T.);
#6203 = EDGE_LOOP('',(#6204));
#6204 = ORIENTED_EDGE('',*,*,#3750,.T.);
#6205 = FACE_BOUND('',#6206,.T.);
#6206 = EDGE_LOOP('',(#6207));
#6207 = ORIENTED_EDGE('',*,*,#5210,.T.);
#6208 = ADVANCED_FACE('',(#6209,#6212),#4254,.T.);
#6209 = FACE_BOUND('',#6210,.T.);
#6210 = EDGE_LOOP('',(#6211));
#6211 = ORIENTED_EDGE('',*,*,#4237,.T.);
#6212 = FACE_BOUND('',#6213,.T.);
#6213 = EDGE_LOOP('',(#6214));
#6214 = ORIENTED_EDGE('',*,*,#5666,.T.);
#6215 = ADVANCED_FACE('',(#6216,#6219),#4552,.T.);
#6216 = FACE_BOUND('',#6217,.T.);
#6217 = EDGE_LOOP('',(#6218));
#6218 = ORIENTED_EDGE('',*,*,#4535,.T.);
#6219 = FACE_BOUND('',#6220,.T.);
#6220 = EDGE_LOOP('',(#6221));
#6221 = ORIENTED_EDGE('',*,*,#5921,.T.);
#6222 = ADVANCED_FACE('',(#6223,#6226),#5147,.T.);
#6223 = FACE_BOUND('',#6224,.T.);
#6224 = EDGE_LOOP('',(#6225));
#6225 = ORIENTED_EDGE('',*,*,#5130,.T.);
#6226 = FACE_BOUND('',#6227,.T.);
#6227 = EDGE_LOOP('',(#6228));
#6228 = ORIENTED_EDGE('',*,*,#6176,.T.);
#6229 = ADVANCED_FACE('',(#6230),#5278,.F.);
#6230 = FACE_BOUND('',#6231,.F.);
#6231 = EDGE_LOOP('',(#6232,#6233,#6234,#6235));
#6232 = ORIENTED_EDGE('',*,*,#5262,.F.);
#6233 = ORIENTED_EDGE('',*,*,#5364,.T.);
#6234 = ORIENTED_EDGE('',*,*,#5414,.T.);
#6235 = ORIENTED_EDGE('',*,*,#5315,.F.);
#6236 = ADVANCED_FACE('',(#6237),#5479,.F.);
#6237 = FACE_BOUND('',#6238,.F.);
#6238 = EDGE_LOOP('',(#6239,#6240,#6241,#6242));
#6239 = ORIENTED_EDGE('',*,*,#5463,.F.);
#6240 = ORIENTED_EDGE('',*,*,#5565,.T.);
#6241 = ORIENTED_EDGE('',*,*,#5615,.T.);
#6242 = ORIENTED_EDGE('',*,*,#5516,.F.);
#6243 = ADVANCED_FACE('',(#6244),#5734,.F.);
#6244 = FACE_BOUND('',#6245,.F.);
#6245 = EDGE_LOOP('',(#6246,#6247,#6248,#6249));
#6246 = ORIENTED_EDGE('',*,*,#5718,.F.);
#6247 = ORIENTED_EDGE('',*,*,#5820,.T.);
#6248 = ORIENTED_EDGE('',*,*,#5870,.T.);
#6249 = ORIENTED_EDGE('',*,*,#5771,.F.);
#6250 = ADVANCED_FACE('',(#6251),#5989,.F.);
#6251 = FACE_BOUND('',#6252,.F.);
#6252 = EDGE_LOOP('',(#6253,#6254,#6255,#6256));
#6253 = ORIENTED_EDGE('',*,*,#5973,.F.);
#6254 = ORIENTED_EDGE('',*,*,#6075,.T.);
#6255 = ORIENTED_EDGE('',*,*,#6125,.T.);
#6256 = ORIENTED_EDGE('',*,*,#6026,.F.);
#6257 = ( GEOMETRIC_REPRESENTATION_CONTEXT(3) 
GLOBAL_UNCERTAINTY_ASSIGNED_CONTEXT((#6261)) 
GLOBAL_UNIT_ASSIGNED_CONTEXT((#6258,#6259,#6260)) REPRESENTATION_CONTEXT
('Context #1','3D Context with UNIT and UNCERTAINTY') );
#6258 = ( LENGTH_UNIT() NAMED_UNIT(*) SI_UNIT(.MILLI.,.METRE.) );
#6259 = ( NAMED_UNIT(*) PLANE_ANGLE_UNIT() SI_UNIT($,.RADIAN.) );
#6260 = ( NAMED_UNIT(*) SI_UNIT($,.STERADIAN.) SOLID_ANGLE_UNIT() );
#6261 = UNCERTAINTY_MEASURE_WITH_UNIT(LENGTH_MEASURE(1.E-07),#6258,
  'distance_accuracy_value','confusion accuracy');
#6262 = PRODUCT_RELATED_PRODUCT_CATEGORY('part',$,(#7));
ENDSEC;
END-ISO-10303-21;
